WKT,name,buildings_id
"MULTIPOLYGON (((-0.1253897 51.5096207,-0.1254267 51.509621,-0.1254257 51.5095534,-0.1257077 51.5095532,-0.1257453 51.5095536,-0.1257456 51.5096347,-0.1257262 51.5096433,-0.1257259 51.5096579,-0.1257055 51.5096685,-0.1256517 51.5096693,-0.1254796 51.5097414,-0.1254254 51.5096855,-0.1254263 51.5096484,-0.1253889 51.5096482,-0.1253865 51.5097836,-0.1248174 51.5100176,-0.1246595 51.5098785,-0.1246211 51.5098468,-0.1246044 51.5098538,-0.124535 51.5097936,-0.1245504 51.5097862,-0.1243613 51.5096189,-0.1243718 51.5096132,-0.124366 51.5095989,-0.1243669 51.5095851,-0.1243834 51.5095666,-0.124408 51.5095561,-0.1244304 51.5095534,-0.1244591 51.5095558,-0.1244766 51.5095689,-0.1244923 51.5095624,-0.1245053 51.5095772,-0.1245487 51.509559,-0.1245493 51.5095522,-0.1253888 51.5095536,-0.1253897 51.5096207),(-0.1246254 51.5096463,-0.1245951 51.5096599,-0.1246707 51.5097264,-0.1247168 51.5097033,-0.1247792 51.5097626,-0.1247838 51.509761,-0.124802 51.5097777,-0.1247544 51.5097999,-0.1248323 51.5098663,-0.1249066 51.5098327,-0.124934 51.5098575,-0.1250181 51.5098198,-0.1250109 51.5098115,-0.125289 51.5096983,-0.125289 51.5096501,-0.1246254 51.5096463)))",Charing Cross Police Station,1
"MULTIPOLYGON (((-0.1238054 51.5099018,-0.1237866 51.509885,-0.1236901 51.5097983,-0.1236058 51.5098325,-0.123489 51.5097261,-0.1234897 51.509704,-0.1235838 51.5096614,-0.1237315 51.5097661,-0.1238619 51.5098756,-0.1240092 51.5098127,-0.1240463 51.5098444,-0.1242448 51.5097544,-0.1245489 51.5099934,-0.1244062 51.5100583,-0.1245061 51.5101384,-0.1241935 51.510257,-0.124132 51.5102803,-0.124094 51.5102772,-0.1240797 51.5102642,-0.1237701 51.5099822,-0.1237484 51.5099624,-0.1237217 51.5099381,-0.1238054 51.5099018),(-0.1243392 51.5100167,-0.1240977 51.5100006,-0.1240572 51.5100184,-0.1241601 51.5101205,-0.1243595 51.510042,-0.1243392 51.5100167)))",,2
"MULTIPOLYGON (((-0.123481 51.5146873,-0.1234701 51.5146809,-0.1233913 51.5146311,-0.1233639 51.5146138,-0.1230028 51.5143873,-0.122982 51.5143742,-0.1229825 51.5143712,-0.12298 51.5143695,-0.1229745 51.5143695,-0.1229503 51.5143544,-0.1229525 51.5143517,-0.1229488 51.5143495,-0.1229439 51.5143504,-0.1229204 51.5143356,-0.1229209 51.5143321,-0.1229018 51.5143204,-0.1229249 51.5143055,-0.1229012 51.5142911,-0.1228799 51.5143041,-0.1228591 51.5142918,-0.1228539 51.5142931,-0.1228271 51.5142768,-0.1228304 51.5142741,-0.1228261 51.5142711,-0.1228222 51.514273,-0.1227963 51.5142568,-0.1227997 51.5142551,-0.1227951 51.5142521,-0.1227917 51.5142537,-0.122766 51.5142379,-0.1227655 51.5142347,-0.1227424 51.5142202,-0.1227679 51.5142036,-0.1227682 51.5142009,-0.1227887 51.5141898,-0.1227927 51.5141922,-0.1228013 51.5141869,-0.1227976 51.5141846,-0.1228234 51.5141683,-0.1228269 51.5141707,-0.1228331 51.5141663,-0.1228296 51.5141639,-0.1228536 51.5141501,-0.1228609 51.5141511,-0.1228816 51.5141383,-0.1229001 51.514149,-0.1229003 51.5141522,-0.1229053 51.5141522,-0.1229319 51.5141689,-0.1229289 51.514171,-0.1229329 51.5141735,-0.1229363 51.5141717,-0.1229635 51.5141888,-0.1229596 51.5141909,-0.1229644 51.5141937,-0.1229678 51.5141915,-0.1229925 51.5142069,-0.1229903 51.5142079,-0.1229938 51.5142105,-0.1229963 51.5142086,-0.1230166 51.5142221,-0.1229931 51.5142378,-0.1230101 51.5142487,-0.1230323 51.5142343,-0.1230563 51.5142494,-0.1230769 51.5142367,-0.123057 51.5142223,-0.1230777 51.5142098,-0.1230783 51.5142059,-0.1231018 51.5141914,-0.1231059 51.5141922,-0.1231086 51.5141904,-0.1231081 51.5141875,-0.1231208 51.5141798,-0.1231341 51.5141716,-0.1231378 51.5141723,-0.1231404 51.5141705,-0.1231401 51.5141679,-0.1231667 51.5141509,-0.1231716 51.514151,-0.1231901 51.5141391,-0.1232116 51.5141539,-0.1232342 51.51414,-0.1232132 51.5141268,-0.1232355 51.5141131,-0.1232326 51.5141112,-0.1232136 51.5140993,-0.1231925 51.5141126,-0.1231713 51.5140995,-0.1231732 51.5140961,-0.1231675 51.5140972,-0.123144 51.5140826,-0.1231485 51.51408,-0.1231436 51.5140766,-0.123139 51.5140795,-0.1231134 51.5140637,-0.1231182 51.5140609,-0.1231118 51.5140568,-0.123107 51.5140597,-0.1230827 51.5140447,-0.1230831 51.5140421,-0.1230792 51.5140421,-0.1230585 51.5140296,-0.1230793 51.514017,-0.1230846 51.5140176,-0.1230837 51.5140143,-0.1231075 51.5139998,-0.1231122 51.5140036,-0.1231206 51.5139985,-0.123115 51.5139952,-0.1231377 51.5139814,-0.1231424 51.5139852,-0.1231521 51.5139793,-0.1231462 51.5139761,-0.1231694 51.5139624,-0.1231736 51.5139625,-0.1231733 51.51396,-0.1231928 51.5139476,-0.1231975 51.5139479,-0.1232266 51.513928,-0.1232473 51.5139153,-0.1233243 51.5138678,-0.1233521 51.5138506,-0.1233783 51.5138671,-0.1233971 51.5138789,-0.1234609 51.5139186,-0.1234846 51.5139334,-0.1234614 51.5139485,-0.1234816 51.5139617,-0.1235057 51.513947,-0.1235303 51.5139619,-0.1236052 51.51401,-0.1236211 51.5140199,-0.123631 51.5140261,-0.1236014 51.5140445,-0.1235018 51.5141059,-0.1234681 51.5141267,-0.1236347 51.5142313,-0.1236595 51.514216,-0.1237681 51.5141489,-0.1237929 51.5141336,-0.1238151 51.5141475,-0.1239004 51.5142011,-0.1239281 51.5142184,-0.1239164 51.5142256,-0.1239533 51.5142488,-0.1239674 51.5142401,-0.1239972 51.5142588,-0.1240699 51.5143044,-0.1240975 51.5143217,-0.1240691 51.5143392,-0.1239828 51.5143925,-0.1239539 51.5144103,-0.1239439 51.5144041,-0.1239203 51.5144187,-0.1239287 51.5144235,-0.1239021 51.51444,-0.1238246 51.5144875,-0.1237983 51.5145037,-0.1237744 51.5144887,-0.1236799 51.5144306,-0.1236499 51.5144118,-0.1236646 51.5144027,-0.1236455 51.5143908,-0.1236292 51.5144009,-0.1236172 51.5143933,-0.1235851 51.5144131,-0.1236095 51.5144284,-0.1235841 51.5144441,-0.1235243 51.514481,-0.1234944 51.5144995,-0.1234684 51.5144831,-0.1234343 51.5145042,-0.123443 51.5145096,-0.1234353 51.5145144,-0.1234798 51.5145423,-0.1234971 51.5145316,-0.1235245 51.5145489,-0.1235988 51.5145955,-0.1236225 51.5146114,-0.1235969 51.5146274,-0.1235126 51.5146796,-0.12349 51.5146936,-0.123481 51.5146873),(-0.1233501 51.5144069,-0.1233794 51.5143888,-0.123433 51.5143558,-0.1234617 51.514338,-0.1234745 51.5143302,-0.1233248 51.5142353,-0.1233051 51.5142442,-0.1232822 51.5142581,-0.1232777 51.5142578,-0.1232742 51.51426,-0.1232747 51.5142622,-0.1232486 51.514279,-0.1232456 51.5142784,-0.1232435 51.5142798,-0.123244 51.5142817,-0.1232203 51.5142962,-0.1232071 51.5143042,-0.1231975 51.5143044,-0.1231699 51.51432,-0.1233255 51.5144221,-0.1233501 51.5144069)))",,3
"MULTIPOLYGON (((-0.1214806 51.5111026,-0.1214712 51.5111239,-0.1208191 51.511384,-0.1206933 51.5114308,-0.1202851 51.5110315,-0.1203005 51.5109988,-0.1210495 51.5107224,-0.121099 51.5107262,-0.1214806 51.5111026),(-0.1210616 51.5109639,-0.1211799 51.5109167,-0.1211612 51.5108986,-0.1211379 51.510908,-0.1210769 51.5108489,-0.1210922 51.5108428,-0.1210727 51.5108238,-0.1209722 51.510864,-0.1209823 51.5108738,-0.121008 51.5108635,-0.1210839 51.510937,-0.1210485 51.5109512,-0.1210616 51.5109639),(-0.1207292 51.5109559,-0.1208191 51.5110492,-0.1209247 51.5110098,-0.1208348 51.5109165,-0.1207292 51.5109559),(-0.1211468 51.5110365,-0.12121 51.5111006,-0.1213149 51.5110606,-0.1212518 51.5109965,-0.1211468 51.5110365),(-0.1205927 51.5111352,-0.1206977 51.5110937,-0.1206096 51.5110073,-0.1205046 51.5110488,-0.1205927 51.5111352),(-0.1209011 51.5111318,-0.1209643 51.5111959,-0.1210693 51.5111559,-0.1210061 51.5110918,-0.1209011 51.5111318),(-0.1206802 51.5112232,-0.1207503 51.5112889,-0.1208899 51.5112311,-0.1208199 51.5111655,-0.1206802 51.5112232)))",Strand Palace Hotel,4
"MULTIPOLYGON (((-0.1253897 51.5096207,-0.1253889 51.5096482,-0.1253865 51.5097836,-0.1248174 51.5100176,-0.1246595 51.5098785,-0.1246211 51.5098468,-0.1245861 51.5098165,-0.1245504 51.5097862,-0.1243613 51.5096189,-0.1243718 51.5096132,-0.124366 51.5095989,-0.1243669 51.5095851,-0.1243834 51.5095666,-0.124408 51.5095561,-0.1244304 51.5095534,-0.1244591 51.5095558,-0.1244766 51.5095689,-0.1244923 51.5095624,-0.1245053 51.5095772,-0.1245487 51.509559,-0.1245493 51.5095522,-0.1253888 51.5095536,-0.1253897 51.5096207),(-0.1246254 51.5096463,-0.1245951 51.5096599,-0.1246707 51.5097264,-0.1247168 51.5097033,-0.1247792 51.5097626,-0.1247838 51.509761,-0.124802 51.5097777,-0.1247544 51.5097999,-0.1248323 51.5098663,-0.1249066 51.5098327,-0.124934 51.5098575,-0.1250181 51.5098198,-0.1250109 51.5098115,-0.125289 51.5096983,-0.125289 51.5096501,-0.1246254 51.5096463)))",,7
"MULTIPOLYGON (((-0.1297143 51.5106737,-0.12971 51.5104668,-0.1296295 51.5102701,-0.1296583 51.5101968,-0.1296865 51.5101826,-0.1297396 51.5101568,-0.1298012 51.5101442,-0.1298409 51.5101634,-0.130004 51.5101384,-0.1300195 51.5101089,-0.1301025 51.5100894,-0.1302009 51.5100923,-0.130273 51.5100964,-0.1303094 51.5101091,-0.1303571 51.5101303,-0.1304141 51.5102113,-0.1304613 51.5102898,-0.130589 51.5104008,-0.1306314 51.5104736,-0.1305865 51.5105258,-0.1305256 51.5105734,-0.1304296 51.510618,-0.1302626 51.5106718,-0.130072 51.5107431,-0.1300082 51.5107722,-0.1299156 51.5107844,-0.129861 51.5107796,-0.1298262 51.5107748,-0.1297519 51.5107304,-0.1297143 51.5106737)))",Leicester Square,8
"MULTIPOLYGON (((-0.1198358 51.5116869,-0.1197448 51.5116493,-0.1197036 51.5116023,-0.1196539 51.5116194,-0.1195715 51.511535,-0.1196127 51.5115147,-0.1195874 51.5115014,-0.1195766 51.5114932,-0.1196392 51.5114685,-0.1197054 51.5114444,-0.120174 51.5112645,-0.1202631 51.5112321,-0.1204581 51.5114264,-0.120543 51.5115171,-0.1199692 51.5117262,-0.1199367 51.5117289,-0.1198358 51.5116869)))",Lyceum Theatre,9
"MULTIPOLYGON (((-0.1268132 51.5106076,-0.1264708 51.5106381,-0.1264563 51.5105751,-0.1258641 51.510628,-0.1258307 51.5104833,-0.1258011 51.510486,-0.1257721 51.5104885,-0.1257447 51.5103694,-0.126738 51.5102808,-0.1268132 51.5106076)))",St Martins Lane Hotel,10
"MULTIPOLYGON (((-0.1259871 51.5096194,-0.126161 51.5095439,-0.12649 51.5095278,-0.1265109 51.5096076,-0.1265272 51.5096728,-0.1265323 51.5097239,-0.1260356 51.5097743,-0.1259871 51.5096194)))",,11
"MULTIPOLYGON (((-0.1232616 51.513011,-0.1231898 51.5130506,-0.1229002 51.513203,-0.1225054 51.513417,-0.1224509 51.513376,-0.1223955 51.5134089,-0.1221378 51.513241,-0.1221932 51.5132081,-0.1221336 51.5131688,-0.1220831 51.5131957,-0.1220422 51.5131658,-0.121866 51.5130375,-0.1219241 51.5130067,-0.1218862 51.5129781,-0.1218018 51.5130203,-0.1215819 51.5128615,-0.1215953 51.512854,-0.1215217 51.5127974,-0.1215145 51.5128016,-0.1213827 51.5126846,-0.1213927 51.5126787,-0.1214735 51.5126432,-0.1215155 51.5126221,-0.1215875 51.5125898,-0.1216595 51.5125575,-0.1217315 51.5125252,-0.1218035 51.5124929,-0.1218755 51.5124606,-0.1219862 51.512411,-0.1220146 51.5123983,-0.1220503 51.5123823,-0.1223711 51.5126594,-0.1230808 51.5123512,-0.1231052 51.512372,-0.1231368 51.5123984,-0.1232064 51.5124572,-0.1232789 51.5125195,-0.1232704 51.5125232,-0.1232881 51.5125379,-0.1232962 51.5125344,-0.1233177 51.5125528,-0.1233233 51.5125498,-0.1233715 51.5125926,-0.1234196 51.5126355,-0.1234678 51.5126783,-0.1235159 51.5127211,-0.1235641 51.5127639,-0.1236122 51.5128068,-0.1235999 51.5128134,-0.12362 51.512832,-0.1235628 51.512861,-0.1235546 51.5128549,-0.1235035 51.5128824,-0.1233905 51.5129428,-0.1232616 51.513011)))",Royal Opera House,12
"MULTIPOLYGON (((-0.1251459 51.512957,-0.1251254 51.5129676,-0.1250491 51.5130041,-0.1248774 51.5128792,-0.1249385 51.512845,-0.1249525 51.5128372,-0.1249694 51.5128277,-0.1250531 51.5128906,-0.125023 51.5129063,-0.1250439 51.512922,-0.1250768 51.5129051,-0.1250977 51.5129208,-0.1251459 51.512957)))",,13
"MULTIPOLYGON (((-0.1229157 51.5145913,-0.1230749 51.5146909,-0.1229601 51.5147655,-0.1228809 51.5147149,-0.1227976 51.514665,-0.1229157 51.5145913)))",,14
"MULTIPOLYGON (((-0.1217107 51.5120889,-0.1215529 51.5121594,-0.1214818 51.512191,-0.1215013 51.5122077,-0.1214927 51.5122116,-0.1214204 51.5122442,-0.1213529 51.5122747,-0.1212562 51.5123183,-0.1211494 51.5122266,-0.1210922 51.5121775,-0.1209287 51.5120371,-0.1208968 51.5120097,-0.1208228 51.5119461,-0.1212954 51.5117328,-0.1214658 51.5116534,-0.1216412 51.5118058,-0.1216969 51.5118537,-0.1216431 51.5118778,-0.1216125 51.5118919,-0.1215873 51.5119035,-0.1215254 51.511932,-0.1217107 51.5120889)))",London Transport Museum,15
"MULTIPOLYGON (((-0.1261752 51.512091,-0.1260238 51.5121454,-0.1258855 51.5119313,-0.1258567 51.5118834,-0.1260011 51.5118283,-0.1260359 51.5118374,-0.1261422 51.512035,-0.1261752 51.512091)))",Stanfords,16
"MULTIPOLYGON (((-0.1255184 51.5121891,-0.1254392 51.51223,-0.1253354 51.5122836,-0.1252495 51.5123279,-0.1252225 51.5123446,-0.1251853 51.5123191,-0.1250761 51.5123762,-0.1249902 51.5123015,-0.124974 51.5123099,-0.1248839 51.5122287,-0.1253017 51.5120176,-0.1254338 51.5119991,-0.1255296 51.5120758,-0.1254315 51.5121242,-0.1255184 51.5121891)))",,17
"MULTIPOLYGON (((-0.1267457 51.5110204,-0.1258851 51.5111019,-0.1258514 51.5109889,-0.1258383 51.510945,-0.1259305 51.5109361,-0.1259436 51.5109799,-0.1259535 51.5110127,-0.1260609 51.5110025,-0.1260545 51.5109909,-0.126375 51.5109624,-0.1263734 51.5109542,-0.1266654 51.5109186,-0.1267106 51.5109121,-0.1267164 51.5109332,-0.1267649 51.5109313,-0.1267735 51.5109645,-0.1267363 51.5109688,-0.1267457 51.5110204)))",,18
"MULTIPOLYGON (((-0.1255341 51.5109615,-0.1254795 51.510756,-0.1254468 51.510646,-0.1252224 51.5106652,-0.1251987 51.510617,-0.1251706 51.5105601,-0.125607 51.5105163,-0.125732 51.5109325,-0.1255341 51.5109615)))",,19
"MULTIPOLYGON (((-0.1249817 51.510565,-0.1250987 51.5105637,-0.1251706 51.5105601,-0.1251987 51.510617,-0.1251557 51.5106289,-0.1251007 51.5106528,-0.1251236 51.5107073,-0.1247116 51.5108728,-0.124558 51.5107236,-0.1245364 51.5107044,-0.1246084 51.5106729,-0.1246262 51.5106984,-0.1247992 51.5106346,-0.1249817 51.510565)))",Wagamama,20
"MULTIPOLYGON (((-0.1237879 51.5102755,-0.1238917 51.5103756,-0.1237742 51.5104215,-0.1236527 51.5103143,-0.123664 51.5103089,-0.1235957 51.5102504,-0.1235404 51.5102021,-0.1236108 51.5101716,-0.1237296 51.5102808,-0.1237765 51.5102651,-0.1237879 51.5102755)))",Ping Pong,21
"MULTIPOLYGON (((-0.1251587 51.5112517,-0.1251303 51.5112463,-0.1251055 51.5112332,-0.125097 51.51121,-0.1248193 51.5109732,-0.1251902 51.5107486,-0.1252562 51.5107322,-0.1253228 51.5107739,-0.1253384 51.5108654,-0.1253785 51.5109643,-0.1254429 51.5109615,-0.1254811 51.5111317,-0.1254298 51.5111505,-0.1254177 51.5111311,-0.1252035 51.5112189,-0.125188 51.5112398,-0.1251587 51.5112517)))",,22
"MULTIPOLYGON (((-0.125732 51.5109325,-0.1257844 51.511085,-0.1257643 51.5111102,-0.1254811 51.5111317,-0.1254429 51.5109615,-0.1255341 51.5109615,-0.125732 51.5109325)))",,23
"MULTIPOLYGON (((-0.1213763 51.5136484,-0.1218826 51.5138704,-0.1218235 51.5139229,-0.121797 51.5139445,-0.1213082 51.513732,-0.1213047 51.5137305,-0.1213763 51.5136484)))",,24
"MULTIPOLYGON (((-0.1211727 51.5138885,-0.1212429 51.513804,-0.1212459 51.5138053,-0.1216578 51.5139775,-0.1215687 51.5140552,-0.1211816 51.5138922,-0.1211727 51.5138885)))",,25
"MULTIPOLYGON (((-0.1214575 51.5142132,-0.1215477 51.5141447,-0.121556 51.514138,-0.1215654 51.5141418,-0.1215994 51.5141369,-0.1216309 51.5141518,-0.1216319 51.5141632,-0.1216388 51.514166,-0.1216676 51.5141414,-0.1217966 51.5142072,-0.12167 51.5143077,-0.1216561 51.514308,-0.1214575 51.5142132)))",,26
"MULTIPOLYGON (((-0.1218826 51.5138704,-0.1219218 51.5138359,-0.1221136 51.5139135,-0.1221165 51.5139324,-0.1220024 51.514055,-0.1219054 51.5140076,-0.1219406 51.5139757,-0.1218235 51.5139229,-0.1218826 51.5138704)))",Fielding Hotel,27
"MULTIPOLYGON (((-0.1203696 51.5137971,-0.1202354 51.5137416,-0.120221 51.5137293,-0.1202104 51.5137155,-0.1202082 51.5137078,-0.1202076 51.5136962,-0.1202703 51.513624,-0.1202833 51.5136089,-0.1203824 51.5134946,-0.1204244 51.5134462,-0.1205109 51.5133465,-0.1205163 51.5133423,-0.1205246 51.5133409,-0.1205308 51.5133408,-0.1207114 51.5134064,-0.1206187 51.5135123,-0.1204744 51.5136773,-0.1203696 51.5137971)))",,28
"MULTIPOLYGON (((-0.1214575 51.5142132,-0.1210474 51.5140386,-0.1211099 51.5139636,-0.1211175 51.5139665,-0.1215477 51.5141447,-0.1214575 51.5142132)))",,29
"MULTIPOLYGON (((-0.1218439 51.513291,-0.1219608 51.5133609,-0.1222069 51.5135033,-0.122233 51.5135173,-0.1222299 51.5135204,-0.1223627 51.5135951,-0.1223574 51.5135986,-0.1223721 51.5136304,-0.1221657 51.5138728,-0.1219267 51.5137779,-0.1215795 51.5136302,-0.1215254 51.5136112,-0.1217523 51.5133826,-0.1218439 51.513291)))",NoMad London,30
"MULTIPOLYGON (((-0.1218248 51.514208,-0.1216023 51.5141005,-0.1217793 51.5139497,-0.1217902 51.5139547,-0.1219054 51.5140076,-0.1220024 51.514055,-0.1218248 51.514208)))",,31
"MULTIPOLYGON (((-0.1206086 51.513878,-0.1204346 51.5138119,-0.1204849 51.5137496,-0.1204345 51.5137329,-0.1206027 51.5135463,-0.1208796 51.5136493,-0.1207067 51.5138355,-0.1206638 51.5138162,-0.1206086 51.513878)))",,32
"MULTIPOLYGON (((-0.121768 51.5132595,-0.1214675 51.5135707,-0.1213824 51.5135356,-0.1213476 51.5135646,-0.1211087 51.5134831,-0.1212147 51.5133729,-0.1212223 51.5133644,-0.1211507 51.5133361,-0.1211735 51.5133139,-0.1212069 51.5132813,-0.1213116 51.5133212,-0.1213666 51.5132569,-0.1212617 51.5132141,-0.1213545 51.5131269,-0.1213813 51.5131052,-0.1214697 51.5130335,-0.121768 51.5132595)))",Covent Garden Telephone Exchange,33
"MULTIPOLYGON (((-0.1213813 51.5131052,-0.1212617 51.5132141,-0.1212069 51.5132813,-0.1211735 51.5133139,-0.1208755 51.5131859,-0.1208443 51.5132163,-0.1206871 51.5131499,-0.1209021 51.5128986,-0.1210903 51.5128081,-0.1211688 51.5128807,-0.1211594 51.512887,-0.1211614 51.5129099,-0.1211728 51.5129237,-0.1210903 51.5129617,-0.1210481 51.5129934,-0.1210072 51.5130393,-0.1211379 51.5130939,-0.1211983 51.5130307,-0.1212191 51.5130385,-0.1213424 51.5130892,-0.1213813 51.5131052)))",,34
"MULTIPOLYGON (((-0.1205577 51.5132896,-0.1206871 51.5131499,-0.1208443 51.5132163,-0.1212147 51.5133729,-0.1211087 51.5134831,-0.1205577 51.5132896)))",Fortune Theatre,35
"MULTIPOLYGON (((-0.1226209 51.5137623,-0.122643 51.5137454,-0.1226547 51.5137502,-0.1226676 51.5137397,-0.1227315 51.5136877,-0.1229893 51.5138098,-0.1230275 51.5138362,-0.1230282 51.5138424,-0.1229585 51.5138831,-0.1229526 51.5138876,-0.1229406 51.5138962,-0.1229041 51.5139197,-0.1228666 51.5139436,-0.1228554 51.5139508,-0.1228376 51.5139604,-0.1228258 51.5139687,-0.1227725 51.5140024,-0.1227621 51.5140096,-0.1227525 51.5140161,-0.1226185 51.5139523,-0.1226304 51.5139434,-0.1226413 51.5139331,-0.1226294 51.5139246,-0.1225806 51.5138896,-0.1226034 51.5138437,-0.1226065 51.5138388,-0.1225806 51.5138242,-0.1225934 51.5138123,-0.1225748 51.5138024,-0.1226209 51.5137623)))",,36
"MULTIPOLYGON (((-0.1226928 51.5140543,-0.122515 51.5139689,-0.1225024 51.5139606,-0.1225248 51.5139432,-0.1225554 51.5139204,-0.1226185 51.5139523,-0.1227525 51.5140161,-0.1227366 51.5140256,-0.1226928 51.5140543)))",The Sun Tavern,37
"MULTIPOLYGON (((-0.1226928 51.5140543,-0.1226708 51.5140694,-0.122502 51.5141773,-0.122476 51.514194,-0.1223594 51.5141234,-0.1223453 51.514133,-0.1223254 51.5141231,-0.122316 51.5141185,-0.122515 51.5139689,-0.1226928 51.5140543)))",,38
"MULTIPOLYGON (((-0.122476 51.514194,-0.122383 51.5142537,-0.1223674 51.5142638,-0.12235 51.514275,-0.1223051 51.5143039,-0.1222872 51.5143154,-0.1222701 51.5143264,-0.1222081 51.5143663,-0.1220944 51.5144394,-0.1220433 51.514411,-0.1220797 51.514385,-0.1220489 51.5143661,-0.1221 51.514334,-0.1220857 51.5143255,-0.1221075 51.5143097,-0.1220898 51.5142995,-0.1221535 51.5142559,-0.1221863 51.514235,-0.1222505 51.5141944,-0.1223453 51.514133,-0.1223594 51.5141234,-0.122476 51.514194)))",,39
"MULTIPOLYGON (((-0.122643 51.5137454,-0.1226086 51.5137287,-0.1225987 51.5137369,-0.1226241 51.5137502,-0.1225399 51.5138168,-0.1226034 51.5138437,-0.1225806 51.5138896,-0.1224583 51.5138316,-0.1224239 51.5138153,-0.1224217 51.5138001,-0.1224411 51.5137827,-0.1225406 51.5136981,-0.1225486 51.5136912,-0.1226142 51.513634,-0.1227315 51.5136877,-0.1226676 51.5137397,-0.1226547 51.5137502,-0.122643 51.5137454)))",,41
"MULTIPOLYGON (((-0.1197655 51.5135186,-0.119834 51.5134479,-0.1198559 51.5134253,-0.1197137 51.5133689,-0.1197338 51.5133443,-0.1196361 51.5133048,-0.1197053 51.5132297,-0.1201983 51.5134083,-0.1200233 51.5136157,-0.1197655 51.5135186)))",,42
"MULTIPOLYGON (((-0.1194704 51.513385,-0.1192737 51.5133174,-0.1195152 51.5130452,-0.1195179 51.5130421,-0.1196379 51.5130833,-0.1194552 51.5132894,-0.1195318 51.5133157,-0.1194704 51.513385)))",,43
"MULTIPOLYGON (((-0.1195394 51.5130168,-0.1195496 51.513004,-0.1198002 51.5127197,-0.1199149 51.5127685,-0.1196585 51.5130571,-0.1195394 51.5130168)))",,44
"MULTIPOLYGON (((-0.1197744 51.5126643,-0.1199126 51.5124957,-0.120189 51.5126106,-0.120167 51.5126332,-0.12002 51.5127951,-0.1199149 51.5127685,-0.1198002 51.5127197,-0.1198304 51.512684,-0.1197744 51.5126643)))",Fish Works,45
"MULTIPOLYGON (((-0.1206986 51.512831,-0.1202336 51.5133397,-0.1202014 51.5133313,-0.1201799 51.5133563,-0.120078 51.5133163,-0.1200565 51.5133463,-0.119791 51.5132445,-0.1198044 51.5132311,-0.1197092 51.5131986,-0.1197887 51.513116,-0.1197391 51.5130964,-0.1198406 51.5129825,-0.1198996 51.5130058,-0.1199395 51.5129591,-0.1198854 51.5129364,-0.12002 51.5127951,-0.120167 51.5126332,-0.120309 51.5126952,-0.1203402 51.5126699,-0.1205608 51.512743,-0.1205387 51.5127733,-0.1206986 51.512831)))","Theatre Royal, Drury Lane",46
"MULTIPOLYGON (((-0.1233803 51.5130422,-0.1235361 51.5131497,-0.1235085 51.5131636,-0.1235409 51.5131889,-0.1235728 51.5132117,-0.123547 51.5132285,-0.1236114 51.5132785,-0.1236297 51.5132927,-0.1235681 51.5133268,-0.123365 51.513441,-0.1231651 51.5132912,-0.1231613 51.5132886,-0.1230595 51.5132179,-0.1231527 51.5131656,-0.1232892 51.513093,-0.1233803 51.5130422)))",The Royal Ballet School,47
"MULTIPOLYGON (((-0.1257492 51.5122685,-0.1254869 51.5124006,-0.125442 51.5124232,-0.1253344 51.5124808,-0.1252748 51.5125128,-0.1252179 51.5125433,-0.1252018 51.512552,-0.1251852 51.5125609,-0.1250932 51.5124876,-0.1251015 51.5124821,-0.1251133 51.5124767,-0.125126 51.512469,-0.1250861 51.5124376,-0.1250698 51.5124232,-0.1251241 51.5123946,-0.1251822 51.5123653,-0.1252225 51.5123446,-0.1252495 51.5123279,-0.1253354 51.5122836,-0.1254392 51.51223,-0.1255184 51.5121891,-0.1255817 51.5121579,-0.1256182 51.5121853,-0.1256346 51.5121772,-0.1257433 51.5122637,-0.1257492 51.5122685)))",,48
"MULTIPOLYGON (((-0.1257785 51.5122546,-0.125772 51.5122497,-0.1257433 51.5122637,-0.1256346 51.5121772,-0.1256844 51.5121543,-0.1256911 51.5121512,-0.1255491 51.5120365,-0.1255217 51.5119942,-0.1255366 51.5119781,-0.1258567 51.5118834,-0.1258855 51.5119313,-0.1260238 51.5121454,-0.1257976 51.5122461,-0.1257785 51.5122546)))",TK Maxx,49
"MULTIPOLYGON (((-0.1225672 51.511546,-0.122265 51.5116779,-0.1222144 51.511633,-0.1221382 51.5115655,-0.1223126 51.5114893,-0.1222022 51.5113914,-0.1221549 51.5114121,-0.1221824 51.5114364,-0.1220531 51.5114929,-0.1219399 51.5113925,-0.1221139 51.5113166,-0.1221272 51.5113108,-0.1221453 51.5113268,-0.1222732 51.511271,-0.1223574 51.5113456,-0.1223631 51.5113432,-0.1223646 51.5113425,-0.1224607 51.5114277,-0.1224601 51.5114279,-0.1224427 51.5114356,-0.1225145 51.5114992,-0.1225672 51.511546)))",Jubilee Market Hall,50
"MULTIPOLYGON (((-0.1224233 51.5146169,-0.1224844 51.5146593,-0.1223596 51.5147289,-0.1222986 51.5146865,-0.1224233 51.5146169)))",,51
"MULTIPOLYGON (((-0.1221959 51.5146153,-0.1222466 51.514587,-0.1223207 51.5145457,-0.1223794 51.5145864,-0.1222546 51.514656,-0.1221959 51.5146153)))",Redemption Roasters,52
"MULTIPOLYGON (((-0.1225202 51.5143318,-0.1226064 51.5142766,-0.1226219 51.5142732,-0.122635 51.5142724,-0.1226571 51.5142739,-0.122795 51.5143641,-0.1228078 51.5143725,-0.1228226 51.5143822,-0.122763 51.5144174,-0.1226904 51.5144603,-0.1226645 51.5144408,-0.1225202 51.5143318)))",,53
"MULTIPOLYGON (((-0.1227636 51.5145249,-0.1226747 51.5144695,-0.1226904 51.5144603,-0.122763 51.5144174,-0.1228226 51.5143822,-0.122839 51.5143936,-0.1228578 51.5144068,-0.122934 51.5144602,-0.1229312 51.514478,-0.1229285 51.5144955,-0.1228943 51.5145172,-0.1228531 51.5145432,-0.1227663 51.5145977,-0.122705 51.514561,-0.1227345 51.5145438,-0.1227636 51.5145249)))",,54
"MULTIPOLYGON (((-0.1221851 51.5145462,-0.1222466 51.514587,-0.1221959 51.5146153,-0.1221698 51.5145796,-0.1221851 51.5145462)))",Bagel Factory,55
"MULTIPOLYGON (((-0.1224139 51.5145147,-0.1224981 51.5145795,-0.1224736 51.5145964,-0.1224516 51.5146108,-0.122364 51.514546,-0.1223444 51.5145332,-0.1222779 51.5144843,-0.1223443 51.5144429,-0.1224326 51.5145018,-0.1224139 51.5145147)))",Elliot Rhodes,56
"MULTIPOLYGON (((-0.1222546 51.514656,-0.1223794 51.5145864,-0.1224233 51.5146169,-0.1222986 51.5146865,-0.1222546 51.514656)))",Wings,57
"MULTIPOLYGON (((-0.1224844 51.5146593,-0.1225178 51.5146805,-0.122575 51.5147212,-0.1224546 51.5147948,-0.1223596 51.5147289,-0.1224844 51.5146593)))",Lowlander Grand Cafe,58
"MULTIPOLYGON (((-0.1225066 51.5144557,-0.1224193 51.5143951,-0.1225202 51.5143318,-0.1226645 51.5144408,-0.1226904 51.5144603,-0.1226747 51.5144695,-0.1226465 51.5144863,-0.1225943 51.5145165,-0.1225066 51.5144557)))",Freemasons Arms,59
"MULTIPOLYGON (((-0.1222466 51.514587,-0.1221851 51.5145462,-0.1222779 51.5144843,-0.1223444 51.5145332,-0.1223207 51.5145457,-0.1222466 51.514587)))",,60
"MULTIPOLYGON (((-0.1225066 51.5144557,-0.1224326 51.5145018,-0.1223443 51.5144429,-0.1224193 51.5143951,-0.1225066 51.5144557)))",Patisserie Valerie,61
"MULTIPOLYGON (((-0.1227663 51.5145977,-0.122575 51.5147212,-0.1225178 51.5146805,-0.122553 51.514656,-0.1224736 51.5145964,-0.1224981 51.5145795,-0.1225943 51.5145165,-0.1226465 51.5144863,-0.1227345 51.5145438,-0.122705 51.514561,-0.1227663 51.5145977)))",,62
"MULTIPOLYGON (((-0.1229816 51.5107027,-0.1229115 51.5107319,-0.1228039 51.510639,-0.1228495 51.5106166,-0.1229816 51.5107027)))",Hungarian Cultural Centre London,63
"MULTIPOLYGON (((-0.1205591 51.511597,-0.1206166 51.5115741,-0.120632 51.5115712,-0.1206505 51.5115733,-0.12076 51.511634,-0.1206759 51.5116743,-0.1206569 51.5116585,-0.12063 51.5116703,-0.1205591 51.511597)))",,64
"MULTIPOLYGON (((-0.1206759 51.5116743,-0.12076 51.511634,-0.1207741 51.5116441,-0.1207691 51.5116473,-0.1207951 51.5116655,-0.1208257 51.5116489,-0.120856 51.5116658,-0.1207236 51.5117386,-0.1206492 51.5116883,-0.1206759 51.5116743)))",,65
"MULTIPOLYGON (((-0.120817 51.5118216,-0.1205187 51.5119782,-0.1205006 51.5119818,-0.1204799 51.5119802,-0.1201352 51.5118382,-0.1202519 51.5117915,-0.1202883 51.5118296,-0.120402 51.5117869,-0.1204674 51.5118352,-0.120496 51.5118526,-0.1205471 51.5118271,-0.1206376 51.5117832,-0.1206551 51.5117738,-0.1206018 51.5117341,-0.1206498 51.5117099,-0.1206977 51.5117533,-0.1207121 51.5117459,-0.120817 51.5118216)))",,66
"MULTIPOLYGON (((-0.1227064 51.5108118,-0.1226529 51.5108325,-0.1225565 51.5107654,-0.1226029 51.5107369,-0.1227064 51.5108118)))",Polpo,67
"MULTIPOLYGON (((-0.1193078 51.511522,-0.1193724 51.5115686,-0.1196169 51.5118296,-0.1196059 51.5118487,-0.1192852 51.5119868,-0.1192533 51.5119936,-0.1192204 51.5119875,-0.1192006 51.511969,-0.1192287 51.5118749,-0.1192351 51.5117027,-0.1192158 51.5115451,-0.119226 51.511519,-0.1192705 51.5115111,-0.1193078 51.511522)))",One Aldwych,68
"MULTIPOLYGON (((-0.1233131 51.5099623,-0.123299 51.5099691,-0.123266 51.5099382,-0.1232323 51.5099512,-0.1232146 51.5099594,-0.1233494 51.5100892,-0.1232864 51.5101155,-0.1231499 51.5099817,-0.1230562 51.5098968,-0.1231428 51.5098554,-0.1233665 51.5097589,-0.1235164 51.5098957,-0.123455 51.5099241,-0.1233853 51.5099537,-0.1233702 51.5099415,-0.1233131 51.5099623)))",,69
"MULTIPOLYGON (((-0.1194956 51.5113151,-0.1195656 51.5112897,-0.1196311 51.511266,-0.1197137 51.5113542,-0.1196853 51.5113645,-0.119697 51.511377,-0.1196599 51.5113904,-0.1196561 51.5113918,-0.1197054 51.5114444,-0.1196392 51.5114685,-0.1194956 51.5113151)))",,70
"MULTIPOLYGON (((-0.1229964 51.5104186,-0.1229452 51.5104495,-0.1229824 51.5104748,-0.1228924 51.5105188,-0.1228766 51.5105244,-0.1228396 51.5104967,-0.1228057 51.5105143,-0.1227268 51.5104573,-0.1227724 51.5104308,-0.122707 51.5103759,-0.1228278 51.510297,-0.1229964 51.5104186)))",,71
"MULTIPOLYGON (((-0.1222419 51.5102701,-0.1223472 51.5103576,-0.1223004 51.5103777,-0.1222855 51.5103842,-0.1222948 51.5103922,-0.1222296 51.5104176,-0.1222223 51.51041,-0.1221313 51.5103194,-0.1222032 51.5102874,-0.1222419 51.5102701)))",,72
"MULTIPOLYGON (((-0.1210109 51.5117174,-0.1208383 51.5118098,-0.120817 51.5118216,-0.1207121 51.5117459,-0.1207236 51.5117386,-0.120856 51.5116658,-0.1208682 51.5116597,-0.1210032 51.5116923,-0.1210139 51.5117041,-0.1210109 51.5117174)))",,73
"MULTIPOLYGON (((-0.1232501 51.51061,-0.1231716 51.5106285,-0.1231194 51.5105808,-0.1231361 51.5105744,-0.1231162 51.5105576,-0.123159 51.5105369,-0.1231747 51.5105504,-0.1232501 51.51061)))",Condesa,74
"MULTIPOLYGON (((-0.1215143 51.511222,-0.1215581 51.5112661,-0.1215155 51.5112812,-0.1215316 51.511298,-0.1214876 51.5113145,-0.1214708 51.5112966,-0.1214219 51.5113128,-0.1213826 51.5112758,-0.1215143 51.511222)))",,75
"MULTIPOLYGON (((-0.1217283 51.5106117,-0.1218714 51.5105617,-0.1218837 51.5105753,-0.1219073 51.5106024,-0.1219239 51.5106184,-0.1219486 51.5106085,-0.1219667 51.510626,-0.1220333 51.5105993,-0.1220808 51.5106452,-0.1220417 51.5106608,-0.1220343 51.5106538,-0.1220257 51.5106572,-0.1220438 51.5106748,-0.1220591 51.5106896,-0.1218963 51.5107562,-0.1218907 51.5107514,-0.1218795 51.510742,-0.1218674 51.5107313,-0.121822 51.5106922,-0.1217283 51.5106117)))",,76
"MULTIPOLYGON (((-0.1219868 51.5108364,-0.1218963 51.5107562,-0.1220591 51.5106896,-0.1220659 51.5106867,-0.1221615 51.5107618,-0.1219868 51.5108364)))",,77
"MULTIPOLYGON (((-0.1231716 51.5106285,-0.1230899 51.5106592,-0.1229512 51.5105573,-0.1228924 51.5105188,-0.1229824 51.5104748,-0.1230992 51.510566,-0.1230847 51.5105713,-0.1231005 51.5105868,-0.1231194 51.5105808,-0.1231716 51.5106285)))",Street Burger,78
"MULTIPOLYGON (((-0.1236085 51.5101616,-0.1235419 51.5101882,-0.1234536 51.5101151,-0.1235262 51.5100863,-0.1236085 51.5101616)))",,79
"MULTIPOLYGON (((-0.1221789 51.511003,-0.1221537 51.5109804,-0.1221325 51.5109623,-0.1221123 51.510945,-0.1220426 51.5108852,-0.1222195 51.5108082,-0.1222851 51.5107788,-0.1223862 51.5108642,-0.1222467 51.5109189,-0.1223068 51.5109723,-0.1222195 51.511004,-0.1221789 51.511003)))",,80
"MULTIPOLYGON (((-0.1202342 51.5117316,-0.1203124 51.5117001,-0.1203748 51.511762,-0.1202994 51.511793,-0.1202842 51.5117802,-0.1202342 51.5117316)))",,81
"MULTIPOLYGON (((-0.1229512 51.5105573,-0.1230899 51.5106592,-0.1229816 51.5107027,-0.1228495 51.5106166,-0.1228448 51.5106133,-0.1229158 51.5105765,-0.1229512 51.5105573)))",Big Easy,82
"MULTIPOLYGON (((-0.1225675 51.5102656,-0.1226984 51.5102025,-0.1228278 51.510297,-0.122707 51.5103759,-0.1225875 51.5102821,-0.1225675 51.5102656)))",,83
"MULTIPOLYGON (((-0.1219916 51.5103735,-0.1220856 51.510468,-0.1221119 51.5104956,-0.1220222 51.5105281,-0.1220501 51.5105604,-0.1220232 51.5105701,-0.1219847 51.5105238,-0.1218831 51.5104114,-0.1219916 51.5103735)))",,84
"MULTIPOLYGON (((-0.1233702 51.5099415,-0.1233853 51.5099537,-0.123455 51.5099241,-0.1235215 51.5099836,-0.1235526 51.5100114,-0.1235285 51.5100237,-0.123562 51.5100532,-0.1235112 51.5100723,-0.1235262 51.5100863,-0.1234536 51.5101151,-0.1234357 51.5101225,-0.1233896 51.5100813,-0.123442 51.5100572,-0.1234205 51.5100365,-0.1233507 51.5099713,-0.123331 51.5099809,-0.1233131 51.5099623,-0.1233702 51.5099415)))",,85
"MULTIPOLYGON (((-0.1221999 51.5106469,-0.1222478 51.5106892,-0.1222038 51.510713,-0.1222292 51.510734,-0.1221615 51.5107618,-0.1220659 51.5106867,-0.1221032 51.5106686,-0.122123 51.5106859,-0.1221595 51.510672,-0.1221531 51.5106642,-0.1221999 51.5106469)))",,86
"MULTIPOLYGON (((-0.1230992 51.510566,-0.1229824 51.5104748,-0.1229452 51.5104495,-0.1229964 51.5104186,-0.123159 51.5105369,-0.1231162 51.5105576,-0.1230992 51.510566)))",,87
"MULTIPOLYGON (((-0.1205346 51.511707,-0.1206376 51.5117832,-0.1205471 51.5118271,-0.1205201 51.5118087,-0.1204674 51.5118352,-0.120402 51.5117869,-0.1203818 51.5117694,-0.1205346 51.511707)))",,88
"MULTIPOLYGON (((-0.1228766 51.5105244,-0.1228585 51.5105337,-0.1229158 51.5105765,-0.1228448 51.5106133,-0.1228211 51.5105956,-0.122806 51.5106034,-0.1227865 51.5105889,-0.1228012 51.5105813,-0.1227685 51.510557,-0.1228096 51.5105356,-0.1228057 51.5105143,-0.1228396 51.5104967,-0.1228766 51.5105244)))",,89
"MULTIPOLYGON (((-0.1227211 51.5101926,-0.1227112 51.5101973,-0.1226984 51.5102025,-0.1225675 51.5102656,-0.1224573 51.5103175,-0.122343 51.5102254,-0.1225839 51.5101139,-0.1225917 51.5101092,-0.1226079 51.5101012,-0.1227211 51.5101926)))",,90
"MULTIPOLYGON (((-0.1204285 51.5122313,-0.1205305 51.5121855,-0.1206204 51.5122638,-0.1204849 51.512324,-0.1204545 51.5122988,-0.1204898 51.5122835,-0.1204285 51.5122313)))",Bella Italia,91
"MULTIPOLYGON (((-0.122707 51.5103759,-0.1226092 51.5104454,-0.1224773 51.5103339,-0.1225875 51.5102821,-0.122707 51.5103759)))",,92
"MULTIPOLYGON (((-0.1227268 51.5104573,-0.1228057 51.5105143,-0.1228096 51.5105356,-0.1227685 51.510557,-0.1227297 51.510575,-0.1226232 51.5104868,-0.1226477 51.5104757,-0.1226092 51.5104454,-0.122707 51.5103759,-0.1227724 51.5104308,-0.1227268 51.5104573)))",,93
"MULTIPOLYGON (((-0.1236392 51.5101426,-0.1237431 51.5101028,-0.1237914 51.5101487,-0.1236922 51.51019,-0.123677 51.5101966,-0.1236323 51.5101546,-0.1236464 51.5101485,-0.1236392 51.5101426)))",Strand Tandoori,94
"MULTIPOLYGON (((-0.1236406 51.5103643,-0.123594 51.5103843,-0.1235696 51.5103948,-0.1235028 51.5104235,-0.1231951 51.5101875,-0.1233761 51.5101109,-0.1236167 51.5103178,-0.1235989 51.5103267,-0.1236406 51.5103643)))",The Porterhouse,95
"MULTIPOLYGON (((-0.1223862 51.5108642,-0.1222851 51.5107788,-0.1222292 51.510734,-0.1222038 51.510713,-0.1222478 51.5106892,-0.1224496 51.5106045,-0.1225462 51.5106797,-0.1226029 51.5107369,-0.1225565 51.5107654,-0.1226529 51.5108325,-0.1223068 51.5109723,-0.1222467 51.5109189,-0.1223862 51.5108642)))",Corpus Christi Catholic Church,96
"MULTIPOLYGON (((-0.1202631 51.5112321,-0.120174 51.5112645,-0.1201513 51.5112403,-0.1200968 51.5112602,-0.1200735 51.5112354,-0.1199983 51.5112627,-0.1200207 51.5112866,-0.1199542 51.5113108,-0.1199199 51.5112743,-0.1198178 51.511314,-0.1197369 51.5112276,-0.1201263 51.5110864,-0.1201985 51.5111633,-0.1202631 51.5112321)))",,97
"MULTIPOLYGON (((-0.1221313 51.5103194,-0.1222223 51.51041,-0.1220856 51.510468,-0.1219916 51.5103735,-0.1221313 51.5103194)))",,98
"MULTIPOLYGON (((-0.1201352 51.5118382,-0.1200781 51.511818,-0.1200728 51.5118079,-0.1200785 51.5117981,-0.1202342 51.5117316,-0.1202842 51.5117802,-0.1202519 51.5117915,-0.1201352 51.5118382)))",Be At One,99
"MULTIPOLYGON (((-0.122343 51.5102254,-0.1224573 51.5103175,-0.1224773 51.5103339,-0.1224942 51.5103481,-0.1226092 51.5104454,-0.1226477 51.5104757,-0.1226232 51.5104868,-0.1227297 51.510575,-0.1228039 51.510639,-0.1229115 51.5107319,-0.1228195 51.5107668,-0.1227962 51.5107757,-0.1227231 51.5107172,-0.1223478 51.5104093,-0.1223882 51.5103915,-0.1223472 51.5103576,-0.1222419 51.5102701,-0.1222923 51.510248,-0.122343 51.5102254)))",The Vaudeville Theatre,100
"MULTIPOLYGON (((-0.1197369 51.5112276,-0.1198178 51.511314,-0.1197757 51.5113293,-0.1198164 51.5113727,-0.1197526 51.5113958,-0.1197137 51.5113542,-0.1196311 51.511266,-0.1196435 51.5112615,-0.1197176 51.5112346,-0.1197369 51.5112276)))",Lyceum Tavern,101
"MULTIPOLYGON (((-0.1220856 51.510468,-0.1222223 51.51041,-0.1222296 51.5104176,-0.1224245 51.510582,-0.1223757 51.5105996,-0.1223813 51.510605,-0.1223227 51.5106262,-0.1223392 51.5106429,-0.1222804 51.510673,-0.1221119 51.5104956,-0.1220856 51.510468)))",,102
"MULTIPOLYGON (((-0.1203124 51.5117001,-0.1205591 51.511597,-0.12063 51.5116703,-0.1205346 51.511707,-0.1203818 51.5117694,-0.1203748 51.511762,-0.1203124 51.5117001)))",,103
"MULTIPOLYGON (((-0.1219664 51.5110138,-0.1220142 51.5110571,-0.1221213 51.5111542,-0.1221131 51.5111892,-0.1219484 51.5112616,-0.1218265 51.5113151,-0.1217236 51.5112273,-0.1216621 51.511253,-0.1216448 51.5112338,-0.1215581 51.5112661,-0.1215143 51.511222,-0.1216591 51.5111703,-0.1216398 51.5111413,-0.1216692 51.5110877,-0.1216606 51.5110733,-0.1217259 51.5110449,-0.1217736 51.5110849,-0.1219664 51.5110138)))",Tower House,104
"MULTIPOLYGON (((-0.1218265 51.5113151,-0.1215906 51.5114216,-0.1215291 51.5113658,-0.1214768 51.5113185,-0.1214876 51.5113145,-0.1215316 51.511298,-0.1215441 51.5112933,-0.121556 51.5113044,-0.1215877 51.5112933,-0.1215758 51.5112797,-0.1216621 51.511253,-0.1217236 51.5112273,-0.1218265 51.5113151)))",,105
"MULTIPOLYGON (((-0.1227962 51.5107757,-0.1227891 51.5107786,-0.1227064 51.5108118,-0.1226029 51.5107369,-0.1226713 51.510703,-0.1227047 51.5107265,-0.1227156 51.510721,-0.1227231 51.5107172,-0.1227962 51.5107757)))",,106
"MULTIPOLYGON (((-0.1218831 51.5104114,-0.1219847 51.5105238,-0.121959 51.5105328,-0.1219708 51.5105466,-0.1218837 51.5105753,-0.1218714 51.5105617,-0.121771 51.5104505,-0.1218831 51.5104114)))",,107
"MULTIPOLYGON (((-0.1218714 51.5105617,-0.1217283 51.5106117,-0.1216354 51.5105215,-0.1216403 51.5104993,-0.121771 51.5104505,-0.1218714 51.5105617)))",,108
"MULTIPOLYGON (((-0.1226008 51.5106518,-0.1225462 51.5106797,-0.1224496 51.5106045,-0.1224245 51.510582,-0.1222296 51.5104176,-0.1222948 51.5103922,-0.1225009 51.5105765,-0.1226008 51.5106518)))",,109
"MULTIPOLYGON (((-0.1200092 51.5120794,-0.1199759 51.5120474,-0.1199485 51.5120592,-0.1199276 51.5120429,-0.1200558 51.5119863,-0.1201371 51.5120211,-0.1200092 51.5120794)))",Campagne + Fromage,110
"MULTIPOLYGON (((-0.1237251 51.5102187,-0.1237611 51.5102052,-0.1237719 51.5102157,-0.1238386 51.5101898,-0.1238888 51.5102356,-0.1238297 51.5102588,-0.1238082 51.510237,-0.1237654 51.5102561,-0.1237251 51.5102187)))",Mail Boxes Etc.,111
"MULTIPOLYGON (((-0.1216341 51.5107096,-0.1216934 51.5107628,-0.1217065 51.5107749,-0.1218555 51.5109123,-0.1219664 51.5110138,-0.1217736 51.5110849,-0.1217259 51.5110449,-0.1216606 51.5110733,-0.1216008 51.5110182,-0.1214491 51.5108844,-0.1213766 51.5108196,-0.1215099 51.5107618,-0.1216341 51.5107096)))",,112
"MULTIPOLYGON (((-0.1224573 51.5103175,-0.1225675 51.5102656,-0.1225875 51.5102821,-0.1224773 51.5103339,-0.1224573 51.5103175)))",,113
"MULTIPOLYGON (((-0.1214219 51.5113128,-0.1213201 51.511356,-0.1211929 51.5114101,-0.1211308 51.5114567,-0.1210508 51.5115169,-0.1210266 51.5115077,-0.1209834 51.5115578,-0.1208018 51.51151,-0.1207973 51.5114965,-0.1208048 51.5114816,-0.1208855 51.5114519,-0.1211071 51.51137,-0.1213826 51.5112758,-0.1214219 51.5113128)))",,114
"MULTIPOLYGON (((-0.1219338 51.5114319,-0.1221792 51.5116471,-0.122186 51.511653,-0.1221297 51.5116779,-0.1221714 51.5117145,-0.1218615 51.5118515,-0.1218198 51.5118148,-0.1217592 51.5118416,-0.1217422 51.5118267,-0.121507 51.5116205,-0.1219338 51.5114319)))",Jubilee Market Hall,115
"MULTIPOLYGON (((-0.1216341 51.5107096,-0.1215099 51.5107618,-0.1214545 51.5106967,-0.1214006 51.5107169,-0.1214426 51.5107569,-0.1213546 51.5107933,-0.121231 51.5106676,-0.1212461 51.5106434,-0.1214398 51.510575,-0.1214873 51.5105804,-0.1216341 51.5107096)))",,116
"MULTIPOLYGON (((-0.12335 51.5108698,-0.1235856 51.5110692,-0.1235067 51.5111037,-0.1232759 51.5109033,-0.12335 51.5108698)))",,117
"MULTIPOLYGON (((-0.1240267 51.510872,-0.1239521 51.5109079,-0.1237791 51.5107546,-0.1237517 51.5107295,-0.1238289 51.5106998,-0.1240267 51.510872)))",,118
"MULTIPOLYGON (((-0.1226403 51.5111071,-0.1226956 51.5110853,-0.1227591 51.5111425,-0.122664 51.5111839,-0.1224868 51.5112631,-0.122469 51.5112461,-0.1224256 51.5112044,-0.1226403 51.5111071)))",,119
"MULTIPOLYGON (((-0.1241523 51.5108156,-0.1240267 51.510872,-0.1238289 51.5106998,-0.1238044 51.5106771,-0.1238443 51.5106585,-0.1238798 51.5106448,-0.1239277 51.5106873,-0.1239777 51.5106654,-0.1241523 51.5108156)))",,120
"MULTIPOLYGON (((-0.1227955 51.5111736,-0.1228833 51.5111375,-0.1229584 51.5112037,-0.1230643 51.511297,-0.1229818 51.5113323,-0.1227955 51.5111736)))",,121
"MULTIPOLYGON (((-0.1238085 51.5105637,-0.1237618 51.510585,-0.1238443 51.5106585,-0.1238044 51.5106771,-0.1237221 51.5105986,-0.1236691 51.5105457,-0.1236533 51.5105309,-0.1237417 51.5105003,-0.1238085 51.5105637)))",Ruffians,123
"MULTIPOLYGON (((-0.1233036 51.5110292,-0.1234277 51.511139,-0.1232254 51.5112277,-0.1231059 51.5111229,-0.1231302 51.5111096,-0.1231469 51.5111225,-0.1231925 51.5111075,-0.1230906 51.5110149,-0.1231278 51.5109981,-0.1230776 51.5109526,-0.1231722 51.5109129,-0.1232042 51.5109413,-0.1231838 51.5109502,-0.1232824 51.5110387,-0.1233036 51.5110292)))",,124
"MULTIPOLYGON (((-0.1228298 51.5110311,-0.1227862 51.5110503,-0.1228833 51.5111375,-0.1227955 51.5111736,-0.1227591 51.5111425,-0.1226956 51.5110853,-0.1226259 51.5110215,-0.1225717 51.5109711,-0.1227027 51.5109203,-0.1228023 51.5110071,-0.1228298 51.5110311)))",The Maple Leaf,125
"MULTIPOLYGON (((-0.1239644 51.5106082,-0.1239225 51.5105684,-0.1240851 51.510502,-0.1241233 51.5105385,-0.1239644 51.5106082)))",Roseheart Jewels,126
"MULTIPOLYGON (((-0.1237221 51.5105986,-0.1238044 51.5106771,-0.1238289 51.5106998,-0.1237517 51.5107295,-0.1235803 51.5105784,-0.1236691 51.5105457,-0.1237221 51.5105986)))",Cinnamon Bazaar,127
"MULTIPOLYGON (((-0.123655 51.5110402,-0.1234544 51.5108694,-0.1232606 51.5107027,-0.1234224 51.5106392,-0.1234762 51.5106882,-0.123603 51.5108038,-0.1236372 51.510835,-0.1238048 51.5109742,-0.123655 51.5110402)))",,128
"MULTIPOLYGON (((-0.1224426 51.5110227,-0.122481 51.511007,-0.1225717 51.5109711,-0.1226259 51.5110215,-0.1225493 51.5110512,-0.1225364 51.5110574,-0.1224991 51.5110733,-0.1224426 51.5110227)))",,129
"MULTIPOLYGON (((-0.1240851 51.510502,-0.1239225 51.5105684,-0.1239644 51.5106082,-0.1238882 51.5106393,-0.1238085 51.5105637,-0.1237417 51.5105003,-0.1238044 51.5104747,-0.1239805 51.5104028,-0.1240851 51.510502)))",The Lady,130
"MULTIPOLYGON (((-0.1239777 51.5106654,-0.1241712 51.5105809,-0.124325 51.5107305,-0.124325 51.5107406,-0.1241523 51.5108156,-0.1239777 51.5106654)))",All Bar One,131
"MULTIPOLYGON (((-0.1235067 51.5111037,-0.1234277 51.511139,-0.1233036 51.5110292,-0.1232042 51.5109413,-0.1231722 51.5109129,-0.1231562 51.5108986,-0.1232345 51.510865,-0.1232759 51.5109033,-0.1235067 51.5111037)))",,132
"MULTIPOLYGON (((-0.122664 51.5111839,-0.1228767 51.511377,-0.1228217 51.5113992,-0.1227821 51.5113637,-0.1226572 51.5114197,-0.1224868 51.5112631,-0.122664 51.5111839)))",,133
"MULTIPOLYGON (((-0.1268158 51.5119907,-0.1269154 51.5120194,-0.1269289 51.512156,-0.1266236 51.5120656,-0.1268158 51.5119907)))",,134
"MULTIPOLYGON (((-0.1269489 51.512826,-0.1267684 51.5128293,-0.1267671 51.5128011,-0.1267288 51.5128018,-0.1267278 51.5127807,-0.1267266 51.512755,-0.1266824 51.5127558,-0.1266761 51.5126697,-0.1267069 51.5126541,-0.1267207 51.5126428,-0.1267275 51.512636,-0.1267279 51.5126283,-0.1267271 51.512589,-0.1269377 51.5125879,-0.1269394 51.5126249,-0.1269489 51.512826)))",Cantina Laredo,135
"MULTIPOLYGON (((-0.1261621 51.512834,-0.1261704 51.5128299,-0.1262008 51.5128532,-0.1262322 51.5128758,-0.1262406 51.5128829,-0.1263324 51.5129594,-0.1263457 51.512971,-0.1264073 51.5130218,-0.12637 51.5130403,-0.1263873 51.5130537,-0.1263512 51.5130717,-0.126237 51.5131314,-0.1261863 51.513093,-0.1261356 51.5130546,-0.1260417 51.5129819,-0.1260043 51.512955,-0.1259886 51.5129412,-0.1259425 51.5129073,-0.1260773 51.5128397,-0.1260569 51.512824,-0.126083 51.5128119,-0.1261124 51.5127965,-0.1261621 51.512834)))",,136
"MULTIPOLYGON (((-0.1267791 51.5097205,-0.126777 51.5097612,-0.1267802 51.5098367,-0.1267856 51.5099606,-0.1266041 51.5099728,-0.1265368 51.5100324,-0.126535 51.5100521,-0.1264679 51.5100846,-0.1264418 51.5100846,-0.126425 51.5100742,-0.1263784 51.5101032,-0.1264027 51.5102261,-0.1260533 51.5102542,-0.1257267 51.5102906,-0.1256755 51.5101392,-0.1256473 51.510058,-0.1256386 51.510031,-0.1257772 51.5100209,-0.1258126 51.5100163,-0.1259158 51.5099669,-0.1258168 51.5099756,-0.1258056 51.5099062,-0.1259702 51.509894,-0.1259982 51.5098827,-0.1259944 51.5098486,-0.1259889 51.5097998,-0.1260998 51.5097903,-0.1261026 51.5098269,-0.1261103 51.5098278,-0.1261313 51.5098147,-0.1261467 51.5098256,-0.1261376 51.5098304,-0.1261502 51.5098387,-0.1262517 51.509775,-0.1266114 51.5097332,-0.1267791 51.5097205)))",London Coliseum,137
"MULTIPOLYGON (((-0.1266132 51.5100324,-0.1267882 51.5100209,-0.1267915 51.5100974,-0.126546 51.5101193,-0.1265433 51.5100917,-0.1265395 51.51006,-0.126576 51.5100602,-0.1265716 51.5100345,-0.1266132 51.5100324)))",Fumo,138
"MULTIPOLYGON (((-0.1255467 51.5098177,-0.1256442 51.5098102,-0.1256462 51.5098211,-0.1256494 51.5098296,-0.1257413 51.509821,-0.1257497 51.5098678,-0.1255794 51.5098789,-0.1255637 51.5098479,-0.1255537 51.5098282,-0.1255467 51.5098177)))",,139
"MULTIPOLYGON (((-0.1257497 51.5098678,-0.1257563 51.509899,-0.1257587 51.50991,-0.1257524 51.5099104,-0.1255987 51.5099261,-0.1255936 51.5099136,-0.1255794 51.5098789,-0.1257497 51.5098678)))",,140
"MULTIPOLYGON (((-0.1255987 51.5099261,-0.1257524 51.5099104,-0.1257655 51.5099721,-0.1256221 51.5099862,-0.1256179 51.5099755,-0.1256141 51.5099656,-0.1255987 51.5099261)))",,141
"MULTIPOLYGON (((-0.1257655 51.5099721,-0.1257772 51.5100209,-0.1256386 51.510031,-0.1256221 51.5099862,-0.1257655 51.5099721)))",The Lemon Tree,142
"MULTIPOLYGON (((-0.1259944 51.5098486,-0.1257497 51.5098678,-0.1257413 51.509821,-0.1259889 51.5097998,-0.1259944 51.5098486)))",,143
"MULTIPOLYGON (((-0.1255523 51.5114732,-0.1255807 51.511544,-0.1255566 51.5115498,-0.1255831 51.5115891,-0.1255383 51.5116108,-0.1255006 51.5115873,-0.1254234 51.5116198,-0.1253264 51.511542,-0.1251828 51.5114105,-0.1252306 51.5113891,-0.1252541 51.5113889,-0.1255458 51.5114647,-0.1255523 51.5114732)))",Darjeeling Express,144
"MULTIPOLYGON (((-0.123174 51.5137456,-0.123165 51.5137478,-0.1231558 51.513748,-0.1230211 51.5136891,-0.1230851 51.5136546,-0.1231343 51.5136827,-0.1231512 51.5136738,-0.123216 51.5137203,-0.123174 51.5137456)))",The Real Greek,145
"MULTIPOLYGON (((-0.1206569 51.5138982,-0.1206163 51.513882,-0.1206625 51.5138331,-0.1206998 51.5138484,-0.1206569 51.5138982)))",,146
"MULTIPOLYGON (((-0.1204201 51.5138115,-0.1203803 51.513797,-0.1204286 51.5137419,-0.1204706 51.513757,-0.1204201 51.5138115)))",,147
"MULTIPOLYGON (((-0.1209634 51.513994,-0.1209412 51.5139944,-0.1206699 51.513898,-0.1210132 51.5135291,-0.1213066 51.5136327,-0.1211879 51.5137624,-0.1211607 51.5137561,-0.1210672 51.5138642,-0.1210816 51.5138692,-0.1209634 51.513994)))",,148
"MULTIPOLYGON (((-0.1236804 51.5128818,-0.1237893 51.5129678,-0.1236745 51.5130203,-0.1236199 51.5130452,-0.1235166 51.5129725,-0.1236804 51.5128818)))",The Nags Head,149
"MULTIPOLYGON (((-0.1232021 51.5135019,-0.1232215 51.5135132,-0.1232627 51.5135464,-0.1233676 51.5136208,-0.1232354 51.5137068,-0.123216 51.5137203,-0.1231512 51.5136738,-0.1231188 51.5136547,-0.1231443 51.5136439,-0.1231279 51.5136319,-0.1230548 51.5135827,-0.1230683 51.5135746,-0.1229448 51.5134846,-0.1228958 51.5135106,-0.1228838 51.5135008,-0.1229451 51.5134625,-0.1230578 51.5133983,-0.123104 51.51343,-0.1232021 51.5135019)))",,150
"MULTIPOLYGON (((-0.1233213 51.5135205,-0.1233771 51.5134893,-0.1233878 51.5134968,-0.1233958 51.5135038,-0.1234686 51.5135592,-0.1234217 51.5135887,-0.1233398 51.5135343,-0.1233213 51.5135205)))",,151
"MULTIPOLYGON (((-0.1236635 51.51308,-0.1235361 51.5131497,-0.1233803 51.5130422,-0.1235166 51.5129725,-0.1236199 51.5130452,-0.1236635 51.51308)))",Busaba,152
"MULTIPOLYGON (((-0.1231695 51.5133386,-0.1232127 51.5133703,-0.1233261 51.513453,-0.1233771 51.5134893,-0.1233213 51.5135205,-0.1232851 51.5135412,-0.1232777 51.513538,-0.1232627 51.5135464,-0.1232215 51.5135132,-0.1232021 51.5135019,-0.123104 51.51343,-0.1230578 51.5133983,-0.1231695 51.5133386)))",,153
"MULTIPOLYGON (((-0.122839 51.5134692,-0.1228838 51.5135008,-0.1227632 51.5135681,-0.1227541 51.5135635,-0.1227427 51.5135578,-0.1225905 51.5134744,-0.1226483 51.5134436,-0.1226585 51.5134382,-0.1226669 51.5134337,-0.1226751 51.5134293,-0.122755 51.5134852,-0.1227865 51.5134996,-0.122799 51.5134923,-0.122839 51.5134692)))",,154
"MULTIPOLYGON (((-0.1227632 51.5135681,-0.1228838 51.5135008,-0.1228958 51.5135106,-0.1230253 51.5135984,-0.1230548 51.5135827,-0.1231279 51.5136319,-0.1230851 51.5136546,-0.1230211 51.5136891,-0.1229968 51.5136771,-0.1229708 51.5136655,-0.1227909 51.5135811,-0.1227632 51.5135681)))",,155
"MULTIPOLYGON (((-0.1208578 51.5136375,-0.1206298 51.5135526,-0.1207318 51.5134408,-0.1209583 51.5135266,-0.1208578 51.5136375)))",,156
"MULTIPOLYGON (((-0.1224119 51.5136776,-0.1224141 51.5136721,-0.1224203 51.5136668,-0.122428 51.5136638,-0.1224368 51.5136626,-0.1224485 51.5136639,-0.122456 51.5136671,-0.1224614 51.5136716,-0.1224639 51.5136768,-0.1224635 51.5136824,-0.1224599 51.5136876,-0.122456 51.5136906,-0.1224484 51.5136937,-0.1224406 51.513695,-0.1224315 51.5136946,-0.1224232 51.5136923,-0.1224167 51.5136883,-0.1224128 51.5136832,-0.1224119 51.5136776)))",,157
"MULTIPOLYGON (((-0.1244025 51.5129936,-0.1242456 51.5130818,-0.1242048 51.5131033,-0.1241813 51.5131052,-0.1241584 51.513086,-0.1240666 51.5130045,-0.1239888 51.5129438,-0.1242132 51.5128463,-0.1242589 51.512886,-0.1244025 51.5129936)))",Covent Garden Station,158
"MULTIPOLYGON (((-0.1241 51.5117268,-0.1238041 51.511862,-0.1237111 51.5117843,-0.1240126 51.5116511,-0.1241 51.5117268)))",,159
"MULTIPOLYGON (((-0.1241 51.5117268,-0.1240126 51.5116511,-0.1241422 51.5115942,-0.1241617 51.5115857,-0.1241806 51.5115775,-0.1246206 51.5113797,-0.1244732 51.5112385,-0.1247543 51.5111176,-0.1249579 51.5113153,-0.1249512 51.5113429,-0.1242448 51.5116615,-0.1241 51.5117268)))",,160
"MULTIPOLYGON (((-0.1268028 51.5095893,-0.1265109 51.5096076,-0.12649 51.5095278,-0.1267955 51.5095194,-0.1268308 51.5095303,-0.1268028 51.5095893)))",The Chandos,161
"MULTIPOLYGON (((-0.1256844 51.5118124,-0.125745 51.5117973,-0.1256947 51.5116758,-0.1257613 51.5116736,-0.1259577 51.5116481,-0.1259958 51.5117392,-0.1259018 51.5117799,-0.1258232 51.5118116,-0.1256923 51.5118577,-0.1256608 51.5118187,-0.1256844 51.5118124)))",,162
"MULTIPOLYGON (((-0.1260208 51.5115849,-0.1260733 51.5115986,-0.1261359 51.5116156,-0.1261363 51.5116224,-0.1261251 51.5116435,-0.1260965 51.5116791,-0.1260748 51.51169,-0.1260572 51.5116889,-0.1260482 51.5116794,-0.1260174 51.5115925,-0.1260208 51.5115849)))",,163
"MULTIPOLYGON (((-0.1261251 51.5118671,-0.126092 51.5117779,-0.1261044 51.5117632,-0.1261617 51.5117243,-0.1262202 51.5116832,-0.1262612 51.5116654,-0.1263199 51.5116694,-0.1262999 51.5116964,-0.1263038 51.511769,-0.1263054 51.5117978,-0.1262506 51.5117995,-0.1262526 51.5118253,-0.1263002 51.5118232,-0.1263028 51.511848,-0.1262331 51.5118518,-0.1262133 51.5118529,-0.1261251 51.5118671)))",,164
"MULTIPOLYGON (((-0.1256977 51.5113074,-0.1257897 51.5113304,-0.1257596 51.5113772,-0.1256673 51.5113537,-0.1256977 51.5113074)))",,165
"MULTIPOLYGON (((-0.1238469 51.5095359,-0.1239398 51.5094937,-0.1242448 51.5097544,-0.1240463 51.5098444,-0.1240092 51.5098127,-0.123931 51.5097458,-0.124052 51.509691,-0.1240454 51.5096853,-0.1240581 51.5096795,-0.1239849 51.509617,-0.1239567 51.5096298,-0.1238469 51.5095359)))",Embassy of Zimbabwe,166
"MULTIPOLYGON (((-0.123181 51.5146269,-0.1230749 51.5146909,-0.1229157 51.5145913,-0.1229748 51.5145546,-0.1230271 51.5145223,-0.123181 51.5146269)))",Kameleon,167
"MULTIPOLYGON (((-0.1226221 51.5147752,-0.1226792 51.5148119,-0.1227275 51.5148435,-0.1227728 51.5148731,-0.1228174 51.5149023,-0.1227112 51.5149728,-0.12266 51.5149408,-0.1226121 51.5149109,-0.1225663 51.5148822,-0.1225236 51.5148555,-0.1225214 51.5148346,-0.1226221 51.5147752)))",,168
"MULTIPOLYGON (((-0.1227112 51.5149728,-0.1228174 51.5149023,-0.1229282 51.5148379,-0.1230052 51.5148854,-0.123082 51.514835,-0.1231882 51.5148948,-0.1229148 51.5150801,-0.1228893 51.5150813,-0.1227112 51.5149728)))",Drury Lane Building (KCL),169
"MULTIPOLYGON (((-0.1231882 51.5148948,-0.123082 51.514835,-0.123013 51.5147941,-0.1230076 51.5147909,-0.1229601 51.5147655,-0.1230749 51.5146909,-0.123181 51.5146269,-0.1232742 51.5146883,-0.1233166 51.5147162,-0.1233862 51.5147621,-0.1231882 51.5148948)))",,170
"MULTIPOLYGON (((-0.1228174 51.5149023,-0.1227728 51.5148731,-0.1227275 51.5148435,-0.1226792 51.5148119,-0.1226221 51.5147752,-0.1227976 51.514665,-0.1228809 51.5147149,-0.1228328 51.5147435,-0.1229215 51.5148028,-0.1229461 51.514788,-0.1229793 51.5148082,-0.1229282 51.5148379,-0.1228174 51.5149023)))",,171
"MULTIPOLYGON (((-0.1220944 51.5144394,-0.1220455 51.5144738,-0.1220106 51.5144747,-0.1219352 51.5144328,-0.1220276 51.514363,-0.1220345 51.5143582,-0.1220489 51.5143661,-0.1220797 51.514385,-0.1220433 51.514411,-0.1220944 51.5144394)))",,173
"MULTIPOLYGON (((-0.1295343 51.5096907,-0.1295062 51.5095798,-0.1296407 51.5095603,-0.129684 51.5096782,-0.1295343 51.5096907)))",Orange St Congregational Church,177
"MULTIPOLYGON (((-0.1299834 51.509922,-0.1299716 51.5099398,-0.1299514 51.5099466,-0.1296443 51.5099869,-0.1295782 51.5099872,-0.1295122 51.5099551,-0.1294332 51.5099298,-0.1294473 51.509806,-0.1299163 51.5097475,-0.1299834 51.509922)))",Radisson Edwardian Hampshire Hotel,178
"MULTIPOLYGON (((-0.1286693 51.5096498,-0.1288522 51.5096741,-0.1288473 51.5098425,-0.1287635 51.5098325,-0.1285427 51.5098063,-0.1285479 51.5097241,-0.1285552 51.509639,-0.1286693 51.5096498)))",,179
"MULTIPOLYGON (((-0.1317062 51.5110275,-0.1317029 51.5110362,-0.1316957 51.5110439,-0.1316852 51.51105,-0.1316723 51.5110539,-0.1314217 51.5111372,-0.1314115 51.5111406,-0.1314003 51.5111422,-0.1313888 51.5111419,-0.1313779 51.5111396,-0.1313675 51.5111352,-0.1313597 51.511129,-0.1310255 51.5106998,-0.1309986 51.5106547,-0.1310147 51.5106296,-0.131063 51.5106046,-0.1313715 51.5105412,-0.1314278 51.5105695,-0.1314493 51.5105862,-0.1314627 51.5106213,-0.1317002 51.5110105,-0.1317052 51.5110187,-0.1317062 51.5110275)))",,180
"MULTIPOLYGON (((-0.1291937 51.5096886,-0.1291868 51.5098963,-0.1289316 51.5098612,-0.1289501 51.5096935,-0.1290638 51.5096903,-0.1291937 51.5096886)))",,181
"MULTIPOLYGON (((-0.1291868 51.5098963,-0.1291937 51.5096886,-0.1293751 51.5096863,-0.1293597 51.5099186,-0.1291868 51.5098963)))",,182
"MULTIPOLYGON (((-0.1299423 51.5097139,-0.1297 51.5097474,-0.129684 51.5096782,-0.1296407 51.5095603,-0.1298711 51.5095288,-0.1299265 51.5096841,-0.1299423 51.5097139)))",,183
"MULTIPOLYGON (((-0.1297 51.5097474,-0.1295425 51.5097688,-0.1295308 51.5097175,-0.1295343 51.5096907,-0.129684 51.5096782,-0.1297 51.5097474)))",,184
"MULTIPOLYGON (((-0.1293597 51.5099186,-0.1293751 51.5096863,-0.1294625 51.5096852,-0.1294473 51.509806,-0.1294332 51.5099298,-0.1293597 51.5099186)))",,185
"MULTIPOLYGON (((-0.1289501 51.5096935,-0.1288522 51.5096741,-0.1286693 51.5096498,-0.1286651 51.5095689,-0.12906 51.5095726,-0.1290638 51.5096903,-0.1289501 51.5096935)))",,186
"MULTIPOLYGON (((-0.1290638 51.5096903,-0.12906 51.5095726,-0.1294587 51.5095676,-0.1294625 51.5096852,-0.1293751 51.5096863,-0.1291937 51.5096886,-0.1290638 51.5096903)))",National Portrait Gallery office,187
"MULTIPOLYGON (((-0.1266041 51.5099728,-0.1267856 51.5099606,-0.1267882 51.5100209,-0.1266132 51.5100324,-0.1266041 51.5099728)))",Caffè Nero,188
"MULTIPOLYGON (((-0.1267915 51.5100974,-0.1267943 51.5101631,-0.1264758 51.5101927,-0.1264547 51.5101024,-0.1265433 51.5100917,-0.126546 51.5101193,-0.1267111 51.5101042,-0.1267915 51.5100974)))",La Roche,189
"MULTIPOLYGON (((-0.1267872 51.5096515,-0.1267836 51.5097073,-0.1265323 51.5097239,-0.1265272 51.5096728,-0.1267872 51.5096515)))",Notes,190
"MULTIPOLYGON (((-0.1267872 51.5096515,-0.1265272 51.5096728,-0.1265109 51.5096076,-0.1268028 51.5095893,-0.1267872 51.5096515)))",,191
"MULTIPOLYGON (((-0.1269169 51.510999,-0.1269098 51.5110036,-0.1267457 51.5110204,-0.1267363 51.5109688,-0.1267735 51.5109645,-0.1269105 51.5109508,-0.1269208 51.5109911,-0.1269169 51.510999)))",Mr. Fogg's Tavern,192
"MULTIPOLYGON (((-0.1268502 51.5107339,-0.1265328 51.5107617,-0.1265142 51.5106796,-0.126833 51.5106494,-0.1268502 51.5107339)))",Côte Brasserie,193
"MULTIPOLYGON (((-0.1268685 51.5107994,-0.1268802 51.510848,-0.126667 51.5108679,-0.1266553 51.5108193,-0.1268685 51.5107994)))",The Real Greek,194
"MULTIPOLYGON (((-0.1265328 51.5107617,-0.1268502 51.5107339,-0.1268571 51.5107602,-0.1266476 51.5107796,-0.1263083 51.5108086,-0.1263027 51.5107837,-0.1262495 51.5107874,-0.1262298 51.5107049,-0.1265142 51.5106796,-0.1265328 51.5107617)))",Westminster Quaker Meeting House,195
"MULTIPOLYGON (((-0.1269105 51.5109508,-0.1267735 51.5109645,-0.1267649 51.5109313,-0.1269016 51.51092,-0.1269105 51.5109508)))",Pepe,196
"MULTIPOLYGON (((-0.1266393 51.5108965,-0.1266334 51.5108719,-0.126667 51.5108679,-0.1268802 51.510848,-0.1268904 51.5108824,-0.1269016 51.51092,-0.1267649 51.5109313,-0.1267164 51.5109332,-0.1267106 51.5109121,-0.1267077 51.5108986,-0.1267061 51.5108908,-0.1266393 51.5108965)))",,197
"MULTIPOLYGON (((-0.1286838 51.5116516,-0.128699 51.511518,-0.1287179 51.5114255,-0.1285786 51.5113735,-0.1286992 51.5113444,-0.1287335 51.5113362,-0.1287743 51.5113265,-0.1288086 51.5113184,-0.1288467 51.5113093,-0.1288831 51.5113003,-0.1289977 51.5112727,-0.129033 51.5112643,-0.1290752 51.5112541,-0.1291399 51.5112386,-0.1291551 51.5112349,-0.1291685 51.5112377,-0.1291778 51.5112425,-0.1291806 51.5112514,-0.129247 51.5114661,-0.129317 51.5116921,-0.1293029 51.511701,-0.1286838 51.5116516)))",London Hippodrome,198
"MULTIPOLYGON (((-0.1301751 51.5113302,-0.1302096 51.5113666,-0.1302016 51.5113696,-0.1301922 51.5113734,-0.1301852 51.5113764,-0.1301116 51.5114033,-0.1301079 51.5113979,-0.1300971 51.5114,-0.1300979 51.5114069,-0.1300942 51.5114207,-0.1300888 51.5114363,-0.1300754 51.5114535,-0.1300643 51.5114674,-0.1300466 51.5114806,-0.1300234 51.5114927,-0.1300073 51.5114996,-0.1299909 51.5115069,-0.1299606 51.5115149,-0.1299242 51.51152,-0.1298836 51.5115203,-0.1298554 51.5115175,-0.1298498 51.5115169,-0.1298102 51.5115077,-0.1297758 51.5114935,-0.1297572 51.5114824,-0.1297431 51.5114697,-0.1297267 51.511457,-0.1297188 51.5114415,-0.1297086 51.511423,-0.1297022 51.5114063,-0.1297029 51.5113863,-0.1297054 51.511364,-0.129714 51.5113454,-0.1297294 51.5113256,-0.1297455 51.5113122,-0.1297668 51.5112996,-0.1297839 51.5112925,-0.1297951 51.5112882,-0.1298236 51.5112799,-0.1298537 51.5112737,-0.1298819 51.5112705,-0.1299079 51.5112707,-0.1299336 51.5112736,-0.1299547 51.5112758,-0.1299892 51.5112845,-0.1300165 51.5112955,-0.1299939 51.5112749,-0.1300654 51.5112474,-0.1300729 51.5112441,-0.1300808 51.5112413,-0.1300882 51.5112383,-0.1301199 51.5112718,-0.1301388 51.5112665,-0.1301485 51.5112838,-0.1301565 51.5112955,-0.1301696 51.5113072,-0.1301814 51.5113162,-0.1301958 51.5113224,-0.1301751 51.5113302)))",Notre-Dame de France,199
"MULTIPOLYGON (((-0.1312726 51.5103255,-0.1309361 51.5104549,-0.1308807 51.5104465,-0.1306853 51.5101943,-0.1305479 51.5100071,-0.130565 51.509981,-0.1309455 51.5099106,-0.1309998 51.5099257,-0.1312726 51.5103255)))",Fanum House,200
"MULTIPOLYGON (((-0.1290096 51.511002,-0.1289855 51.5110375,-0.128975 51.5110727,-0.1289848 51.5111171,-0.1288296 51.5111581,-0.1287357 51.5109609,-0.1290096 51.511002)))",,201
"MULTIPOLYGON (((-0.1300052 51.5100741,-0.1300195 51.5101089,-0.130004 51.5101384,-0.1298409 51.5101634,-0.1298012 51.5101442,-0.1297866 51.5101077,-0.1298146 51.5100808,-0.1299577 51.5100581,-0.1300052 51.5100741)))",TKTS,202
"MULTIPOLYGON (((-0.1238722 51.5128385,-0.1239832 51.5127889,-0.1240207 51.5127824,-0.12405 51.5127681,-0.1240643 51.5127797,-0.1240805 51.5127971,-0.1241236 51.5127783,-0.1241691 51.5128088,-0.1239426 51.5129057,-0.1238722 51.5128385)))",KIKO Milano,203
"MULTIPOLYGON (((-0.1238516 51.5113633,-0.1240339 51.5115226,-0.1239953 51.5115397,-0.1240292 51.5115694,-0.1239494 51.5116047,-0.1239155 51.5115751,-0.1236212 51.5117053,-0.1235268 51.5117473,-0.1233445 51.511588,-0.1234456 51.5115432,-0.1237347 51.5114151,-0.1236989 51.5113838,-0.1237819 51.511347,-0.1238177 51.5113783,-0.1238516 51.5113633)))",St Paul's Church,204
"MULTIPOLYGON (((-0.1242966 51.5137202,-0.1242621 51.5137404,-0.1242389 51.5137251,-0.1242734 51.5137049,-0.1242966 51.5137202)))",,205
"MULTIPOLYGON (((-0.1242861 51.5139281,-0.124237 51.5138956,-0.1243126 51.5138514,-0.1243616 51.5138839,-0.1242861 51.5139281)))",,206
"MULTIPOLYGON (((-0.1241376 51.5138217,-0.1241162 51.5138063,-0.1241555 51.5137851,-0.124177 51.5138005,-0.1241376 51.5138217)))",,207
"MULTIPOLYGON (((-0.1243854 51.5135997,-0.1243323 51.5135653,-0.1242677 51.5136029,-0.124197 51.5135576,-0.1241999 51.513535,-0.1241841 51.5135242,-0.1242205 51.5135026,-0.124142 51.5134495,-0.1240946 51.5134178,-0.1241197 51.513384,-0.1241574 51.5133656,-0.1241829 51.5133836,-0.1241856 51.5133898,-0.1242138 51.5134072,-0.1242367 51.5133944,-0.124314 51.5134489,-0.1242932 51.5134603,-0.1243947 51.5135282,-0.1244458 51.5135629,-0.1245557 51.5136358,-0.1245761 51.5136252,-0.1247576 51.5137489,-0.1247398 51.5137588,-0.1248168 51.5138103,-0.1248579 51.5138377,-0.1248669 51.5138964,-0.1246999 51.5139868,-0.1246407 51.5139444,-0.1246135 51.5139249,-0.1246789 51.5138885,-0.1246034 51.5138341,-0.1246537 51.5138025,-0.124616 51.5137767,-0.1245633 51.5137407,-0.1244715 51.513678,-0.1244194 51.5137079,-0.1243595 51.5136724,-0.1244311 51.5136314,-0.1243854 51.5135997)))",,208
"MULTIPOLYGON (((-0.1243029 51.5137619,-0.124355 51.5137339,-0.1242834 51.5136858,-0.1243267 51.5136608,-0.1243983 51.5137088,-0.1244223 51.5137231,-0.1244523 51.5137226,-0.1244721 51.5137338,-0.1245276 51.5137716,-0.1244108 51.513838,-0.124357 51.5138006,-0.1242828 51.5138468,-0.1242738 51.5138412,-0.1242665 51.5138458,-0.1242613 51.513849,-0.124206 51.5138146,-0.1242136 51.5138099,-0.1242205 51.5138056,-0.1242058 51.5137965,-0.1242863 51.51375,-0.1243029 51.5137619)))",,209
"MULTIPOLYGON (((-0.1241706 51.5126168,-0.1241883 51.5126075,-0.1242295 51.5125859,-0.1242377 51.5125816,-0.1243506 51.5126728,-0.124281 51.5127095,-0.1241706 51.5126168)))",Paul Smith,210
"MULTIPOLYGON (((-0.124018 51.5137657,-0.1239023 51.513831,-0.1238495 51.5137948,-0.1238601 51.5137888,-0.1238437 51.5137775,-0.1239402 51.513723,-0.1239537 51.5137323,-0.1239636 51.5137267,-0.1239905 51.5137466,-0.1240623 51.5137065,-0.1241365 51.5137578,-0.1240647 51.513798,-0.124018 51.5137657)))",,211
"MULTIPOLYGON (((-0.1244126 51.5126554,-0.124532 51.5127503,-0.1246037 51.5128083,-0.1246574 51.5128518,-0.1246013 51.5128799,-0.1243598 51.5126805,-0.1243712 51.5126751,-0.1244126 51.5126554)))",Ecco,212
"MULTIPOLYGON (((-0.1239832 51.5127889,-0.1238722 51.5128385,-0.1238323 51.5128063,-0.1238366 51.5127869,-0.12395 51.5127348,-0.123968 51.5127536,-0.1239502 51.5127613,-0.1239832 51.5127889)))",The White Lion,213
"MULTIPOLYGON (((-0.124237 51.5138956,-0.1241448 51.5139488,-0.1241271 51.5139593,-0.1240695 51.5139195,-0.1241832 51.5138557,-0.124237 51.5138956)))",,214
"MULTIPOLYGON (((-0.123814 51.5135714,-0.1239132 51.5136357,-0.1239044 51.5136409,-0.1238561 51.5136698,-0.1237569 51.5136055,-0.1237966 51.5135817,-0.123814 51.5135714)))",,215
"MULTIPOLYGON (((-0.1240977 51.5137128,-0.1240295 51.5136667,-0.1241568 51.5135938,-0.1242123 51.5136313,-0.124253 51.5136083,-0.124306 51.5136446,-0.124213 51.5136972,-0.1241729 51.5136697,-0.1240977 51.5137128)))",,216
"MULTIPOLYGON (((-0.1244057 51.5126485,-0.1243428 51.5125989,-0.1244282 51.5125588,-0.1244896 51.5126087,-0.1244057 51.5126485)))",Bloom Perfumery,217
"MULTIPOLYGON (((-0.1243287 51.5127495,-0.124281 51.5127095,-0.1243506 51.5126728,-0.1243598 51.5126805,-0.1246013 51.5128799,-0.12455 51.5129137,-0.1243287 51.5127495)))",Muji,218
"MULTIPOLYGON (((-0.1242691 51.5127824,-0.124237 51.5127999,-0.124154 51.5127345,-0.1241435 51.5127399,-0.1240564 51.5126787,-0.1241706 51.5126168,-0.124281 51.5127095,-0.1243287 51.5127495,-0.1242932 51.5127692,-0.1242691 51.5127824)))",,219
"MULTIPOLYGON (((-0.1242885 51.5125536,-0.1243606 51.5125133,-0.1243723 51.512514,-0.1244282 51.5125588,-0.1243428 51.5125989,-0.1242885 51.5125536)))",Diptyque',220
"MULTIPOLYGON (((-0.1246037 51.5128083,-0.1246828 51.512767,-0.1247376 51.5128111,-0.1246574 51.5128518,-0.1246037 51.5128083)))",Les Néréides,221
"MULTIPOLYGON (((-0.124304 51.514173,-0.1242704 51.5141937,-0.1242517 51.514181,-0.1242419 51.5141869,-0.1241912 51.5141542,-0.1241515 51.5141293,-0.1241388 51.5141377,-0.12413 51.5141435,-0.1240388 51.5140834,-0.1240475 51.5140775,-0.1240608 51.5140684,-0.1239804 51.5140139,-0.1239307 51.5139803,-0.1239217 51.513974,-0.1238867 51.5139494,-0.1238363 51.513914,-0.1237921 51.513883,-0.1237711 51.5138953,-0.1236324 51.5138028,-0.1236503 51.5137925,-0.1235606 51.5137331,-0.123547 51.5137233,-0.1235481 51.5136809,-0.1235592 51.5136739,-0.1235985 51.5136504,-0.1236139 51.5136412,-0.12367 51.5136076,-0.1237217 51.5136399,-0.1236658 51.5136731,-0.1237534 51.5137339,-0.1238027 51.5137667,-0.1238909 51.5138253,-0.1239382 51.513859,-0.1239885 51.5138915,-0.1240321 51.5139212,-0.1240868 51.513957,-0.1241084 51.5139714,-0.1241271 51.5139593,-0.1241448 51.5139488,-0.1242019 51.5139886,-0.1241641 51.5140108,-0.1241122 51.5140395,-0.124237 51.5141255,-0.1243036 51.5140892,-0.1242577 51.5140567,-0.1243763 51.5139905,-0.1244236 51.5140208,-0.1244471 51.5140358,-0.1244701 51.5140225,-0.1245234 51.5139916,-0.1244694 51.5139532,-0.1244135 51.5139855,-0.1243743 51.5139593,-0.1243621 51.5139663,-0.124348 51.5139569,-0.1243691 51.5139451,-0.1243411 51.5139271,-0.1243864 51.5138999,-0.1244143 51.5139179,-0.1244571 51.5138943,-0.1245725 51.5139632,-0.1245997 51.5139506,-0.1246132 51.5139602,-0.1246724 51.5140023,-0.1246645 51.5140065,-0.1246596 51.514009,-0.1246463 51.5140156,-0.1245447 51.5140729,-0.1245144 51.5140779,-0.1243885 51.5141481,-0.1243589 51.5141636,-0.1243413 51.5141628,-0.1243121 51.5141793,-0.124304 51.514173)))",,222
"MULTIPOLYGON (((-0.1242377 51.5125816,-0.1242429 51.5125787,-0.1242482 51.5125758,-0.1242646 51.5125668,-0.1242885 51.5125536,-0.1243428 51.5125989,-0.1244057 51.5126485,-0.1244126 51.5126554,-0.1243712 51.5126751,-0.1243598 51.5126805,-0.1243506 51.5126728,-0.1242377 51.5125816)))",,223
"MULTIPOLYGON (((-0.124154 51.5127345,-0.124237 51.5127999,-0.1241902 51.5128257,-0.1241691 51.5128088,-0.1241236 51.5127783,-0.1241027 51.5127604,-0.1240643 51.5127797,-0.12405 51.5127681,-0.1239905 51.5127143,-0.1240564 51.5126787,-0.1241435 51.5127399,-0.124154 51.5127345)))",,224
"MULTIPOLYGON (((-0.1240948 51.5134442,-0.1239812 51.5135105,-0.123907 51.5134613,-0.1240141 51.5133988,-0.1240326 51.513411,-0.1240497 51.513401,-0.1240989 51.5134337,-0.1240882 51.5134399,-0.1240948 51.5134442)))",,225
"MULTIPOLYGON (((-0.123814 51.5135714,-0.1237966 51.5135817,-0.1237569 51.5136055,-0.1237499 51.5136097,-0.1236825 51.513566,-0.1237204 51.5135341,-0.1237551 51.5135227,-0.1238224 51.5135663,-0.123814 51.5135714)))",,226
"MULTIPOLYGON (((-0.1242915 51.5128004,-0.1243173 51.5127869,-0.1242932 51.5127692,-0.1243287 51.5127495,-0.12455 51.5129137,-0.1244822 51.5129526,-0.1242915 51.5128004)))",Vodafone,227
"MULTIPOLYGON (((-0.1237893 51.5129678,-0.1238656 51.5130312,-0.1237806 51.5130745,-0.1237653 51.5130633,-0.1237442 51.5130738,-0.1236745 51.5130203,-0.1237893 51.5129678)))",,228
"MULTIPOLYGON (((-0.1237456 51.5133829,-0.1236297 51.5132927,-0.1236114 51.5132785,-0.1236536 51.5132558,-0.1236631 51.5132517,-0.1238002 51.5133519,-0.1237456 51.5133829)))",,229
"MULTIPOLYGON (((-0.1236297 51.5132927,-0.1237456 51.5133829,-0.1236601 51.5134428,-0.1236042 51.5134028,-0.1236467 51.51338,-0.1235681 51.5133268,-0.1236297 51.5132927)))",,230
"MULTIPOLYGON (((-0.123365 51.513441,-0.1235681 51.5133268,-0.1236467 51.51338,-0.1236042 51.5134028,-0.1236601 51.5134428,-0.1235128 51.5135311,-0.1234843 51.5135286,-0.123365 51.513441)))",,231
"MULTIPOLYGON (((-0.1238656 51.5130312,-0.1240689 51.5131883,-0.1239402 51.5132602,-0.1238224 51.513168,-0.1238057 51.513178,-0.1237055 51.5131083,-0.1237806 51.5130745,-0.1238656 51.5130312)))",,232
"MULTIPOLYGON (((-0.1236631 51.5132517,-0.1236536 51.5132558,-0.1235835 51.5132071,-0.1235728 51.5132117,-0.1235409 51.5131889,-0.1237055 51.5131083,-0.1238057 51.513178,-0.1236631 51.5132517)))",,233
"MULTIPOLYGON (((-0.1238057 51.513178,-0.1238224 51.513168,-0.1239402 51.5132602,-0.1238394 51.5133182,-0.1238506 51.5133278,-0.1238048 51.5133553,-0.1238002 51.5133519,-0.1236631 51.5132517,-0.1238057 51.513178)))",,234
"MULTIPOLYGON (((-0.1245555 51.512604,-0.1246407 51.5125614,-0.124766 51.5126663,-0.1246821 51.5127084,-0.1245555 51.512604)))",PS by Paul Smith,235
"MULTIPOLYGON (((-0.1244976 51.5124412,-0.1245603 51.5124944,-0.1244727 51.5125358,-0.1244147 51.5124864,-0.1244976 51.5124412)))",Radley London,236
"MULTIPOLYGON (((-0.1245942 51.512389,-0.1247125 51.5124911,-0.1246168 51.5125403,-0.1245603 51.5124944,-0.1244976 51.5124412,-0.1245444 51.5124159,-0.1245942 51.512389)))",Agnès B.,237
"MULTIPOLYGON (((-0.1247239 51.5124237,-0.1247679 51.5124621,-0.1247125 51.5124911,-0.1245942 51.512389,-0.1246483 51.5123594,-0.1247239 51.5124237)))",The Tintin Shop,238
"MULTIPOLYGON (((-0.1246821 51.5127084,-0.124766 51.5126663,-0.1248488 51.5127364,-0.1247762 51.512773,-0.1247534 51.5127707,-0.1246916 51.5127162,-0.1246821 51.5127084)))",Moscot,239
"MULTIPOLYGON (((-0.1244727 51.5125358,-0.1245603 51.5124944,-0.1246168 51.5125403,-0.1246407 51.5125614,-0.1245555 51.512604,-0.1244727 51.5125358)))",Jones Bootmaker,240
"MULTIPOLYGON (((-0.125038 51.5126345,-0.1249417 51.5126882,-0.1247125 51.5124911,-0.1247679 51.5124621,-0.1248163 51.5124355,-0.125038 51.5126345)))",Gap,241
"MULTIPOLYGON (((-0.1251852 51.5125609,-0.125038 51.5126345,-0.1248163 51.5124355,-0.1247742 51.5123986,-0.1247008 51.5123314,-0.1248635 51.5122444,-0.1251015 51.5124821,-0.1250932 51.5124876,-0.1251852 51.5125609)))",,242
"MULTIPOLYGON (((-0.1247125 51.5124911,-0.1249417 51.5126882,-0.1248488 51.5127364,-0.124766 51.5126663,-0.1246407 51.5125614,-0.1246168 51.5125403,-0.1247125 51.5124911)))",,243
"MULTIPOLYGON (((-0.1238294 51.5123181,-0.1237196 51.5122182,-0.1238413 51.5121778,-0.1239389 51.5122606,-0.1239469 51.5122702,-0.1238294 51.5123181)))",,244
"MULTIPOLYGON (((-0.1255727 51.5118878,-0.1254783 51.5118096,-0.1253242 51.5116714,-0.1252495 51.511706,-0.1251204 51.5115845,-0.1249797 51.5116424,-0.1249303 51.5116627,-0.1249666 51.5116968,-0.1249482 51.5117078,-0.1249338 51.5116946,-0.1248642 51.5117268,-0.1248374 51.5117024,-0.124798 51.5117193,-0.1247867 51.51171,-0.1246918 51.5116289,-0.1247817 51.5115876,-0.1248649 51.5115493,-0.1251828 51.5114105,-0.1253264 51.511542,-0.1254234 51.5116198,-0.1255006 51.5115873,-0.1255383 51.5116108,-0.1256049 51.5116653,-0.1255961 51.51167,-0.1256018 51.5116875,-0.1256194 51.5117458,-0.1255866 51.511759,-0.1256381 51.5118026,-0.1256318 51.5118299,-0.1256671 51.5118618,-0.1255727 51.5118878)))",,245
"MULTIPOLYGON (((-0.1234421 51.5124142,-0.1232798 51.5122649,-0.1237158 51.5120712,-0.1238413 51.5121778,-0.1237196 51.5122182,-0.1235735 51.5122844,-0.1235885 51.512298,-0.123551 51.5123118,-0.123589 51.5123488,-0.1234421 51.5124142)))",Apple Store,246
"MULTIPOLYGON (((-0.1287049 51.5109664,-0.1288008 51.5111698,-0.1285749 51.5112322,-0.1285626 51.5112437,-0.1285443 51.5112466,-0.1285266 51.5112463,-0.1285164 51.511238,-0.1285182 51.511226,-0.1285266 51.5112176,-0.128528 51.5109651,-0.1285649 51.5109514,-0.1287049 51.5109664)))",,247
"MULTIPOLYGON (((-0.1287725 51.5106931,-0.1287674 51.5106666,-0.1287521 51.5105876,-0.1287206 51.5104243,-0.1288466 51.5104131,-0.1288377 51.5103579,-0.1294188 51.5103079,-0.1294995 51.5106422,-0.1290639 51.5106714,-0.1287725 51.5106931)))",Odeon Luxe Leicester Square,248
"MULTIPOLYGON (((-0.1287628 51.5108037,-0.1287288 51.5108019,-0.1287276 51.51081,-0.1285628 51.5108225,-0.128564 51.5108002,-0.1285629 51.5107355,-0.1285632 51.510718,-0.1285635 51.5107033,-0.1287251 51.5106954,-0.1287288 51.5107122,-0.1287318 51.5107256,-0.1287496 51.5107746,-0.1287628 51.5108037)))",,249
"MULTIPOLYGON (((-0.1289848 51.5111171,-0.128975 51.5110727,-0.1289855 51.5110375,-0.1290096 51.511002,-0.1292034 51.5110343,-0.12921 51.5110673,-0.1289848 51.5111171)))",,250
"MULTIPOLYGON (((-0.1291833 51.510848,-0.1291657 51.5109561,-0.1291353 51.5109514,-0.129132 51.5109579,-0.1290431 51.5109445,-0.1290458 51.5109377,-0.1289596 51.5109241,-0.1289568 51.5109311,-0.1288687 51.5109178,-0.1288697 51.5109154,-0.1288383 51.5109108,-0.1288349 51.5109078,-0.1288352 51.5109053,-0.1287969 51.5108994,-0.1287661 51.5108947,-0.1287624 51.5108973,-0.1287555 51.5108986,-0.1287454 51.5108971,-0.1287628 51.5108037,-0.1288748 51.5107973,-0.1289923 51.5107886,-0.1289991 51.5108402,-0.1290907 51.5108346,-0.1290823 51.5108557,-0.1291316 51.5108607,-0.1291356 51.51085,-0.1291313 51.5108312,-0.1291869 51.5108266,-0.1291833 51.510848)))",,251
"MULTIPOLYGON (((-0.1286475 51.5103705,-0.1286525 51.5104181,-0.1287182 51.5104141,-0.1287195 51.5104196,-0.1287206 51.5104243,-0.1287521 51.5105876,-0.1287674 51.5106666,-0.1287725 51.5106931,-0.1287251 51.5106954,-0.1285635 51.5107033,-0.1285637 51.5106391,-0.1285638 51.5106017,-0.1285641 51.5104974,-0.1285643 51.5104316,-0.1285644 51.5103746,-0.1286475 51.5103705)))",,252
"MULTIPOLYGON (((-0.1293973 51.5102211,-0.1294188 51.5103079,-0.1288377 51.5103579,-0.1287983 51.5103599,-0.1287953 51.5103463,-0.1287035 51.5103521,-0.1287061 51.5103659,-0.1286475 51.5103705,-0.1285644 51.5103746,-0.1285644 51.5103344,-0.128564 51.5103219,-0.1285633 51.5102952,-0.1285631 51.5102885,-0.1287355 51.510274,-0.1287803 51.5102687,-0.1288144 51.5102646,-0.1293973 51.5102211)))",,253
"MULTIPOLYGON (((-0.1287484 51.5100043,-0.1286974 51.5100047,-0.1286897 51.5100007,-0.1285465 51.5100002,-0.1285456 51.509988,-0.1285428 51.5099512,-0.1285616 51.5099421,-0.1287461 51.5099677,-0.1287477 51.5099926,-0.1287484 51.5100043)))",,254
"MULTIPOLYGON (((-0.1295446 51.5108628,-0.1295486 51.5109234,-0.1295329 51.510949,-0.1294967 51.5109753,-0.129457 51.5109894,-0.1294099 51.5109934,-0.1293336 51.5109832,-0.1293647 51.5108649,-0.1295446 51.5108628)))",,255
"MULTIPOLYGON (((-0.1288475 51.5100895,-0.1287535 51.5100973,-0.1286871 51.5101025,-0.128549 51.5101132,-0.1285483 51.5100821,-0.1285477 51.5100514,-0.1287514 51.5100521,-0.1287509 51.5100366,-0.1287484 51.5100043,-0.1287477 51.5099926,-0.1287461 51.5099677,-0.1288404 51.5099796,-0.1288475 51.5100895)))",,256
"MULTIPOLYGON (((-0.1304626 51.5108083,-0.1305837 51.5109616,-0.1309814 51.5108187,-0.1310652 51.5109306,-0.1308703 51.5110031,-0.1308376 51.5110152,-0.1309977 51.5111901,-0.1310802 51.5111618,-0.1311522 51.511243,-0.1305062 51.5114693,-0.1302598 51.5112122,-0.130541 51.5111067,-0.1303015 51.5108595,-0.1304626 51.5108083)))",,257
"MULTIPOLYGON (((-0.1299132 51.5112473,-0.1300522 51.5111962,-0.1300882 51.5112383,-0.1300808 51.5112413,-0.1300729 51.5112441,-0.1300654 51.5112474,-0.1299939 51.5112749,-0.1299577 51.5112719,-0.1299359 51.5112548,-0.1299255 51.5112586,-0.1299132 51.5112473)))",,258
"MULTIPOLYGON (((-0.1296795 51.5110886,-0.1297498 51.5111707,-0.129811 51.5111486,-0.1299058 51.5112509,-0.1298463 51.51127,-0.1298131 51.5112813,-0.1298055 51.5112732,-0.1296591 51.5111166,-0.1296446 51.5111011,-0.1296795 51.5110886)))",,259
"MULTIPOLYGON (((-0.1303015 51.5108595,-0.130541 51.5111067,-0.1302598 51.5112122,-0.1300346 51.5109797,-0.1300411 51.5109572,-0.1303015 51.5108595)))",,260
"MULTIPOLYGON (((-0.1298759 51.5115544,-0.1300942 51.5115036,-0.1300791 51.5114777,-0.1301058 51.5114332,-0.1301116 51.5114033,-0.1301852 51.5113764,-0.1301922 51.5113734,-0.1302016 51.5113696,-0.1302096 51.5113666,-0.1302132 51.5113708,-0.1302394 51.5113619,-0.1303734 51.5115203,-0.1303413 51.5115276,-0.1302348 51.511552,-0.129972 51.511612,-0.1299578 51.5116152,-0.1299229 51.5116232,-0.1299152 51.511625,-0.1298759 51.5115544)))",Prince Charles Cinema,261
"MULTIPOLYGON (((-0.1298778 51.5110141,-0.1300522 51.5111962,-0.1299132 51.5112473,-0.1299058 51.5112509,-0.129811 51.5111486,-0.1297498 51.5111707,-0.1296795 51.5110886,-0.1298778 51.5110141)))",Victory House Hotel,262
"MULTIPOLYGON (((-0.1237196 51.5122182,-0.1238294 51.5123181,-0.1237896 51.5123423,-0.1237844 51.5123375,-0.1237321 51.5123639,-0.1237315 51.5123664,-0.1236609 51.5123941,-0.1236522 51.512386,-0.1236366 51.5123925,-0.123589 51.5123488,-0.123551 51.5123118,-0.1235885 51.512298,-0.1235735 51.5122844,-0.1237196 51.5122182)))",,263
"MULTIPOLYGON (((-0.1240137 51.512607,-0.1239099 51.5125243,-0.1238976 51.5125299,-0.1238986 51.5124914,-0.1238595 51.512508,-0.1238382 51.5125059,-0.1238117 51.5124779,-0.1238102 51.5124685,-0.123734 51.5124031,-0.1237719 51.5123852,-0.123761 51.5123727,-0.1237484 51.5123784,-0.1237315 51.5123664,-0.1237321 51.5123639,-0.1237844 51.5123375,-0.1237896 51.5123423,-0.1238294 51.5123181,-0.1239469 51.5122702,-0.1240637 51.5123701,-0.1242113 51.5124995,-0.1242151 51.5125032,-0.1240137 51.512607)))",,264
"MULTIPOLYGON (((-0.1237768 51.5125209,-0.1236474 51.5125932,-0.123597 51.5125493,-0.1237374 51.5124836,-0.1237768 51.5125209)))",Michael Kors,265
"MULTIPOLYGON (((-0.1236366 51.5123925,-0.1234957 51.5124609,-0.1234421 51.5124142,-0.123589 51.5123488,-0.1236366 51.5123925)))",Swatch,266
"MULTIPOLYGON (((-0.1243692 51.5117713,-0.1244077 51.5118064,-0.1246125 51.5119776,-0.1245424 51.5120078,-0.1243541 51.5118438,-0.1243094 51.5118059,-0.1243692 51.5117713)))",,267
"MULTIPOLYGON (((-0.1245225 51.5117026,-0.1246437 51.5118121,-0.1246049 51.5118793,-0.1244464 51.5117364,-0.1245225 51.5117026)))",,268
"MULTIPOLYGON (((-0.1236989 51.5126381,-0.1238437 51.5125641,-0.1239441 51.5126461,-0.1237978 51.5127223,-0.1237516 51.5126829,-0.1236989 51.5126381)))",,269
"MULTIPOLYGON (((-0.1239389 51.5122606,-0.1238413 51.5121778,-0.1237158 51.5120712,-0.1239269 51.5119789,-0.1239416 51.5119741,-0.1240389 51.5120686,-0.1241556 51.5121688,-0.1239389 51.5122606)))",,270
"MULTIPOLYGON (((-0.1236845 51.5124364,-0.1235474 51.5125059,-0.1234957 51.5124609,-0.1236366 51.5123925,-0.1236845 51.5124364)))",bloobloom,271
"MULTIPOLYGON (((-0.1237374 51.5124836,-0.123597 51.5125493,-0.1235474 51.5125059,-0.1236845 51.5124364,-0.1237374 51.5124836)))",Rituals,272
"MULTIPOLYGON (((-0.1243094 51.5118059,-0.1243541 51.5118438,-0.1245424 51.5120078,-0.1245721 51.5120325,-0.1246132 51.5120713,-0.1245252 51.5121127,-0.1244552 51.512049,-0.1242258 51.5118415,-0.1243094 51.5118059)))",,273
"MULTIPOLYGON (((-0.1247045 51.511747,-0.12461 51.5116652,-0.1246918 51.5116289,-0.1247867 51.51171,-0.1247045 51.511747)))",,274
"MULTIPOLYGON (((-0.1242258 51.5118415,-0.1244552 51.512049,-0.1243795 51.5120799,-0.1241415 51.5118768,-0.1242258 51.5118415)))",,275
"MULTIPOLYGON (((-0.1248304 51.5121642,-0.1246393 51.5120015,-0.124854 51.5119293,-0.1250107 51.5120635,-0.1248304 51.5121642)))",,276
"MULTIPOLYGON (((-0.1240389 51.5120686,-0.1239416 51.5119741,-0.1241415 51.5118768,-0.1243795 51.5120799,-0.124405 51.5121051,-0.1243188 51.5121429,-0.1242832 51.5121118,-0.1241556 51.5121688,-0.1240389 51.5120686)))",,277
"MULTIPOLYGON (((-0.1250107 51.5120635,-0.124854 51.5119293,-0.1249459 51.5118892,-0.1249821 51.5119174,-0.1250901 51.5120187,-0.1250107 51.5120635)))",,278
"MULTIPOLYGON (((-0.1236474 51.5125932,-0.1237768 51.5125209,-0.1238378 51.5125595,-0.1238437 51.5125641,-0.1236989 51.5126381,-0.1236474 51.5125932)))",MAC Cosmetics,279
"MULTIPOLYGON (((-0.125347 51.5118899,-0.1253083 51.5119087,-0.1250901 51.5120187,-0.1249821 51.5119174,-0.1249459 51.5118892,-0.1248328 51.5117908,-0.1249925 51.5117211,-0.1250613 51.5117859,-0.1251152 51.5117637,-0.1251365 51.5117838,-0.1251482 51.511779,-0.1252001 51.5117576,-0.125177 51.5117358,-0.1252495 51.511706,-0.1253242 51.5116714,-0.1254783 51.5118096,-0.1255727 51.5118878,-0.125406 51.5119359,-0.1253627 51.5119021,-0.125347 51.5118899)))",,280
"MULTIPOLYGON (((-0.12461 51.5116652,-0.1247045 51.511747,-0.1247342 51.5117727,-0.1246437 51.5118121,-0.1245225 51.5117026,-0.12461 51.5116652)))",,281
"MULTIPOLYGON (((-0.1238976 51.5125299,-0.1239099 51.5125243,-0.1240137 51.512607,-0.1239902 51.5126203,-0.1239441 51.5126461,-0.1238437 51.5125641,-0.1238378 51.5125595,-0.1238976 51.5125299)))",,282
"MULTIPOLYGON (((-0.1242113 51.5124995,-0.1240637 51.5123701,-0.1239469 51.5122702,-0.1239389 51.5122606,-0.1241556 51.5121688,-0.1242832 51.5121118,-0.1243188 51.5121429,-0.1244096 51.5122272,-0.1245201 51.5123255,-0.1244294 51.5123751,-0.1244357 51.5123801,-0.1244158 51.5123907,-0.1243969 51.5124008,-0.1242113 51.5124995)))",,283
"MULTIPOLYGON (((-0.1243188 51.5121429,-0.124405 51.5121051,-0.1243795 51.5120799,-0.1244552 51.512049,-0.1245252 51.5121127,-0.1246755 51.5122498,-0.1245273 51.5123313,-0.1245201 51.5123255,-0.1244096 51.5122272,-0.1243188 51.5121429)))",,284
"MULTIPOLYGON (((-0.1244464 51.5117364,-0.1246049 51.5118793,-0.1246939 51.5119513,-0.1246208 51.5119851,-0.1246125 51.5119776,-0.1244077 51.5118064,-0.1243692 51.5117713,-0.1244464 51.5117364)))",,285
"MULTIPOLYGON (((-0.1246755 51.5122498,-0.1245252 51.5121127,-0.1246132 51.5120713,-0.1245721 51.5120325,-0.1246393 51.5120015,-0.1248304 51.5121642,-0.1246755 51.5122498)))",,286
"MULTIPOLYGON (((-0.1265036 51.5119848,-0.1264915 51.5118879,-0.1265264 51.511875,-0.126522 51.5118305,-0.126487 51.5118234,-0.1264847 51.5117136,-0.126882 51.5118024,-0.1269021 51.5118483,-0.1265036 51.5119848)))",Five Guys,287
"MULTIPOLYGON (((-0.126487 51.5118234,-0.1264915 51.5118879,-0.1265036 51.5119848,-0.1263136 51.512048,-0.1263052 51.5119168,-0.1263193 51.5119156,-0.1263263 51.5117989,-0.1263054 51.5117978,-0.1263038 51.511769,-0.1262999 51.5116964,-0.1263199 51.5116694,-0.1264847 51.5117136,-0.126487 51.5118234)))",,288
"MULTIPOLYGON (((-0.1262323 51.5118965,-0.1261402 51.511908,-0.126129 51.5118777,-0.1261251 51.5118671,-0.1262133 51.5118529,-0.1262331 51.5118518,-0.1262329 51.5118633,-0.1262323 51.5118965)))",,290
"MULTIPOLYGON (((-0.1263052 51.5119168,-0.1263136 51.512048,-0.1262397 51.5120709,-0.1262369 51.5120031,-0.1262362 51.5119858,-0.1262344 51.5119451,-0.1262329 51.5119104,-0.1262323 51.5118965,-0.1262329 51.5118633,-0.1262331 51.5118518,-0.1263028 51.511848,-0.1263052 51.5119168)))",Calzedonia,291
"MULTIPOLYGON (((-0.1262362 51.5119858,-0.1262369 51.5120031,-0.1262397 51.5120709,-0.1262094 51.5120788,-0.1261955 51.5120833,-0.1261752 51.512091,-0.1261422 51.512035,-0.1261664 51.5120282,-0.1261789 51.512026,-0.1261792 51.512013,-0.1261734 51.5119974,-0.1262362 51.5119858)))",,292
"MULTIPOLYGON (((-0.1256105 51.5111901,-0.125619 51.5112404,-0.1256145 51.5112757,-0.1255782 51.5113311,-0.1255622 51.5113276,-0.1255668 51.5113213,-0.125507 51.5113076,-0.1254704 51.511288,-0.1254684 51.511283,-0.1254578 51.5112556,-0.1254872 51.5112283,-0.125513 51.5112204,-0.1256105 51.5111901)))",The Round House,293
"MULTIPOLYGON (((-0.1259463 51.5114224,-0.1259879 51.5113558,-0.1259551 51.5113572,-0.1259444 51.511285,-0.1259614 51.5112874,-0.1260067 51.5112851,-0.1261211 51.5112775,-0.1261655 51.5112755,-0.1261663 51.5112833,-0.1261741 51.5113421,-0.1261798 51.5113993,-0.1261358 51.511469,-0.1259463 51.5114224)))",Waterstones,294
"MULTIPOLYGON (((-0.1270378 51.5114814,-0.1268272 51.5114853,-0.1268181 51.5114763,-0.1268178 51.5114583,-0.1267779 51.5114601,-0.1267739 51.51142,-0.1267291 51.5114219,-0.126723 51.511374,-0.1265113 51.5113845,-0.1265034 51.5113444,-0.1268243 51.5113272,-0.1268226 51.511315,-0.1268367 51.5113141,-0.1270322 51.5113008,-0.1270369 51.5113439,-0.127038 51.5114693,-0.1270378 51.5114814)))",,295
"MULTIPOLYGON (((-0.1270232 51.5112576,-0.1268868 51.5112687,-0.1268831 51.511249,-0.1268239 51.5112564,-0.1268367 51.5113141,-0.1268226 51.511315,-0.1265047 51.5113344,-0.1264549 51.5113379,-0.1264387 51.511247,-0.1264045 51.5112497,-0.1264042 51.5112419,-0.1263274 51.5112466,-0.1263236 51.511225,-0.1263162 51.5111938,-0.1267354 51.51116,-0.1267369 51.5111396,-0.126828 51.5111307,-0.1269924 51.5111159,-0.1270232 51.5112576)))",,296
"MULTIPOLYGON (((-0.1260232 51.5111602,-0.1260425 51.5112507,-0.1259486 51.5112585,-0.1259293 51.5111679,-0.1260232 51.5111602)))",,297
"MULTIPOLYGON (((-0.1265583 51.511106,-0.1265695 51.5111549,-0.1264825 51.5111637,-0.1264697 51.5111138,-0.1265583 51.511106)))",,298
"MULTIPOLYGON (((-0.1268195 51.5110823,-0.126828 51.5111307,-0.1267369 51.5111396,-0.1267267 51.51109,-0.1268195 51.5110823)))",,299
"MULTIPOLYGON (((-0.1264697 51.5111138,-0.1264825 51.5111637,-0.1263999 51.5111719,-0.1263871 51.511122,-0.1264697 51.5111138)))",,300
"MULTIPOLYGON (((-0.1263871 51.511122,-0.1263999 51.5111719,-0.126316 51.5111799,-0.1263016 51.5111321,-0.1263871 51.511122)))",,301
"MULTIPOLYGON (((-0.1268035 51.511581,-0.1267699 51.5116319,-0.1266678 51.5116062,-0.1266928 51.5115709,-0.1267096 51.5115732,-0.126751 51.5115132,-0.1267581 51.5114933,-0.1268243 51.5114935,-0.1268219 51.5115349,-0.1268035 51.511581)))",Pizza Pilgrims,302
"MULTIPOLYGON (((-0.1267267 51.51109,-0.1267369 51.5111396,-0.1266549 51.5111473,-0.1266436 51.5110984,-0.1267267 51.51109)))",,303
"MULTIPOLYGON (((-0.1261167 51.5111509,-0.1261375 51.5112443,-0.1260425 51.5112507,-0.1260232 51.5111602,-0.1261167 51.5111509)))",,304
"MULTIPOLYGON (((-0.1266436 51.5110984,-0.1266549 51.5111473,-0.1265695 51.5111549,-0.1265583 51.511106,-0.1266436 51.5110984)))",,305
"MULTIPOLYGON (((-0.126859 51.5116546,-0.1269063 51.5115831,-0.1270224 51.5115875,-0.1270125 51.5116491,-0.1269966 51.5116628,-0.1269645 51.5116721,-0.1269311 51.5116723,-0.126859 51.5116546)))",,307
"MULTIPOLYGON (((-0.1267699 51.5116319,-0.1268035 51.511581,-0.1269063 51.5115831,-0.126859 51.5116546,-0.1267699 51.5116319)))",,308
"MULTIPOLYGON (((-0.126828 51.5111307,-0.1268195 51.5110823,-0.1269827 51.511067,-0.1269924 51.5111159,-0.126828 51.5111307)))",,309
"MULTIPOLYGON (((-0.1270322 51.5113008,-0.1268367 51.5113141,-0.1268239 51.5112564,-0.1268831 51.511249,-0.1268868 51.5112687,-0.1270232 51.5112576,-0.1270284 51.5112786,-0.1270322 51.5113008)))",,310
"MULTIPOLYGON (((-0.1264178 51.5113438,-0.1263985 51.5113461,-0.1263979 51.5113658,-0.1265194 51.5113933,-0.1265169 51.5113973,-0.1265399 51.5114022,-0.1265487 51.5114184,-0.126545 51.511429,-0.1265358 51.5114398,-0.1265279 51.5114426,-0.1265527 51.5114495,-0.1265551 51.5114679,-0.1265521 51.5114839,-0.1264945 51.5115611,-0.1261358 51.511469,-0.1261798 51.5113993,-0.1261741 51.5113421,-0.1261663 51.5112833,-0.1262962 51.5112771,-0.1262929 51.5112494,-0.1263089 51.5112485,-0.1263081 51.5112514,-0.1263995 51.5112453,-0.1264178 51.5113438)))",The Garrick Club,311
"MULTIPOLYGON (((-0.1263016 51.5111321,-0.1263162 51.5111938,-0.1263236 51.511225,-0.126141 51.5112417,-0.1261167 51.5111509,-0.1263016 51.5111321)))",,312
"MULTIPOLYGON (((-0.1256145 51.5112757,-0.1256302 51.5112518,-0.1257193 51.5112744,-0.1256977 51.5113074,-0.1256673 51.5113537,-0.1255782 51.5113311,-0.1256145 51.5112757)))",,313
"MULTIPOLYGON (((-0.1269063 51.5115831,-0.1268035 51.511581,-0.1268219 51.5115349,-0.1268243 51.5114935,-0.1268234 51.511489,-0.1268272 51.5114853,-0.1270378 51.5114814,-0.1270224 51.5115875,-0.1269063 51.5115831)))",,314
"MULTIPOLYGON (((-0.1259444 51.511285,-0.1259551 51.5113572,-0.1259879 51.5113558,-0.1259463 51.5114224,-0.1257596 51.5113772,-0.1257897 51.5113304,-0.1258078 51.5112917,-0.1259444 51.511285)))",,315
"MULTIPOLYGON (((-0.1259293 51.5111679,-0.1259486 51.5112585,-0.12584 51.5112671,-0.1257442 51.5112733,-0.1257411 51.5112536,-0.1256932 51.5112571,-0.1256882 51.5112352,-0.125619 51.5112404,-0.1256105 51.5111901,-0.1259293 51.5111679)))",,316
"MULTIPOLYGON (((-0.1251102 51.5136402,-0.124862 51.5134726,-0.1249945 51.5134078,-0.1250872 51.5134759,-0.1251446 51.5135144,-0.1252144 51.5134759,-0.125306 51.5135436,-0.1253455 51.5135728,-0.1253235 51.5135827,-0.1252052 51.5136357,-0.1251879 51.5136435,-0.1251684 51.513627,-0.1251216 51.5136501,-0.1251102 51.5136402)))",,317
"MULTIPOLYGON (((-0.1263849 51.5122736,-0.1263299 51.5122986,-0.1262677 51.5123268,-0.1264343 51.5124927,-0.1264553 51.5125197,-0.1263844 51.5125373,-0.1264297 51.5125727,-0.1264797 51.5126117,-0.1263973 51.512652,-0.1263254 51.5126871,-0.1262778 51.512647,-0.1261762 51.5125615,-0.1259321 51.5123559,-0.1259159 51.5123422,-0.126026 51.5122961,-0.1261361 51.5122499,-0.1262462 51.5122038,-0.126302 51.5121804,-0.1263849 51.5122736)))",,318
"MULTIPOLYGON (((-0.124736 51.5134693,-0.1246911 51.5134384,-0.1246148 51.5133852,-0.124544 51.513338,-0.1244702 51.5132898,-0.1244764 51.5132849,-0.1244488 51.5132675,-0.1244925 51.5132413,-0.124483 51.5132347,-0.1246457 51.5131431,-0.1247073 51.5131118,-0.1247373 51.5131355,-0.1248275 51.5132018,-0.1248068 51.5132133,-0.1249583 51.5133453,-0.124736 51.5134693)))",,319
"MULTIPOLYGON (((-0.1264014 51.5131071,-0.1264305 51.5130921,-0.1264199 51.5130842,-0.1264553 51.5130659,-0.1264394 51.513054,-0.1264837 51.513031,-0.1265026 51.5130451,-0.1265257 51.5130332,-0.1266131 51.5131048,-0.1263634 51.5132272,-0.1262841 51.5131672,-0.1264014 51.5131071)))",,320
"MULTIPOLYGON (((-0.1267278 51.5127807,-0.1265787 51.5128553,-0.1265514 51.512869,-0.1265807 51.5128958,-0.1266493 51.5129499,-0.1266753 51.512938,-0.1267717 51.513002,-0.1266131 51.5131048,-0.1265257 51.5130332,-0.1264742 51.5129911,-0.1264073 51.5130218,-0.1263457 51.512971,-0.1263324 51.5129594,-0.1262406 51.5128829,-0.1262322 51.5128758,-0.1263496 51.5128178,-0.1263363 51.5128059,-0.1264532 51.5127514,-0.1264676 51.512764,-0.1266761 51.5126697,-0.1266824 51.5127558,-0.1267266 51.512755,-0.1267278 51.5127807)))",,321
"MULTIPOLYGON (((-0.1244001 51.5134285,-0.1243296 51.5133752,-0.1244389 51.5133116,-0.124408 51.5132903,-0.1244488 51.5132675,-0.1244764 51.5132849,-0.1244702 51.5132898,-0.124544 51.513338,-0.1244001 51.5134285)))",,322
"MULTIPOLYGON (((-0.1252563 51.5127845,-0.1251724 51.5127236,-0.1252316 51.5126919,-0.1253161 51.5127532,-0.1252563 51.5127845)))",Calvin Klein,323
"MULTIPOLYGON (((-0.1267717 51.513002,-0.1266753 51.512938,-0.1267684 51.5128293,-0.1269489 51.512826,-0.1267717 51.513002)))",,324
"MULTIPOLYGON (((-0.1265677 51.5124293,-0.1264543 51.5122497,-0.126676 51.5123272,-0.1265677 51.5124293)))",,325
"MULTIPOLYGON (((-0.1246148 51.5133852,-0.1246911 51.5134384,-0.1245346 51.5135261,-0.1244691 51.5134758,-0.1246148 51.5133852)))",,326
"MULTIPOLYGON (((-0.124544 51.513338,-0.1246148 51.5133852,-0.1244691 51.5134758,-0.1244001 51.5134285,-0.124544 51.513338)))",,327
"MULTIPOLYGON (((-0.1264543 51.5122497,-0.1263849 51.5122736,-0.126302 51.5121804,-0.1263713 51.5121565,-0.1264543 51.5122497)))",,328
"MULTIPOLYGON (((-0.1255558 51.5125225,-0.125761 51.5126888,-0.1257013 51.5127187,-0.1254857 51.5125561,-0.1255558 51.5125225)))",Jack Wolfskin,329
"MULTIPOLYGON (((-0.1258216 51.5128128,-0.1257013 51.5127187,-0.125761 51.5126888,-0.12584 51.5126523,-0.1259596 51.5127468,-0.1258216 51.5128128)))",,330
"MULTIPOLYGON (((-0.1249605 51.5132131,-0.1248931 51.5132499,-0.1248275 51.5132018,-0.1247373 51.5131355,-0.1248067 51.5130924,-0.1249605 51.5132131)))",,332
"MULTIPOLYGON (((-0.1254045 51.512762,-0.1255141 51.5127062,-0.125621 51.5127869,-0.1255997 51.5127974,-0.1254946 51.5128519,-0.1254121 51.5128952,-0.1253065 51.512818,-0.1254045 51.512762)))",Snow+Rock,333
"MULTIPOLYGON (((-0.1255429 51.513449,-0.1256791 51.5135431,-0.1254431 51.5136466,-0.1253455 51.5135728,-0.125306 51.5135436,-0.1255429 51.513449)))",,334
"MULTIPOLYGON (((-0.1248067 51.5130924,-0.1248348 51.5130712,-0.1249447 51.5130102,-0.1251112 51.5131307,-0.1249605 51.5132131,-0.1248067 51.5130924)))",,335
"MULTIPOLYGON (((-0.1251112 51.5131307,-0.1252929 51.5132638,-0.1250501 51.5133792,-0.1248772 51.5132586,-0.1248931 51.5132499,-0.1249605 51.5132131,-0.1251112 51.5131307)))",,336
"MULTIPOLYGON (((-0.1250531 51.5128906,-0.1249694 51.5128277,-0.1250544 51.512784,-0.1250703 51.5127758,-0.1250851 51.5127683,-0.1251724 51.5127236,-0.1252563 51.5127845,-0.1251778 51.5128273,-0.1252206 51.5128578,-0.1253065 51.512818,-0.1254121 51.5128952,-0.125361 51.5129216,-0.1253346 51.512901,-0.1252406 51.5129507,-0.1252546 51.5129605,-0.1251944 51.5129919,-0.1251459 51.512957,-0.1250977 51.5129208,-0.125138 51.5128974,-0.1251006 51.5128677,-0.1250531 51.5128906)))",,337
"MULTIPOLYGON (((-0.126676 51.5123272,-0.1264543 51.5122497,-0.1263713 51.5121565,-0.1266236 51.5120656,-0.1269289 51.512156,-0.126933 51.5123742,-0.126845 51.5123483,-0.126676 51.5123272)))",,338
"MULTIPOLYGON (((-0.1246911 51.5134384,-0.124736 51.5134693,-0.1246643 51.5135096,-0.1246503 51.5134999,-0.1245654 51.5135473,-0.1245346 51.5135261,-0.1246911 51.5134384)))",,339
"MULTIPOLYGON (((-0.1253161 51.5127532,-0.1252316 51.5126919,-0.1252582 51.5126783,-0.125389 51.5126113,-0.1255141 51.5127062,-0.1254045 51.512762,-0.1253649 51.5127278,-0.1253401 51.5127407,-0.1253161 51.5127532)))",,340
"MULTIPOLYGON (((-0.1251812 51.5137605,-0.1250677 51.5136594,-0.1251102 51.5136402,-0.1251216 51.5136501,-0.1251684 51.513627,-0.1251879 51.5136435,-0.1252052 51.5136357,-0.1253235 51.5135827,-0.1253455 51.5135728,-0.1254431 51.5136466,-0.1254139 51.5136593,-0.1252829 51.5137162,-0.1252201 51.5137436,-0.1251812 51.5137605)))",,341
"MULTIPOLYGON (((-0.1264343 51.5124927,-0.1262677 51.5123268,-0.1263299 51.5122986,-0.1263849 51.5122736,-0.1264543 51.5122497,-0.1265677 51.5124293,-0.1265658 51.5124421,-0.1265733 51.5124509,-0.1264343 51.5124927)))",,342
"MULTIPOLYGON (((-0.126083 51.5128119,-0.1259962 51.5127436,-0.1261015 51.512694,-0.1261982 51.5126502,-0.1262731 51.5127143,-0.1261839 51.5127599,-0.1261124 51.5127965,-0.126083 51.5128119)))",,343
"MULTIPOLYGON (((-0.1258687 51.5126392,-0.1258531 51.512626,-0.1259198 51.5125953,-0.125872 51.5125551,-0.1260069 51.5124882,-0.1260559 51.5125297,-0.1261281 51.5125908,-0.1261982 51.5126502,-0.1261015 51.512694,-0.1259962 51.5127436,-0.1259268 51.5126868,-0.1258687 51.5126392)))",,344
"MULTIPOLYGON (((-0.125805 51.5125883,-0.1258531 51.512626,-0.1258687 51.5126392,-0.12584 51.5126523,-0.125761 51.5126888,-0.1255558 51.5125225,-0.1256344 51.5124864,-0.1256582 51.5124755,-0.125805 51.5125883)))",,345
"MULTIPOLYGON (((-0.1246457 51.5131431,-0.124483 51.5132347,-0.1244925 51.5132413,-0.1244488 51.5132675,-0.124408 51.5132903,-0.1244389 51.5133116,-0.1243296 51.5133752,-0.1242543 51.5133164,-0.1242481 51.5133198,-0.1242014 51.5132871,-0.1242748 51.5132435,-0.1242802 51.5132458,-0.1244437 51.5131481,-0.1244392 51.513145,-0.1244928 51.5131143,-0.1245541 51.5130791,-0.1245591 51.5130825,-0.1246457 51.5131431)))",,346
"MULTIPOLYGON (((-0.1249945 51.5134078,-0.1250501 51.5133792,-0.1252929 51.5132638,-0.1255429 51.513449,-0.125306 51.5135436,-0.1252144 51.5134759,-0.1252885 51.5134363,-0.1252541 51.5134017,-0.1250872 51.5134759,-0.1249945 51.5134078)))",,347
"MULTIPOLYGON (((-0.1260449 51.5131629,-0.1261237 51.5132388,-0.1261368 51.5132307,-0.126168 51.5132546,-0.1262371 51.5132642,-0.1262325 51.5132814,-0.1262278 51.5133,-0.1257628 51.5135077,-0.1256553 51.5134335,-0.1258045 51.5133548,-0.1257015 51.5132755,-0.1258247 51.5132136,-0.1258718 51.5132499,-0.1260449 51.5131629)))",,348
"MULTIPOLYGON (((-0.1239644 51.5106082,-0.1241233 51.5105385,-0.1241712 51.5105809,-0.1239777 51.5106654,-0.1239277 51.5106873,-0.1238798 51.5106448,-0.1238882 51.5106393,-0.1239644 51.5106082)))",,351
"MULTIPOLYGON (((-0.1233344 51.5105807,-0.1232863 51.5105974,-0.1232501 51.51061,-0.1231747 51.5105504,-0.1232033 51.5105398,-0.1232614 51.5105183,-0.1233344 51.5105807)))",Lady of the Grapes,352
"MULTIPOLYGON (((-0.1207453 51.5125459,-0.1206888 51.5124989,-0.120704 51.5124927,-0.1208273 51.5124426,-0.1208787 51.512487,-0.1207453 51.5125459)))",Boulevard Brasserie,355
"MULTIPOLYGON (((-0.120674 51.5123101,-0.1207745 51.5123969,-0.1206575 51.5124503,-0.1206033 51.512475,-0.120593 51.5124694,-0.1205754 51.5124598,-0.1205424 51.5124416,-0.1204828 51.5123987,-0.120674 51.5123101)))",Banana Tree,357
"MULTIPOLYGON (((-0.1209288 51.5125303,-0.1209821 51.5125787,-0.1209226 51.5126043,-0.1209133 51.5126076,-0.1208759 51.5125758,-0.120842 51.5125922,-0.120823 51.512577,-0.1209288 51.5125303)))",Coach & Horses,359
"MULTIPOLYGON (((-0.1202285 51.5123201,-0.1202875 51.5122948,-0.1204128 51.5124012,-0.1203859 51.5124158,-0.1203781 51.5124113,-0.1203633 51.5124025,-0.1203247 51.5123838,-0.1203161 51.5123872,-0.1202779 51.5124047,-0.1202543 51.5124221,-0.1202476 51.5124195,-0.120197 51.5124579,-0.120146 51.5124365,-0.1200633 51.5124018,-0.120065 51.5123957,-0.1200702 51.5123917,-0.1201528 51.5123527,-0.1202285 51.5123201)))",Côte Brasserie,360
"MULTIPOLYGON (((-0.1206575 51.5124503,-0.1207745 51.5123969,-0.1208273 51.5124426,-0.120704 51.5124927,-0.1206575 51.5124503)))",Notes,361
"MULTIPOLYGON (((-0.1204828 51.5123987,-0.1204617 51.5123771,-0.1204537 51.5123757,-0.1205161 51.5123486,-0.1204849 51.512324,-0.1206204 51.5122638,-0.120674 51.5123101,-0.1204828 51.5123987)))",,362
"MULTIPOLYGON (((-0.1204898 51.5122835,-0.1204545 51.5122988,-0.1204849 51.512324,-0.1205161 51.5123486,-0.1204537 51.5123757,-0.1204617 51.5123771,-0.1204128 51.5124012,-0.1202875 51.5122948,-0.1204285 51.5122313,-0.1204898 51.5122835)))",Delamina Townhouse,364
"MULTIPOLYGON (((-0.1201371 51.5120211,-0.1201547 51.5120286,-0.1202136 51.5120538,-0.1201785 51.5120704,-0.1201058 51.5121031,-0.1200325 51.5121367,-0.120006 51.5121106,-0.1200192 51.5121018,-0.1200096 51.5120934,-0.1199984 51.5120838,-0.1200092 51.5120794,-0.1201371 51.5120211)))",,365
"MULTIPOLYGON (((-0.1195271 51.5120183,-0.1198196 51.5118991,-0.1198548 51.5119003,-0.1199809 51.5119543,-0.1198759 51.511997,-0.1197746 51.512037,-0.1196065 51.5120983,-0.1195271 51.5120183)))",Christopher's,366
"MULTIPOLYGON (((-0.1199276 51.5120429,-0.1198759 51.511997,-0.1199809 51.5119543,-0.1200184 51.5119703,-0.1200558 51.5119863,-0.1199276 51.5120429)))",,367
"MULTIPOLYGON (((-0.1208787 51.512487,-0.1209288 51.5125303,-0.120823 51.512577,-0.1207948 51.5125885,-0.1207453 51.5125459,-0.1208787 51.512487)))",,368
"MULTIPOLYGON (((-0.119942 51.5121412,-0.1199266 51.5121305,-0.119944 51.5121226,-0.1199936 51.5121004,-0.120006 51.5121106,-0.1200325 51.5121367,-0.1201058 51.5121031,-0.1201909 51.5121773,-0.1201825 51.5121811,-0.120137 51.5122012,-0.12009 51.5122222,-0.1200819 51.5122258,-0.1200755 51.5122286,-0.1200682 51.5122319,-0.1200571 51.5122368,-0.119942 51.5121412)))",,369
"MULTIPOLYGON (((-0.1201909 51.5121773,-0.1201058 51.5121031,-0.1201785 51.5120704,-0.1202047 51.5120957,-0.1202581 51.5121471,-0.1202475 51.5121519,-0.1202015 51.5121725,-0.1201909 51.5121773)))",,370
"MULTIPOLYGON (((-0.1202136 51.5120538,-0.1202567 51.5120723,-0.1203285 51.512103,-0.1203293 51.51211,-0.1203242 51.5121173,-0.1202744 51.5121398,-0.1202656 51.5121437,-0.1202581 51.5121471,-0.1202047 51.5120957,-0.1201785 51.5120704,-0.1202136 51.5120538)))",,371
"MULTIPOLYGON (((-0.1194769 51.5121509,-0.1193691 51.5121035,-0.1193704 51.5120908,-0.1193718 51.5120781,-0.1195271 51.5120183,-0.1196065 51.5120983,-0.1195518 51.5121191,-0.1194769 51.5121509)))",Franco Manca,372
"MULTIPOLYGON (((-0.1198619 51.5122191,-0.1198727 51.5122124,-0.1198337 51.5121811,-0.1198585 51.5121668,-0.1198681 51.5121612,-0.1198884 51.5121717,-0.1199981 51.5122643,-0.1199917 51.5122672,-0.1199848 51.5122706,-0.1199562 51.5122831,-0.1199474 51.5122869,-0.1198997 51.5122491,-0.1198619 51.5122191)))",Band:,373
"MULTIPOLYGON (((-0.1247528 51.5136761,-0.1248377 51.5136288,-0.124953 51.5137106,-0.1248594 51.5137456,-0.1247528 51.5136761)))",Dr. Martens,374
"MULTIPOLYGON (((-0.1246972 51.5135322,-0.1247441 51.5135644,-0.1246591 51.5136117,-0.1246123 51.5135795,-0.1246972 51.5135322)))",,375
"MULTIPOLYGON (((-0.1246643 51.5135096,-0.1246972 51.5135322,-0.1246123 51.5135795,-0.1245654 51.5135473,-0.1246503 51.5134999,-0.1246643 51.5135096)))",,376
"MULTIPOLYGON (((-0.1247441 51.5135644,-0.1247909 51.5135966,-0.124706 51.5136439,-0.1246591 51.5136117,-0.1247441 51.5135644)))",Brandy Melville,377
"MULTIPOLYGON (((-0.1247909 51.5135966,-0.1248377 51.5136288,-0.1247528 51.5136761,-0.124706 51.5136439,-0.1247909 51.5135966)))",,378
"MULTIPOLYGON (((-0.1245591 51.5130825,-0.1248244 51.512925,-0.1249447 51.5130102,-0.1248348 51.5130712,-0.1248098 51.5130519,-0.1247073 51.5131118,-0.1246457 51.5131431,-0.1245591 51.5130825)))",Hobbs,379
"MULTIPOLYGON (((-0.1269338 51.5124981,-0.1269377 51.5125879,-0.1267271 51.512589,-0.1267228 51.5125449,-0.1267086 51.5125215,-0.1266798 51.5124982,-0.126845 51.5123483,-0.126933 51.5123742,-0.1269338 51.5124981)))",Dishoom,380
"MULTIPOLYGON (((-0.1269377 51.5125879,-0.1267271 51.512589,-0.1267228 51.5125449,-0.1267086 51.5125215,-0.1266798 51.5124982,-0.1265981 51.5124707,-0.1266279 51.5124372,-0.1265677 51.5124293,-0.126676 51.5123272,-0.126845 51.5123483,-0.126933 51.5123742,-0.1269338 51.5124981,-0.1269377 51.5125879)))",,381
"MULTIPOLYGON (((-0.1197695 51.5122758,-0.1196968 51.5122449,-0.1196804 51.5122491,-0.1196566 51.5122364,-0.1196571 51.5122277,-0.1196332 51.5122175,-0.1196171 51.5122185,-0.1195967 51.5122104,-0.1195957 51.5122013,-0.119573 51.5121915,-0.1195569 51.5121932,-0.1195295 51.5121804,-0.1195262 51.5121713,-0.1194769 51.5121509,-0.1195518 51.5121191,-0.1195703 51.5121494,-0.1198045 51.5120599,-0.1197746 51.512037,-0.1198759 51.511997,-0.1199276 51.5120429,-0.1199485 51.5120592,-0.1199936 51.5121004,-0.119944 51.5121226,-0.1199266 51.5121305,-0.1199132 51.5121366,-0.1199279 51.5121483,-0.1199105 51.5121583,-0.1198944 51.512145,-0.1198681 51.5121612,-0.1198585 51.5121668,-0.1198337 51.5121811,-0.1198727 51.5122124,-0.1198619 51.5122191,-0.1197695 51.5122758)))",Duchess Theatre,382
"MULTIPOLYGON (((-0.1194956 51.5113151,-0.1196392 51.5114685,-0.1195766 51.5114932,-0.1194368 51.5113624,-0.1194366 51.5113517,-0.1194354 51.5113404,-0.1194956 51.5113151)))",The Wellington,388
"MULTIPOLYGON (((-0.1285624 51.5108715,-0.1285628 51.5108225,-0.1287276 51.51081,-0.1287288 51.5108019,-0.1287628 51.5108037,-0.1287454 51.5108971,-0.1285624 51.5108715)))",The Bear & Staff,392
"MULTIPOLYGON (((-0.1285649 51.5102317,-0.1285519 51.5101352,-0.128549 51.5101132,-0.1286871 51.5101025,-0.1287535 51.5100973,-0.1293551 51.5100504,-0.1293973 51.5102211,-0.1288144 51.5102646,-0.1288099 51.5102437,-0.1287782 51.5102461,-0.1287722 51.5102153,-0.1287245 51.5102185,-0.1287107 51.5102202,-0.1286041 51.5102284,-0.1285649 51.5102317)))",Global London,393
"MULTIPOLYGON (((-0.1209588 51.5123201,-0.1211494 51.5122266,-0.1212562 51.5123183,-0.1213529 51.5122747,-0.1215117 51.512413,-0.1212442 51.5125267,-0.1211964 51.512527,-0.1209588 51.5123201)))",Balthazar London,394
"MULTIPOLYGON (((-0.1215778 51.5123846,-0.1215481 51.5123974,-0.1215117 51.512413,-0.1213529 51.5122747,-0.1214204 51.5122442,-0.1215778 51.5123846)))",Balthazar Boulangerie,395
"MULTIPOLYGON (((-0.1215778 51.5123846,-0.1214204 51.5122442,-0.1214927 51.5122116,-0.121654 51.5123522,-0.1215778 51.5123846)))",Red Farm,396
"MULTIPOLYGON (((-0.121654 51.5123522,-0.1214927 51.5122116,-0.1215013 51.5122077,-0.1214818 51.512191,-0.1215529 51.5121594,-0.12164 51.5122367,-0.121732 51.5123188,-0.121654 51.5123522)))",Starbucks,398
"MULTIPOLYGON (((-0.1209008 51.5122697,-0.1210922 51.5121775,-0.1211494 51.5122266,-0.1209588 51.5123201,-0.1209008 51.5122697)))",,400
"MULTIPOLYGON (((-0.1207335 51.512124,-0.1208542 51.5120703,-0.1209287 51.5120371,-0.1210922 51.5121775,-0.1209008 51.5122697,-0.1207335 51.512124)))",,401
"MULTIPOLYGON (((-0.1217107 51.5120889,-0.1217998 51.5121674,-0.1218918 51.5122495,-0.121732 51.5123188,-0.12164 51.5122367,-0.1215529 51.5121594,-0.1217107 51.5120889)))",,402
"MULTIPOLYGON (((-0.1208228 51.5119461,-0.1208968 51.5120097,-0.1208206 51.5120432,-0.1208542 51.5120703,-0.1207335 51.512124,-0.1206603 51.5120529,-0.1206768 51.5120165,-0.1208228 51.5119461)))",,403
"MULTIPOLYGON (((-0.1207945 51.5126329,-0.1208393 51.5126056,-0.1208922 51.5126466,-0.1209338 51.5126788,-0.1209232 51.5126836,-0.1208784 51.5127064,-0.1208312 51.5126741,-0.1208441 51.5126688,-0.1207945 51.5126329)))",Gelatorino,404
"MULTIPOLYGON (((-0.1208312 51.5126741,-0.1208784 51.5127064,-0.1208694 51.5127108,-0.1208229 51.512734,-0.120766 51.5127063,-0.1207578 51.5127023,-0.1207976 51.5126726,-0.1208118 51.512683,-0.1208312 51.5126741)))",SugarSin,405
"MULTIPOLYGON (((-0.1208393 51.5126056,-0.1208674 51.5125908,-0.1208976 51.5126149,-0.1209133 51.5126076,-0.1209226 51.5126043,-0.1209821 51.5125787,-0.1210357 51.5126227,-0.1210444 51.5126302,-0.121033 51.5126352,-0.1209832 51.5126571,-0.1209426 51.512675,-0.1209338 51.5126788,-0.1208922 51.5126466,-0.1208393 51.5126056)))",Peyton and Byrne,406
"MULTIPOLYGON (((-0.1309814 51.5108187,-0.1305837 51.5109616,-0.1304626 51.5108083,-0.1308088 51.5106848,-0.1308338 51.5106805,-0.1308588 51.5106813,-0.1308855 51.510689,-0.1309041 51.5107022,-0.1309814 51.5108187)))",Number One Leicester Square,408
"MULTIPOLYGON (((-0.1232614 51.5105183,-0.1229536 51.5102852,-0.1228089 51.510158,-0.1229132 51.5101129,-0.1227969 51.5100108,-0.1229889 51.5099262,-0.1230327 51.509907,-0.1230562 51.5098968,-0.1231499 51.5099817,-0.123128 51.5099912,-0.1231139 51.5099973,-0.1232641 51.5101373,-0.1231822 51.5101752,-0.1231951 51.5101875,-0.1235028 51.5104235,-0.1235872 51.5104922,-0.1233344 51.5105807,-0.1232614 51.5105183)))",Adelphi Theatre,409
"MULTIPOLYGON (((-0.1286838 51.5116516,-0.1285351 51.511642,-0.1285263 51.5116388,-0.1285187 51.51163,-0.1285312 51.5115152,-0.1285324 51.5115049,-0.1285331 51.5114858,-0.1285359 51.5114118,-0.1285786 51.5113735,-0.1287179 51.5114255,-0.128699 51.511518,-0.1286838 51.5116516)))",,412
"MULTIPOLYGON (((-0.1262495 51.5107874,-0.1262073 51.5107931,-0.12622 51.5108427,-0.1260552 51.5108586,-0.1260712 51.5109225,-0.1259811 51.5109312,-0.125975 51.5109068,-0.1259244 51.5109117,-0.1259305 51.5109361,-0.1258383 51.510945,-0.1258225 51.5108817,-0.1258481 51.5108792,-0.1258418 51.5108541,-0.125817 51.5108565,-0.1257901 51.5107488,-0.1262298 51.5107049,-0.1262495 51.5107874)))",,414
"MULTIPOLYGON (((-0.1268685 51.5107994,-0.1266553 51.5108193,-0.1266476 51.5107796,-0.1268571 51.5107602,-0.1268685 51.5107994)))",Giannasso,415
"MULTIPOLYGON (((-0.1236936 51.5117686,-0.1236601 51.5117374,-0.1236212 51.5117053,-0.1239155 51.5115751,-0.1239494 51.5116047,-0.1240292 51.5115694,-0.1239953 51.5115397,-0.1240339 51.5115226,-0.1238516 51.5113633,-0.1238177 51.5113783,-0.1237819 51.511347,-0.1236989 51.5113838,-0.1237347 51.5114151,-0.1234456 51.5115432,-0.1234345 51.5115339,-0.1233845 51.5114929,-0.1233607 51.511472,-0.1237999 51.511281,-0.1238385 51.5112631,-0.1242585 51.5110785,-0.124423 51.5112223,-0.1245852 51.5113767,-0.1241615 51.5115625,-0.1241252 51.5115781,-0.1236936 51.5117686)))",Inigo Jones Garden,416
"MULTIPOLYGON (((-0.125552 51.5130213,-0.1255357 51.5130089,-0.1255199 51.5129967,-0.1254433 51.5129376,-0.125471 51.5129238,-0.1255796 51.5130075,-0.125552 51.5130213)))",,419
"MULTIPOLYGON (((-0.1251894 51.5130159,-0.1251484 51.5130365,-0.1251151 51.5130524,-0.1250491 51.5130041,-0.1251254 51.5129676,-0.1251894 51.5130159)))",,420
"MULTIPOLYGON (((-0.1253047 51.5131048,-0.1252471 51.5130604,-0.1251894 51.5130159,-0.1254046 51.5129078,-0.1254433 51.5129376,-0.1255199 51.5129967,-0.1253047 51.5131048)))",Stanfords,421
"MULTIPOLYGON (((-0.125552 51.5130213,-0.1255796 51.5130075,-0.1256503 51.5129719,-0.1257627 51.5129187,-0.1257829 51.5129091,-0.1258864 51.5129866,-0.1258478 51.513006,-0.1256569 51.5131022,-0.1255836 51.5130458,-0.125552 51.5130213)))",Temper,422
"MULTIPOLYGON (((-0.1255997 51.5127974,-0.1256159 51.5128095,-0.125631 51.5128207,-0.125673 51.5128509,-0.1257027 51.5128738,-0.1257627 51.5129187,-0.1256503 51.5129719,-0.1255114 51.5128649,-0.1254946 51.5128519,-0.1255997 51.5127974)))",,423
"MULTIPOLYGON (((-0.1257492 51.513162,-0.1257252 51.5131435,-0.1257448 51.5131312,-0.1258471 51.5130798,-0.1259446 51.5130301,-0.1260435 51.5131051,-0.1259999 51.5131255,-0.1260449 51.5131629,-0.1258718 51.5132499,-0.1258247 51.5132136,-0.1257492 51.513162)))",,424
"MULTIPOLYGON (((-0.1257015 51.5132755,-0.1256247 51.5132188,-0.1256728 51.513198,-0.1257492 51.513162,-0.1258247 51.5132136,-0.1257015 51.5132755)))",Badiani,425
"MULTIPOLYGON (((-0.1256553 51.5134335,-0.1253016 51.5131885,-0.1253735 51.5131495,-0.1254526 51.5131065,-0.1256247 51.5132188,-0.1257015 51.5132755,-0.1258045 51.5133548,-0.1256553 51.5134335)))",,426
"MULTIPOLYGON (((-0.1248669 51.5138964,-0.1246999 51.5139868,-0.1246724 51.5140023,-0.1246645 51.5140065,-0.1246596 51.514009,-0.1246463 51.5140156,-0.1245447 51.5140729,-0.1245144 51.5140779,-0.1243885 51.5141481,-0.1243589 51.5141636,-0.1243413 51.5141628,-0.1243121 51.5141793,-0.124304 51.514173,-0.1242704 51.5141937,-0.1242517 51.514181,-0.1242419 51.5141869,-0.1241912 51.5141542,-0.1241515 51.5141293,-0.1241388 51.5141377,-0.12413 51.5141435,-0.1240388 51.5140834,-0.1240475 51.5140775,-0.1240608 51.5140684,-0.1239804 51.5140139,-0.1239307 51.5139803,-0.1239217 51.513974,-0.1238867 51.5139494,-0.1238363 51.513914,-0.1237921 51.513883,-0.1237711 51.5138953,-0.1236324 51.5138028,-0.1236503 51.5137925,-0.1235606 51.5137331,-0.123547 51.5137233,-0.1235481 51.5136809,-0.1235592 51.5136739,-0.1235985 51.5136504,-0.1236139 51.5136412,-0.12367 51.5136076,-0.1240897 51.5133265,-0.1241574 51.5133656,-0.1241829 51.5133836,-0.1241856 51.5133898,-0.1242138 51.5134072,-0.1242367 51.5133944,-0.124314 51.5134489,-0.1242932 51.5134603,-0.1243947 51.5135282,-0.1244458 51.5135629,-0.1245557 51.5136358,-0.1245761 51.5136252,-0.1247576 51.5137489,-0.1247398 51.5137588,-0.1248168 51.5138103,-0.1248579 51.5138377,-0.1248669 51.5138964)))",Odhams Walk,427
"MULTIPOLYGON (((-0.1245527 51.5109249,-0.1246986 51.5110644,-0.1244145 51.5111887,-0.1243063 51.511091,-0.1243734 51.511062,-0.1243714 51.5110541,-0.1244295 51.5110298,-0.1244044 51.5110072,-0.1244151 51.5110025,-0.1244026 51.5109915,-0.1245527 51.5109249)))",,428
"MULTIPOLYGON (((-0.1229536 51.5102852,-0.1228883 51.5103142,-0.1227211 51.5101926,-0.1228089 51.510158,-0.1229536 51.5102852)))",Nell Gwynne Tavern,429
"MULTIPOLYGON (((-0.1229132 51.5101129,-0.1228089 51.510158,-0.1227211 51.5101926,-0.1226079 51.5101012,-0.1227969 51.5100108,-0.1229132 51.5101129)))",,430
"MULTIPOLYGON (((-0.1256214 51.5104004,-0.1252663 51.5104177,-0.1252459 51.5103467,-0.1253618 51.5103327,-0.1252957 51.5101214,-0.1251651 51.5101682,-0.1251768 51.5101846,-0.1251084 51.5102072,-0.1250939 51.5101584,-0.1250655 51.5100628,-0.1254075 51.5099314,-0.125437 51.5099681,-0.1254832 51.5099597,-0.1256214 51.5104004)))",,431
"MULTIPOLYGON (((-0.1250939 51.5101584,-0.1251084 51.5102072,-0.1251505 51.510345,-0.125183 51.5103399,-0.1252053 51.510426,-0.1250189 51.5104827,-0.1248309 51.5102839,-0.1247798 51.5103039,-0.1246455 51.5103564,-0.1245565 51.5102658,-0.1248833 51.5101359,-0.1249608 51.5102065,-0.1250345 51.5101806,-0.1250939 51.5101584)))",,432
"MULTIPOLYGON (((-0.1249675 51.510531,-0.1246974 51.5106394,-0.1246084 51.5106729,-0.1245364 51.5107044,-0.1242212 51.5104098,-0.1242257 51.5103955,-0.124324 51.5103569,-0.1244392 51.5103101,-0.1245565 51.5102658,-0.1246455 51.5103564,-0.1247798 51.5103039,-0.1248659 51.5103905,-0.1248395 51.5104007,-0.1249675 51.510531)))",,433
"MULTIPOLYGON (((-0.1260356 51.5097743,-0.1260059 51.5097773,-0.1259784 51.5097801,-0.1259113 51.5096515,-0.1259517 51.5096348,-0.1259871 51.5096194,-0.1260356 51.5097743)))",Institute of Chinese Medicine,437
"MULTIPOLYGON (((-0.1289316 51.5098612,-0.1288473 51.5098425,-0.1288522 51.5096741,-0.1289501 51.5096935,-0.1289316 51.5098612)))",,438
"MULTIPOLYGON (((-0.1285649 51.5102317,-0.1286041 51.5102284,-0.1287107 51.5102202,-0.1287245 51.5102185,-0.1287355 51.510274,-0.1285631 51.5102885,-0.1285646 51.5102436,-0.1285649 51.5102317)))",Saravana Bhavan,439
"MULTIPOLYGON (((-0.1288404 51.5099796,-0.1293547 51.5100448,-0.1293551 51.5100504,-0.1288475 51.5100895,-0.1288404 51.5099796)))",,440
"MULTIPOLYGON (((-0.1292774 51.5108524,-0.1292818 51.51082,-0.1291869 51.5108266,-0.1291313 51.5108312,-0.1290907 51.5108346,-0.1289991 51.5108402,-0.1289923 51.5107886,-0.1288748 51.5107973,-0.1287628 51.5108037,-0.1287496 51.5107746,-0.1287318 51.5107256,-0.1290671 51.5106948,-0.1290717 51.5107272,-0.1295098 51.5106935,-0.1295446 51.5108628,-0.1293647 51.5108649,-0.1293336 51.5109832,-0.129258 51.5109723,-0.1292774 51.5108524)))",,441
"MULTIPOLYGON (((-0.1295098 51.5106935,-0.1290717 51.5107272,-0.1290671 51.5106948,-0.1290639 51.5106714,-0.1294995 51.5106422,-0.1295098 51.5106935)))",,442
"MULTIPOLYGON (((-0.1295383 51.5111424,-0.1295735 51.5112323,-0.1295963 51.5112903,-0.1296345 51.5112941,-0.1297358 51.5116083,-0.1297516 51.5116063,-0.1297598 51.5116052,-0.129774 51.5116546,-0.1297543 51.5116567,-0.1296778 51.5116651,-0.1295987 51.5116737,-0.1295158 51.5116827,-0.129431 51.511692,-0.1294108 51.5116843,-0.1292913 51.5113101,-0.1292786 51.5112703,-0.1292595 51.5112104,-0.1293075 51.5111987,-0.1294804 51.5111565,-0.1295383 51.5111424)))",,443
"MULTIPOLYGON (((-0.1237315 51.5097661,-0.1235838 51.5096614,-0.1238469 51.5095359,-0.1239567 51.5096298,-0.1239914 51.5096544,-0.1239406 51.5096789,-0.1239179 51.5096604,-0.1238453 51.5097002,-0.1238601 51.5097089,-0.1237315 51.5097661)))",,444
"MULTIPOLYGON (((-0.1245489 51.5099934,-0.1246326 51.5100652,-0.1246325 51.5100856,-0.1245061 51.5101384,-0.1244062 51.5100583,-0.1245489 51.5099934)))",Brigit's Bakery,445
"MULTIPOLYGON (((-0.1248833 51.5101359,-0.1249627 51.510104,-0.1250345 51.5101806,-0.1249608 51.5102065,-0.1248833 51.5101359)))",School of Wok,446
"MULTIPOLYGON (((-0.1250939 51.5101584,-0.1250345 51.5101806,-0.1249627 51.510104,-0.1250655 51.5100628,-0.1250939 51.5101584)))",Lao Café,447
"MULTIPOLYGON (((-0.1258463 51.5096677,-0.1258565 51.5096632,-0.1259113 51.5096515,-0.1259784 51.5097801,-0.1259674 51.5097812,-0.1259294 51.5097851,-0.1258463 51.5096677)))",The Harp,448
"MULTIPOLYGON (((-0.1258463 51.5096677,-0.1259294 51.5097851,-0.1258687 51.5097912,-0.1257903 51.5096923,-0.1258463 51.5096677)))",,449
"MULTIPOLYGON (((-0.1257903 51.5096923,-0.1258687 51.5097912,-0.125766 51.5098017,-0.1256927 51.5097373,-0.1257903 51.5096923)))",Two,450
"MULTIPOLYGON (((-0.1256927 51.5097373,-0.125766 51.5098017,-0.1256442 51.5098102,-0.1255467 51.5098177,-0.1255441 51.5098144,-0.1255453 51.5098088,-0.1255478 51.5098053,-0.1256927 51.5097373)))",The Marquis,452
"MULTIPOLYGON (((-0.1236058 51.5098325,-0.1236901 51.5097983,-0.1237866 51.509885,-0.1238054 51.5099018,-0.1237217 51.5099381,-0.1237007 51.5099189,-0.1236058 51.5098325)))",Bedford House,455
"MULTIPOLYGON (((-0.1235215 51.5099836,-0.123455 51.5099241,-0.1235164 51.5098957,-0.1235827 51.509957,-0.1235215 51.5099836)))",,456
"MULTIPOLYGON (((-0.1235827 51.509957,-0.1236396 51.5100096,-0.1235787 51.5100345,-0.1235526 51.5100114,-0.1235215 51.5099836,-0.1235827 51.509957)))",,457
"MULTIPOLYGON (((-0.1235787 51.5100345,-0.1236396 51.5100096,-0.1236881 51.5100544,-0.1236297 51.5100787,-0.1235787 51.5100345)))",Chequers Sandwich Bar,458
"MULTIPOLYGON (((-0.1236392 51.5101426,-0.1236175 51.5101228,-0.1236092 51.5101264,-0.1235783 51.5101011,-0.1236297 51.5100787,-0.1236881 51.5100544,-0.1237431 51.5101028,-0.1236392 51.5101426)))",Carbon,459
"MULTIPOLYGON (((-0.1237251 51.5102187,-0.1236922 51.51019,-0.1237914 51.5101487,-0.1238386 51.5101898,-0.1237719 51.5102157,-0.1237611 51.5102052,-0.1237251 51.5102187)))",,460
"MULTIPOLYGON (((-0.1238917 51.5103756,-0.1237879 51.5102755,-0.1238297 51.5102588,-0.1238888 51.5102356,-0.1239953 51.510334,-0.1238917 51.5103756)))",Soho Coffee co.,461
"MULTIPOLYGON (((-0.1221615 51.5107618,-0.1222195 51.5108082,-0.1220426 51.5108852,-0.1219868 51.5108364,-0.1221615 51.5107618)))",Honest Burgers,462
"MULTIPOLYGON (((-0.1231902 51.5107322,-0.12335 51.5108698,-0.1232759 51.5109033,-0.1232345 51.510865,-0.1231562 51.5108986,-0.1231194 51.5108652,-0.123039 51.510792,-0.1231157 51.5107621,-0.1231902 51.5107322)))",Rules,465
"MULTIPOLYGON (((-0.1231194 51.5108652,-0.1230718 51.5108872,-0.123102 51.510918,-0.1230121 51.5109514,-0.1229813 51.5109235,-0.122923 51.5109439,-0.1229384 51.5109573,-0.1229028 51.5109723,-0.1228867 51.5109573,-0.1228163 51.5109852,-0.1228284 51.5109957,-0.1228023 51.5110071,-0.1227027 51.5109203,-0.1228075 51.5108803,-0.123039 51.510792,-0.1231194 51.5108652)))",,467
"MULTIPOLYGON (((-0.1230643 51.511297,-0.1229584 51.5112037,-0.1229806 51.5111939,-0.1229035 51.5111221,-0.1228961 51.5111267,-0.1228505 51.5110829,-0.1229055 51.5110591,-0.1229176 51.5110695,-0.1229739 51.5110466,-0.1229431 51.5110199,-0.12299 51.5109986,-0.1230611 51.5110645,-0.1230477 51.5110695,-0.1231059 51.5111229,-0.1232254 51.5112277,-0.1230643 51.511297)))",,468
"MULTIPOLYGON (((-0.1227591 51.5111425,-0.1227955 51.5111736,-0.1229818 51.5113323,-0.1228767 51.511377,-0.122664 51.5111839,-0.1227591 51.5111425)))",,470
"MULTIPOLYGON (((-0.1225493 51.5110512,-0.1225803 51.5110791,-0.1225367 51.5110983,-0.1225656 51.5111225,-0.1226266 51.5110962,-0.1226403 51.5111071,-0.1224256 51.5112044,-0.122407 51.5111865,-0.122354 51.5111356,-0.1224626 51.511089,-0.1224991 51.5110733,-0.1225364 51.5110574,-0.1225493 51.5110512)))",,471
"MULTIPOLYGON (((-0.1224426 51.5110227,-0.1224991 51.5110733,-0.1224626 51.511089,-0.122354 51.5111356,-0.1222996 51.51108,-0.122409 51.5110362,-0.1224426 51.5110227)))",,472
"MULTIPOLYGON (((-0.1231902 51.5107322,-0.1232606 51.5107027,-0.1234544 51.5108694,-0.123655 51.5110402,-0.1235856 51.5110692,-0.12335 51.5108698,-0.1231902 51.5107322)))",Sticks n Sushi,473
"MULTIPOLYGON (((-0.1235007 51.5106091,-0.1235523 51.5106557,-0.1236959 51.5107853,-0.1237176 51.510802,-0.1236372 51.510835,-0.123603 51.5108038,-0.1234762 51.5106882,-0.1234224 51.5106392,-0.1234456 51.5106303,-0.1235007 51.5106091)))",,475
"MULTIPOLYGON (((-0.1236959 51.5107853,-0.1235523 51.5106557,-0.1235007 51.5106091,-0.123521 51.5106013,-0.1235803 51.5105784,-0.1237517 51.5107295,-0.1237791 51.5107546,-0.1236959 51.5107853)))",,476
"MULTIPOLYGON (((-0.1237176 51.510802,-0.1238755 51.5109429,-0.1238048 51.5109742,-0.1236372 51.510835,-0.1237176 51.510802)))",,477
"MULTIPOLYGON (((-0.1237176 51.510802,-0.1236959 51.5107853,-0.1237791 51.5107546,-0.1239521 51.5109079,-0.1238755 51.5109429,-0.1237176 51.510802)))",,478
"MULTIPOLYGON (((-0.1230272 51.5124461,-0.1230976 51.5125065,-0.1230691 51.5125194,-0.1231049 51.5125502,-0.1230787 51.512562,-0.1230257 51.5125864,-0.1229192 51.5124936,-0.1229737 51.5124692,-0.1230272 51.5124461)))",,484
"MULTIPOLYGON (((-0.1228658 51.5125178,-0.1229702 51.5126108,-0.1229146 51.5126353,-0.1228591 51.5126597,-0.1227561 51.5125657,-0.1228112 51.5125415,-0.1228658 51.5125178)))",Guerlain,485
"MULTIPOLYGON (((-0.1217388 51.512627,-0.1216663 51.5126596,-0.1215899 51.5126921,-0.1215155 51.5126221,-0.1215875 51.5125898,-0.1216595 51.5125575,-0.1217388 51.512627)))",Santa Nata,486
"MULTIPOLYGON (((-0.123332 51.5127464,-0.1234678 51.5126783,-0.1235159 51.5127211,-0.1233816 51.5127865,-0.123332 51.5127464)))",Tissot,487
"MULTIPOLYGON (((-0.123281 51.5127055,-0.1234196 51.5126355,-0.1234678 51.5126783,-0.123332 51.5127464,-0.123281 51.5127055)))",Lacoste,488
"MULTIPOLYGON (((-0.1232294 51.5126617,-0.1233715 51.5125926,-0.1234196 51.5126355,-0.123281 51.5127055,-0.1232294 51.5126617)))",TAG Heuer,489
"MULTIPOLYGON (((-0.1233715 51.5125926,-0.1232294 51.5126617,-0.1231657 51.512604,-0.1232881 51.5125379,-0.1232962 51.5125344,-0.1233177 51.5125528,-0.1233233 51.5125498,-0.1233715 51.5125926)))",Kick Game,490
"MULTIPOLYGON (((-0.1232064 51.5124572,-0.1232789 51.5125195,-0.1232704 51.5125232,-0.1232881 51.5125379,-0.1231657 51.512604,-0.1231049 51.5125502,-0.1230691 51.5125194,-0.1230976 51.5125065,-0.1232064 51.5124572)))",Hoka,491
"MULTIPOLYGON (((-0.1224817 51.5126851,-0.122534 51.5126619,-0.122637 51.5127576,-0.1225815 51.512782,-0.122526 51.5128065,-0.1224248 51.512709,-0.1224817 51.5126851)))",,492
"MULTIPOLYGON (((-0.1227001 51.5125901,-0.1228036 51.5126842,-0.1227481 51.5127087,-0.1226457 51.5126136,-0.1227001 51.5125901)))",APM Monaco,493
"MULTIPOLYGON (((-0.1219964 51.5125636,-0.1219561 51.5125293,-0.1218837 51.5125619,-0.1218112 51.5125944,-0.1217388 51.512627,-0.1216595 51.5125575,-0.1217315 51.5125252,-0.1218035 51.5124929,-0.1218755 51.5124606,-0.1219862 51.512411,-0.1220253 51.5124459,-0.1220644 51.5124808,-0.1221035 51.5125157,-0.1221426 51.5125506,-0.1221817 51.5125855,-0.1222208 51.5126204,-0.1222598 51.5126552,-0.1222989 51.5126901,-0.1221977 51.5127353,-0.1221575 51.512701,-0.1221172 51.5126666,-0.1220769 51.5126323,-0.1220366 51.512598,-0.1219964 51.5125636)))",Bucherer 1888,494
"MULTIPOLYGON (((-0.122637 51.5127576,-0.122534 51.5126619,-0.1225899 51.512638,-0.1226457 51.5126136,-0.1227481 51.5127087,-0.1226925 51.5127331,-0.122637 51.5127576)))",Mulberry,495
"MULTIPOLYGON (((-0.1233816 51.5127865,-0.1235159 51.5127211,-0.1235641 51.5127639,-0.1236122 51.5128068,-0.1235999 51.5128134,-0.12362 51.512832,-0.1235628 51.512861,-0.1235546 51.5128549,-0.1235035 51.5128824,-0.1234485 51.5128395,-0.1233816 51.5127865)))",,497
"MULTIPOLYGON (((-0.1238363 51.513914,-0.1239382 51.513859,-0.1239885 51.5138915,-0.1238867 51.5139494,-0.1238363 51.513914)))",Food-Wine-News,498
"MULTIPOLYGON (((-0.1238363 51.513914,-0.1237921 51.513883,-0.1237018 51.5138253,-0.1237674 51.5137865,-0.1238027 51.5137667,-0.1238909 51.5138253,-0.1239382 51.513859,-0.1238363 51.513914)))",Royal India,500
"MULTIPOLYGON (((-0.1234217 51.5135887,-0.1233833 51.5136116,-0.1233676 51.5136208,-0.1232627 51.5135464,-0.1232777 51.513538,-0.1232851 51.5135412,-0.1233213 51.5135205,-0.1233398 51.5135343,-0.1234217 51.5135887)))",One To One English,502
"MULTIPOLYGON (((-0.1229041 51.5139197,-0.1226209 51.5137623,-0.122643 51.5137454,-0.1226547 51.5137502,-0.1226676 51.5137397,-0.1229526 51.5138876,-0.1229406 51.5138962,-0.1229041 51.5139197)))",Ryman,506
"MULTIPOLYGON (((-0.1245447 51.5140729,-0.1244701 51.5140225,-0.1245234 51.5139916,-0.1245725 51.5139632,-0.1246463 51.5140156,-0.1245447 51.5140729)))",Rokit,510
"MULTIPOLYGON (((-0.1242205 51.5135026,-0.124142 51.5134495,-0.1242138 51.5134072,-0.1242932 51.5134603,-0.1243947 51.5135282,-0.1243323 51.5135653,-0.1242677 51.5136029,-0.124197 51.5135576,-0.1241999 51.513535,-0.1241841 51.5135242,-0.1242205 51.5135026)))",itsu,511
"MULTIPOLYGON (((-0.1243854 51.5135997,-0.1243323 51.5135653,-0.1243947 51.5135282,-0.1244458 51.5135629,-0.1243854 51.5135997)))",David Clulow,512
"MULTIPOLYGON (((-0.1246426 51.5136938,-0.1245633 51.5137407,-0.1244715 51.513678,-0.1244194 51.5137079,-0.1243595 51.5136724,-0.1244311 51.5136314,-0.1243854 51.5135997,-0.1244458 51.5135629,-0.1245557 51.5136358,-0.1246426 51.5136938)))",Mango,513
"MULTIPOLYGON (((-0.124616 51.5137767,-0.1245633 51.5137407,-0.1246426 51.5136938,-0.1246989 51.5137315,-0.124616 51.5137767)))",Lola's Cupcakes,514
"MULTIPOLYGON (((-0.124616 51.5137767,-0.1246989 51.5137315,-0.1247398 51.5137588,-0.1248168 51.5138103,-0.1248579 51.5138377,-0.1248669 51.5138964,-0.1246999 51.5139868,-0.1246407 51.5139444,-0.1246135 51.5139249,-0.1246789 51.5138885,-0.1246034 51.5138341,-0.1246537 51.5138025,-0.124616 51.5137767)))",,515
"MULTIPOLYGON (((-0.1249989 51.513837,-0.1249351 51.5137947,-0.1248594 51.5137456,-0.124953 51.5137106,-0.1250262 51.5136768,-0.1250497 51.5136668,-0.1250677 51.5136594,-0.1251812 51.5137605,-0.125164 51.5137669,-0.1251446 51.5137753,-0.1249989 51.513837)))",,517
"MULTIPOLYGON (((-0.1238366 51.5127869,-0.12395 51.5127348,-0.1239905 51.5127143,-0.1240564 51.5126787,-0.1241706 51.5126168,-0.1241883 51.5126075,-0.1242295 51.5125859,-0.1242377 51.5125816,-0.1242429 51.5125787,-0.1242482 51.5125758,-0.1242646 51.5125668,-0.1242885 51.5125536,-0.1243606 51.5125133,-0.1243723 51.512514,-0.1244282 51.5125588,-0.1244896 51.5126087,-0.1246139 51.5127107,-0.1246828 51.512767,-0.1247376 51.5128111,-0.1246574 51.5128518,-0.1246013 51.5128799,-0.12455 51.5129137,-0.1244822 51.5129526,-0.1244025 51.5129936,-0.1242589 51.512886,-0.1242132 51.5128463,-0.1239888 51.5129438,-0.1239426 51.5129057,-0.1238722 51.5128385,-0.1238323 51.5128063,-0.1238366 51.5127869)))",,518
"MULTIPOLYGON (((-0.1246483 51.5123594,-0.1247008 51.5123314,-0.1247742 51.5123986,-0.1247239 51.5124237,-0.1246483 51.5123594)))",Nigel Hall,519
"MULTIPOLYGON (((-0.1260208 51.5115849,-0.1260174 51.5115925,-0.1256638 51.5116314,-0.1256422 51.5115439,-0.125632 51.511486,-0.1260208 51.5115849)))",,527
"MULTIPOLYGON (((-0.1256947 51.5116758,-0.125745 51.5117973,-0.1256844 51.5118124,-0.1256668 51.5117648,-0.1256354 51.511768,-0.1256267 51.5117682,-0.1256194 51.5117458,-0.1256018 51.5116875,-0.1256127 51.5116868,-0.1256947 51.5116758)))",The Lamb and Flag,528
"MULTIPOLYGON (((-0.1261734 51.5119974,-0.126158 51.511956,-0.1262344 51.5119451,-0.1262362 51.5119858,-0.1261734 51.5119974)))",Le Jeune Chocolatiers,531
"MULTIPOLYGON (((-0.126158 51.511956,-0.1261445 51.5119194,-0.1261402 51.511908,-0.1262323 51.5118965,-0.1262329 51.5119104,-0.1262344 51.5119451,-0.126158 51.511956)))",,532
"MULTIPOLYGON (((-0.1260559 51.5125297,-0.1259198 51.5125953,-0.125872 51.5125551,-0.1257267 51.5124405,-0.1258658 51.5123694,-0.1258779 51.5123796,-0.1260069 51.5124882,-0.1260559 51.5125297)))",COS,534
"MULTIPOLYGON (((-0.1263512 51.5130717,-0.1264014 51.5131071,-0.1262841 51.5131672,-0.126237 51.5131314,-0.1263512 51.5130717)))",,546
"MULTIPOLYGON (((-0.1259596 51.5127468,-0.1260569 51.512824,-0.1260773 51.5128397,-0.1259425 51.5129073,-0.1258216 51.5128128,-0.1259596 51.5127468)))",,548
"MULTIPOLYGON (((-0.1257267 51.5124405,-0.125872 51.5125551,-0.125805 51.5125883,-0.1256582 51.5124755,-0.1257267 51.5124405)))",Swarovski,551
"MULTIPOLYGON (((-0.1265425 51.5115733,-0.1264945 51.5115611,-0.1265521 51.5114839,-0.1266002 51.5114852,-0.1265425 51.5115733)))",Simurgh,555
"MULTIPOLYGON (((-0.1265832 51.5115856,-0.1266532 51.5114867,-0.1267463 51.5114902,-0.1267096 51.5115732,-0.1266928 51.5115709,-0.1266678 51.5116062,-0.1265832 51.5115856)))",Snappy Snaps,556
"MULTIPOLYGON (((-0.130052 51.5103544,-0.1300661 51.5103485,-0.1300825 51.5103457,-0.1300994 51.5103463,-0.1301151 51.5103502,-0.130128 51.5103571,-0.1301371 51.5103666,-0.1301405 51.5103774,-0.130138 51.5103883,-0.1301298 51.510398,-0.1301169 51.5104056,-0.1301007 51.51041,-0.130083 51.5104108,-0.130066 51.510408,-0.1300514 51.5104018,-0.1300412 51.5103933,-0.130036 51.5103832,-0.1300361 51.5103727,-0.1300417 51.5103627,-0.130052 51.5103544)))",Shakespeare Fountain,557
"MULTIPOLYGON (((-0.1234867 51.5114648,-0.1234886 51.5114612,-0.1234925 51.5114582,-0.1234972 51.5114563,-0.1235026 51.5114555,-0.1235082 51.5114557,-0.1235133 51.511457,-0.1235175 51.5114592,-0.1235205 51.5114622,-0.1235218 51.5114655,-0.1235215 51.511469,-0.1235194 51.5114722,-0.1235159 51.5114748,-0.1235106 51.5114768,-0.1235045 51.5114775,-0.1234984 51.511477,-0.1234931 51.5114751,-0.123489 51.5114722,-0.1234868 51.5114687,-0.1234867 51.5114648)))",,558
"MULTIPOLYGON (((-0.1252001 51.5117576,-0.1251482 51.511779,-0.1251365 51.5117838,-0.1251152 51.5117637,-0.1250613 51.5117859,-0.1249925 51.5117211,-0.1249666 51.5116968,-0.1249303 51.5116627,-0.1249797 51.5116424,-0.1251204 51.5115845,-0.1252495 51.511706,-0.125177 51.5117358,-0.1252001 51.5117576)))",Floral Court,559
"MULTIPOLYGON (((-0.1235049 51.5119707,-0.1234686 51.5119869,-0.1234899 51.5120054,-0.1234463 51.5120249,-0.1230688 51.5121932,-0.1230777 51.512201,-0.1230571 51.5122101,-0.1229895 51.5122403,-0.1229695 51.5122492,-0.1229605 51.5122414,-0.1225823 51.5124101,-0.1225405 51.5124287,-0.1225215 51.5124122,-0.1224843 51.5124287,-0.122427 51.512379,-0.1224642 51.5123624,-0.1220716 51.5120213,-0.1220345 51.5120378,-0.121977 51.5119878,-0.122014 51.5119713,-0.1219908 51.5119512,-0.1220335 51.5119322,-0.1224125 51.5117632,-0.1224022 51.5117542,-0.122419 51.5117467,-0.1224919 51.5117142,-0.1225098 51.5117062,-0.1225201 51.5117152,-0.122899 51.5115463,-0.1229401 51.5115279,-0.1229626 51.5115474,-0.1229991 51.5115311,-0.1230566 51.511581,-0.12302 51.5115974,-0.1230415 51.511616,-0.122952 51.5116559,-0.1230615 51.511751,-0.1230804 51.5117426,-0.1232079 51.5118534,-0.1231865 51.5118629,-0.1232953 51.5119574,-0.1233874 51.5119163,-0.1234109 51.5119368,-0.1234472 51.5119206,-0.1235049 51.5119707)))",Covent Garden Market,560
"MULTIPOLYGON (((-0.1198884 51.5121717,-0.1199105 51.5121583,-0.1199279 51.5121483,-0.119942 51.5121412,-0.1200571 51.5122368,-0.1200241 51.5122522,-0.1199981 51.5122643,-0.1198884 51.5121717)))",Viola's Food & Wine,561
"MULTIPOLYGON (((-0.1211929 51.5114101,-0.1213201 51.511356,-0.1214219 51.5113128,-0.121491 51.511381,-0.1215291 51.5113658,-0.1215906 51.5114216,-0.1214594 51.5114823,-0.1213376 51.5115387,-0.1211929 51.5114101)))",,565
"MULTIPOLYGON (((-0.1209834 51.5115578,-0.1210266 51.5115077,-0.1210508 51.5115169,-0.1211308 51.5114567,-0.1211929 51.5114101,-0.1213376 51.5115387,-0.121257 51.5115772,-0.1211835 51.5115945,-0.1211281 51.5115958,-0.1209834 51.5115578)))",,566
"MULTIPOLYGON (((-0.1238221 51.5112486,-0.1238023 51.5112575,-0.1237843 51.5112658,-0.1237279 51.5112906,-0.1236862 51.5113084,-0.1236475 51.5113274,-0.1236179 51.5113409,-0.1235207 51.5112574,-0.1235493 51.5112444,-0.12359 51.5112263,-0.1236316 51.5112079,-0.1236877 51.5111832,-0.1237057 51.5111752,-0.1237262 51.5111661,-0.1238221 51.5112486)))",,573
"MULTIPOLYGON (((-0.1236179 51.5113409,-0.1233485 51.5114606,-0.1232679 51.5113903,-0.1232515 51.511376,-0.1234402 51.5112926,-0.1234711 51.5112789,-0.1235025 51.511265,-0.1235207 51.5112574,-0.1236179 51.5113409)))",NatWest,574
"MULTIPOLYGON (((-0.1237262 51.5111661,-0.1237794 51.5111426,-0.1238482 51.5111122,-0.123914 51.511083,-0.1239758 51.5110557,-0.1240446 51.5110253,-0.124113 51.5109951,-0.1241622 51.5109733,-0.1242082 51.5110136,-0.1242204 51.5110082,-0.1242609 51.5110437,-0.1241995 51.5110709,-0.1241311 51.5111011,-0.1240623 51.5111315,-0.1240006 51.5111588,-0.1239347 51.511188,-0.123866 51.5112184,-0.1238221 51.5112486,-0.1237262 51.5111661)))",,575
"MULTIPOLYGON (((-0.1242609 51.5110437,-0.1242204 51.5110082,-0.1242082 51.5110136,-0.1241622 51.5109733,-0.1243121 51.5109092,-0.1244026 51.5109915,-0.1243915 51.5109964,-0.1242688 51.5110506,-0.1242609 51.5110437)))",,576
"MULTIPOLYGON (((-0.1245527 51.5109249,-0.1244026 51.5109915,-0.1243121 51.5109092,-0.1244649 51.5108433,-0.1245527 51.5109249)))",,577
"MULTIPOLYGON (((-0.1197467 51.5124398,-0.1197562 51.5124433,-0.1197528 51.5124472,-0.1197092 51.5125,-0.1197007 51.5125103,-0.1196401 51.512587,-0.1196192 51.5126134,-0.1195847 51.5126551,-0.1195355 51.5127192,-0.1192372 51.5130884,-0.1191802 51.5131653,-0.1191039 51.5132636,-0.1184426 51.5130079,-0.1184178 51.5129934,-0.1184164 51.5129772,-0.1184465 51.5129521,-0.1184909 51.5129229,-0.1185189 51.5129033,-0.1185482 51.5128819,-0.1185966 51.5128473,-0.1187677 51.5127115,-0.1188363 51.512641,-0.118909 51.5125629,-0.1189624 51.5124953,-0.1190329 51.5123955,-0.1190968 51.5122883,-0.1191062 51.5122834,-0.1190979 51.5122766,-0.1190971 51.5122684,-0.1190997 51.5122601,-0.119109 51.5122509,-0.1191225 51.5122456,-0.1191376 51.5122425,-0.1191541 51.5122415,-0.1191726 51.5122448,-0.1191881 51.5122414,-0.1193338 51.512289,-0.1197467 51.5124398)))",,579
"MULTIPOLYGON (((-0.1198997 51.5122491,-0.1198863 51.5122581,-0.1198221 51.5122965,-0.1197695 51.5122758,-0.1198619 51.5122191,-0.1198997 51.5122491)))",Yori,581
"MULTIPOLYGON (((-0.1198221 51.5122965,-0.1198863 51.5122581,-0.1198997 51.5122491,-0.1199474 51.5122869,-0.1199383 51.512291,-0.1199309 51.5122943,-0.1199243 51.5122973,-0.1198871 51.5123139,-0.1198662 51.5123139,-0.1198221 51.5122965)))",,583
"MULTIPOLYGON (((-0.130935 51.5098177,-0.130141 51.5099512,-0.1300201 51.5094826,-0.1306287 51.5094061,-0.130935 51.5098177)))",The Londoner,585
"MULTIPOLYGON (((-0.1212818 51.5128352,-0.1212057 51.5128678,-0.1211752 51.5128832,-0.1211688 51.5128807,-0.1210903 51.5128081,-0.1211943 51.512763,-0.1212773 51.5128315,-0.1212818 51.5128352)))",,590
"MULTIPOLYGON (((-0.1213334 51.5128826,-0.1212791 51.5129122,-0.1212147 51.5129468,-0.1211725 51.5129178,-0.1212278 51.5128849,-0.1212057 51.5128678,-0.1212818 51.5128352,-0.1213282 51.5128778,-0.1213334 51.5128826)))",,591
"MULTIPOLYGON (((-0.1213894 51.5129304,-0.1213247 51.5129658,-0.1213327 51.5129738,-0.1212737 51.5130074,-0.1212462 51.5129892,-0.121256 51.5129842,-0.1212288 51.512965,-0.1212942 51.5129262,-0.1212791 51.5129122,-0.1213334 51.5128826,-0.1213411 51.5128892,-0.1213805 51.5129227,-0.1213894 51.5129304)))",Bow Street Tavern,592
"MULTIPOLYGON (((-0.1214697 51.5130335,-0.1213813 51.5131052,-0.1213424 51.5130892,-0.1212191 51.5130385,-0.1212737 51.5130074,-0.1213327 51.5129738,-0.1213247 51.5129658,-0.1213894 51.5129304,-0.121445 51.5129809,-0.1214598 51.5129944,-0.1214729 51.5130063,-0.121487 51.513019,-0.1214697 51.5130335)))",,593
"MULTIPOLYGON (((-0.1230578 51.5133983,-0.1229451 51.5134625,-0.1228838 51.5135008,-0.122839 51.5134692,-0.1227397 51.5133957,-0.1228057 51.5133597,-0.1230277 51.5132372,-0.1231695 51.5133386,-0.1230578 51.5133983)))",,596
"MULTIPOLYGON (((-0.1226751 51.5134293,-0.1226838 51.5134254,-0.1226918 51.5134212,-0.1227012 51.513416,-0.1227397 51.5133957,-0.122839 51.5134692,-0.122799 51.5134923,-0.1227865 51.5134996,-0.122755 51.5134852,-0.1226751 51.5134293)))",,597
"MULTIPOLYGON (((-0.1203244 51.5125114,-0.1204034 51.51244,-0.1204828 51.5123987,-0.1205424 51.5124416,-0.1204744 51.5124763,-0.1204006 51.5125436,-0.1203412 51.5125184,-0.1203244 51.5125114)))",Opera Tavern,599
"MULTIPOLYGON (((-0.1202545 51.5124816,-0.1202481 51.512479,-0.120197 51.5124579,-0.1202476 51.5124195,-0.1202543 51.5124221,-0.1202779 51.5124047,-0.1203383 51.5124175,-0.1202545 51.5124816)))",Mamie's,602
"MULTIPOLYGON (((-0.1203244 51.5125114,-0.1203168 51.5125081,-0.120269 51.5124877,-0.120263 51.5124852,-0.1202545 51.5124816,-0.1203383 51.5124175,-0.1203633 51.5124025,-0.1203781 51.5124113,-0.1203859 51.5124158,-0.1204128 51.5124012,-0.1204617 51.5123771,-0.1204828 51.5123987,-0.1204034 51.51244,-0.1203244 51.5125114)))",,603
"MULTIPOLYGON (((-0.1205884 51.5124726,-0.120474 51.5125745,-0.1204636 51.5125702,-0.1204554 51.5125667,-0.1204114 51.5125481,-0.1204006 51.5125436,-0.1204744 51.5124763,-0.1205424 51.5124416,-0.1205754 51.5124598,-0.120593 51.5124694,-0.1205884 51.5124726)))",,604
"MULTIPOLYGON (((-0.1205502 51.5126049,-0.1205417 51.5126015,-0.1205282 51.5125961,-0.1204875 51.5125799,-0.120474 51.5125745,-0.1205884 51.5124726,-0.1206473 51.512503,-0.1206672 51.5125133,-0.1206391 51.5125345,-0.1205502 51.5126049)))",,605
"MULTIPOLYGON (((-0.1207081 51.5125592,-0.120621 51.5126358,-0.1206114 51.5126316,-0.1205613 51.5126097,-0.1205502 51.5126049,-0.1206391 51.5125345,-0.1207081 51.5125592)))",Nell of Old Drury,606
"MULTIPOLYGON (((-0.1207678 51.5125994,-0.1206914 51.5126679,-0.1206819 51.5126636,-0.1206336 51.5126415,-0.120621 51.5126358,-0.1207081 51.5125592,-0.1207215 51.5125673,-0.1207108 51.5125752,-0.1207678 51.5125994)))",Sagar,607
"MULTIPOLYGON (((-0.1206914 51.5126679,-0.1207678 51.5125994,-0.120798 51.5126136,-0.1207718 51.5126355,-0.1208141 51.5126604,-0.1207976 51.5126726,-0.1207578 51.5127023,-0.1207491 51.5126979,-0.1206914 51.5126679)))",Augustus Harris,608
"MULTIPOLYGON (((-0.1196361 51.5133048,-0.1197338 51.5133443,-0.1197137 51.5133689,-0.1196896 51.5133929,-0.119834 51.5134479,-0.1197655 51.5135186,-0.1195229 51.5134277,-0.1196361 51.5133048)))",,609
"MULTIPOLYGON (((-0.1220283 51.5142844,-0.1220575 51.5142977,-0.1220611 51.5142993,-0.1220004 51.5143487,-0.1220276 51.514363,-0.1219352 51.5144328,-0.1217631 51.5143571,-0.1219101 51.5142309,-0.1220283 51.5142844)))",,611
"MULTIPOLYGON (((-0.1225554 51.5139204,-0.1225248 51.5139432,-0.1225024 51.5139606,-0.1223124 51.514117,-0.122316 51.5141185,-0.1223254 51.5141231,-0.1220575 51.5142977,-0.1220283 51.5142844,-0.1219101 51.5142309,-0.1219205 51.5142213,-0.1219339 51.5142098,-0.1220482 51.5141157,-0.1220714 51.5140967,-0.1222014 51.5139863,-0.1223581 51.5138538,-0.1224129 51.5138481,-0.122453 51.5138685,-0.1225554 51.5139204)))",,614
"MULTIPOLYGON (((-0.1228376 51.5139604,-0.1228258 51.5139687,-0.1227725 51.5140024,-0.1226413 51.5139331,-0.1226294 51.5139246,-0.1225806 51.5138896,-0.1226034 51.5138437,-0.1226065 51.5138388,-0.1228376 51.5139604)))",Pho,619
"MULTIPOLYGON (((-0.1228554 51.5139508,-0.1225934 51.5138123,-0.1225748 51.5138024,-0.1226209 51.5137623,-0.1229041 51.5139197,-0.1228666 51.5139436,-0.1228554 51.5139508)))",Pret A Manger,620
"MULTIPOLYGON (((-0.1297431 51.5114697,-0.1297572 51.5114824,-0.1297758 51.5114935,-0.1298102 51.5115077,-0.1298498 51.5115169,-0.1298554 51.5115175,-0.1298759 51.5115544,-0.1299152 51.511625,-0.1299044 51.5116272,-0.1298629 51.5116359,-0.1298555 51.5116375,-0.1298403 51.5116407,-0.129788 51.5116517,-0.129774 51.5116546,-0.1297598 51.5116052,-0.1297534 51.5115829,-0.129721 51.5114698,-0.1297431 51.5114697)))",,621
"MULTIPOLYGON (((-0.1310802 51.5111618,-0.1310628 51.5111442,-0.1311944 51.5110956,-0.131275 51.5111984,-0.1311522 51.511243,-0.1310802 51.5111618)))",,622
"MULTIPOLYGON (((-0.1311078 51.510985,-0.1309169 51.5110566,-0.1308703 51.5110031,-0.1310652 51.5109306,-0.1311078 51.510985)))",The Imperial,625
"MULTIPOLYGON (((-0.1311531 51.5110429,-0.130982 51.5111029,-0.130977 51.5111048,-0.1309518 51.511075,-0.1309387 51.5110789,-0.1309169 51.5110566,-0.1311078 51.510985,-0.1311531 51.5110429)))",,626
"MULTIPOLYGON (((-0.1311944 51.5110956,-0.1310628 51.5111442,-0.1310098 51.5111636,-0.1309874 51.5111407,-0.1310105 51.5111315,-0.130982 51.5111029,-0.1311531 51.5110429,-0.1311944 51.5110956)))",Joy King Lau,627
"MULTIPOLYGON (((-0.1285552 51.509639,-0.1285569 51.5095701,-0.1286651 51.5095689,-0.1286693 51.5096498,-0.1285552 51.509639)))",,628
"MULTIPOLYGON (((-0.1287509 51.5100366,-0.1287514 51.5100521,-0.1285477 51.5100514,-0.1285475 51.5100436,-0.1285473 51.5100341,-0.1285465 51.5100002,-0.1286897 51.5100007,-0.1286974 51.5100047,-0.1286989 51.5100229,-0.1287001 51.5100368,-0.1287509 51.5100366)))",,635
"MULTIPOLYGON (((-0.1291657 51.5109561,-0.1291833 51.510848,-0.1292774 51.5108524,-0.129258 51.5109723,-0.129166 51.51096,-0.1291657 51.5109561)))",,637
"MULTIPOLYGON (((-0.1265615 51.5115799,-0.1265425 51.5115733,-0.1266002 51.5114852,-0.1266532 51.5114867,-0.1265832 51.5115856,-0.1265615 51.5115799)))",Honest Burgers,641
"MULTIPOLYGON (((-0.1296682 51.5112882,-0.1295963 51.5112903,-0.1295735 51.5112323,-0.1295383 51.5111424,-0.1296146 51.511126,-0.1296682 51.5112882)))",,645
"MULTIPOLYGON (((-0.1296591 51.5111166,-0.1298055 51.5112732,-0.1296845 51.5113388,-0.1296682 51.5112882,-0.1296146 51.511126,-0.1296591 51.5111166)))",,646
"MULTIPOLYGON (((-0.1230272 51.5124461,-0.1230834 51.5124215,-0.1231368 51.5123984,-0.1232064 51.5124572,-0.1230976 51.5125065,-0.1230272 51.5124461)))",,647
"MULTIPOLYGON (((-0.1228658 51.5125178,-0.1229192 51.5124936,-0.1230257 51.5125864,-0.1229702 51.5126108,-0.1228658 51.5125178)))",Blondies Kitchen,648
"MULTIPOLYGON (((-0.1227001 51.5125901,-0.1227561 51.5125657,-0.1228591 51.5126597,-0.1228036 51.5126842,-0.1227001 51.5125901)))",Molton Brown,649
