{
"type": "FeatureCollection",
"name": "holcim_holdings",
"crs": { "type": "name", "properties": { "name": "urn:ogc:def:crs:EPSG::3857" } },
"features": [
{ "type": "Feature", "properties": { "Title": "HP886656" }, "geometry": { "type": "MultiPolygon", "coordinates": [ [ [ [ -1.3838371, 50.9034332 ], [ -1.3838402, 50.9034201 ], [ -1.3836646, 50.9034037 ], [ -1.3836398, 50.9034695 ], [ -1.3834794, 50.9034511 ], [ -1.3834321, 50.9034761 ], [ -1.3833227, 50.903739 ], [ -1.383455, 50.9038939 ], [ -1.3839272, 50.9038918 ], [ -1.3839394, 50.9036957 ], [ -1.3840679, 50.9034717 ], [ -1.3838371, 50.9034332 ] ] ] ] } },
{ "type": "Feature", "properties": { "Title": "AGL125784" }, "geometry": { "type": "MultiPolygon", "coordinates": [ [ [ [ -0.2538461, 51.5328591 ], [ -0.2537123, 51.5327192 ], [ -0.2535453, 51.5326205 ], [ -0.2533642, 51.5324765 ], [ -0.2534597, 51.5326112 ], [ -0.2532159, 51.5328994 ], [ -0.2535926, 51.5330248 ], [ -0.253817, 51.5330102 ], [ -0.2538461, 51.5328591 ] ] ] ] } },
{ "type": "Feature", "properties": { "Title": "SF533147" }, "geometry": { "type": "MultiPolygon", "coordinates": [ [ [ [ -1.901269, 53.0460516 ], [ -1.9005473, 53.0453959 ], [ -1.8999694, 53.045579 ], [ -1.9002787, 53.0464382 ], [ -1.901269, 53.0460516 ] ] ], [ [ [ -1.8907586, 53.0485971 ], [ -1.8906696, 53.0486816 ], [ -1.8904833, 53.0487208 ], [ -1.8904061, 53.0487614 ], [ -1.8902435, 53.0487665 ], [ -1.8900184, 53.0487479 ], [ -1.8896181, 53.0488467 ], [ -1.8895874, 53.0488921 ], [ -1.8895719, 53.0489502 ], [ -1.8894324, 53.0490608 ], [ -1.8893268, 53.0491301 ], [ -1.8892212, 53.0492382 ], [ -1.889111, 53.0492381 ], [ -1.8889613, 53.0492011 ], [ -1.8893171, 53.0495484 ], [ -1.8894777, 53.0497303 ], [ -1.8896302, 53.0496573 ], [ -1.8895456, 53.0494263 ], [ -1.8899831, 53.0493255 ], [ -1.8912499, 53.0490384 ], [ -1.8916622, 53.0489925 ], [ -1.8921287, 53.0490209 ], [ -1.8922902, 53.0490555 ], [ -1.8929073, 53.0493611 ], [ -1.8934924, 53.0496948 ], [ -1.8937205, 53.0498869 ], [ -1.8938601, 53.0500683 ], [ -1.8939375, 53.0504426 ], [ -1.8938821, 53.0506717 ], [ -1.8940436, 53.0507202 ], [ -1.8941203, 53.0507882 ], [ -1.8941049, 53.0509267 ], [ -1.8939059, 53.051088 ], [ -1.8936896, 53.0512674 ], [ -1.8936761, 53.0512933 ], [ -1.8944091, 53.0513406 ], [ -1.8946348, 53.0512249 ], [ -1.8947757, 53.0510866 ], [ -1.8949243, 53.0510174 ], [ -1.895334, 53.0509177 ], [ -1.895592, 53.0509156 ], [ -1.8960602, 53.050982 ], [ -1.8964259, 53.0509841 ], [ -1.8955858, 53.048266 ], [ -1.8971039, 53.0483619 ], [ -1.8972703, 53.0487753 ], [ -1.8970937, 53.0488133 ], [ -1.8979981, 53.0511119 ], [ -1.898401, 53.0510639 ], [ -1.8991701, 53.0508469 ], [ -1.8994302, 53.0508393 ], [ -1.8982616, 53.0480232 ], [ -1.8974629, 53.0460556 ], [ -1.8971887, 53.0454346 ], [ -1.899791, 53.0450988 ], [ -1.8999502, 53.0455347 ], [ -1.9004666, 53.0453519 ], [ -1.9001324, 53.0450658 ], [ -1.8997977, 53.0446594 ], [ -1.8997156, 53.0445794 ], [ -1.8995542, 53.0445727 ], [ -1.8992073, 53.044371 ], [ -1.8989196, 53.0441669 ], [ -1.89794, 53.0437048 ], [ -1.8973299, 53.0434563 ], [ -1.8971773, 53.0434129 ], [ -1.8971915, 53.0434061 ], [ -1.8962848, 53.0431616 ], [ -1.8957983, 53.0430716 ], [ -1.8955163, 53.042977 ], [ -1.8950698, 53.0429298 ], [ -1.8941811, 53.0428664 ], [ -1.893436, 53.0428476 ], [ -1.8924659, 53.0428936 ], [ -1.8920781, 53.0430913 ], [ -1.8918908, 53.0431086 ], [ -1.8916184, 53.0430319 ], [ -1.8916187, 53.0430922 ], [ -1.8917245, 53.0431699 ], [ -1.8917507, 53.0433047 ], [ -1.8917212, 53.0433722 ], [ -1.8918935, 53.0435351 ], [ -1.8919104, 53.0436879 ], [ -1.8918602, 53.0438365 ], [ -1.8919384, 53.0439619 ], [ -1.8920535, 53.0440957 ], [ -1.8921656, 53.0445829 ], [ -1.8922491, 53.0447346 ], [ -1.8922018, 53.0447897 ], [ -1.891916, 53.0449748 ], [ -1.8919059, 53.0450524 ], [ -1.8918953, 53.0451928 ], [ -1.8919763, 53.0452633 ], [ -1.8918953, 53.0453738 ], [ -1.8917345, 53.0454998 ], [ -1.8915978, 53.0455596 ], [ -1.8915998, 53.0456152 ], [ -1.8916778, 53.0457425 ], [ -1.8917594, 53.0458428 ], [ -1.891661, 53.0463159 ], [ -1.8916453, 53.0464979 ], [ -1.8916085, 53.046545 ], [ -1.8916584, 53.0465784 ], [ -1.8917729, 53.0466077 ], [ -1.89181, 53.0466635 ], [ -1.8917567, 53.0467613 ], [ -1.8917681, 53.0468374 ], [ -1.891741, 53.0469849 ], [ -1.8916919, 53.0470705 ], [ -1.8917079, 53.0472473 ], [ -1.8916482, 53.0473827 ], [ -1.891655, 53.0474537 ], [ -1.8915668, 53.0475067 ], [ -1.8915485, 53.047552 ], [ -1.8914658, 53.0475285 ], [ -1.8914218, 53.0475456 ], [ -1.8914421, 53.0476299 ], [ -1.8914781, 53.0477376 ], [ -1.891483, 53.0478656 ], [ -1.8915061, 53.0479233 ], [ -1.8914388, 53.0479623 ], [ -1.8913817, 53.0479826 ], [ -1.8913856, 53.0480378 ], [ -1.8911611, 53.0482188 ], [ -1.8910634, 53.0482717 ], [ -1.8908537, 53.0483327 ], [ -1.8907437, 53.0485095 ], [ -1.8907586, 53.0485971 ] ] ] ] } },
{ "type": "Feature", "properties": { "Title": "SF533068" }, "geometry": { "type": "MultiPolygon", "coordinates": [ [ [ [ -1.8805913, 53.0418154 ], [ -1.8803251, 53.0413558 ], [ -1.8797822, 53.0403506 ], [ -1.8795418, 53.0397103 ], [ -1.8795642, 53.0396891 ], [ -1.8798163, 53.0396453 ], [ -1.8805397, 53.0396529 ], [ -1.8808816, 53.039608 ], [ -1.8814583, 53.0396031 ], [ -1.8818931, 53.0396156 ], [ -1.8821905, 53.038244 ], [ -1.8824488, 53.0367669 ], [ -1.8776452, 53.0375814 ], [ -1.8774245, 53.0375659 ], [ -1.8763683, 53.0373821 ], [ -1.8760439, 53.037296 ], [ -1.8757223, 53.0370975 ], [ -1.8754924, 53.0368234 ], [ -1.8754227, 53.0366404 ], [ -1.875288, 53.0365394 ], [ -1.8749917, 53.0361782 ], [ -1.8747422, 53.0357192 ], [ -1.8743183, 53.0357668 ], [ -1.8742752, 53.035708 ], [ -1.8742211, 53.035708 ], [ -1.874221, 53.0357536 ], [ -1.8740912, 53.035773 ], [ -1.8740604, 53.0357017 ], [ -1.8732123, 53.0357912 ], [ -1.8732359, 53.0356348 ], [ -1.8724111, 53.0356513 ], [ -1.8714478, 53.0356955 ], [ -1.8712885, 53.0359108 ], [ -1.871225, 53.0359281 ], [ -1.8712599, 53.0358308 ], [ -1.8682663, 53.0360472 ], [ -1.8680251, 53.036533 ], [ -1.8671612, 53.0363002 ], [ -1.8666273, 53.0355927 ], [ -1.8662339, 53.0348888 ], [ -1.8658567, 53.0347412 ], [ -1.8656661, 53.0346965 ], [ -1.8654779, 53.0346963 ], [ -1.8650288, 53.0347633 ], [ -1.8644996, 53.0348178 ], [ -1.8641469, 53.0349003 ], [ -1.8638148, 53.035078 ], [ -1.8633345, 53.0355382 ], [ -1.8631574, 53.035746 ], [ -1.8628894, 53.0358265 ], [ -1.8627971, 53.0357948 ], [ -1.8625514, 53.035566 ], [ -1.8619149, 53.0355266 ], [ -1.8612929, 53.0353275 ], [ -1.8608543, 53.0357866 ], [ -1.860348, 53.0355778 ], [ -1.8601117, 53.0357026 ], [ -1.8593651, 53.0364799 ], [ -1.8592396, 53.0366439 ], [ -1.859147, 53.0366988 ], [ -1.8592733, 53.0367982 ], [ -1.8593282, 53.0368142 ], [ -1.8595818, 53.0371222 ], [ -1.8599607, 53.0375052 ], [ -1.8602008, 53.0377814 ], [ -1.8605828, 53.0381302 ], [ -1.8608481, 53.0382786 ], [ -1.8611334, 53.0383671 ], [ -1.8617278, 53.0384858 ], [ -1.8627749, 53.0388139 ], [ -1.8630396, 53.0388684 ], [ -1.8631141, 53.0390254 ], [ -1.8632405, 53.0391226 ], [ -1.8636709, 53.0392749 ], [ -1.8647006, 53.0396376 ], [ -1.8649977, 53.0397489 ], [ -1.8649885, 53.0397614 ], [ -1.8657628, 53.0401285 ], [ -1.8664346, 53.0404986 ], [ -1.8666887, 53.0406131 ], [ -1.8670013, 53.0409022 ], [ -1.8672871, 53.0412098 ], [ -1.8676915, 53.0412545 ], [ -1.8680566, 53.0416024 ], [ -1.8683129, 53.041772 ], [ -1.8686784, 53.0418877 ], [ -1.8688489, 53.0419727 ], [ -1.869005, 53.041985 ], [ -1.8690307, 53.0421316 ], [ -1.8694306, 53.042156 ], [ -1.8698025, 53.0421078 ], [ -1.8701721, 53.0420061 ], [ -1.8705333, 53.0418474 ], [ -1.8709272, 53.0416741 ], [ -1.8714159, 53.0415642 ], [ -1.8722644, 53.0414929 ], [ -1.8726686, 53.041482 ], [ -1.873719, 53.0417041 ], [ -1.8740382, 53.0417253 ], [ -1.8740553, 53.0417035 ], [ -1.8742568, 53.0417467 ], [ -1.8766329, 53.0419138 ], [ -1.8773358, 53.0419108 ], [ -1.8786673, 53.0419663 ], [ -1.8792411, 53.0419446 ], [ -1.8805913, 53.0418154 ] ] ] ] } },
{ "type": "Feature", "properties": { "Title": "SF533127" }, "geometry": { "type": "MultiPolygon", "coordinates": [ [ [ [ -1.8824779, 53.043395 ], [ -1.8823949, 53.0437295 ], [ -1.8821388, 53.0442206 ], [ -1.8819099, 53.0443799 ], [ -1.8810618, 53.0447026 ], [ -1.8809099, 53.0447502 ], [ -1.8808855, 53.0447276 ], [ -1.8819159, 53.0442977 ], [ -1.8821672, 53.0440352 ], [ -1.882401, 53.0434691 ], [ -1.8823665, 53.0433849 ], [ -1.8825571, 53.04327 ], [ -1.8822636, 53.0429405 ], [ -1.8831133, 53.0427814 ], [ -1.8828958, 53.0424769 ], [ -1.8824098, 53.0416677 ], [ -1.8823575, 53.0415868 ], [ -1.8821385, 53.0416109 ], [ -1.8813204, 53.0418337 ], [ -1.8806904, 53.0419461 ], [ -1.8797514, 53.0420698 ], [ -1.8796933, 53.0420994 ], [ -1.8796115, 53.042098 ], [ -1.8795671, 53.0420852 ], [ -1.87907, 53.0421079 ], [ -1.8775663, 53.0420997 ], [ -1.8769626, 53.0420792 ], [ -1.8743261, 53.0418887 ], [ -1.8740819, 53.0419485 ], [ -1.873795, 53.0420861 ], [ -1.8742635, 53.0439638 ], [ -1.8742996, 53.0445303 ], [ -1.8744664, 53.0452308 ], [ -1.8742138, 53.0452596 ], [ -1.8742617, 53.0462592 ], [ -1.8744405, 53.0465928 ], [ -1.8748083, 53.0470092 ], [ -1.875739, 53.047996 ], [ -1.8761376, 53.0478573 ], [ -1.8762286, 53.0479465 ], [ -1.8761094, 53.047989 ], [ -1.8761397, 53.0480207 ], [ -1.8760641, 53.0481303 ], [ -1.8759427, 53.0481672 ], [ -1.8759807, 53.0482896 ], [ -1.8765162, 53.0486056 ], [ -1.876591, 53.0486953 ], [ -1.8766194, 53.0488562 ], [ -1.8768737, 53.0488961 ], [ -1.8768459, 53.0489667 ], [ -1.8769773, 53.0489965 ], [ -1.8769812, 53.0489404 ], [ -1.8770148, 53.0489416 ], [ -1.877034, 53.0489059 ], [ -1.8773603, 53.0487604 ], [ -1.8777958, 53.0486572 ], [ -1.8782027, 53.048597 ], [ -1.8786076, 53.0486267 ], [ -1.8788001, 53.0486872 ], [ -1.8789822, 53.0488367 ], [ -1.879018, 53.048834 ], [ -1.8792434, 53.0489072 ], [ -1.8793468, 53.0489063 ], [ -1.8794758, 53.0489213 ], [ -1.8798006, 53.048878 ], [ -1.8803602, 53.0487519 ], [ -1.8804693, 53.0487505 ], [ -1.880537, 53.0486979 ], [ -1.8808515, 53.0486891 ], [ -1.8808555, 53.048657 ], [ -1.8812592, 53.0486389 ], [ -1.8825358, 53.0487572 ], [ -1.8827775, 53.0487954 ], [ -1.8827765, 53.048833 ], [ -1.8830592, 53.0489369 ], [ -1.8832933, 53.0489427 ], [ -1.8836679, 53.0488941 ], [ -1.883965, 53.0488048 ], [ -1.8841724, 53.0487298 ], [ -1.8841443, 53.0485977 ], [ -1.8842999, 53.0485412 ], [ -1.8845634, 53.0485494 ], [ -1.885072, 53.0486538 ], [ -1.8856037, 53.0487167 ], [ -1.8859136, 53.0487556 ], [ -1.8861635, 53.0487468 ], [ -1.8864286, 53.0486853 ], [ -1.8866025, 53.0486011 ], [ -1.8867769, 53.0485081 ], [ -1.8870067, 53.0484872 ], [ -1.8871847, 53.0485494 ], [ -1.8875265, 53.0487065 ], [ -1.8883162, 53.0488724 ], [ -1.8884639, 53.0489259 ], [ -1.888862, 53.0491549 ], [ -1.8889613, 53.0492011 ], [ -1.8891779, 53.0492454 ], [ -1.8892429, 53.0492204 ], [ -1.8893758, 53.0490906 ], [ -1.8895139, 53.0489943 ], [ -1.8895924, 53.0489149 ], [ -1.8895975, 53.0488621 ], [ -1.8896795, 53.0488233 ], [ -1.8900184, 53.0487479 ], [ -1.8902808, 53.0487708 ], [ -1.8904418, 53.0487531 ], [ -1.8905145, 53.0487072 ], [ -1.890683, 53.0486753 ], [ -1.8907586, 53.0485971 ], [ -1.8907567, 53.0484686 ], [ -1.8908647, 53.0483266 ], [ -1.8910634, 53.0482717 ], [ -1.8912204, 53.048175 ], [ -1.8913933, 53.0480157 ], [ -1.8913922, 53.0479747 ], [ -1.8914933, 53.047939 ], [ -1.8914985, 53.0478875 ], [ -1.8914651, 53.0477876 ], [ -1.891468, 53.0476783 ], [ -1.8914165, 53.0475737 ], [ -1.8914346, 53.0475332 ], [ -1.8914813, 53.0475347 ], [ -1.8915485, 53.047552 ], [ -1.8915849, 53.0474911 ], [ -1.891655, 53.0474537 ], [ -1.8916569, 53.0473415 ], [ -1.8917078, 53.0472297 ], [ -1.8917006, 53.0470301 ], [ -1.8917544, 53.0469593 ], [ -1.891763, 53.0467919 ], [ -1.8917882, 53.0466832 ], [ -1.891809, 53.0466381 ], [ -1.8917137, 53.0465889 ], [ -1.891621, 53.0465622 ], [ -1.8916136, 53.0465211 ], [ -1.8916561, 53.0464755 ], [ -1.8916686, 53.0462989 ], [ -1.8917594, 53.0458428 ], [ -1.8916071, 53.045634 ], [ -1.8915878, 53.0455732 ], [ -1.8916241, 53.0455404 ], [ -1.8917901, 53.0454636 ], [ -1.8919635, 53.0452981 ], [ -1.8919657, 53.0452479 ], [ -1.8918892, 53.0451782 ], [ -1.8919059, 53.0450524 ], [ -1.891916, 53.0449748 ], [ -1.8922474, 53.0447472 ], [ -1.8921959, 53.0446331 ], [ -1.8921097, 53.0443745 ], [ -1.8920474, 53.0440779 ], [ -1.8918819, 53.043892 ], [ -1.8918639, 53.0437835 ], [ -1.8919156, 53.043642 ], [ -1.8918804, 53.0435109 ], [ -1.8917212, 53.0433722 ], [ -1.8917542, 53.0432687 ], [ -1.8917055, 53.0431448 ], [ -1.8916066, 53.0430715 ], [ -1.8916166, 53.0430345 ], [ -1.8914223, 53.0429842 ], [ -1.8911763, 53.0427812 ], [ -1.8895833, 53.0430381 ], [ -1.8889021, 53.0430647 ], [ -1.8886423, 53.0431104 ], [ -1.8885358, 53.043047 ], [ -1.8881921, 53.0430419 ], [ -1.8878047, 53.0431278 ], [ -1.8876332, 53.0431097 ], [ -1.8873255, 53.0430149 ], [ -1.8873146, 53.0430308 ], [ -1.8865945, 53.0430102 ], [ -1.8865651, 53.0430585 ], [ -1.886093, 53.0433758 ], [ -1.8858127, 53.0436573 ], [ -1.8855087, 53.0440086 ], [ -1.885501, 53.0441003 ], [ -1.8855456, 53.044421 ], [ -1.8854099, 53.0444179 ], [ -1.885325, 53.0444818 ], [ -1.8853451, 53.0443874 ], [ -1.8852876, 53.0441503 ], [ -1.8852045, 53.0439919 ], [ -1.8851982, 53.0438722 ], [ -1.8849461, 53.0440062 ], [ -1.8847901, 53.0440333 ], [ -1.8844083, 53.0439153 ], [ -1.8843032, 53.0439033 ], [ -1.8838247, 53.044253 ], [ -1.8833978, 53.0439492 ], [ -1.8826872, 53.0433051 ], [ -1.8824779, 53.043395 ] ], [ [ -1.8773233, 53.0482995 ], [ -1.8772326, 53.0483659 ], [ -1.8769982, 53.0482086 ], [ -1.8771339, 53.0481724 ], [ -1.8773233, 53.0482995 ] ] ] ] } },
{ "type": "Feature", "properties": { "Title": "SF453602" }, "geometry": { "type": "MultiPolygon", "coordinates": [ [ [ [ -1.8911763, 53.0427812 ], [ -1.8914223, 53.0429842 ], [ -1.8918908, 53.0431086 ], [ -1.8920781, 53.0430913 ], [ -1.8924659, 53.0428936 ], [ -1.893436, 53.0428476 ], [ -1.8941811, 53.0428664 ], [ -1.8950698, 53.0429298 ], [ -1.8955163, 53.042977 ], [ -1.8957983, 53.0430716 ], [ -1.8964058, 53.0431913 ], [ -1.8972249, 53.0434157 ], [ -1.8982098, 53.0438235 ], [ -1.8985298, 53.0436058 ], [ -1.8987362, 53.0435769 ], [ -1.898329, 53.043184 ], [ -1.8980636, 53.0429376 ], [ -1.8972449, 53.0423713 ], [ -1.8961426, 53.0417457 ], [ -1.8958163, 53.0419254 ], [ -1.8956245, 53.0420136 ], [ -1.8958373, 53.042902 ], [ -1.8946505, 53.0427147 ], [ -1.8936883, 53.0426216 ], [ -1.8926242, 53.042575 ], [ -1.8924629, 53.0425895 ], [ -1.8920832, 53.0425329 ], [ -1.8916548, 53.0426134 ], [ -1.8915391, 53.0426426 ], [ -1.8911763, 53.0427812 ] ] ] ] } },
{ "type": "Feature", "properties": { "Title": "SF576322" }, "geometry": { "type": "MultiPolygon", "coordinates": [ [ [ [ -1.8761374, 53.0478571 ], [ -1.8760094, 53.0479017 ], [ -1.8761089, 53.0479885 ], [ -1.8762286, 53.0479465 ], [ -1.8761374, 53.0478571 ] ] ] ] } },
{ "type": "Feature", "properties": { "Title": "SF533072" }, "geometry": { "type": "MultiPolygon", "coordinates": [ [ [ [ -1.8772817, 53.033327 ], [ -1.8779563, 53.0325714 ], [ -1.8781233, 53.0325791 ], [ -1.8781656, 53.0325376 ], [ -1.87824, 53.0325444 ], [ -1.8782909, 53.0325928 ], [ -1.8783988, 53.0325968 ], [ -1.8787245, 53.0320003 ], [ -1.8787915, 53.0316646 ], [ -1.8787873, 53.0314136 ], [ -1.8790287, 53.0314245 ], [ -1.8791261, 53.0307195 ], [ -1.8776519, 53.0304307 ], [ -1.8781454, 53.0295498 ], [ -1.878208, 53.0294724 ], [ -1.8782021, 53.0294491 ], [ -1.8785052, 53.028936 ], [ -1.8779662, 53.0289242 ], [ -1.8776661, 53.0288917 ], [ -1.8772906, 53.0288066 ], [ -1.8771785, 53.0288624 ], [ -1.877078, 53.0288137 ], [ -1.8769203, 53.0288558 ], [ -1.876856, 53.028922 ], [ -1.8741237, 53.0287397 ], [ -1.8741381, 53.0287079 ], [ -1.8740583, 53.028661 ], [ -1.8706002, 53.0287944 ], [ -1.867256, 53.0282103 ], [ -1.8671877, 53.028258 ], [ -1.8663935, 53.0290483 ], [ -1.8659547, 53.0294821 ], [ -1.8652945, 53.0300828 ], [ -1.8648403, 53.0299629 ], [ -1.86456, 53.0299444 ], [ -1.8642882, 53.0299734 ], [ -1.8639839, 53.0300885 ], [ -1.8628345, 53.0306133 ], [ -1.862215, 53.0308302 ], [ -1.8612766, 53.0312734 ], [ -1.8607515, 53.0314259 ], [ -1.8613746, 53.0318683 ], [ -1.8621705, 53.0324713 ], [ -1.8624319, 53.0324011 ], [ -1.8633957, 53.0330365 ], [ -1.8625922, 53.0338586 ], [ -1.8620419, 53.0345148 ], [ -1.8613827, 53.0352267 ], [ -1.8612929, 53.0353275 ], [ -1.8619149, 53.0355266 ], [ -1.8625514, 53.035566 ], [ -1.8628448, 53.0358204 ], [ -1.8629028, 53.0358322 ], [ -1.8631574, 53.035746 ], [ -1.8633578, 53.0355018 ], [ -1.8638148, 53.035078 ], [ -1.8641469, 53.0349003 ], [ -1.8644996, 53.0348178 ], [ -1.8651611, 53.0347419 ], [ -1.8654779, 53.0346963 ], [ -1.8656661, 53.0346965 ], [ -1.8658567, 53.0347412 ], [ -1.8662339, 53.0348888 ], [ -1.8666273, 53.0355927 ], [ -1.8671612, 53.0363002 ], [ -1.8680251, 53.036533 ], [ -1.8682663, 53.0360472 ], [ -1.8712599, 53.0358308 ], [ -1.871225, 53.0359281 ], [ -1.8712885, 53.0359108 ], [ -1.8714478, 53.0356955 ], [ -1.8724111, 53.0356513 ], [ -1.8732359, 53.0356348 ], [ -1.8732123, 53.0357912 ], [ -1.8740604, 53.0357017 ], [ -1.8740912, 53.035773 ], [ -1.874221, 53.0357536 ], [ -1.8742211, 53.035708 ], [ -1.8742752, 53.035708 ], [ -1.8743183, 53.0357668 ], [ -1.8747669, 53.0357164 ], [ -1.8750092, 53.0361716 ], [ -1.8751816, 53.0363934 ], [ -1.8754188, 53.0366414 ], [ -1.8754729, 53.0366284 ], [ -1.8755479, 53.0368631 ], [ -1.8758175, 53.0371667 ], [ -1.8760631, 53.0373014 ], [ -1.8766451, 53.0374384 ], [ -1.8775572, 53.0375786 ], [ -1.8777825, 53.0375645 ], [ -1.8813974, 53.0369399 ], [ -1.881529, 53.0358217 ], [ -1.8806638, 53.0357937 ], [ -1.8804968, 53.0359452 ], [ -1.8800891, 53.0361133 ], [ -1.8797728, 53.0361804 ], [ -1.8793701, 53.0361934 ], [ -1.8789418, 53.0361426 ], [ -1.8786587, 53.0360722 ], [ -1.8777454, 53.0357584 ], [ -1.8773667, 53.0356067 ], [ -1.876785, 53.0352451 ], [ -1.8765962, 53.0350318 ], [ -1.8764479, 53.0346958 ], [ -1.8764749, 53.034549 ], [ -1.8766013, 53.0343892 ], [ -1.8771324, 53.0339471 ], [ -1.8779974, 53.0340319 ], [ -1.87808, 53.0339903 ], [ -1.8781181, 53.0336823 ], [ -1.87785, 53.033629 ], [ -1.8776411, 53.0335262 ], [ -1.877496, 53.0334071 ], [ -1.8772817, 53.033327 ] ] ] ] } },
{ "type": "Feature", "properties": { "Title": "SF562180" }, "geometry": { "type": "MultiPolygon", "coordinates": [ [ [ [ -1.8923205, 53.0409322 ], [ -1.8923363, 53.0408594 ], [ -1.8923704, 53.0407095 ], [ -1.8915934, 53.0401545 ], [ -1.8916216, 53.0400696 ], [ -1.8915144, 53.0400188 ], [ -1.8910365, 53.039903 ], [ -1.8904863, 53.0398044 ], [ -1.8896398, 53.0397116 ], [ -1.8895563, 53.0396822 ], [ -1.8888113, 53.0400942 ], [ -1.8898503, 53.0406519 ], [ -1.8905011, 53.0409528 ], [ -1.8903804, 53.0410366 ], [ -1.8900165, 53.0413932 ], [ -1.8901471, 53.0414551 ], [ -1.8906177, 53.0417861 ], [ -1.8910825, 53.0420152 ], [ -1.8912043, 53.0420392 ], [ -1.891585, 53.0417143 ], [ -1.8918259, 53.0414624 ], [ -1.8922534, 53.0410967 ], [ -1.8923205, 53.0409322 ] ] ], [ [ [ -1.8855177, 53.0406867 ], [ -1.8855193, 53.0405801 ], [ -1.8854824, 53.0404861 ], [ -1.8854852, 53.0403331 ], [ -1.8852524, 53.0403947 ], [ -1.884382, 53.0404802 ], [ -1.8843953, 53.0405571 ], [ -1.8838545, 53.0405421 ], [ -1.8833459, 53.040554 ], [ -1.8823283, 53.0406882 ], [ -1.8820835, 53.0407146 ], [ -1.8820594, 53.040665 ], [ -1.881535, 53.0406599 ], [ -1.8810084, 53.0407005 ], [ -1.8809913, 53.0406736 ], [ -1.880561, 53.0406976 ], [ -1.8804876, 53.0405832 ], [ -1.8802683, 53.0405859 ], [ -1.880053, 53.040577 ], [ -1.8799119, 53.0405978 ], [ -1.8803251, 53.0413558 ], [ -1.8805377, 53.041727 ], [ -1.880599, 53.041828 ], [ -1.8812614, 53.0417033 ], [ -1.8819949, 53.0415296 ], [ -1.8827222, 53.0413233 ], [ -1.8830398, 53.0412909 ], [ -1.8834476, 53.0411773 ], [ -1.8834655, 53.0411521 ], [ -1.8835209, 53.0411405 ], [ -1.8835614, 53.041148 ], [ -1.8835321, 53.0410739 ], [ -1.8835888, 53.041065 ], [ -1.8835008, 53.0408429 ], [ -1.8837759, 53.0408157 ], [ -1.8838598, 53.0408389 ], [ -1.8838971, 53.0410149 ], [ -1.8838821, 53.0410177 ], [ -1.8839192, 53.0410663 ], [ -1.8844111, 53.0409713 ], [ -1.8851665, 53.0408189 ], [ -1.8855681, 53.0407522 ], [ -1.8855177, 53.0406867 ] ] ] ] } },
{ "type": "Feature", "properties": { "Title": "SF494697" }, "geometry": { "type": "MultiPolygon", "coordinates": [ [ [ [ -1.9018504, 53.0480383 ], [ -1.9018506, 53.0476613 ], [ -1.9016615, 53.0464033 ], [ -1.901269, 53.0460516 ], [ -1.9002787, 53.0464382 ], [ -1.9013772, 53.0493343 ], [ -1.901407, 53.049419 ], [ -1.9015723, 53.0492117 ], [ -1.9017785, 53.0485573 ], [ -1.9018504, 53.0480383 ] ] ], [ [ [ -1.9040986, 53.0490712 ], [ -1.904121, 53.0492501 ], [ -1.9041362, 53.0492499 ], [ -1.9041533, 53.0493632 ], [ -1.904097, 53.0493922 ], [ -1.9045539, 53.0507539 ], [ -1.9051092, 53.0505792 ], [ -1.9068728, 53.050013 ], [ -1.9062307, 53.0497035 ], [ -1.905478, 53.0492777 ], [ -1.9044943, 53.0485466 ], [ -1.9042182, 53.0484606 ], [ -1.90376, 53.0485947 ], [ -1.9034668, 53.0478912 ], [ -1.9028049, 53.0473177 ], [ -1.9021186, 53.0468471 ], [ -1.9017609, 53.0465736 ], [ -1.9019111, 53.047553 ], [ -1.9018918, 53.0481983 ], [ -1.9018552, 53.048469 ], [ -1.9018898, 53.048482 ], [ -1.9017832, 53.0489203 ], [ -1.9027986, 53.0491089 ], [ -1.9032698, 53.0491339 ], [ -1.9032742, 53.0491465 ], [ -1.9035034, 53.0491515 ], [ -1.9034906, 53.0490618 ], [ -1.9035509, 53.0490586 ], [ -1.9035544, 53.0490843 ], [ -1.9039422, 53.0490325 ], [ -1.9039598, 53.0490782 ], [ -1.9040986, 53.0490712 ] ] ] ] } },
{ "type": "Feature", "properties": { "Title": "CL386680" }, "geometry": { "type": "MultiPolygon", "coordinates": [ [ [ [ -4.3092482, 50.5994168 ], [ -4.3094392, 50.599999 ], [ -4.3095732, 50.6003083 ], [ -4.3096745, 50.6004008 ], [ -4.3098185, 50.6005879 ], [ -4.3101578, 50.6008005 ], [ -4.3104657, 50.601279 ], [ -4.3105197, 50.601406 ], [ -4.3110051, 50.6014131 ], [ -4.3120449, 50.6014331 ], [ -4.3121586, 50.6014547 ], [ -4.3124767, 50.6015631 ], [ -4.3127544, 50.6015124 ], [ -4.3128853, 50.6014743 ], [ -4.3130018, 50.6015734 ], [ -4.3130488, 50.6016831 ], [ -4.3135928, 50.6016102 ], [ -4.3137733, 50.6019611 ], [ -4.3143082, 50.601886 ], [ -4.3147277, 50.6023256 ], [ -4.3153068, 50.6028456 ], [ -4.3160466, 50.6033756 ], [ -4.3163548, 50.6032602 ], [ -4.3170962, 50.603213 ], [ -4.3176615, 50.6030183 ], [ -4.3178973, 50.6028985 ], [ -4.3192272, 50.6025923 ], [ -4.3200003, 50.6024491 ], [ -4.3200637, 50.6023894 ], [ -4.3202621, 50.6022847 ], [ -4.3203603, 50.6025004 ], [ -4.3206028, 50.6024587 ], [ -4.3212787, 50.6023796 ], [ -4.3217838, 50.6022184 ], [ -4.3220044, 50.6021636 ], [ -4.3219896, 50.6020929 ], [ -4.3219019, 50.6020641 ], [ -4.3218916, 50.6019105 ], [ -4.3218761, 50.6017965 ], [ -4.3219142, 50.6017391 ], [ -4.3220576, 50.6016661 ], [ -4.3219655, 50.6015512 ], [ -4.3222374, 50.6014265 ], [ -4.3222415, 50.601359 ], [ -4.3224619, 50.6012984 ], [ -4.3224261, 50.600985 ], [ -4.3222265, 50.60069 ], [ -4.3221577, 50.6004928 ], [ -4.3220116, 50.5996687 ], [ -4.3220119, 50.5994799 ], [ -4.3216603, 50.5994572 ], [ -4.3194539, 50.5995354 ], [ -4.318753, 50.599575 ], [ -4.3185217, 50.5996002 ], [ -4.3158472, 50.5993573 ], [ -4.3151056, 50.5993445 ], [ -4.3129151, 50.5992046 ], [ -4.312349, 50.5991064 ], [ -4.3117705, 50.5988669 ], [ -4.3102858, 50.5982193 ], [ -4.3100369, 50.5981662 ], [ -4.3094862, 50.5981147 ], [ -4.3094398, 50.5981228 ], [ -4.3093179, 50.5980993 ], [ -4.3090175, 50.5980693 ], [ -4.3089998, 50.5982019 ], [ -4.3090289, 50.5983373 ], [ -4.308945, 50.5985396 ], [ -4.3089373, 50.5986475 ], [ -4.3089918, 50.5987453 ], [ -4.3090352, 50.5989354 ], [ -4.3091319, 50.5991762 ], [ -4.3091418, 50.5992749 ], [ -4.3092482, 50.5994168 ] ] ] ] } },
{ "type": "Feature", "properties": { "Title": "SL282641" }, "geometry": { "type": "MultiPolygon", "coordinates": [ [ [ [ -2.4261159, 52.6430394 ], [ -2.4259333, 52.6435383 ], [ -2.4272763, 52.6437554 ], [ -2.427519, 52.6432197 ], [ -2.4272759, 52.6432277 ], [ -2.4261159, 52.6430394 ] ] ] ] } },
{ "type": "Feature", "properties": { "Title": "SL235481" }, "geometry": { "type": "MultiPolygon", "coordinates": [ [ [ [ -2.4272499, 52.6438188 ], [ -2.4262021, 52.6436335 ], [ -2.4258579, 52.643555 ], [ -2.4255012, 52.6442199 ], [ -2.4269565, 52.6444758 ], [ -2.4272499, 52.6438188 ] ] ] ] } },
{ "type": "Feature", "properties": { "Title": "SL45173" }, "geometry": { "type": "MultiPolygon", "coordinates": [ [ [ [ -2.4229695, 52.6479529 ], [ -2.4234595, 52.6465642 ], [ -2.4233984, 52.6465395 ], [ -2.4231986, 52.646457 ], [ -2.4229513, 52.6472642 ], [ -2.4226183, 52.6480105 ], [ -2.4233068, 52.6481999 ], [ -2.4234044, 52.6480718 ], [ -2.4229695, 52.6479529 ] ] ], [ [ [ -2.4238344, 52.6465964 ], [ -2.423988, 52.6464893 ], [ -2.4242572, 52.6462388 ], [ -2.4241312, 52.6461993 ], [ -2.4239196, 52.64633 ], [ -2.4238852, 52.6463633 ], [ -2.4237164, 52.646484 ], [ -2.4236534, 52.6466195 ], [ -2.4241333, 52.6468145 ], [ -2.4242068, 52.6467526 ], [ -2.4238344, 52.6465964 ] ] ] ] } },
{ "type": "Feature", "properties": { "Title": "SL235440" }, "geometry": { "type": "MultiPolygon", "coordinates": [ [ [ [ -2.4242572, 52.6462388 ], [ -2.4238908, 52.6465806 ], [ -2.4238778, 52.6465929 ], [ -2.4242288, 52.6467383 ], [ -2.4246112, 52.6463864 ], [ -2.4242572, 52.6462388 ] ] ], [ [ [ -2.42382, 52.6474322 ], [ -2.4238046, 52.6474262 ], [ -2.4239348, 52.6473108 ], [ -2.4239504, 52.6473154 ], [ -2.4243733, 52.646959 ], [ -2.4234647, 52.6465878 ], [ -2.4230915, 52.6479745 ], [ -2.4233613, 52.6480452 ], [ -2.4236573, 52.6477641 ], [ -2.4238302, 52.6474771 ], [ -2.4237892, 52.6474598 ], [ -2.42382, 52.6474322 ] ] ] ] } },
{ "type": "Feature", "properties": { "Title": "SL236701" }, "geometry": { "type": "MultiPolygon", "coordinates": [ [ [ [ -2.4272788, 52.6437559 ], [ -2.4259334, 52.6435383 ], [ -2.4259198, 52.6435691 ], [ -2.4262021, 52.6436335 ], [ -2.4272511, 52.6438189 ], [ -2.4272788, 52.6437559 ] ] ] ] } },
{ "type": "Feature", "properties": { "Title": "NT588733" }, "geometry": { "type": "MultiPolygon", "coordinates": [ [ [ [ -1.0604348, 52.9537891 ], [ -1.0601053, 52.9540306 ], [ -1.0609411, 52.9544415 ], [ -1.0612907, 52.9542154 ], [ -1.0604348, 52.9537891 ] ] ] ] } },
{ "type": "Feature", "properties": { "Title": "WT232789" }, "geometry": { "type": "MultiPolygon", "coordinates": [ [ [ [ -1.9676268, 51.3701194 ], [ -1.9669639, 51.3701009 ], [ -1.9669603, 51.3701279 ], [ -1.9664379, 51.3701224 ], [ -1.9664402, 51.3700881 ], [ -1.9649825, 51.370055 ], [ -1.9649349, 51.370721 ], [ -1.9664374, 51.3707569 ], [ -1.9664713, 51.3701738 ], [ -1.9674705, 51.3702093 ], [ -1.9675639, 51.3702199 ], [ -1.9676268, 51.3701194 ] ] ] ] } },
{ "type": "Feature", "properties": { "Title": "BB30484" }, "geometry": { "type": "MultiPolygon", "coordinates": [ [ [ [ -0.1334273, 51.5189305 ], [ -0.1330914, 51.5185969 ], [ -0.1328013, 51.5187128 ], [ -0.132792, 51.5187806 ], [ -0.132893, 51.5188834 ], [ -0.1330653, 51.5190592 ], [ -0.1331181, 51.5190376 ], [ -0.1331326, 51.5190517 ], [ -0.1334273, 51.5189305 ] ] ] ] } },
{ "type": "Feature", "properties": { "Title": "BK511560" }, "geometry": { "type": "MultiPolygon", "coordinates": [ [ [ [ -1.0555227, 51.4230302 ], [ -1.0543637, 51.4231219 ], [ -1.0544276, 51.4234629 ], [ -1.0555858, 51.4233791 ], [ -1.0555227, 51.4230302 ] ] ] ] } },
{ "type": "Feature", "properties": { "Title": "ST383256" }, "geometry": { "type": "MultiPolygon", "coordinates": [ [ [ [ -2.4301013, 51.2040973 ], [ -2.4292508, 51.2056187 ], [ -2.4291938, 51.2058142 ], [ -2.4291744, 51.2058131 ], [ -2.4290666, 51.206031 ], [ -2.4295191, 51.2062076 ], [ -2.4294751, 51.2062727 ], [ -2.4286079, 51.2061262 ], [ -2.4273435, 51.2059797 ], [ -2.4263829, 51.2058471 ], [ -2.4257985, 51.2057494 ], [ -2.4254541, 51.205739 ], [ -2.4246227, 51.2058049 ], [ -2.4243367, 51.2058615 ], [ -2.4241478, 51.2059257 ], [ -2.423901, 51.2059818 ], [ -2.4229119, 51.2060857 ], [ -2.4229312, 51.2073659 ], [ -2.4230719, 51.2082081 ], [ -2.4230994, 51.2086418 ], [ -2.4230718, 51.2092439 ], [ -2.4231018, 51.2094999 ], [ -2.4230928, 51.2097334 ], [ -2.4239453, 51.2098252 ], [ -2.4248932, 51.2099289 ], [ -2.4255908, 51.2099559 ], [ -2.4255854, 51.2102303 ], [ -2.426028, 51.2102512 ], [ -2.426204, 51.2102461 ], [ -2.4266584, 51.210302 ], [ -2.4273657, 51.2103156 ], [ -2.427446, 51.2103324 ], [ -2.4279224, 51.2102928 ], [ -2.4282176, 51.2103259 ], [ -2.4285542, 51.21034 ], [ -2.428632, 51.210399 ], [ -2.4286255, 51.2104719 ], [ -2.428693, 51.2104932 ], [ -2.4289823, 51.2105039 ], [ -2.429095, 51.2104657 ], [ -2.4293755, 51.2104476 ], [ -2.4295717, 51.2104537 ], [ -2.4296514, 51.210851 ], [ -2.4296791, 51.2114812 ], [ -2.4300394, 51.2116127 ], [ -2.4303454, 51.2118161 ], [ -2.4307017, 51.2119594 ], [ -2.4316589, 51.2115847 ], [ -2.4325652, 51.211039 ], [ -2.432884, 51.2109434 ], [ -2.434073, 51.2107982 ], [ -2.4343252, 51.2107666 ], [ -2.4350606, 51.2112659 ], [ -2.4351436, 51.211262 ], [ -2.435515, 51.2111744 ], [ -2.4352757, 51.2108732 ], [ -2.435253, 51.2107622 ], [ -2.4352856, 51.2106784 ], [ -2.4354058, 51.2105058 ], [ -2.435546, 51.2104986 ], [ -2.4356941, 51.2105421 ], [ -2.4358528, 51.2105133 ], [ -2.4367084, 51.2107052 ], [ -2.4377502, 51.2109953 ], [ -2.4385283, 51.2111719 ], [ -2.4389303, 51.2112477 ], [ -2.4389511, 51.211204 ], [ -2.4387566, 51.2107974 ], [ -2.4384737, 51.2103376 ], [ -2.4382585, 51.210063 ], [ -2.4381138, 51.2098594 ], [ -2.4378218, 51.2096398 ], [ -2.4372267, 51.2093526 ], [ -2.4368291, 51.2091656 ], [ -2.4366242, 51.2089937 ], [ -2.4364528, 51.2087309 ], [ -2.4363995, 51.2085467 ], [ -2.4363165, 51.2083969 ], [ -2.4355691, 51.207503 ], [ -2.4351056, 51.2071955 ], [ -2.4349354, 51.2070486 ], [ -2.4343558, 51.2066228 ], [ -2.4332842, 51.2057681 ], [ -2.432159, 51.2050007 ], [ -2.4319355, 51.2049156 ], [ -2.4315379, 51.2048095 ], [ -2.4301013, 51.2040973 ] ], [ [ -2.4311637, 51.2082742 ], [ -2.4321406, 51.2083307 ], [ -2.4321692, 51.2086116 ], [ -2.4325039, 51.208977 ], [ -2.4307871, 51.2094084 ], [ -2.4307371, 51.2092732 ], [ -2.4300478, 51.2093192 ], [ -2.4300737, 51.2092909 ], [ -2.4305708, 51.2086923 ], [ -2.4308316, 51.2084743 ], [ -2.4311637, 51.2082742 ] ] ] ] } },
{ "type": "Feature", "properties": { "Title": "NT582644" }, "geometry": { "type": "MultiPolygon", "coordinates": [ [ [ [ -0.7761878, 53.3604296 ], [ -0.7763529, 53.3608806 ], [ -0.777013, 53.3608283 ], [ -0.777314, 53.3609849 ], [ -0.7790681, 53.360323 ], [ -0.7816134, 53.3601882 ], [ -0.784238, 53.3607047 ], [ -0.784903, 53.3609527 ], [ -0.784878, 53.3618322 ], [ -0.7857131, 53.362126 ], [ -0.7857455, 53.3612572 ], [ -0.7872747, 53.3618638 ], [ -0.7900509, 53.361903 ], [ -0.7900915, 53.3618563 ], [ -0.790129, 53.3613667 ], [ -0.7900943, 53.3612024 ], [ -0.7900225, 53.3610502 ], [ -0.7898851, 53.3609138 ], [ -0.7885733, 53.3604306 ], [ -0.7870205, 53.3597945 ], [ -0.7866397, 53.3595887 ], [ -0.7864414, 53.3594435 ], [ -0.7863171, 53.3592808 ], [ -0.7860081, 53.3582791 ], [ -0.7859485, 53.3579995 ], [ -0.7859668, 53.3576046 ], [ -0.7858301, 53.3573447 ], [ -0.7858313, 53.3565928 ], [ -0.7845892, 53.3568377 ], [ -0.7843212, 53.3569204 ], [ -0.7832621, 53.357113 ], [ -0.7818616, 53.3573376 ], [ -0.7813658, 53.3573946 ], [ -0.7806264, 53.3575272 ], [ -0.7755039, 53.3591675 ], [ -0.7756328, 53.3593995 ], [ -0.7756718, 53.3595074 ], [ -0.775729, 53.3595922 ], [ -0.7761119, 53.3603027 ], [ -0.7761668, 53.3604235 ], [ -0.7761878, 53.3604296 ] ] ], [ [ [ -0.7800651, 53.338939 ], [ -0.7751224, 53.3412323 ], [ -0.774019, 53.3419663 ], [ -0.7684197, 53.3429325 ], [ -0.7681378, 53.3433501 ], [ -0.7684107, 53.3450603 ], [ -0.7662237, 53.3464779 ], [ -0.7659819, 53.3480288 ], [ -0.7647139, 53.3498622 ], [ -0.7643682, 53.3503411 ], [ -0.7642437, 53.3508602 ], [ -0.76423, 53.3513339 ], [ -0.764258, 53.3522092 ], [ -0.7657426, 53.3539911 ], [ -0.7667929, 53.3551134 ], [ -0.7735806, 53.3527872 ], [ -0.7741777, 53.3529102 ], [ -0.7744055, 53.3529346 ], [ -0.7745679, 53.3529345 ], [ -0.7779036, 53.3533697 ], [ -0.7783934, 53.3533634 ], [ -0.7822082, 53.3532283 ], [ -0.7812205, 53.3507399 ], [ -0.7811871, 53.3507278 ], [ -0.7797911, 53.3472323 ], [ -0.7857656, 53.3460947 ], [ -0.7857524, 53.3523104 ], [ -0.7858256, 53.3525088 ], [ -0.7860158, 53.3525965 ], [ -0.7860237, 53.3526131 ], [ -0.7861681, 53.3526444 ], [ -0.7867862, 53.3528838 ], [ -0.7866055, 53.352978 ], [ -0.7864611, 53.3529909 ], [ -0.7876193, 53.3555319 ], [ -0.7876862, 53.3555258 ], [ -0.7897234, 53.3548829 ], [ -0.7906256, 53.3546297 ], [ -0.7908489, 53.3544592 ], [ -0.7909109, 53.3543864 ], [ -0.7906437, 53.3542811 ], [ -0.7912859, 53.3527311 ], [ -0.7934379, 53.3526865 ], [ -0.7936541, 53.3526551 ], [ -0.7936801, 53.3526408 ], [ -0.7935333, 53.3540737 ], [ -0.7938848, 53.3541267 ], [ -0.7943283, 53.3542799 ], [ -0.7944991, 53.3543585 ], [ -0.7955745, 53.3543784 ], [ -0.7970606, 53.3542248 ], [ -0.7938794, 53.3525554 ], [ -0.7938512, 53.3525526 ], [ -0.7939282, 53.3524873 ], [ -0.7940124, 53.3524324 ], [ -0.7940354, 53.3525222 ], [ -0.7971774, 53.3541813 ], [ -0.7974656, 53.3543478 ], [ -0.7975666, 53.3544612 ], [ -0.797601, 53.3546365 ], [ -0.7977401, 53.3546223 ], [ -0.7977983, 53.3548442 ], [ -0.7979629, 53.3548139 ], [ -0.7983045, 53.3548012 ], [ -0.7982935, 53.354926 ], [ -0.7987272, 53.3549969 ], [ -0.7990018, 53.3550635 ], [ -0.7991894, 53.355069 ], [ -0.7993675, 53.3549889 ], [ -0.7995264, 53.3550003 ], [ -0.7998498, 53.3550477 ], [ -0.8003093, 53.3550621 ], [ -0.8007814, 53.3551141 ], [ -0.8010231, 53.3551062 ], [ -0.8011203, 53.3548945 ], [ -0.8021477, 53.3549636 ], [ -0.8026459, 53.355018 ], [ -0.8035588, 53.3550903 ], [ -0.8035335, 53.3552197 ], [ -0.8048275, 53.3554653 ], [ -0.8049418, 53.3555198 ], [ -0.8049976, 53.3555681 ], [ -0.804954, 53.3555613 ], [ -0.804931, 53.3556069 ], [ -0.806697, 53.3558744 ], [ -0.807021, 53.3558911 ], [ -0.8073821, 53.3558607 ], [ -0.8074247, 53.355849 ], [ -0.8075125, 53.3560944 ], [ -0.8076696, 53.3568812 ], [ -0.8081554, 53.3568176 ], [ -0.8082189, 53.3568445 ], [ -0.8082522, 53.3568955 ], [ -0.8092038, 53.3566992 ], [ -0.8095238, 53.3566141 ], [ -0.8098316, 53.3569848 ], [ -0.8100349, 53.3573416 ], [ -0.8108324, 53.35712 ], [ -0.8112184, 53.3569705 ], [ -0.8113774, 53.3568871 ], [ -0.8114141, 53.3568872 ], [ -0.8121759, 53.3572053 ], [ -0.812642, 53.357442 ], [ -0.8138745, 53.3581644 ], [ -0.8140996, 53.358339 ], [ -0.8141768, 53.3583829 ], [ -0.8145382, 53.3582524 ], [ -0.8151567, 53.3581075 ], [ -0.8158717, 53.3579802 ], [ -0.817016, 53.3578688 ], [ -0.8172742, 53.3578229 ], [ -0.8173481, 53.3578676 ], [ -0.8176696, 53.3578521 ], [ -0.8176713, 53.3578645 ], [ -0.8185274, 53.3578549 ], [ -0.8186068, 53.356367 ], [ -0.8191902, 53.3564351 ], [ -0.820993, 53.3565474 ], [ -0.8215972, 53.3551058 ], [ -0.8218554, 53.354737 ], [ -0.8219376, 53.354475 ], [ -0.8212226, 53.3543817 ], [ -0.8211449, 53.3546806 ], [ -0.8209097, 53.3561445 ], [ -0.8208093, 53.356291 ], [ -0.8206627, 53.3563425 ], [ -0.8205559, 53.3563599 ], [ -0.8199997, 53.3563121 ], [ -0.8194777, 53.3562493 ], [ -0.8194187, 53.3560613 ], [ -0.8192697, 53.3559847 ], [ -0.8190624, 53.3559481 ], [ -0.8186142, 53.3559387 ], [ -0.8181862, 53.3559766 ], [ -0.8179009, 53.3559438 ], [ -0.8177879, 53.3559769 ], [ -0.8177113, 53.3560311 ], [ -0.8176113, 53.3562171 ], [ -0.8181375, 53.3562974 ], [ -0.8183016, 53.357308 ], [ -0.8182818, 53.3574505 ], [ -0.8182182, 53.3575365 ], [ -0.8180848, 53.3576156 ], [ -0.8178929, 53.357656 ], [ -0.8176164, 53.3576756 ], [ -0.8171111, 53.3576639 ], [ -0.815651, 53.357873 ], [ -0.8145694, 53.358084 ], [ -0.8138812, 53.3579834 ], [ -0.8127659, 53.3573178 ], [ -0.8116684, 53.3568103 ], [ -0.8113601, 53.3567178 ], [ -0.8103968, 53.3566212 ], [ -0.8097416, 53.3565071 ], [ -0.8088017, 53.3562537 ], [ -0.8083924, 53.3561008 ], [ -0.8077293, 53.3558297 ], [ -0.8076402, 53.3557724 ], [ -0.8073736, 53.3556695 ], [ -0.806193, 53.3556006 ], [ -0.8057216, 53.3555281 ], [ -0.8050911, 53.3553837 ], [ -0.8040853, 53.3550619 ], [ -0.8036318, 53.3549874 ], [ -0.8035653, 53.3549553 ], [ -0.8008821, 53.3546969 ], [ -0.8005504, 53.3547024 ], [ -0.7998308, 53.3548217 ], [ -0.7993178, 53.3548456 ], [ -0.7988035, 53.3547933 ], [ -0.7985612, 53.3547314 ], [ -0.7981113, 53.3545092 ], [ -0.7948308, 53.3527235 ], [ -0.7942638, 53.3524486 ], [ -0.7940046, 53.3524017 ], [ -0.7940643, 53.3523742 ], [ -0.7938771, 53.3523395 ], [ -0.7965769, 53.3511558 ], [ -0.7830857, 53.3397832 ], [ -0.7816797, 53.3393163 ], [ -0.7800651, 53.338939 ] ] ] ] } },
{ "type": "Feature", "properties": { "Title": "CH725364" }, "geometry": { "type": "MultiPolygon", "coordinates": [ [ [ [ -2.3981054, 53.1435921 ], [ -2.3973894, 53.1434313 ], [ -2.3973308, 53.1435155 ], [ -2.3972915, 53.143505 ], [ -2.3972409, 53.1435758 ], [ -2.3973608, 53.143609 ], [ -2.3973264, 53.1436537 ], [ -2.3979302, 53.1438186 ], [ -2.3981054, 53.1435921 ] ] ] ] } },
{ "type": "Feature", "properties": { "Title": "DN762765" }, "geometry": { "type": "MultiPolygon", "coordinates": [ [ [ [ -4.0571122, 50.3677779 ], [ -4.0559648, 50.3675645 ], [ -4.0560154, 50.3677832 ], [ -4.0561662, 50.368057 ], [ -4.0561779, 50.3680677 ], [ -4.0564508, 50.3682818 ], [ -4.0569684, 50.3683129 ], [ -4.0570002, 50.3681711 ], [ -4.057042, 50.368129 ], [ -4.0571122, 50.3677779 ] ] ] ] } },
{ "type": "Feature", "properties": { "Title": "CU336689" }, "geometry": { "type": "MultiPolygon", "coordinates": [ [ [ [ -3.2224906, 54.1536056 ], [ -3.222129, 54.1537964 ], [ -3.222405, 54.1540302 ], [ -3.2229036, 54.1538161 ], [ -3.2226576, 54.153602 ], [ -3.2225588, 54.1536257 ], [ -3.2224906, 54.1536056 ] ] ] ] } },
{ "type": "Feature", "properties": { "Title": "WR206312" }, "geometry": { "type": "MultiPolygon", "coordinates": [ [ [ [ -1.9430973, 52.2502876 ], [ -1.9430253, 52.250342 ], [ -1.9434794, 52.2504858 ], [ -1.9434521, 52.2505136 ], [ -1.9435287, 52.2505395 ], [ -1.9436695, 52.2505272 ], [ -1.9435959, 52.2504822 ], [ -1.9435073, 52.2504551 ], [ -1.9435204, 52.2504408 ], [ -1.9430973, 52.2502876 ] ] ], [ [ [ -1.9430337, 52.2504001 ], [ -1.9427759, 52.2506874 ], [ -1.943469, 52.2508206 ], [ -1.9436772, 52.2508093 ], [ -1.943666, 52.2507055 ], [ -1.9437281, 52.250701 ], [ -1.9437119, 52.2505995 ], [ -1.9435071, 52.2505912 ], [ -1.9430337, 52.2504001 ] ] ] ] } },
{ "type": "Feature", "properties": { "Title": "ND64092" }, "geometry": { "type": "MultiPolygon", "coordinates": [ [ [ [ -1.8438998, 54.9693186 ], [ -1.8438054, 54.9690496 ], [ -1.8428969, 54.9691556 ], [ -1.8429912, 54.9694333 ], [ -1.8438998, 54.9693186 ] ] ] ] } },
{ "type": "Feature", "properties": { "Title": "TY564574" }, "geometry": { "type": "MultiPolygon", "coordinates": [ [ [ [ -1.3575361, 54.906495 ], [ -1.3563219, 54.9062235 ], [ -1.3548071, 54.9059583 ], [ -1.3545166, 54.9079257 ], [ -1.3565708, 54.9079422 ], [ -1.3567183, 54.9079325 ], [ -1.356774, 54.9078687 ], [ -1.3568418, 54.9075494 ], [ -1.3569533, 54.9074598 ], [ -1.3571127, 54.9071163 ], [ -1.3573455, 54.9067443 ], [ -1.3575361, 54.906495 ] ] ], [ [ [ -1.357145, 54.9080736 ], [ -1.3571292, 54.908034 ], [ -1.3570019, 54.9079992 ], [ -1.3567107, 54.9080169 ], [ -1.3565715, 54.9080904 ], [ -1.3565112, 54.9082051 ], [ -1.3565105, 54.9082527 ], [ -1.3571992, 54.9082143 ], [ -1.3571918, 54.9080739 ], [ -1.357145, 54.9080736 ] ] ] ] } },
{ "type": "Feature", "properties": { "Title": "TY593592" }, "geometry": { "type": "MultiPolygon", "coordinates": [ [ [ [ -1.4604775, 54.9901909 ], [ -1.4601673, 54.9903745 ], [ -1.4595121, 54.9900086 ], [ -1.459048, 54.9897829 ], [ -1.457957, 54.9891316 ], [ -1.4575853, 54.9890023 ], [ -1.4571451, 54.9889038 ], [ -1.4571353, 54.988861 ], [ -1.4571811, 54.9888362 ], [ -1.4574645, 54.9888517 ], [ -1.4581526, 54.9890365 ], [ -1.4590659, 54.9893977 ], [ -1.459495, 54.9895741 ], [ -1.4601937, 54.9897875 ], [ -1.4606005, 54.9898843 ], [ -1.4608309, 54.9891963 ], [ -1.4583129, 54.9890001 ], [ -1.458248, 54.9889509 ], [ -1.4572182, 54.988693 ], [ -1.4565016, 54.9887421 ], [ -1.4562705, 54.9888422 ], [ -1.4562965, 54.9889669 ], [ -1.4563113, 54.9889811 ], [ -1.4565911, 54.9889414 ], [ -1.456905, 54.9889588 ], [ -1.4573889, 54.9890461 ], [ -1.4577896, 54.989163 ], [ -1.4581432, 54.9893305 ], [ -1.4589588, 54.9898096 ], [ -1.459664, 54.9901866 ], [ -1.4613098, 54.9911085 ], [ -1.4618989, 54.9914085 ], [ -1.4622256, 54.9915381 ], [ -1.4622975, 54.9914857 ], [ -1.46197, 54.9913563 ], [ -1.4608773, 54.9907837 ], [ -1.4605942, 54.9906244 ], [ -1.4609171, 54.9904455 ], [ -1.4604775, 54.9901909 ] ] ] ] } },
{ "type": "Feature", "properties": { "Title": "TY538696" }, "geometry": { "type": "MultiPolygon", "coordinates": [ [ [ [ -1.4571451, 54.9889038 ], [ -1.4571353, 54.988861 ], [ -1.4571811, 54.9888362 ], [ -1.4574645, 54.9888517 ], [ -1.4581526, 54.9890365 ], [ -1.4590659, 54.9893977 ], [ -1.459495, 54.9895741 ], [ -1.4601937, 54.9897875 ], [ -1.4606005, 54.9898843 ], [ -1.4608309, 54.9891963 ], [ -1.4583129, 54.9890001 ], [ -1.458248, 54.9889509 ], [ -1.4572182, 54.988693 ], [ -1.4565016, 54.9887421 ], [ -1.4562705, 54.9888422 ], [ -1.4562965, 54.9889669 ], [ -1.4563113, 54.9889811 ], [ -1.4565911, 54.9889414 ], [ -1.456905, 54.9889588 ], [ -1.4573889, 54.9890461 ], [ -1.4577896, 54.989163 ], [ -1.4581432, 54.9893305 ], [ -1.4589588, 54.9898096 ], [ -1.459664, 54.9901866 ], [ -1.4613098, 54.9911085 ], [ -1.4618989, 54.9914085 ], [ -1.4622256, 54.9915381 ], [ -1.4622975, 54.9914857 ], [ -1.46197, 54.9913563 ], [ -1.4608773, 54.9907837 ], [ -1.4595121, 54.9900086 ], [ -1.459048, 54.9897829 ], [ -1.457957, 54.9891316 ], [ -1.4575853, 54.9890023 ], [ -1.4571451, 54.9889038 ] ] ] ] } },
{ "type": "Feature", "properties": { "Title": "LL417149" }, "geometry": { "type": "MultiPolygon", "coordinates": [ [ [ [ -0.1788871, 53.1246827 ], [ -0.1772832, 53.1247067 ], [ -0.1761403, 53.1246432 ], [ -0.1761045, 53.1246928 ], [ -0.1760632, 53.1248995 ], [ -0.1756321, 53.1262923 ], [ -0.1754505, 53.1269339 ], [ -0.1781571, 53.1271486 ], [ -0.1792644, 53.1272533 ], [ -0.1792734, 53.1264573 ], [ -0.179192, 53.1261154 ], [ -0.1791451, 53.1259533 ], [ -0.1790053, 53.1255679 ], [ -0.1788871, 53.1246827 ] ] ] ] } },
{ "type": "Feature", "properties": { "Title": "SF681728" }, "geometry": { "type": "MultiPolygon", "coordinates": [ [ [ [ -2.1773662, 53.0014805 ], [ -2.1773449, 53.0010205 ], [ -2.1772965, 53.0010192 ], [ -2.1772901, 53.0009127 ], [ -2.1771932, 53.0009106 ], [ -2.1771913, 53.0007722 ], [ -2.1765907, 53.0007833 ], [ -2.1766333, 53.0012721 ], [ -2.1768721, 53.0019198 ], [ -2.1769133, 53.0019551 ], [ -2.1770783, 53.0020249 ], [ -2.1770526, 53.0020641 ], [ -2.1773577, 53.0021497 ], [ -2.1773255, 53.0020011 ], [ -2.1772425, 53.001493 ], [ -2.1773662, 53.0014805 ] ] ] ] } },
{ "type": "Feature", "properties": { "Title": "WT467102" }, "geometry": { "type": "MultiPolygon", "coordinates": [ [ [ [ -1.9108867, 51.5357323 ], [ -1.9108568, 51.5356425 ], [ -1.9110509, 51.5355843 ], [ -1.9112042, 51.5355575 ], [ -1.9070915, 51.5347357 ], [ -1.9066793, 51.5347489 ], [ -1.906267, 51.5347943 ], [ -1.9060547, 51.5347883 ], [ -1.9055505, 51.5346722 ], [ -1.9055587, 51.5347173 ], [ -1.9046712, 51.5346364 ], [ -1.9030402, 51.5345324 ], [ -1.9031265, 51.5344686 ], [ -1.9017011, 51.5343297 ], [ -1.9017082, 51.5342964 ], [ -1.901474, 51.5342439 ], [ -1.9010732, 51.5339634 ], [ -1.900958, 51.5338752 ], [ -1.9007677, 51.5335559 ], [ -1.9007276, 51.5335705 ], [ -1.9009179, 51.5340295 ], [ -1.9009014, 51.5343468 ], [ -1.9010648, 51.5344508 ], [ -1.9029625, 51.5346695 ], [ -1.9052364, 51.5350254 ], [ -1.9052319, 51.535038 ], [ -1.9053008, 51.5350499 ], [ -1.9052945, 51.5350664 ], [ -1.9084417, 51.5355931 ], [ -1.9112794, 51.536075 ], [ -1.9112801, 51.5360138 ], [ -1.9128107, 51.5362708 ], [ -1.9128332, 51.5361901 ], [ -1.9125936, 51.5361461 ], [ -1.9108867, 51.5357323 ] ] ] ] } },
{ "type": "Feature", "properties": { "Title": "BL162512" }, "geometry": { "type": "MultiPolygon", "coordinates": [ [ [ [ -2.5686922, 51.4454676 ], [ -2.5689189, 51.4454085 ], [ -2.5687774, 51.4453308 ], [ -2.568678, 51.4453559 ], [ -2.5686114, 51.4453735 ], [ -2.5685584, 51.4454362 ], [ -2.5685836, 51.4454704 ], [ -2.5686725, 51.4454403 ], [ -2.5686922, 51.4454676 ] ] ] ] } },
{ "type": "Feature", "properties": { "Title": "GR467205" }, "geometry": { "type": "MultiPolygon", "coordinates": [ [ [ [ -1.753632, 51.6807383 ], [ -1.7521685, 51.68101 ], [ -1.7524207, 51.6830191 ], [ -1.7524524, 51.6835077 ], [ -1.753856, 51.6831879 ], [ -1.753632, 51.6807383 ] ] ] ] } },
{ "type": "Feature", "properties": { "Title": "GR467206" }, "geometry": { "type": "MultiPolygon", "coordinates": [ [ [ [ -1.7549945, 51.6804906 ], [ -1.7537165, 51.6807225 ], [ -1.7521685, 51.68101 ], [ -1.7524207, 51.6830191 ], [ -1.7524557, 51.6835069 ], [ -1.7552493, 51.6828653 ], [ -1.7549945, 51.6804906 ] ] ] ] } },
{ "type": "Feature", "properties": { "Title": "BL162351" }, "geometry": { "type": "MultiPolygon", "coordinates": [ [ [ [ -2.5669488, 51.4454024 ], [ -2.5669045, 51.4454735 ], [ -2.5669345, 51.4455202 ], [ -2.5669696, 51.4455106 ], [ -2.5669916, 51.4455433 ], [ -2.5669629, 51.4455506 ], [ -2.5670162, 51.445612 ], [ -2.5671329, 51.4456258 ], [ -2.5671509, 51.4456221 ], [ -2.5672066, 51.4457055 ], [ -2.5671163, 51.4457347 ], [ -2.567111, 51.4457765 ], [ -2.567155, 51.4458428 ], [ -2.5674526, 51.4457609 ], [ -2.567517, 51.4461936 ], [ -2.5675805, 51.4460953 ], [ -2.5675796, 51.4460224 ], [ -2.567804, 51.4460133 ], [ -2.5678055, 51.446024 ], [ -2.5680245, 51.445987 ], [ -2.5680232, 51.4459371 ], [ -2.5687548, 51.4457551 ], [ -2.5685584, 51.4454362 ], [ -2.5686114, 51.4453735 ], [ -2.5687774, 51.4453308 ], [ -2.5686076, 51.4452567 ], [ -2.5682649, 51.4452058 ], [ -2.5679238, 51.4452237 ], [ -2.5672368, 51.4453569 ], [ -2.5669488, 51.4454024 ] ] ] ] } },
{ "type": "Feature", "properties": { "Title": "CE191634" }, "geometry": { "type": "MultiPolygon", "coordinates": [ [ [ [ -1.2713577, 54.5734842 ], [ -1.2715837, 54.5729722 ], [ -1.270597, 54.5728359 ], [ -1.2704305, 54.5728033 ], [ -1.27036, 54.5728389 ], [ -1.2703059, 54.5728344 ], [ -1.2702047, 54.5728906 ], [ -1.2705568, 54.5736436 ], [ -1.2707914, 54.5739951 ], [ -1.2710224, 54.5743504 ], [ -1.2710755, 54.5743115 ], [ -1.2710843, 54.5743221 ], [ -1.2718818, 54.5736746 ], [ -1.2716892, 54.5736388 ], [ -1.2717303, 54.5735613 ], [ -1.2717117, 54.5735584 ], [ -1.2717202, 54.5735389 ], [ -1.2713577, 54.5734842 ] ] ] ] } },
{ "type": "Feature", "properties": { "Title": "CB137968" }, "geometry": { "type": "MultiPolygon", "coordinates": [ [ [ [ -0.441721, 52.5853283 ], [ -0.440599, 52.5847496 ], [ -0.4410717, 52.5845752 ], [ -0.4418177, 52.5842254 ], [ -0.4441234, 52.5829691 ], [ -0.4500221, 52.5820351 ], [ -0.451428, 52.5818205 ], [ -0.4495999, 52.5800488 ], [ -0.446019, 52.5807437 ], [ -0.4451604, 52.5809112 ], [ -0.4437009, 52.5792794 ], [ -0.4413844, 52.5797064 ], [ -0.4386509, 52.5800848 ], [ -0.4379738, 52.5801155 ], [ -0.43487, 52.5806112 ], [ -0.4341943, 52.5807695 ], [ -0.4337392, 52.5808859 ], [ -0.4382828, 52.5856163 ], [ -0.4387388, 52.5856835 ], [ -0.4391107, 52.5858916 ], [ -0.4394948, 52.5860927 ], [ -0.4398657, 52.5863304 ], [ -0.4399234, 52.5864094 ], [ -0.440014, 52.5864654 ], [ -0.4405292, 52.5860515 ], [ -0.4416892, 52.5853502 ], [ -0.441721, 52.5853283 ] ] ] ] } },
{ "type": "Feature", "properties": { "Title": "PM22472" }, "geometry": { "type": "MultiPolygon", "coordinates": [ [ [ [ -1.0445895, 50.8268249 ], [ -1.0446765, 50.8262833 ], [ -1.0446115, 50.8261956 ], [ -1.0442995, 50.826041 ], [ -1.0437553, 50.8257812 ], [ -1.0435272, 50.8256143 ], [ -1.0434398, 50.8255133 ], [ -1.0434162, 50.8252806 ], [ -1.0434879, 50.8249674 ], [ -1.0434706, 50.8249131 ], [ -1.0428772, 50.8244925 ], [ -1.0422764, 50.8241137 ], [ -1.041974, 50.8238088 ], [ -1.0418679, 50.8234639 ], [ -1.0407805, 50.8236222 ], [ -1.0413087, 50.8246091 ], [ -1.0426479, 50.8270701 ], [ -1.0445895, 50.8268249 ] ] ] ] } },
{ "type": "Feature", "properties": { "Title": "ON199152" }, "geometry": { "type": "MultiPolygon", "coordinates": [ [ [ [ -1.1320054, 51.9025695 ], [ -1.1319809, 51.9025488 ], [ -1.1319357, 51.9025529 ], [ -1.1315762, 51.9024871 ], [ -1.1309109, 51.9023013 ], [ -1.1307087, 51.902248 ], [ -1.1305949, 51.9023415 ], [ -1.1314169, 51.9029014 ], [ -1.1320054, 51.9025695 ] ] ] ] } },
{ "type": "Feature", "properties": { "Title": "WS96602" }, "geometry": { "type": "MultiPolygon", "coordinates": [ [ [ [ -2.4208043, 51.1973699 ], [ -2.4207035, 51.1973157 ], [ -2.4201229, 51.1978545 ], [ -2.4201509, 51.197879 ], [ -2.41972, 51.1984867 ], [ -2.4196334, 51.1985496 ], [ -2.4195936, 51.1986531 ], [ -2.4187994, 51.199765 ], [ -2.4183674, 51.2005631 ], [ -2.4179639, 51.2011525 ], [ -2.417388, 51.2017383 ], [ -2.4169804, 51.2022704 ], [ -2.4168081, 51.2024508 ], [ -2.4164719, 51.2027022 ], [ -2.4161585, 51.2028827 ], [ -2.4158938, 51.2029916 ], [ -2.4153804, 51.2031359 ], [ -2.4151111, 51.2032476 ], [ -2.4147394, 51.2034704 ], [ -2.4145296, 51.2035692 ], [ -2.4142555, 51.2036547 ], [ -2.4139417, 51.2037808 ], [ -2.4135962, 51.2038809 ], [ -2.4130594, 51.2040028 ], [ -2.4126739, 51.2041413 ], [ -2.4124832, 51.2042679 ], [ -2.4121783, 51.2045882 ], [ -2.4120126, 51.2049458 ], [ -2.4112908, 51.2053853 ], [ -2.4110809, 51.2054842 ], [ -2.4111451, 51.2055881 ], [ -2.4113974, 51.2054632 ], [ -2.4121164, 51.2050236 ], [ -2.4122042, 51.2049226 ], [ -2.4122887, 51.2047676 ], [ -2.4123851, 51.2046603 ], [ -2.4123732, 51.2046127 ], [ -2.4127349, 51.2042418 ], [ -2.4128873, 51.2041577 ], [ -2.4133703, 51.2040283 ], [ -2.4138068, 51.2039766 ], [ -2.4143354, 51.2037836 ], [ -2.4144693, 51.2037075 ], [ -2.4147083, 51.2036068 ], [ -2.4148376, 51.2035711 ], [ -2.4151637, 51.2033773 ], [ -2.4155961, 51.203199 ], [ -2.4157359, 51.2031486 ], [ -2.4157124, 51.2031145 ], [ -2.416223, 51.2029383 ], [ -2.4165512, 51.2027665 ], [ -2.416608, 51.2027949 ], [ -2.4168576, 51.2026819 ], [ -2.4170432, 51.2025519 ], [ -2.4171277, 51.2024276 ], [ -2.417182, 51.2022794 ], [ -2.4173793, 51.2020269 ], [ -2.4175617, 51.2017611 ], [ -2.418215, 51.2011369 ], [ -2.4185775, 51.2006192 ], [ -2.4190761, 51.1996741 ], [ -2.4195539, 51.1989881 ], [ -2.4197603, 51.1986019 ], [ -2.4202963, 51.1978528 ], [ -2.4208043, 51.1973699 ] ] ] ] } },
{ "type": "Feature", "properties": { "Title": "MS695960" }, "geometry": { "type": "MultiPolygon", "coordinates": [ [ [ [ -3.0359329, 53.4628613 ], [ -3.0353459, 53.4631324 ], [ -3.0358746, 53.463532 ], [ -3.0363495, 53.4633948 ], [ -3.0365196, 53.4633016 ], [ -3.0359329, 53.4628613 ] ] ] ] } },
{ "type": "Feature", "properties": { "Title": "CYM837557" }, "geometry": { "type": "MultiPolygon", "coordinates": [ [ [ [ -3.8398513, 51.745266 ], [ -3.8392238, 51.7458211 ], [ -3.8389659, 51.7460003 ], [ -3.8384249, 51.7462122 ], [ -3.8377438, 51.7464281 ], [ -3.837693, 51.746442 ], [ -3.8377693, 51.7465378 ], [ -3.837766, 51.7466519 ], [ -3.8381107, 51.7466007 ], [ -3.8389389, 51.7463063 ], [ -3.8392559, 51.7461566 ], [ -3.839971, 51.7456012 ], [ -3.8401716, 51.7454118 ], [ -3.8398513, 51.745266 ] ] ] ] } },
{ "type": "Feature", "properties": { "Title": "CB465084" }, "geometry": { "type": "MultiPolygon", "coordinates": [ [ [ [ -0.1429247, 52.6151812 ], [ -0.1424716, 52.614299 ], [ -0.1424126, 52.6144654 ], [ -0.1424976, 52.6148247 ], [ -0.1426935, 52.6152278 ], [ -0.1427099, 52.6152263 ], [ -0.1427238, 52.6152561 ], [ -0.1429247, 52.6151812 ] ] ], [ [ [ -0.142361, 52.6157512 ], [ -0.1403524, 52.6171395 ], [ -0.1405987, 52.6171461 ], [ -0.1411384, 52.6167386 ], [ -0.141667, 52.6163649 ], [ -0.1421951, 52.6160376 ], [ -0.1424561, 52.615823 ], [ -0.1424925, 52.6154146 ], [ -0.1425188, 52.6152583 ], [ -0.1424138, 52.6152609 ], [ -0.142361, 52.6157512 ] ] ] ] } },
{ "type": "Feature", "properties": { "Title": "BM452997" }, "geometry": { "type": "MultiPolygon", "coordinates": [ [ [ [ -0.6890722, 51.5842516 ], [ -0.688364, 51.5837104 ], [ -0.6883866, 51.5836991 ], [ -0.6882014, 51.583565 ], [ -0.6878991, 51.5837934 ], [ -0.6887423, 51.5844546 ], [ -0.6890722, 51.5842516 ] ] ] ] } },
{ "type": "Feature", "properties": { "Title": "DN741628" }, "geometry": { "type": "MultiPolygon", "coordinates": [ [ [ [ -3.334048, 50.9168855 ], [ -3.3330883, 50.9170812 ], [ -3.3329493, 50.9172833 ], [ -3.3331451, 50.9175861 ], [ -3.3332519, 50.9179183 ], [ -3.3333315, 50.9179842 ], [ -3.3338217, 50.9181585 ], [ -3.3340272, 50.918253 ], [ -3.3343802, 50.9182166 ], [ -3.3347503, 50.9181057 ], [ -3.3345787, 50.9178185 ], [ -3.334235, 50.9172706 ], [ -3.334048, 50.9168855 ] ] ] ] } },
{ "type": "Feature", "properties": { "Title": "GR456666" }, "geometry": { "type": "MultiPolygon", "coordinates": [ [ [ [ -1.7607512, 51.6794765 ], [ -1.7595665, 51.6796881 ], [ -1.7595538, 51.6796595 ], [ -1.7578954, 51.679967 ], [ -1.7581237, 51.6822093 ], [ -1.7584291, 51.6821422 ], [ -1.7586416, 51.682083 ], [ -1.7587097, 51.6820031 ], [ -1.7588189, 51.6816285 ], [ -1.7588986, 51.6815315 ], [ -1.7613856, 51.6809852 ], [ -1.7607512, 51.6794765 ] ] ] ] } },
{ "type": "Feature", "properties": { "Title": "SF668773" }, "geometry": { "type": "MultiPolygon", "coordinates": [ [ [ [ -1.6909135, 52.7848784 ], [ -1.6902268, 52.7852076 ], [ -1.6893869, 52.7856614 ], [ -1.6893175, 52.7857239 ], [ -1.6888926, 52.7859617 ], [ -1.6887534, 52.7861087 ], [ -1.6886449, 52.7861419 ], [ -1.6885574, 52.786244 ], [ -1.6897378, 52.7865582 ], [ -1.6906956, 52.7867788 ], [ -1.6915759, 52.7870387 ], [ -1.6921257, 52.7866375 ], [ -1.6918191, 52.7862747 ], [ -1.691701, 52.7859819 ], [ -1.6914702, 52.7857515 ], [ -1.691339, 52.7856455 ], [ -1.6911325, 52.7853457 ], [ -1.6909185, 52.7849238 ], [ -1.6909135, 52.7848784 ] ] ] ] } },
{ "type": "Feature", "properties": { "Title": "LT398204" }, "geometry": { "type": "MultiPolygon", "coordinates": [ [ [ [ -1.1780554, 52.5798448 ], [ -1.1782066, 52.579603 ], [ -1.178309, 52.5795234 ], [ -1.1784307, 52.5795138 ], [ -1.1789478, 52.5795975 ], [ -1.1798304, 52.579949 ], [ -1.1799862, 52.5800672 ], [ -1.1805272, 52.5803754 ], [ -1.1807085, 52.5803946 ], [ -1.180771, 52.5803909 ], [ -1.1811659, 52.5802713 ], [ -1.1814027, 52.5801727 ], [ -1.1818221, 52.5800948 ], [ -1.1822007, 52.5800341 ], [ -1.1821921, 52.5799934 ], [ -1.1822825, 52.579977 ], [ -1.1821993, 52.5798735 ], [ -1.1806631, 52.5794944 ], [ -1.1802826, 52.5793783 ], [ -1.1785201, 52.5787272 ], [ -1.1775819, 52.5801053 ], [ -1.177973, 52.5801715 ], [ -1.1780815, 52.5801299 ], [ -1.1781044, 52.5800923 ], [ -1.1781096, 52.5799956 ], [ -1.1780554, 52.5798448 ] ] ] ] } },
{ "type": "Feature", "properties": { "Title": "WS54904" }, "geometry": { "type": "MultiPolygon", "coordinates": [ [ [ [ -2.4272162, 51.2011782 ], [ -2.4273211, 51.2014543 ], [ -2.4272927, 51.2015857 ], [ -2.4273078, 51.2018974 ], [ -2.4271656, 51.2023665 ], [ -2.428886, 51.2029572 ], [ -2.429169, 51.2030626 ], [ -2.4291654, 51.2030806 ], [ -2.4293948, 51.2031636 ], [ -2.4294328, 51.203161 ], [ -2.4295291, 51.2031909 ], [ -2.4299756, 51.2030695 ], [ -2.4300654, 51.2030159 ], [ -2.4300702, 51.2029401 ], [ -2.4300462, 51.2029014 ], [ -2.430148, 51.2028347 ], [ -2.4303, 51.2029041 ], [ -2.4305596, 51.202932 ], [ -2.431125, 51.2028117 ], [ -2.4313461, 51.2027445 ], [ -2.4313761, 51.2027202 ], [ -2.4313315, 51.2026793 ], [ -2.4302286, 51.2021861 ], [ -2.4297299, 51.2019732 ], [ -2.429972, 51.2016948 ], [ -2.4299918, 51.2016282 ], [ -2.4298721, 51.2015596 ], [ -2.4296561, 51.2014809 ], [ -2.4293022, 51.2013814 ], [ -2.4290106, 51.2013006 ], [ -2.4285143, 51.2012729 ], [ -2.4278033, 51.2012702 ], [ -2.4272162, 51.2011782 ] ] ] ] } },
{ "type": "Feature", "properties": { "Title": "DN600693" }, "geometry": { "type": "MultiPolygon", "coordinates": [ [ [ [ -4.072374, 50.3679065 ], [ -4.0724242, 50.367966 ], [ -4.0725259, 50.3679513 ], [ -4.0728317, 50.3680765 ], [ -4.0732886, 50.368121 ], [ -4.0740973, 50.3681 ], [ -4.0745167, 50.3680638 ], [ -4.0746037, 50.3680487 ], [ -4.0746454, 50.367984 ], [ -4.0745253, 50.3677192 ], [ -4.074387, 50.3675455 ], [ -4.0741003, 50.3673271 ], [ -4.0739449, 50.367279 ], [ -4.0730579, 50.3671892 ], [ -4.0730542, 50.3672038 ], [ -4.0729985, 50.3671982 ], [ -4.072964, 50.367339 ], [ -4.0727647, 50.367319 ], [ -4.0727758, 50.3672742 ], [ -4.0726176, 50.3672574 ], [ -4.0725622, 50.3674934 ], [ -4.0725881, 50.3676513 ], [ -4.0725518, 50.3676637 ], [ -4.0726167, 50.3678797 ], [ -4.0724522, 50.3679088 ], [ -4.0724452, 50.3678945 ], [ -4.072374, 50.3679065 ] ] ] ] } },
{ "type": "Feature", "properties": { "Title": "ST284795" }, "geometry": { "type": "MultiPolygon", "coordinates": [ [ [ [ -2.7942581, 51.3000742 ], [ -2.7942726, 51.3000276 ], [ -2.7943511, 51.300001 ], [ -2.7944224, 51.2998935 ], [ -2.7943836, 51.2998101 ], [ -2.7943227, 51.2997692 ], [ -2.7943223, 51.2994149 ], [ -2.7944073, 51.2992731 ], [ -2.7944944, 51.2992333 ], [ -2.7945524, 51.2992062 ], [ -2.7946227, 51.299042 ], [ -2.7944687, 51.2988903 ], [ -2.7938152, 51.2986728 ], [ -2.793067, 51.2986388 ], [ -2.7924175, 51.2987525 ], [ -2.792131, 51.2987885 ], [ -2.7920862, 51.2988402 ], [ -2.7919804, 51.2991668 ], [ -2.791973, 51.2994053 ], [ -2.7919259, 51.2994573 ], [ -2.7919552, 51.2996035 ], [ -2.7920437, 51.2996595 ], [ -2.7929892, 51.3000092 ], [ -2.7932117, 51.2999349 ], [ -2.793404, 51.2999408 ], [ -2.7939699, 51.3000637 ], [ -2.7941565, 51.3001473 ], [ -2.7942581, 51.3000742 ] ] ] ] } },
{ "type": "Feature", "properties": { "Title": "LT429463" }, "geometry": { "type": "MultiPolygon", "coordinates": [ [ [ [ -1.3194662, 52.7104057 ], [ -1.3192633, 52.7104336 ], [ -1.3192032, 52.7103103 ], [ -1.3186494, 52.7104084 ], [ -1.318525, 52.710382 ], [ -1.3184339, 52.7103874 ], [ -1.318281, 52.7103888 ], [ -1.3183803, 52.71052 ], [ -1.3185417, 52.7106301 ], [ -1.3186626, 52.7106527 ], [ -1.31869, 52.7106975 ], [ -1.3187748, 52.7107637 ], [ -1.318971, 52.7108203 ], [ -1.3192914, 52.710754 ], [ -1.3194325, 52.7107251 ], [ -1.3195226, 52.7107196 ], [ -1.3194662, 52.7104057 ] ] ] ] } },
{ "type": "Feature", "properties": { "Title": "LAN103445" }, "geometry": { "type": "MultiPolygon", "coordinates": [ [ [ [ -2.7416627, 54.1110241 ], [ -2.7416667, 54.1110001 ], [ -2.7417058, 54.1109782 ], [ -2.7415738, 54.1108936 ], [ -2.740614, 54.1112731 ], [ -2.740623, 54.1113353 ], [ -2.740535, 54.1113662 ], [ -2.7405759, 54.1114108 ], [ -2.7405306, 54.1114245 ], [ -2.7405783, 54.1114752 ], [ -2.7410818, 54.111651 ], [ -2.7411644, 54.1117314 ], [ -2.7411855, 54.1118394 ], [ -2.7410695, 54.112078 ], [ -2.7407642, 54.1122646 ], [ -2.7407394, 54.1122693 ], [ -2.740582, 54.1123062 ], [ -2.7404507, 54.1124011 ], [ -2.7403306, 54.1128876 ], [ -2.7405635, 54.1131449 ], [ -2.7413946, 54.113344 ], [ -2.7414245, 54.1133977 ], [ -2.7415445, 54.1134438 ], [ -2.7417566, 54.1133255 ], [ -2.7422196, 54.1131963 ], [ -2.7427184, 54.1131084 ], [ -2.7428151, 54.1130462 ], [ -2.7428747, 54.1129705 ], [ -2.7429724, 54.1129372 ], [ -2.7434334, 54.1129612 ], [ -2.7436594, 54.1130259 ], [ -2.7442279, 54.1132762 ], [ -2.7445969, 54.1133516 ], [ -2.7449704, 54.1133974 ], [ -2.7450647, 54.1132854 ], [ -2.7448627, 54.1132693 ], [ -2.7446703, 54.1132217 ], [ -2.7443792, 54.1131058 ], [ -2.7442583, 54.1130091 ], [ -2.7440258, 54.1126338 ], [ -2.7436103, 54.1122969 ], [ -2.7433068, 54.1120468 ], [ -2.7430167, 54.1120053 ], [ -2.7429029, 54.1118332 ], [ -2.7427239, 54.1116854 ], [ -2.7426332, 54.1115353 ], [ -2.7425848, 54.1115371 ], [ -2.7425285, 54.1114373 ], [ -2.7423117, 54.1113523 ], [ -2.7420509, 54.1112811 ], [ -2.741993, 54.1112893 ], [ -2.741968, 54.1112667 ], [ -2.7421021, 54.1112184 ], [ -2.7420903, 54.1111998 ], [ -2.7419342, 54.1112194 ], [ -2.7419137, 54.1112099 ], [ -2.7420441, 54.1111725 ], [ -2.7416155, 54.1110572 ], [ -2.7416627, 54.1110241 ] ] ] ] } },
{ "type": "Feature", "properties": { "Title": "SF562725" }, "geometry": { "type": "MultiPolygon", "coordinates": [ [ [ [ -1.691087, 52.7765015 ], [ -1.6911436, 52.7765889 ], [ -1.6912934, 52.7766428 ], [ -1.6923634, 52.7768154 ], [ -1.6925323, 52.776785 ], [ -1.6926102, 52.7767166 ], [ -1.6929059, 52.7760715 ], [ -1.6929258, 52.7760745 ], [ -1.6933485, 52.7750547 ], [ -1.6933066, 52.7749802 ], [ -1.6929686, 52.7749298 ], [ -1.6916566, 52.7748058 ], [ -1.6915396, 52.7753311 ], [ -1.6914382, 52.7756632 ], [ -1.691087, 52.7765015 ] ] ] ] } },
{ "type": "Feature", "properties": { "Title": "WT251444" }, "geometry": { "type": "MultiPolygon", "coordinates": [ [ [ [ -1.9421686, 51.660381 ], [ -1.9421777, 51.6596502 ], [ -1.9421318, 51.6593463 ], [ -1.9420266, 51.6591017 ], [ -1.9417826, 51.6587986 ], [ -1.9414563, 51.6584801 ], [ -1.9405021, 51.6574366 ], [ -1.9403435, 51.6571452 ], [ -1.9399271, 51.6562586 ], [ -1.9397064, 51.6559223 ], [ -1.9389747, 51.6560981 ], [ -1.9373319, 51.6565261 ], [ -1.9360953, 51.6569642 ], [ -1.9357607, 51.6572031 ], [ -1.9357347, 51.6572449 ], [ -1.934781, 51.6576602 ], [ -1.9340221, 51.6579944 ], [ -1.9339317, 51.6579984 ], [ -1.9337459, 51.6580782 ], [ -1.9349771, 51.659051 ], [ -1.9347778, 51.659083 ], [ -1.9347245, 51.6590789 ], [ -1.9346401, 51.6591035 ], [ -1.934522, 51.6592485 ], [ -1.9343839, 51.6593238 ], [ -1.9343528, 51.6593952 ], [ -1.9343514, 51.659576 ], [ -1.934448, 51.6597031 ], [ -1.93455, 51.6597869 ], [ -1.9346072, 51.6598915 ], [ -1.9346956, 51.6599593 ], [ -1.9349983, 51.6600852 ], [ -1.9350994, 51.6601228 ], [ -1.9352108, 51.6602094 ], [ -1.9353382, 51.6602414 ], [ -1.9355347, 51.6604096 ], [ -1.9360673, 51.6607014 ], [ -1.9361845, 51.6618869 ], [ -1.9363939, 51.664004 ], [ -1.9406841, 51.6616525 ], [ -1.941495, 51.6612141 ], [ -1.9417207, 51.66089 ], [ -1.9421498, 51.6604115 ], [ -1.9421686, 51.660381 ] ] ] ] } },
{ "type": "Feature", "properties": { "Title": "CL273774" }, "geometry": { "type": "MultiPolygon", "coordinates": [ [ [ [ -4.9332977, 50.3688413 ], [ -4.9334076, 50.368772 ], [ -4.9335299, 50.3679201 ], [ -4.9335606, 50.3676532 ], [ -4.9334841, 50.3676354 ], [ -4.9331288, 50.3676885 ], [ -4.9331116, 50.367891 ], [ -4.9330916, 50.3678963 ], [ -4.9328321, 50.3682833 ], [ -4.9324816, 50.3682538 ], [ -4.9323718, 50.368525 ], [ -4.9322148, 50.3688303 ], [ -4.9318382, 50.3695663 ], [ -4.9321175, 50.3696137 ], [ -4.9324232, 50.3697883 ], [ -4.9324563, 50.3698692 ], [ -4.9323898, 50.3699841 ], [ -4.9322992, 50.3700387 ], [ -4.9330888, 50.3700195 ], [ -4.9330805, 50.3695049 ], [ -4.9332977, 50.3688413 ] ] ] ] } },
{ "type": "Feature", "properties": { "Title": "LT429466" }, "geometry": { "type": "MultiPolygon", "coordinates": [ [ [ [ -1.3363722, 52.7118365 ], [ -1.3351515, 52.7108823 ], [ -1.3344434, 52.7102584 ], [ -1.3339209, 52.7099298 ], [ -1.3328829, 52.7106327 ], [ -1.3328311, 52.7108563 ], [ -1.3328769, 52.7110606 ], [ -1.3339183, 52.7124596 ], [ -1.334085, 52.7125008 ], [ -1.3353204, 52.7122647 ], [ -1.335561, 52.7122053 ], [ -1.335983, 52.7120266 ], [ -1.3363722, 52.7118365 ] ] ] ] } },
{ "type": "Feature", "properties": { "Title": "DY450702" }, "geometry": { "type": "MultiPolygon", "coordinates": [ [ [ [ -1.6073521, 53.0070569 ], [ -1.6073204, 53.0059171 ], [ -1.6071752, 53.0059307 ], [ -1.6068372, 53.0059213 ], [ -1.6068252, 53.0057534 ], [ -1.6060847, 53.0058279 ], [ -1.6060074, 53.0057878 ], [ -1.6048671, 53.0059201 ], [ -1.6048482, 53.0063413 ], [ -1.6048829, 53.0066479 ], [ -1.6049593, 53.0068041 ], [ -1.6053469, 53.0067965 ], [ -1.6053578, 53.0069019 ], [ -1.606051, 53.0068815 ], [ -1.6064943, 53.0068498 ], [ -1.6066595, 53.00722 ], [ -1.6068194, 53.0072071 ], [ -1.6071566, 53.0071307 ], [ -1.6073521, 53.0070569 ] ] ], [ [ [ -1.6156813, 53.0094587 ], [ -1.6157232, 53.0093952 ], [ -1.6161906, 53.0092387 ], [ -1.6165308, 53.0091057 ], [ -1.6173774, 53.0088965 ], [ -1.6174626, 53.0089065 ], [ -1.6174999, 53.0089676 ], [ -1.6174481, 53.0090387 ], [ -1.6166519, 53.0094213 ], [ -1.6165658, 53.0097773 ], [ -1.6171178, 53.009887 ], [ -1.6181308, 53.0094844 ], [ -1.6184816, 53.0094953 ], [ -1.6189614, 53.0094749 ], [ -1.6193651, 53.009405 ], [ -1.6196971, 53.0093079 ], [ -1.6199702, 53.0090704 ], [ -1.6199377, 53.0090336 ], [ -1.6184561, 53.0086191 ], [ -1.618275, 53.0085177 ], [ -1.618009, 53.0084434 ], [ -1.6175474, 53.008429 ], [ -1.6177783, 53.0083897 ], [ -1.617815, 53.0083368 ], [ -1.6177482, 53.0082613 ], [ -1.6175521, 53.008084 ], [ -1.6172826, 53.0076359 ], [ -1.6171001, 53.0074754 ], [ -1.6168703, 53.0073767 ], [ -1.6162308, 53.0072363 ], [ -1.6161236, 53.0072015 ], [ -1.6159575, 53.0071606 ], [ -1.6158759, 53.0071102 ], [ -1.6149787, 53.0077 ], [ -1.6149165, 53.0076753 ], [ -1.6151643, 53.0075097 ], [ -1.6151277, 53.0074952 ], [ -1.6158198, 53.0070172 ], [ -1.6158047, 53.0069044 ], [ -1.6158448, 53.0064357 ], [ -1.6130349, 53.0059047 ], [ -1.6128777, 53.0059449 ], [ -1.6129211, 53.0058641 ], [ -1.6128053, 53.0058433 ], [ -1.6126601, 53.0060558 ], [ -1.6109394, 53.0058099 ], [ -1.6108453, 53.0058133 ], [ -1.6101884, 53.0057526 ], [ -1.6076715, 53.0053868 ], [ -1.6076213, 53.0054882 ], [ -1.6075624, 53.0055095 ], [ -1.6075438, 53.0057658 ], [ -1.6076468, 53.0058093 ], [ -1.6076692, 53.0058094 ], [ -1.6076483, 53.0061526 ], [ -1.6076874, 53.0061673 ], [ -1.6076996, 53.0063161 ], [ -1.6076801, 53.006316 ], [ -1.6076813, 53.0064106 ], [ -1.6077072, 53.0064107 ], [ -1.6077213, 53.0065831 ], [ -1.6076773, 53.0065952 ], [ -1.6077552, 53.0073506 ], [ -1.6077018, 53.0073517 ], [ -1.6077092, 53.0077539 ], [ -1.6093045, 53.0079519 ], [ -1.6096587, 53.0080076 ], [ -1.6096151, 53.0081759 ], [ -1.6102853, 53.0082826 ], [ -1.6103773, 53.008303 ], [ -1.6101062, 53.0089254 ], [ -1.6100571, 53.009025 ], [ -1.6129898, 53.0094314 ], [ -1.6131579, 53.0091125 ], [ -1.613307, 53.0091453 ], [ -1.6133789, 53.0091837 ], [ -1.6136238, 53.0092279 ], [ -1.6138138, 53.0092787 ], [ -1.6138513, 53.0092389 ], [ -1.6140726, 53.009256 ], [ -1.6154273, 53.0096031 ], [ -1.6155862, 53.0095995 ], [ -1.6158768, 53.0095317 ], [ -1.6165562, 53.0093357 ], [ -1.6165189, 53.0092886 ], [ -1.6157158, 53.0094883 ], [ -1.6156813, 53.0094587 ] ] ] ] } },
{ "type": "Feature", "properties": { "Title": "LT429459" }, "geometry": { "type": "MultiPolygon", "coordinates": [ [ [ [ -1.3194489, 52.7057315 ], [ -1.3190978, 52.7056079 ], [ -1.3190766, 52.7056245 ], [ -1.318796, 52.7055333 ], [ -1.3187904, 52.7055558 ], [ -1.3195225, 52.7058107 ], [ -1.3196551, 52.7057153 ], [ -1.319645, 52.7056808 ], [ -1.3195579, 52.7057275 ], [ -1.3194489, 52.7057315 ] ] ], [ [ [ -1.319645, 52.7056808 ], [ -1.3196345, 52.7055786 ], [ -1.3197824, 52.7051344 ], [ -1.3191271, 52.7049716 ], [ -1.3190142, 52.7050735 ], [ -1.3189528, 52.705082 ], [ -1.3186995, 52.7051826 ], [ -1.3186404, 52.7051961 ], [ -1.3185696, 52.7053361 ], [ -1.3190538, 52.7054201 ], [ -1.3194116, 52.7055199 ], [ -1.3195701, 52.705609 ], [ -1.3195648, 52.7056643 ], [ -1.319645, 52.7056808 ] ] ] ] } },
{ "type": "Feature", "properties": { "Title": "GR450829" }, "geometry": { "type": "MultiPolygon", "coordinates": [ [ [ [ -1.7522425, 51.6835549 ], [ -1.7504712, 51.6839711 ], [ -1.7507494, 51.684319 ], [ -1.7508293, 51.6842943 ], [ -1.7508854, 51.6843637 ], [ -1.7508059, 51.6843894 ], [ -1.7520601, 51.6859522 ], [ -1.7538734, 51.6855443 ], [ -1.7522425, 51.6835549 ] ] ] ] } },
{ "type": "Feature", "properties": { "Title": "NYK481036" }, "geometry": { "type": "MultiPolygon", "coordinates": [ [ [ [ -1.959214, 53.9799513 ], [ -1.9587223, 53.9799594 ], [ -1.9582994, 53.9800021 ], [ -1.9582951, 53.9800789 ], [ -1.9586073, 53.9801672 ], [ -1.9592182, 53.9800314 ], [ -1.959214, 53.9799513 ] ] ], [ [ [ -1.9541605, 53.9804179 ], [ -1.9542013, 53.9812304 ], [ -1.9545755, 53.9811846 ], [ -1.9570882, 53.9808598 ], [ -1.9579779, 53.9808411 ], [ -1.9579747, 53.9808564 ], [ -1.9580365, 53.9808517 ], [ -1.958159, 53.9806407 ], [ -1.9581873, 53.9804119 ], [ -1.9581746, 53.9803491 ], [ -1.958137, 53.9803452 ], [ -1.9580424, 53.9800668 ], [ -1.9581602, 53.9800505 ], [ -1.9579523, 53.9794156 ], [ -1.9554398, 53.9795773 ], [ -1.9542766, 53.9794192 ], [ -1.954127, 53.9794142 ], [ -1.954241, 53.979494 ], [ -1.9541101, 53.9796362 ], [ -1.9541317, 53.9798436 ], [ -1.9544504, 53.9798354 ], [ -1.9544584, 53.9798771 ], [ -1.9553057, 53.9798762 ], [ -1.9552357, 53.9804219 ], [ -1.9541605, 53.9804179 ] ] ] ] } },
{ "type": "Feature", "properties": { "Title": "GR450602" }, "geometry": { "type": "MultiPolygon", "coordinates": [ [ [ [ -1.7522425, 51.6835549 ], [ -1.7504712, 51.6839711 ], [ -1.7507494, 51.684319 ], [ -1.7508293, 51.6842943 ], [ -1.7508854, 51.6843637 ], [ -1.7508059, 51.6843894 ], [ -1.7520601, 51.6859522 ], [ -1.7538756, 51.6855438 ], [ -1.7522425, 51.6835549 ] ] ] ] } },
{ "type": "Feature", "properties": { "Title": "GR450330" }, "geometry": { "type": "MultiPolygon", "coordinates": [ [ [ [ -1.7452764, 51.6814328 ], [ -1.743803, 51.6821445 ], [ -1.743876, 51.6822007 ], [ -1.7424483, 51.6828717 ], [ -1.7438978, 51.6839128 ], [ -1.7434129, 51.6842454 ], [ -1.7446156, 51.6851499 ], [ -1.7452533, 51.6846061 ], [ -1.7472623, 51.6848133 ], [ -1.7474173, 51.6846723 ], [ -1.7475497, 51.6846549 ], [ -1.7472918, 51.68385 ], [ -1.746071, 51.6839233 ], [ -1.7450207, 51.6831089 ], [ -1.7450151, 51.6830159 ], [ -1.74663, 51.6824512 ], [ -1.7461917, 51.6818196 ], [ -1.745794, 51.6812282 ], [ -1.7454707, 51.6808866 ], [ -1.7450586, 51.6804705 ], [ -1.7448033, 51.6802771 ], [ -1.7441667, 51.6799915 ], [ -1.7437628, 51.6802703 ], [ -1.7452939, 51.6813977 ], [ -1.7452764, 51.6814328 ] ] ], [ [ [ -1.7578972, 51.6799667 ], [ -1.7564032, 51.6802389 ], [ -1.7566761, 51.6825195 ], [ -1.7566783, 51.6825378 ], [ -1.7581241, 51.6822092 ], [ -1.7578972, 51.6799667 ] ] ], [ [ [ -1.7549945, 51.6804906 ], [ -1.7537165, 51.6807225 ], [ -1.7536328, 51.6807382 ], [ -1.753856, 51.6831879 ], [ -1.7552493, 51.6828653 ], [ -1.7549945, 51.6804906 ] ] ], [ [ [ -1.7479277, 51.6817995 ], [ -1.7488389, 51.6843279 ], [ -1.7500619, 51.6840531 ], [ -1.7493434, 51.6815347 ], [ -1.7492196, 51.681557 ], [ -1.7479277, 51.6817995 ] ] ], [ [ [ -1.7607512, 51.6794765 ], [ -1.7595665, 51.6796881 ], [ -1.7595538, 51.6796595 ], [ -1.7591299, 51.6797379 ], [ -1.7596921, 51.6813353 ], [ -1.7596974, 51.6813504 ], [ -1.7613856, 51.6809852 ], [ -1.7607512, 51.6794765 ] ] ], [ [ [ -1.7507128, 51.6812946 ], [ -1.7512345, 51.6837912 ], [ -1.7524557, 51.6835069 ], [ -1.7523517, 51.682454 ], [ -1.7521685, 51.68101 ], [ -1.7507099, 51.6812804 ], [ -1.7507128, 51.6812946 ] ] ] ] } },
{ "type": "Feature", "properties": { "Title": "BM443775" }, "geometry": { "type": "MultiPolygon", "coordinates": [ [ [ [ -0.5009297, 51.5511197 ], [ -0.5003486, 51.5511704 ], [ -0.500551, 51.5521543 ], [ -0.5011382, 51.5521069 ], [ -0.5009297, 51.5511197 ] ] ] ] } },
{ "type": "Feature", "properties": { "Title": "CL64266" }, "geometry": { "type": "MultiPolygon", "coordinates": [ [ [ [ -5.2608215, 50.2245489 ], [ -5.2605859, 50.2241995 ], [ -5.2601921, 50.2243316 ], [ -5.2600772, 50.2242093 ], [ -5.2591763, 50.2245494 ], [ -5.259301, 50.2247749 ], [ -5.2601142, 50.2247107 ], [ -5.260515, 50.2246351 ], [ -5.2607998, 50.2245551 ], [ -5.2608215, 50.2245489 ] ] ] ] } },
{ "type": "Feature", "properties": { "Title": "MS683568" }, "geometry": { "type": "MultiPolygon", "coordinates": [ [ [ [ -3.0332314, 53.4627548 ], [ -3.0331497, 53.4628053 ], [ -3.0337804, 53.4631755 ], [ -3.0340026, 53.4633217 ], [ -3.0342543, 53.4634198 ], [ -3.0343322, 53.4634493 ], [ -3.0345582, 53.4634399 ], [ -3.0347811, 53.4633676 ], [ -3.0351748, 53.4632114 ], [ -3.0359329, 53.4628613 ], [ -3.034739, 53.461956 ], [ -3.0345598, 53.4620214 ], [ -3.0341681, 53.4622136 ], [ -3.0342216, 53.4622578 ], [ -3.034164, 53.4622827 ], [ -3.0346631, 53.4626677 ], [ -3.0346755, 53.4626602 ], [ -3.0347152, 53.4626928 ], [ -3.0346396, 53.4627255 ], [ -3.0346019, 53.4626974 ], [ -3.0346171, 53.46269 ], [ -3.0341286, 53.462298 ], [ -3.0331935, 53.4627092 ], [ -3.0332314, 53.4627548 ] ] ] ] } },
{ "type": "Feature", "properties": { "Title": "ESX406900" }, "geometry": { "type": "MultiPolygon", "coordinates": [ [ [ [ -0.2092767, 50.8271613 ], [ -0.2082011, 50.82722 ], [ -0.2078798, 50.8281075 ], [ -0.2088783, 50.8282509 ], [ -0.2092712, 50.8271743 ], [ -0.2092767, 50.8271613 ] ] ] ] } },
{ "type": "Feature", "properties": { "Title": "HD593816" }, "geometry": { "type": "MultiPolygon", "coordinates": [ [ [ [ -0.1116019, 51.7727682 ], [ -0.1120601, 51.773138 ], [ -0.1121783, 51.7732188 ], [ -0.1123886, 51.7731449 ], [ -0.1124595, 51.7730786 ], [ -0.1124451, 51.7730415 ], [ -0.1120862, 51.7726267 ], [ -0.1119565, 51.772505 ], [ -0.1118981, 51.7724097 ], [ -0.1117562, 51.7724407 ], [ -0.1118524, 51.7726023 ], [ -0.1116019, 51.7727682 ] ] ] ] } },
{ "type": "Feature", "properties": { "Title": "LL399184" }, "geometry": { "type": "MultiPolygon", "coordinates": [ [ [ [ -0.1770915, 53.1313519 ], [ -0.17345, 53.1306094 ], [ -0.1732954, 53.1309012 ], [ -0.1732455, 53.1309435 ], [ -0.168214, 53.130087 ], [ -0.1680953, 53.1300951 ], [ -0.1663415, 53.1310699 ], [ -0.1661526, 53.131111 ], [ -0.1654735, 53.1311564 ], [ -0.1652911, 53.1312968 ], [ -0.1649217, 53.1317182 ], [ -0.1646269, 53.1320343 ], [ -0.1643001, 53.1323198 ], [ -0.1650559, 53.132592 ], [ -0.1658631, 53.1325351 ], [ -0.1660446, 53.132453 ], [ -0.1668405, 53.1321624 ], [ -0.1678604, 53.1319058 ], [ -0.1688233, 53.1317689 ], [ -0.1704704, 53.1317746 ], [ -0.1707709, 53.131789 ], [ -0.1729049, 53.1317729 ], [ -0.1746001, 53.1317946 ], [ -0.1756167, 53.1317345 ], [ -0.1768249, 53.1315845 ], [ -0.1770915, 53.1313519 ] ] ] ] } },
{ "type": "Feature", "properties": { "Title": "MAN358231" }, "geometry": { "type": "MultiPolygon", "coordinates": [ [ [ [ -2.0688837, 53.4805443 ], [ -2.069267, 53.4803733 ], [ -2.0688212, 53.4802055 ], [ -2.0686744, 53.4801616 ], [ -2.0683418, 53.4803096 ], [ -2.0684453, 53.4803912 ], [ -2.0680156, 53.4805768 ], [ -2.068295, 53.4807987 ], [ -2.0688837, 53.4805443 ] ] ] ] } },
{ "type": "Feature", "properties": { "Title": "MM139650" }, "geometry": { "type": "MultiPolygon", "coordinates": [ [ [ [ -1.858238, 52.4827391 ], [ -1.8582356, 52.4827275 ], [ -1.857827, 52.48276 ], [ -1.8577742, 52.4824922 ], [ -1.8565659, 52.4825769 ], [ -1.8566076, 52.4828455 ], [ -1.8577041, 52.4827769 ], [ -1.8577504, 52.4827519 ], [ -1.8577834, 52.4827751 ], [ -1.858238, 52.4827391 ] ] ] ] } },
{ "type": "Feature", "properties": { "Title": "MAN348517" }, "geometry": { "type": "MultiPolygon", "coordinates": [ [ [ [ -2.5523849, 53.5156959 ], [ -2.5521169, 53.5156893 ], [ -2.5521063, 53.5158545 ], [ -2.5523743, 53.5158606 ], [ -2.5523849, 53.5156959 ] ] ], [ [ [ -2.5523279, 53.5162034 ], [ -2.5511307, 53.516175 ], [ -2.5510849, 53.5169014 ], [ -2.5522923, 53.5169269 ], [ -2.5523279, 53.5162034 ] ] ] ] } },
{ "type": "Feature", "properties": { "Title": "WSX410314" }, "geometry": { "type": "MultiPolygon", "coordinates": [ [ [ [ -0.6023574, 50.8117956 ], [ -0.6016532, 50.8120976 ], [ -0.6016336, 50.8121644 ], [ -0.6018455, 50.8123535 ], [ -0.6019698, 50.8123681 ], [ -0.6026467, 50.8120674 ], [ -0.6023574, 50.8117956 ] ] ] ] } },
{ "type": "Feature", "properties": { "Title": "LT512291" }, "geometry": { "type": "MultiPolygon", "coordinates": [ [ [ [ -1.3364305, 52.7449278 ], [ -1.3374054, 52.7452163 ], [ -1.3374885, 52.7445316 ], [ -1.3429988, 52.7432236 ], [ -1.3431386, 52.7421203 ], [ -1.3416951, 52.7422243 ], [ -1.3409378, 52.7423081 ], [ -1.3365409, 52.7431285 ], [ -1.3365123, 52.7433558 ], [ -1.3365166, 52.7440566 ], [ -1.3364305, 52.7449278 ] ] ] ] } },
{ "type": "Feature", "properties": { "Title": "DN713325" }, "geometry": { "type": "MultiPolygon", "coordinates": [ [ [ [ -4.1094486, 50.3652945 ], [ -4.1094658, 50.3652774 ], [ -4.1094393, 50.3652817 ], [ -4.1094486, 50.3652945 ] ] ], [ [ [ -4.1093488, 50.366244 ], [ -4.1092974, 50.3662904 ], [ -4.1093012, 50.3664401 ], [ -4.1096624, 50.3664726 ], [ -4.1098895, 50.3656911 ], [ -4.1096197, 50.3656551 ], [ -4.1095414, 50.3659754 ], [ -4.1091983, 50.3661531 ], [ -4.1093488, 50.366244 ] ] ] ] } },
{ "type": "Feature", "properties": { "Title": "SF647147" }, "geometry": { "type": "MultiPolygon", "coordinates": [ [ [ [ -1.8500588, 52.9107063 ], [ -1.8503501, 52.9086925 ], [ -1.8501015, 52.9087003 ], [ -1.8499848, 52.9086585 ], [ -1.8499338, 52.9086073 ], [ -1.8499155, 52.9082656 ], [ -1.8498327, 52.9082203 ], [ -1.8494622, 52.9081648 ], [ -1.8493873, 52.9081657 ], [ -1.8492389, 52.9082114 ], [ -1.8489677, 52.9081555 ], [ -1.8486528, 52.9080453 ], [ -1.8481968, 52.9077719 ], [ -1.8480573, 52.9076813 ], [ -1.8479419, 52.9076506 ], [ -1.8477489, 52.9077109 ], [ -1.8476008, 52.9076962 ], [ -1.8474538, 52.9076437 ], [ -1.8473225, 52.9076203 ], [ -1.8468202, 52.9075784 ], [ -1.8464785, 52.9075306 ], [ -1.8460699, 52.9075611 ], [ -1.8456967, 52.9075553 ], [ -1.8455471, 52.9075162 ], [ -1.8453736, 52.907434 ], [ -1.8450086, 52.9074684 ], [ -1.8448299, 52.9075046 ], [ -1.8448225, 52.907528 ], [ -1.8447839, 52.9075181 ], [ -1.8446933, 52.9075397 ], [ -1.8446828, 52.9075621 ], [ -1.8446457, 52.9075513 ], [ -1.844561, 52.907573 ], [ -1.8445469, 52.9075944 ], [ -1.8450867, 52.9080106 ], [ -1.8453169, 52.9082314 ], [ -1.8453205, 52.9084277 ], [ -1.8452475, 52.9087039 ], [ -1.845289, 52.9087866 ], [ -1.8454136, 52.9088224 ], [ -1.845559, 52.9088222 ], [ -1.8456843, 52.9087938 ], [ -1.8462042, 52.908622 ], [ -1.8464814, 52.9085889 ], [ -1.8467502, 52.9086103 ], [ -1.8471552, 52.9087352 ], [ -1.847319, 52.9088309 ], [ -1.8474511, 52.9089403 ], [ -1.8478781, 52.9094317 ], [ -1.8480061, 52.9096069 ], [ -1.8482574, 52.9095226 ], [ -1.8483761, 52.9095234 ], [ -1.8484218, 52.9095892 ], [ -1.8483574, 52.9097563 ], [ -1.8485229, 52.9099771 ], [ -1.8485656, 52.9100583 ], [ -1.8487693, 52.9103048 ], [ -1.8490592, 52.9105463 ], [ -1.8492279, 52.910603 ], [ -1.8494887, 52.9106398 ], [ -1.8499443, 52.9106866 ], [ -1.8500588, 52.9107063 ] ] ] ] } },
{ "type": "Feature", "properties": { "Title": "BM107937" }, "geometry": { "type": "MultiPolygon", "coordinates": [ [ [ [ -0.7540118, 52.0215568 ], [ -0.7545421, 52.0219348 ], [ -0.755097, 52.0216285 ], [ -0.7552655, 52.0215325 ], [ -0.7546424, 52.0211837 ], [ -0.7540118, 52.0215568 ] ] ] ] } },
{ "type": "Feature", "properties": { "Title": "ND141145" }, "geometry": { "type": "MultiPolygon", "coordinates": [ [ [ [ -1.5524671, 55.1666695 ], [ -1.5525043, 55.1665779 ], [ -1.5526526, 55.1665574 ], [ -1.5528605, 55.1660867 ], [ -1.5527924, 55.165963 ], [ -1.5526422, 55.1658748 ], [ -1.551018, 55.1655811 ], [ -1.5506427, 55.1662333 ], [ -1.5493494, 55.1662446 ], [ -1.5493508, 55.1662895 ], [ -1.5515144, 55.1662743 ], [ -1.5515037, 55.1666022 ], [ -1.5517199, 55.1666396 ], [ -1.5524999, 55.1667747 ], [ -1.5524949, 55.1666761 ], [ -1.5524671, 55.1666695 ] ] ] ] } },
{ "type": "Feature", "properties": { "Title": "TY478161" }, "geometry": { "type": "MultiPolygon", "coordinates": [ [ [ [ -1.4054485, 54.9152925 ], [ -1.4051537, 54.9153168 ], [ -1.4051565, 54.9153292 ], [ -1.4048967, 54.9153506 ], [ -1.404958, 54.9154024 ], [ -1.4043365, 54.9156197 ], [ -1.4043363, 54.9158034 ], [ -1.4043538, 54.9158233 ], [ -1.4047007, 54.9157289 ], [ -1.4053756, 54.9156666 ], [ -1.4055778, 54.9156528 ], [ -1.4055519, 54.915368 ], [ -1.4055206, 54.9153705 ], [ -1.4054485, 54.9152925 ] ] ] ] } },
{ "type": "Feature", "properties": { "Title": "ND141291" }, "geometry": { "type": "MultiPolygon", "coordinates": [ [ [ [ -1.5552857, 55.1512412 ], [ -1.5548519, 55.1513199 ], [ -1.5550344, 55.1517087 ], [ -1.5581411, 55.1512013 ], [ -1.5580645, 55.1509525 ], [ -1.5557072, 55.1502018 ], [ -1.5548135, 55.1503131 ], [ -1.5552857, 55.1512412 ] ] ] ] } },
{ "type": "Feature", "properties": { "Title": "SF553337" }, "geometry": { "type": "MultiPolygon", "coordinates": [ [ [ [ -1.8512646, 52.9077044 ], [ -1.8512293, 52.9076326 ], [ -1.8511677, 52.9076505 ], [ -1.851196, 52.9077036 ], [ -1.8512094, 52.9077189 ], [ -1.8512646, 52.9077044 ] ] ] ] } },
{ "type": "Feature", "properties": { "Title": "SF597466" }, "geometry": { "type": "MultiPolygon", "coordinates": [ [ [ [ -1.8531863, 52.9110174 ], [ -1.8534462, 52.91065 ], [ -1.8537112, 52.9103981 ], [ -1.8537437, 52.910377 ], [ -1.8540009, 52.9101784 ], [ -1.8539795, 52.9100937 ], [ -1.8538156, 52.9099691 ], [ -1.8537164, 52.909959 ], [ -1.8539255, 52.9101402 ], [ -1.8539246, 52.910178 ], [ -1.8535112, 52.9104899 ], [ -1.8532013, 52.9108651 ], [ -1.8531092, 52.9110121 ], [ -1.8531243, 52.9110624 ], [ -1.8532907, 52.9111165 ], [ -1.8532932, 52.9112474 ], [ -1.8532571, 52.9113836 ], [ -1.8531819, 52.9114648 ], [ -1.8534974, 52.9114787 ], [ -1.8538013, 52.9113783 ], [ -1.8543091, 52.911248 ], [ -1.8546278, 52.911336 ], [ -1.8547888, 52.9113998 ], [ -1.8550427, 52.9114797 ], [ -1.8552505, 52.9115495 ], [ -1.8557759, 52.9115381 ], [ -1.8559915, 52.9114917 ], [ -1.8562864, 52.9114899 ], [ -1.8566096, 52.9114044 ], [ -1.8566083, 52.911363 ], [ -1.856243, 52.9114469 ], [ -1.8559455, 52.9114531 ], [ -1.8557028, 52.9115013 ], [ -1.8552374, 52.911499 ], [ -1.8548427, 52.9113632 ], [ -1.8547189, 52.9113204 ], [ -1.854371, 52.9112068 ], [ -1.8542147, 52.9112161 ], [ -1.8535755, 52.9113997 ], [ -1.8534815, 52.9114337 ], [ -1.8533026, 52.9114264 ], [ -1.853356, 52.9112871 ], [ -1.8533739, 52.9111315 ], [ -1.8533224, 52.9110707 ], [ -1.8532012, 52.9110335 ], [ -1.8531863, 52.9110174 ] ] ] ] } },
{ "type": "Feature", "properties": { "Title": "MAN333109" }, "geometry": { "type": "MultiPolygon", "coordinates": [ [ [ [ -2.2597387, 53.3985059 ], [ -2.2580886, 53.3985709 ], [ -2.2580491, 53.3985839 ], [ -2.2577427, 53.3989754 ], [ -2.2577748, 53.3990143 ], [ -2.2590473, 53.3993733 ], [ -2.2597387, 53.3985059 ] ] ] ] } },
{ "type": "Feature", "properties": { "Title": "CB440370" }, "geometry": { "type": "MultiPolygon", "coordinates": [ [ [ [ -0.1972443, 52.5906173 ], [ -0.1982294, 52.5904456 ], [ -0.1982406, 52.5904023 ], [ -0.1981678, 52.5902258 ], [ -0.1971554, 52.5904029 ], [ -0.1972443, 52.5906173 ] ] ] ] } },
{ "type": "Feature", "properties": { "Title": "CB440139" }, "geometry": { "type": "MultiPolygon", "coordinates": [ [ [ [ -0.1980515, 52.5899489 ], [ -0.1980067, 52.5899567 ], [ -0.1970509, 52.5901239 ], [ -0.1971555, 52.5904029 ], [ -0.1981643, 52.5902173 ], [ -0.1980515, 52.5899489 ] ] ] ] } },
{ "type": "Feature", "properties": { "Title": "DU372345" }, "geometry": { "type": "MultiPolygon", "coordinates": [ [ [ [ -2.125949, 54.7486126 ], [ -2.1241949, 54.7486143 ], [ -2.1222624, 54.7488289 ], [ -2.1201833, 54.749055 ], [ -2.1189854, 54.7492218 ], [ -2.1186751, 54.7492523 ], [ -2.1185911, 54.7492231 ], [ -2.1146725, 54.7496298 ], [ -2.1183598, 54.7501892 ], [ -2.1264379, 54.7488616 ], [ -2.125949, 54.7486126 ] ] ] ] } },
{ "type": "Feature", "properties": { "Title": "TT88636" }, "geometry": { "type": "MultiPolygon", "coordinates": [ [ [ [ 0.6903981, 51.4407584 ], [ 0.6903834, 51.4406798 ], [ 0.6912383, 51.4401969 ], [ 0.692513, 51.4394125 ], [ 0.6923445, 51.4340031 ], [ 0.6923025, 51.4334379 ], [ 0.6918839, 51.433378 ], [ 0.6918176, 51.4322635 ], [ 0.6955036, 51.4322419 ], [ 0.695537, 51.4328087 ], [ 0.694653, 51.432829 ], [ 0.6946716, 51.4340658 ], [ 0.6942168, 51.4340632 ], [ 0.6942001, 51.4342453 ], [ 0.6940027, 51.4342408 ], [ 0.6940209, 51.4340634 ], [ 0.6939094, 51.4340649 ], [ 0.6938184, 51.4339591 ], [ 0.6936849, 51.4339508 ], [ 0.6924152, 51.4340415 ], [ 0.6924536, 51.4350781 ], [ 0.6925503, 51.4358077 ], [ 0.6925476, 51.4359206 ], [ 0.6926924, 51.4360122 ], [ 0.6930715, 51.4360027 ], [ 0.6931938, 51.4360344 ], [ 0.6932705, 51.4360311 ], [ 0.6933592, 51.435996 ], [ 0.6966744, 51.4359221 ], [ 0.6974836, 51.4359173 ], [ 0.6975845, 51.4376293 ], [ 0.6963594, 51.4387553 ], [ 0.6963106, 51.4388625 ], [ 0.6967732, 51.440407 ], [ 0.6924073, 51.4404988 ], [ 0.6915051, 51.4409123 ], [ 0.6912833, 51.4407282 ], [ 0.6908729, 51.4409056 ], [ 0.6905905, 51.440858 ], [ 0.6903981, 51.4407584 ] ] ] ] } },
{ "type": "Feature", "properties": { "Title": "GR429480" }, "geometry": { "type": "MultiPolygon", "coordinates": [ [ [ [ -1.7546262, 51.6839509 ], [ -1.756903, 51.6838757 ], [ -1.7593808, 51.6838546 ], [ -1.7620248, 51.6837999 ], [ -1.7631263, 51.6829544 ], [ -1.7631144, 51.682927 ], [ -1.7619866, 51.68233 ], [ -1.759848, 51.6823211 ], [ -1.7598385, 51.6813191 ], [ -1.7588986, 51.6815315 ], [ -1.7588102, 51.6816491 ], [ -1.7586808, 51.6820543 ], [ -1.7586056, 51.6821009 ], [ -1.7538969, 51.6831789 ], [ -1.7527584, 51.6834367 ], [ -1.7543987, 51.685438 ], [ -1.7546477, 51.6853786 ], [ -1.7546262, 51.6839509 ] ] ] ] } },
{ "type": "Feature", "properties": { "Title": "GR429481" }, "geometry": { "type": "MultiPolygon", "coordinates": [ [ [ [ -1.7527584, 51.6834367 ], [ -1.7522445, 51.6835558 ], [ -1.7538744, 51.6855444 ], [ -1.7543908, 51.6854284 ], [ -1.7527584, 51.6834367 ] ] ] ] } },
{ "type": "Feature", "properties": { "Title": "DU370244" }, "geometry": { "type": "MultiPolygon", "coordinates": [ [ [ [ -2.1059089, 54.7394545 ], [ -2.1052203, 54.7396173 ], [ -2.1054199, 54.7396722 ], [ -2.1062161, 54.7397771 ], [ -2.1069747, 54.7398421 ], [ -2.1070663, 54.7398286 ], [ -2.1073763, 54.7399806 ], [ -2.1077573, 54.7402983 ], [ -2.1078607, 54.7403374 ], [ -2.109744, 54.7430974 ], [ -2.1102174, 54.7438392 ], [ -2.1104422, 54.7443015 ], [ -2.1108432, 54.7448885 ], [ -2.1101088, 54.7450729 ], [ -2.1106544, 54.7453361 ], [ -2.1107466, 54.7453571 ], [ -2.1101873, 54.7455403 ], [ -2.1078858, 54.7465263 ], [ -2.1071858, 54.7468105 ], [ -2.1066764, 54.7470475 ], [ -2.1059044, 54.7456416 ], [ -2.1020412, 54.7463566 ], [ -2.1011303, 54.7466667 ], [ -2.097944, 54.7475907 ], [ -2.0960468, 54.7483625 ], [ -2.0960462, 54.748987 ], [ -2.0965034, 54.7493016 ], [ -2.0965975, 54.7495931 ], [ -2.0956401, 54.7502062 ], [ -2.0953103, 54.7502557 ], [ -2.0948727, 54.7503509 ], [ -2.093608, 54.75082 ], [ -2.0921987, 54.7515953 ], [ -2.0921782, 54.7517213 ], [ -2.0925117, 54.7523452 ], [ -2.0927196, 54.7525311 ], [ -2.0931349, 54.7526208 ], [ -2.0953043, 54.7525751 ], [ -2.103557, 54.7521138 ], [ -2.1060307, 54.7519733 ], [ -2.1058034, 54.7516102 ], [ -2.1056099, 54.7514535 ], [ -2.1053805, 54.7510085 ], [ -2.1052873, 54.7508905 ], [ -2.1159297, 54.7497981 ], [ -2.1184535, 54.7502516 ], [ -2.1231446, 54.751924 ], [ -2.1238393, 54.7527934 ], [ -2.1276913, 54.7527894 ], [ -2.1280062, 54.7503953 ], [ -2.1278361, 54.7498649 ], [ -2.1273076, 54.74931 ], [ -2.125949, 54.7486126 ], [ -2.1241026, 54.7486144 ], [ -2.1238918, 54.7485881 ], [ -2.1236674, 54.748534 ], [ -2.1234419, 54.7484399 ], [ -2.1232473, 54.7483232 ], [ -2.1227955, 54.7478968 ], [ -2.1225694, 54.747605 ], [ -2.1220999, 54.7464592 ], [ -2.1219214, 54.7459072 ], [ -2.1218458, 54.7454957 ], [ -2.1218817, 54.7452616 ], [ -2.1218282, 54.7450175 ], [ -2.1217465, 54.7448843 ], [ -2.1216732, 54.7441204 ], [ -2.1202397, 54.7439157 ], [ -2.1199196, 54.7438839 ], [ -2.1184512, 54.7439415 ], [ -2.1183134, 54.7436268 ], [ -2.1175908, 54.7437602 ], [ -2.1168002, 54.7438323 ], [ -2.1156736, 54.7438408 ], [ -2.1150147, 54.7440284 ], [ -2.1140665, 54.7441704 ], [ -2.1131573, 54.7441488 ], [ -2.1126507, 54.7442848 ], [ -2.1112138, 54.744716 ], [ -2.1099323, 54.7431042 ], [ -2.109484, 54.7424191 ], [ -2.107921, 54.7402174 ], [ -2.1077079, 54.7399007 ], [ -2.1075607, 54.7398564 ], [ -2.10746, 54.739831 ], [ -2.1073112, 54.7397473 ], [ -2.1071887, 54.7397064 ], [ -2.10659, 54.7396346 ], [ -2.106269, 54.7396097 ], [ -2.1060551, 54.7396096 ], [ -2.1059355, 54.7395459 ], [ -2.1059089, 54.7394545 ] ] ] ] } },
{ "type": "Feature", "properties": { "Title": "NN222338" }, "geometry": { "type": "MultiPolygon", "coordinates": [ [ [ [ -0.6837284, 52.3172031 ], [ -0.6837254, 52.3170592 ], [ -0.6832188, 52.3168556 ], [ -0.682887, 52.3174506 ], [ -0.6830433, 52.3174985 ], [ -0.6831408, 52.3175031 ], [ -0.6833448, 52.3175535 ], [ -0.6837284, 52.3172031 ] ] ] ] } },
{ "type": "Feature", "properties": { "Title": "WT438592" }, "geometry": { "type": "MultiPolygon", "coordinates": [ [ [ [ -1.8001181, 51.6771092 ], [ -1.801295, 51.6769408 ], [ -1.8011445, 51.6767001 ], [ -1.8010357, 51.6766018 ], [ -1.8008421, 51.6764682 ], [ -1.8005839, 51.676337 ], [ -1.800165, 51.6761961 ], [ -1.7992322, 51.6759288 ], [ -1.7989392, 51.6759947 ], [ -1.7984277, 51.6764239 ], [ -1.7984476, 51.6774197 ], [ -1.7983987, 51.67749 ], [ -1.7980905, 51.6776781 ], [ -1.7977745, 51.6777982 ], [ -1.7973386, 51.6780841 ], [ -1.7978795, 51.6787549 ], [ -1.7983498, 51.6785995 ], [ -1.7991104, 51.6784014 ], [ -1.7995505, 51.6783113 ], [ -1.7999937, 51.678249 ], [ -1.8003398, 51.6780941 ], [ -1.8001181, 51.6771092 ] ] ], [ [ [ -1.8141313, 51.670937 ], [ -1.8132304, 51.6712879 ], [ -1.8117514, 51.6717698 ], [ -1.8109647, 51.672166 ], [ -1.8107531, 51.672293 ], [ -1.8106254, 51.6724259 ], [ -1.8105515, 51.6725909 ], [ -1.8109538, 51.6733577 ], [ -1.8116771, 51.6733983 ], [ -1.8129332, 51.67356 ], [ -1.8130195, 51.6735641 ], [ -1.8134725, 51.6735657 ], [ -1.8134873, 51.673204 ], [ -1.8153369, 51.6731582 ], [ -1.8150577, 51.6721166 ], [ -1.814842, 51.6716768 ], [ -1.8146445, 51.6713863 ], [ -1.8141313, 51.670937 ] ] ], [ [ [ -1.7948957, 51.6746902 ], [ -1.7957593, 51.6747006 ], [ -1.7960589, 51.6747204 ], [ -1.7964305, 51.6748013 ], [ -1.7966523, 51.6748917 ], [ -1.7970121, 51.6751268 ], [ -1.797263, 51.6752158 ], [ -1.7980638, 51.6754463 ], [ -1.7987475, 51.6754381 ], [ -1.7989082, 51.6753035 ], [ -1.7992381, 51.6750996 ], [ -1.7995786, 51.6744213 ], [ -1.7997709, 51.674155 ], [ -1.8005566, 51.6740792 ], [ -1.8010226, 51.6738327 ], [ -1.8011849, 51.6733607 ], [ -1.801353, 51.6727025 ], [ -1.8020147, 51.6726297 ], [ -1.8027586, 51.6726214 ], [ -1.8033637, 51.6724746 ], [ -1.804352, 51.6721229 ], [ -1.8046844, 51.6720419 ], [ -1.8050601, 51.6719847 ], [ -1.8067548, 51.6719007 ], [ -1.8073542, 51.6717666 ], [ -1.8076678, 51.6717401 ], [ -1.8100417, 51.6717343 ], [ -1.8102893, 51.6717058 ], [ -1.8149854, 51.669651 ], [ -1.8146525, 51.6690329 ], [ -1.8149608, 51.6689641 ], [ -1.8157376, 51.6687091 ], [ -1.815668, 51.6686371 ], [ -1.8155131, 51.6683524 ], [ -1.8152321, 51.6679778 ], [ -1.8149249, 51.6677055 ], [ -1.8147106, 51.6675826 ], [ -1.8144817, 51.6675154 ], [ -1.8133562, 51.6675294 ], [ -1.8129872, 51.6675696 ], [ -1.8119544, 51.6677489 ], [ -1.8113309, 51.6678033 ], [ -1.8070549, 51.668343 ], [ -1.8063691, 51.6683861 ], [ -1.8060633, 51.668894 ], [ -1.8059791, 51.6693305 ], [ -1.8059049, 51.670091 ], [ -1.8058376, 51.6701638 ], [ -1.8057608, 51.6701994 ], [ -1.8056793, 51.6702067 ], [ -1.8056052, 51.6701947 ], [ -1.805555, 51.6701678 ], [ -1.8054669, 51.6700456 ], [ -1.8053463, 51.6696895 ], [ -1.8051467, 51.6693064 ], [ -1.8049231, 51.6689669 ], [ -1.8047064, 51.6687009 ], [ -1.8045659, 51.6685774 ], [ -1.803418, 51.6685301 ], [ -1.8013114, 51.6684627 ], [ -1.8007775, 51.6684443 ], [ -1.8003733, 51.6684199 ], [ -1.7996941, 51.6685023 ], [ -1.7995258, 51.6685364 ], [ -1.7993877, 51.6686854 ], [ -1.7992526, 51.6684982 ], [ -1.7988006, 51.6685321 ], [ -1.7985037, 51.668577 ], [ -1.7984513, 51.668615 ], [ -1.7984462, 51.6686439 ], [ -1.798281, 51.6686393 ], [ -1.7982682, 51.6686122 ], [ -1.7976341, 51.668714 ], [ -1.7976112, 51.668748 ], [ -1.7955952, 51.6690599 ], [ -1.7952168, 51.6691192 ], [ -1.7949094, 51.6716096 ], [ -1.7949039, 51.6717757 ], [ -1.7941402, 51.6717833 ], [ -1.7954746, 51.672846 ], [ -1.7954713, 51.672924 ], [ -1.7953156, 51.6733131 ], [ -1.7965668, 51.6732177 ], [ -1.7968563, 51.6728396 ], [ -1.7972193, 51.6728178 ], [ -1.797529, 51.6730943 ], [ -1.798427, 51.6729818 ], [ -1.7985851, 51.6734064 ], [ -1.799025, 51.6733707 ], [ -1.7991176, 51.6737832 ], [ -1.7966343, 51.6742941 ], [ -1.7957043, 51.6742925 ], [ -1.7950869, 51.6743131 ], [ -1.7950539, 51.6745727 ], [ -1.794927, 51.6746621 ], [ -1.7949117, 51.674666 ], [ -1.7948957, 51.6746902 ] ], [ [ -1.8001897, 51.670627 ], [ -1.8028083, 51.6707378 ], [ -1.8028435, 51.6709905 ], [ -1.8011254, 51.6709397 ], [ -1.8007858, 51.6708834 ], [ -1.8004523, 51.6707669 ], [ -1.8002921, 51.6706866 ], [ -1.8001897, 51.670627 ] ], [ [ -1.8020474, 51.6714252 ], [ -1.8018488, 51.671409 ], [ -1.8009336, 51.6714737 ], [ -1.8006961, 51.6709169 ], [ -1.8009242, 51.6709709 ], [ -1.801693, 51.6710278 ], [ -1.8019837, 51.6710081 ], [ -1.8020206, 51.6713026 ], [ -1.8020474, 51.6714252 ] ], [ [ -1.8097379, 51.669128 ], [ -1.8096827, 51.6691932 ], [ -1.8095417, 51.6692316 ], [ -1.8078267, 51.6692786 ], [ -1.8077931, 51.6691914 ], [ -1.8084337, 51.6691061 ], [ -1.8091554, 51.6690623 ], [ -1.809657, 51.6691099 ], [ -1.8097379, 51.669128 ] ], [ [ -1.8054996, 51.6711201 ], [ -1.8057492, 51.6710971 ], [ -1.8057563, 51.6713951 ], [ -1.8057325, 51.6716099 ], [ -1.8054996, 51.6711201 ] ] ] ] } },
{ "type": "Feature", "properties": { "Title": "DN697622" }, "geometry": { "type": "MultiPolygon", "coordinates": [ [ [ [ -4.1137633, 50.3635507 ], [ -4.1133061, 50.3634247 ], [ -4.1132678, 50.3634565 ], [ -4.1132137, 50.3634791 ], [ -4.1132189, 50.3635145 ], [ -4.1132314, 50.3635358 ], [ -4.1132176, 50.3635561 ], [ -4.1136762, 50.3636824 ], [ -4.1137633, 50.3635507 ] ] ] ] } },
{ "type": "Feature", "properties": { "Title": "DN697235" }, "geometry": { "type": "MultiPolygon", "coordinates": [ [ [ [ -4.1144158, 50.3639166 ], [ -4.1147507, 50.36369 ], [ -4.114358, 50.363582 ], [ -4.1142759, 50.3637097 ], [ -4.1141771, 50.3636837 ], [ -4.1140835, 50.3638294 ], [ -4.1144158, 50.3639166 ] ] ] ] } },
{ "type": "Feature", "properties": { "Title": "CL338511" }, "geometry": { "type": "MultiPolygon", "coordinates": [ [ [ [ -4.9310983, 50.3666933 ], [ -4.9310583, 50.3667023 ], [ -4.9309209, 50.3667585 ], [ -4.9308901, 50.3668164 ], [ -4.9308093, 50.367179 ], [ -4.9306384, 50.3674735 ], [ -4.931847, 50.3674769 ], [ -4.9316439, 50.3672071 ], [ -4.9315988, 50.3670946 ], [ -4.9313478, 50.3667295 ], [ -4.9310983, 50.3666933 ] ] ] ] } },
{ "type": "Feature", "properties": { "Title": "DN695211" }, "geometry": { "type": "MultiPolygon", "coordinates": [ [ [ [ -3.3314141, 50.9152211 ], [ -3.333225, 50.91602 ], [ -3.3339377, 50.9161638 ], [ -3.3335324, 50.9138312 ], [ -3.332899, 50.9136468 ], [ -3.3316292, 50.9140728 ], [ -3.3315303, 50.9140745 ], [ -3.3310568, 50.9135244 ], [ -3.3310388, 50.9133229 ], [ -3.331291, 50.9130777 ], [ -3.3318331, 50.9123261 ], [ -3.3315883, 50.9122696 ], [ -3.3309524, 50.9122207 ], [ -3.3305596, 50.9121952 ], [ -3.3301801, 50.9120363 ], [ -3.3299865, 50.9119574 ], [ -3.3298519, 50.9118703 ], [ -3.3296485, 50.9118376 ], [ -3.3293923, 50.9118762 ], [ -3.3292405, 50.9119456 ], [ -3.3291281, 50.912069 ], [ -3.3291014, 50.9121806 ], [ -3.3291198, 50.9122328 ], [ -3.3290052, 50.9127184 ], [ -3.329065, 50.9131499 ], [ -3.3291993, 50.9137471 ], [ -3.3294499, 50.9150519 ], [ -3.3297741, 50.9152197 ], [ -3.3314141, 50.9152211 ] ] ] ] } },
{ "type": "Feature", "properties": { "Title": "GR422371" }, "geometry": { "type": "MultiPolygon", "coordinates": [ [ [ [ -1.7613856, 51.6809852 ], [ -1.7598385, 51.6813191 ], [ -1.759848, 51.6823211 ], [ -1.7619866, 51.68233 ], [ -1.7619482, 51.6823096 ], [ -1.7613856, 51.6809852 ] ] ] ] } },
{ "type": "Feature", "properties": { "Title": "WS82553" }, "geometry": { "type": "MultiPolygon", "coordinates": [ [ [ [ -2.4425974, 51.202205 ], [ -2.4419541, 51.2020552 ], [ -2.4411826, 51.2018032 ], [ -2.4407014, 51.2016573 ], [ -2.4384522, 51.2033978 ], [ -2.4379709, 51.2038039 ], [ -2.4377628, 51.2037024 ], [ -2.4366319, 51.2043986 ], [ -2.4362456, 51.204688 ], [ -2.4354072, 51.2054582 ], [ -2.4362769, 51.2059857 ], [ -2.4370949, 51.2062063 ], [ -2.439721, 51.206257 ], [ -2.440906, 51.2060848 ], [ -2.4412012, 51.2059253 ], [ -2.4414271, 51.2055051 ], [ -2.4416155, 51.2050432 ], [ -2.4417766, 51.2042843 ], [ -2.4418634, 51.2038169 ], [ -2.4425974, 51.202205 ] ] ] ] } },
{ "type": "Feature", "properties": { "Title": "BK489737" }, "geometry": { "type": "MultiPolygon", "coordinates": [ [ [ [ -1.0870673, 51.4295856 ], [ -1.0870468, 51.4295342 ], [ -1.0869343, 51.4295504 ], [ -1.0869534, 51.4296018 ], [ -1.0870673, 51.4295856 ] ] ], [ [ [ -1.0867579, 51.4296662 ], [ -1.0867049, 51.4296697 ], [ -1.0866999, 51.4295572 ], [ -1.0852117, 51.4297483 ], [ -1.0851798, 51.4296768 ], [ -1.0850194, 51.4297583 ], [ -1.0850622, 51.4298763 ], [ -1.085992, 51.4297944 ], [ -1.0864649, 51.4297678 ], [ -1.0869744, 51.4298404 ], [ -1.0880215, 51.4300748 ], [ -1.0905989, 51.4307505 ], [ -1.0908334, 51.4306938 ], [ -1.0910535, 51.4306767 ], [ -1.0911142, 51.4306628 ], [ -1.0911441, 51.4304625 ], [ -1.0913673, 51.4300865 ], [ -1.0908438, 51.4296464 ], [ -1.0908301, 51.4294673 ], [ -1.0908943, 51.4289859 ], [ -1.0888973, 51.4291556 ], [ -1.0889141, 51.429477 ], [ -1.089164, 51.4295428 ], [ -1.0893558, 51.4295323 ], [ -1.0895285, 51.4295772 ], [ -1.0894283, 51.429722 ], [ -1.0897463, 51.4298058 ], [ -1.0896119, 51.4300045 ], [ -1.0889495, 51.4298295 ], [ -1.0887337, 51.4301472 ], [ -1.0873832, 51.4297769 ], [ -1.0872023, 51.4296873 ], [ -1.0871486, 51.4297076 ], [ -1.0871304, 51.429756 ], [ -1.0867464, 51.4297177 ], [ -1.0867579, 51.4296662 ] ] ] ] } },
{ "type": "Feature", "properties": { "Title": "LL379218" }, "geometry": { "type": "MultiPolygon", "coordinates": [ [ [ [ -0.1598929, 53.1185458 ], [ -0.1597881, 53.1185686 ], [ -0.1592667, 53.1188904 ], [ -0.1591436, 53.1188987 ], [ -0.1587493, 53.1191116 ], [ -0.1587257, 53.1191698 ], [ -0.1584556, 53.1193489 ], [ -0.1582903, 53.1195527 ], [ -0.1582059, 53.1199435 ], [ -0.1580733, 53.1203839 ], [ -0.1580526, 53.1205322 ], [ -0.1578413, 53.1207918 ], [ -0.1576769, 53.120931 ], [ -0.1573157, 53.1211616 ], [ -0.1567864, 53.1214647 ], [ -0.1561352, 53.1216945 ], [ -0.1556897, 53.1218981 ], [ -0.1544714, 53.1226652 ], [ -0.1526322, 53.1236838 ], [ -0.1524681, 53.1238227 ], [ -0.1523174, 53.1240833 ], [ -0.1523109, 53.12431 ], [ -0.1524019, 53.1245351 ], [ -0.1523936, 53.1247351 ], [ -0.1523461, 53.1249321 ], [ -0.1522517, 53.1251804 ], [ -0.1519244, 53.1256583 ], [ -0.1517233, 53.1260951 ], [ -0.1511588, 53.1267211 ], [ -0.1509018, 53.1269651 ], [ -0.1506022, 53.1271541 ], [ -0.1504735, 53.1272969 ], [ -0.1501969, 53.1277773 ], [ -0.1501688, 53.1278158 ], [ -0.1498076, 53.1280343 ], [ -0.1497133, 53.1281354 ], [ -0.1497159, 53.1283648 ], [ -0.1497617, 53.128601 ], [ -0.1499754, 53.1290737 ], [ -0.1499701, 53.1293199 ], [ -0.1499386, 53.1294022 ], [ -0.1500028, 53.1294386 ], [ -0.150143, 53.1294703 ], [ -0.1502699, 53.1294739 ], [ -0.1504617, 53.1295296 ], [ -0.1507826, 53.1294738 ], [ -0.1510943, 53.1295238 ], [ -0.1511787, 53.1295075 ], [ -0.1513311, 53.1294396 ], [ -0.1516078, 53.1294829 ], [ -0.1517403, 53.12944 ], [ -0.151742, 53.1292855 ], [ -0.1516833, 53.1290551 ], [ -0.1517562, 53.1289883 ], [ -0.1518376, 53.1289674 ], [ -0.1519706, 53.1289528 ], [ -0.1521688, 53.1287822 ], [ -0.1540578, 53.1296619 ], [ -0.1544271, 53.1295415 ], [ -0.1548875, 53.1292795 ], [ -0.1552439, 53.1290197 ], [ -0.1553579, 53.1288034 ], [ -0.1555189, 53.1282963 ], [ -0.1555304, 53.1280733 ], [ -0.1554881, 53.1278505 ], [ -0.1556361, 53.1274936 ], [ -0.1558245, 53.127216 ], [ -0.1560537, 53.1269808 ], [ -0.1566919, 53.1261293 ], [ -0.1569914, 53.1256121 ], [ -0.1574048, 53.1249049 ], [ -0.1575963, 53.124595 ], [ -0.1577128, 53.1242187 ], [ -0.1578826, 53.1240813 ], [ -0.1582032, 53.1238442 ], [ -0.1586418, 53.1233055 ], [ -0.1592465, 53.1226754 ], [ -0.1594828, 53.122448 ], [ -0.1597912, 53.1219215 ], [ -0.1604944, 53.1211101 ], [ -0.1607286, 53.1207749 ], [ -0.1607342, 53.1206777 ], [ -0.1606857, 53.1206491 ], [ -0.1603825, 53.1205774 ], [ -0.160024, 53.1204166 ], [ -0.1598985, 53.1202793 ], [ -0.1599276, 53.1202167 ], [ -0.1600088, 53.1201499 ], [ -0.1600547, 53.1197507 ], [ -0.1599429, 53.1195431 ], [ -0.1598081, 53.1193404 ], [ -0.1597057, 53.1188861 ], [ -0.1598929, 53.1185458 ] ] ] ] } },
{ "type": "Feature", "properties": { "Title": "LL378533" }, "geometry": { "type": "MultiPolygon", "coordinates": [ [ [ [ -0.1576238, 53.1162368 ], [ -0.1576109, 53.1161683 ], [ -0.1580555, 53.1155905 ], [ -0.158231, 53.115426 ], [ -0.1588067, 53.1150106 ], [ -0.1603266, 53.1147 ], [ -0.1606697, 53.1146887 ], [ -0.1609622, 53.1146873 ], [ -0.161104, 53.114669 ], [ -0.1612774, 53.114638 ], [ -0.1614927, 53.114662 ], [ -0.16168, 53.1146903 ], [ -0.1619195, 53.114701 ], [ -0.1620007, 53.1146836 ], [ -0.1626348, 53.1141763 ], [ -0.1626974, 53.1140701 ], [ -0.1626432, 53.1137193 ], [ -0.1626933, 53.113348 ], [ -0.1626021, 53.1130725 ], [ -0.1620676, 53.1126951 ], [ -0.1613969, 53.1121959 ], [ -0.1602733, 53.1125109 ], [ -0.1600222, 53.1124922 ], [ -0.1585129, 53.1123051 ], [ -0.1582064, 53.1122596 ], [ -0.1580895, 53.1123937 ], [ -0.1579455, 53.1123619 ], [ -0.1569194, 53.1135109 ], [ -0.1552226, 53.1150363 ], [ -0.154651, 53.1156277 ], [ -0.1537278, 53.1167063 ], [ -0.1525979, 53.1179742 ], [ -0.1517154, 53.1190664 ], [ -0.1516663, 53.119148 ], [ -0.1517021, 53.1191774 ], [ -0.1516876, 53.1192033 ], [ -0.1516085, 53.1192254 ], [ -0.1511718, 53.1200962 ], [ -0.1509464, 53.1209442 ], [ -0.1508485, 53.1211529 ], [ -0.1508374, 53.1212383 ], [ -0.1508802, 53.1214354 ], [ -0.1508868, 53.121466 ], [ -0.1529281, 53.1216578 ], [ -0.1529404, 53.1216119 ], [ -0.153059, 53.1216236 ], [ -0.1532139, 53.1213798 ], [ -0.1550839, 53.1218789 ], [ -0.1552205, 53.1219289 ], [ -0.1555899, 53.1216934 ], [ -0.1558677, 53.1215746 ], [ -0.1563355, 53.1214304 ], [ -0.1568372, 53.1212268 ], [ -0.1570468, 53.1211101 ], [ -0.1573978, 53.1208726 ], [ -0.1578175, 53.1203805 ], [ -0.1579631, 53.1195497 ], [ -0.1580923, 53.1193498 ], [ -0.1583427, 53.1191359 ], [ -0.1585147, 53.1190376 ], [ -0.1586782, 53.1190339 ], [ -0.1589828, 53.1188116 ], [ -0.1589893, 53.1187326 ], [ -0.1601582, 53.1179326 ], [ -0.1594051, 53.1178013 ], [ -0.1576238, 53.1162368 ] ] ] ] } },
{ "type": "Feature", "properties": { "Title": "DN688983" }, "geometry": { "type": "MultiPolygon", "coordinates": [ [ [ [ -3.3406097, 50.9179375 ], [ -3.3404926, 50.9178821 ], [ -3.3391681, 50.9174918 ], [ -3.3387942, 50.9173602 ], [ -3.3370383, 50.9184394 ], [ -3.3367165, 50.9184817 ], [ -3.3365057, 50.91844 ], [ -3.3362394, 50.9182885 ], [ -3.3350967, 50.9165021 ], [ -3.3346985, 50.9164707 ], [ -3.3344383, 50.9163799 ], [ -3.3343503, 50.9163896 ], [ -3.3341688, 50.9164452 ], [ -3.3341316, 50.9167372 ], [ -3.3341619, 50.9169483 ], [ -3.3344356, 50.917447 ], [ -3.3346036, 50.9176452 ], [ -3.335761, 50.9195781 ], [ -3.3366716, 50.9196007 ], [ -3.3376937, 50.9194887 ], [ -3.3380003, 50.9194004 ], [ -3.3390984, 50.9190074 ], [ -3.3392636, 50.9188024 ], [ -3.3395323, 50.918582 ], [ -3.3400753, 50.9182406 ], [ -3.3405747, 50.9179724 ], [ -3.3406097, 50.9179375 ] ] ] ] } },
{ "type": "Feature", "properties": { "Title": "DY516374" }, "geometry": { "type": "MultiPolygon", "coordinates": [ [ [ [ -1.4202632, 52.9131047 ], [ -1.4172209, 52.9124768 ], [ -1.4165675, 52.9120958 ], [ -1.4160038, 52.9127302 ], [ -1.4189435, 52.9133351 ], [ -1.4194441, 52.913476 ], [ -1.4201968, 52.9133453 ], [ -1.4202632, 52.9131047 ] ] ] ] } },
{ "type": "Feature", "properties": { "Title": "AGL419673" }, "geometry": { "type": "MultiPolygon", "coordinates": [ [ [ [ -0.0208496, 51.5332871 ], [ -0.0205747, 51.5331226 ], [ -0.019772, 51.5326653 ], [ -0.0189029, 51.5321255 ], [ -0.0187544, 51.5320425 ], [ -0.0184177, 51.5321919 ], [ -0.018305, 51.5322164 ], [ -0.018411, 51.5324297 ], [ -0.0184188, 51.5326047 ], [ -0.0183639, 51.5327538 ], [ -0.0181806, 51.5330586 ], [ -0.0181726, 51.533137 ], [ -0.018305, 51.5330947 ], [ -0.0183207, 51.5331318 ], [ -0.0184435, 51.5331005 ], [ -0.0184614, 51.5331292 ], [ -0.0187799, 51.5330654 ], [ -0.0192056, 51.5330402 ], [ -0.0195471, 51.5330783 ], [ -0.0207665, 51.5333444 ], [ -0.0208496, 51.5332871 ] ] ] ] } },
{ "type": "Feature", "properties": { "Title": "NT529124" }, "geometry": { "type": "MultiPolygon", "coordinates": [ [ [ [ -1.1498781, 53.1301418 ], [ -1.1499249, 53.130171 ], [ -1.1501293, 53.1301893 ], [ -1.1504404, 53.1302655 ], [ -1.1508452, 53.1302823 ], [ -1.1508949, 53.1301939 ], [ -1.1507936, 53.1300004 ], [ -1.149811, 53.1297429 ], [ -1.1497772, 53.1297897 ], [ -1.149371, 53.1296871 ], [ -1.1492227, 53.1299122 ], [ -1.1496414, 53.130012 ], [ -1.1496316, 53.1300245 ], [ -1.1498925, 53.1300988 ], [ -1.1498781, 53.1301418 ] ] ] ] } },
{ "type": "Feature", "properties": { "Title": "DY250137" }, "geometry": { "type": "MultiPolygon", "coordinates": [ [ [ [ -1.4221161, 52.914054 ], [ -1.4220638, 52.9133459 ], [ -1.4215811, 52.913357 ], [ -1.4212824, 52.9133969 ], [ -1.4213108, 52.9139473 ], [ -1.4221161, 52.914054 ] ] ] ] } },
{ "type": "Feature", "properties": { "Title": "SF624051" }, "geometry": { "type": "MultiPolygon", "coordinates": [ [ [ [ -1.6863633, 52.7905634 ], [ -1.6859364, 52.7895252 ], [ -1.686495, 52.7890913 ], [ -1.6854453, 52.7866152 ], [ -1.6846408, 52.7867397 ], [ -1.6845866, 52.7867034 ], [ -1.6838467, 52.7871056 ], [ -1.6859611, 52.7885289 ], [ -1.685787, 52.7888135 ], [ -1.6856341, 52.7890029 ], [ -1.6855814, 52.7891534 ], [ -1.6855435, 52.7893529 ], [ -1.6854253, 52.7896289 ], [ -1.6853542, 52.7898826 ], [ -1.6848018, 52.7900986 ], [ -1.6846768, 52.7901533 ], [ -1.6844981, 52.7902111 ], [ -1.6860588, 52.7908182 ], [ -1.6863633, 52.7905634 ] ] ] ] } },
{ "type": "Feature", "properties": { "Title": "MM83587" }, "geometry": { "type": "MultiPolygon", "coordinates": [ [ [ [ -1.8677024, 52.5041842 ], [ -1.8677437, 52.5041545 ], [ -1.8678342, 52.504201 ], [ -1.8681184, 52.503986 ], [ -1.8675996, 52.5037295 ], [ -1.8674879, 52.5037443 ], [ -1.8673483, 52.5036102 ], [ -1.8670806, 52.5036986 ], [ -1.8669247, 52.5036377 ], [ -1.8669159, 52.5036183 ], [ -1.8664939, 52.5037388 ], [ -1.8667087, 52.5038246 ], [ -1.8665752, 52.5039451 ], [ -1.8668268, 52.5040356 ], [ -1.8675978, 52.5043778 ], [ -1.8677943, 52.504231 ], [ -1.8677024, 52.5041842 ] ] ] ] } },
{ "type": "Feature", "properties": { "Title": "DY510161" }, "geometry": { "type": "MultiPolygon", "coordinates": [ [ [ [ -1.8557576, 53.2468861 ], [ -1.8557317, 53.2461022 ], [ -1.8556288, 53.2453763 ], [ -1.855808, 53.2453375 ], [ -1.8554825, 53.2447689 ], [ -1.8551283, 53.2443598 ], [ -1.8547139, 53.2440215 ], [ -1.853704, 53.2433843 ], [ -1.8534324, 53.2436014 ], [ -1.8528458, 53.2439022 ], [ -1.8522973, 53.2441766 ], [ -1.8517738, 53.244336 ], [ -1.8516583, 53.2443637 ], [ -1.8515504, 53.2443905 ], [ -1.8509128, 53.2446297 ], [ -1.8515935, 53.2481011 ], [ -1.8519263, 53.2487291 ], [ -1.8524773, 53.2486866 ], [ -1.8534051, 53.2486624 ], [ -1.8548514, 53.2487195 ], [ -1.8559076, 53.2488492 ], [ -1.8558324, 53.2482087 ], [ -1.8560278, 53.2482275 ], [ -1.8558133, 53.2468951 ], [ -1.8557576, 53.2468861 ] ] ] ] } },
{ "type": "Feature", "properties": { "Title": "LAN186101" }, "geometry": { "type": "MultiPolygon", "coordinates": [ [ [ [ -2.4686802, 53.7075817 ], [ -2.4685599, 53.7076448 ], [ -2.4672285, 53.7084165 ], [ -2.4673771, 53.7085203 ], [ -2.467854, 53.7084428 ], [ -2.4685099, 53.7084322 ], [ -2.4692606, 53.7084378 ], [ -2.4693186, 53.7083131 ], [ -2.469456, 53.7082062 ], [ -2.4691004, 53.7076374 ], [ -2.4689524, 53.7074265 ], [ -2.4686802, 53.7075817 ] ] ] ] } },
{ "type": "Feature", "properties": { "Title": "DN348003" }, "geometry": { "type": "MultiPolygon", "coordinates": [ [ [ [ -3.3466488, 50.9442241 ], [ -3.3463127, 50.9440073 ], [ -3.3459906, 50.944255 ], [ -3.3462832, 50.9444341 ], [ -3.3465768, 50.9442597 ], [ -3.3466488, 50.9442241 ] ] ] ] } },
{ "type": "Feature", "properties": { "Title": "CH654094" }, "geometry": { "type": "MultiPolygon", "coordinates": [ [ [ [ -2.9036879, 53.2341854 ], [ -2.9031324, 53.2338939 ], [ -2.9029644, 53.2338295 ], [ -2.9028854, 53.2338217 ], [ -2.9026562, 53.2338466 ], [ -2.9027718, 53.2340354 ], [ -2.9029693, 53.2341926 ], [ -2.9031042, 53.2343291 ], [ -2.9032394, 53.2343594 ], [ -2.9036879, 53.2341854 ] ] ] ] } },
{ "type": "Feature", "properties": { "Title": "DN677932" }, "geometry": { "type": "MultiPolygon", "coordinates": [ [ [ [ -3.0292182, 50.7714051 ], [ -3.0285955, 50.771415 ], [ -3.0283492, 50.7717363 ], [ -3.0290508, 50.7716574 ], [ -3.0292182, 50.7714051 ] ] ] ] } },
{ "type": "Feature", "properties": { "Title": "LT485694" }, "geometry": { "type": "MultiPolygon", "coordinates": [ [ [ [ -1.3420918, 52.7113859 ], [ -1.3419516, 52.7111888 ], [ -1.3419253, 52.7112033 ], [ -1.3418983, 52.7111806 ], [ -1.3419324, 52.7111658 ], [ -1.3419211, 52.7111523 ], [ -1.3413274, 52.7113957 ], [ -1.3409728, 52.7115511 ], [ -1.3406795, 52.7117666 ], [ -1.3405017, 52.7118725 ], [ -1.3400689, 52.7120589 ], [ -1.339887, 52.712102 ], [ -1.3395165, 52.7121473 ], [ -1.3396263, 52.7122487 ], [ -1.3398502, 52.7125079 ], [ -1.3399631, 52.7125909 ], [ -1.3399446, 52.7127087 ], [ -1.3400788, 52.7126265 ], [ -1.3401069, 52.7126091 ], [ -1.3400828, 52.7125704 ], [ -1.3406048, 52.7122965 ], [ -1.3406098, 52.7122587 ], [ -1.341103, 52.7119955 ], [ -1.3420918, 52.7113859 ] ] ] ] } },
{ "type": "Feature", "properties": { "Title": "WR168098" }, "geometry": { "type": "MultiPolygon", "coordinates": [ [ [ [ -1.9193645, 52.3041655 ], [ -1.9193417, 52.3041273 ], [ -1.9184107, 52.3043089 ], [ -1.9184115, 52.3043409 ], [ -1.9193645, 52.3041655 ] ] ] ] } },
{ "type": "Feature", "properties": { "Title": "SF618722" }, "geometry": { "type": "MultiPolygon", "coordinates": [ [ [ [ -1.8518318, 52.9079233 ], [ -1.8518201, 52.9079 ], [ -1.8516676, 52.9078851 ], [ -1.851461, 52.9077558 ], [ -1.8512646, 52.9077044 ], [ -1.850724, 52.9078519 ], [ -1.8503395, 52.9087148 ], [ -1.850067, 52.9107416 ], [ -1.8499505, 52.911847 ], [ -1.8499933, 52.9118459 ], [ -1.850066, 52.9119687 ], [ -1.8501057, 52.9121102 ], [ -1.8500742, 52.9125398 ], [ -1.8494414, 52.9125475 ], [ -1.8489261, 52.9126388 ], [ -1.8488807, 52.9126634 ], [ -1.8488441, 52.9128024 ], [ -1.8481004, 52.9128804 ], [ -1.8481688, 52.9129327 ], [ -1.8481768, 52.9131552 ], [ -1.8480692, 52.913462 ], [ -1.8480501, 52.9135644 ], [ -1.8481574, 52.913907 ], [ -1.8481043, 52.9139897 ], [ -1.8482489, 52.9140953 ], [ -1.8486892, 52.9141542 ], [ -1.8491331, 52.914408 ], [ -1.849859, 52.91477 ], [ -1.8500257, 52.9147943 ], [ -1.8502587, 52.9147485 ], [ -1.8504133, 52.914672 ], [ -1.8503131, 52.9145479 ], [ -1.850326, 52.9144257 ], [ -1.8516867, 52.9143054 ], [ -1.8520102, 52.9143375 ], [ -1.8544632, 52.9147663 ], [ -1.8549893, 52.9145976 ], [ -1.8554429, 52.9142283 ], [ -1.8559916, 52.9139433 ], [ -1.8569528, 52.9134064 ], [ -1.8573534, 52.9131232 ], [ -1.8573335, 52.9130498 ], [ -1.8571948, 52.9129344 ], [ -1.8567002, 52.9126322 ], [ -1.8561287, 52.9120483 ], [ -1.8563718, 52.9118347 ], [ -1.8565718, 52.9115868 ], [ -1.8566139, 52.9114682 ], [ -1.8565917, 52.9114143 ], [ -1.8562563, 52.9114927 ], [ -1.8559346, 52.9115015 ], [ -1.8557279, 52.911546 ], [ -1.8552206, 52.9115439 ], [ -1.854817, 52.9114054 ], [ -1.8546838, 52.9113623 ], [ -1.8543343, 52.9112482 ], [ -1.8541261, 52.9112889 ], [ -1.8536389, 52.9114284 ], [ -1.8534974, 52.9114787 ], [ -1.8531819, 52.9114648 ], [ -1.8532571, 52.9113836 ], [ -1.8533, 52.9111437 ], [ -1.8532739, 52.9111053 ], [ -1.8531243, 52.9110624 ], [ -1.8531092, 52.9110121 ], [ -1.8533801, 52.9106294 ], [ -1.8536408, 52.9103802 ], [ -1.8539294, 52.9101629 ], [ -1.8539125, 52.9101147 ], [ -1.8536311, 52.9098986 ], [ -1.8534263, 52.9098049 ], [ -1.853316, 52.9097719 ], [ -1.8532426, 52.9090031 ], [ -1.8531532, 52.908951 ], [ -1.8529833, 52.9089137 ], [ -1.8528974, 52.9089048 ], [ -1.8528307, 52.9088391 ], [ -1.8528355, 52.908751 ], [ -1.8526739, 52.9087423 ], [ -1.8525732, 52.9086972 ], [ -1.8519702, 52.9082321 ], [ -1.8518432, 52.9081689 ], [ -1.8516843, 52.9080241 ], [ -1.8516949, 52.9079981 ], [ -1.8518318, 52.9079233 ] ] ] ] } },
{ "type": "Feature", "properties": { "Title": "CH651228" }, "geometry": { "type": "MultiPolygon", "coordinates": [ [ [ [ -2.4828412, 53.2727465 ], [ -2.4828043, 53.2720426 ], [ -2.4829066, 53.2720856 ], [ -2.482916, 53.2718395 ], [ -2.4818971, 53.2718425 ], [ -2.4817974, 53.2719037 ], [ -2.4818405, 53.2720006 ], [ -2.4817271, 53.2721808 ], [ -2.4817203, 53.2722483 ], [ -2.4820376, 53.2727521 ], [ -2.4828412, 53.2727465 ] ] ] ] } },
{ "type": "Feature", "properties": { "Title": "WR165928" }, "geometry": { "type": "MultiPolygon", "coordinates": [ [ [ [ -1.9188845, 52.3034805 ], [ -1.9181238, 52.3036343 ], [ -1.9184037, 52.3040429 ], [ -1.9184107, 52.3043089 ], [ -1.9193417, 52.3041273 ], [ -1.9193221, 52.3040944 ], [ -1.9191337, 52.3040265 ], [ -1.9188845, 52.3034805 ] ] ] ] } },
{ "type": "Feature", "properties": { "Title": "DY502284" }, "geometry": { "type": "MultiPolygon", "coordinates": [ [ [ [ -1.8468642, 53.2486551 ], [ -1.8470531, 53.2486242 ], [ -1.8471185, 53.2484128 ], [ -1.8470514, 53.2482663 ], [ -1.8466805, 53.24789 ], [ -1.84645, 53.2477265 ], [ -1.8462247, 53.2476162 ], [ -1.8456144, 53.2474159 ], [ -1.8453278, 53.247332 ], [ -1.8451187, 53.2472878 ], [ -1.8448026, 53.2470509 ], [ -1.8446705, 53.2468931 ], [ -1.8445604, 53.2466429 ], [ -1.8445615, 53.2464018 ], [ -1.8447491, 53.2457483 ], [ -1.8447211, 53.245747 ], [ -1.8445342, 53.2462145 ], [ -1.8445008, 53.2464594 ], [ -1.8444236, 53.246623 ], [ -1.844424, 53.2467348 ], [ -1.8444426, 53.2467756 ], [ -1.8443982, 53.2467804 ], [ -1.8445131, 53.246934 ], [ -1.8446489, 53.247059 ], [ -1.8447373, 53.2472099 ], [ -1.8451044, 53.2473887 ], [ -1.8454853, 53.2475307 ], [ -1.8457934, 53.2476698 ], [ -1.8462957, 53.2479532 ], [ -1.8464618, 53.248065 ], [ -1.8466466, 53.2482231 ], [ -1.8469488, 53.2484034 ], [ -1.8468642, 53.2486551 ] ] ] ] } },
{ "type": "Feature", "properties": { "Title": "WR162313" }, "geometry": { "type": "MultiPolygon", "coordinates": [ [ [ [ -2.1938233, 52.0679989 ], [ -2.1938249, 52.0684923 ], [ -2.1945459, 52.0683922 ], [ -2.1945175, 52.0680856 ], [ -2.1945607, 52.0680842 ], [ -2.1945536, 52.067998 ], [ -2.1938233, 52.0679989 ] ] ] ] } },
{ "type": "Feature", "properties": { "Title": "EX631750" }, "geometry": { "type": "MultiPolygon", "coordinates": [ [ [ [ 0.7284188, 51.8088436 ], [ 0.730454, 51.8085962 ], [ 0.7306785, 51.8086024 ], [ 0.7310321, 51.8085843 ], [ 0.7317721, 51.8085669 ], [ 0.7322101, 51.8084886 ], [ 0.7322166, 51.8085014 ], [ 0.7324148, 51.8084914 ], [ 0.7325334, 51.8085071 ], [ 0.7324845, 51.808586 ], [ 0.7324107, 51.8087283 ], [ 0.7324181, 51.8091006 ], [ 0.7324939, 51.809842 ], [ 0.7325867, 51.809937 ], [ 0.7327, 51.8099631 ], [ 0.732919, 51.8099382 ], [ 0.7335491, 51.8098106 ], [ 0.7338581, 51.8097597 ], [ 0.7340644, 51.8102623 ], [ 0.7341597, 51.8103032 ], [ 0.7344273, 51.8102508 ], [ 0.735325, 51.8100435 ], [ 0.7354964, 51.8099454 ], [ 0.7355675, 51.8098679 ], [ 0.7356331, 51.8099796 ], [ 0.7355821, 51.810003 ], [ 0.7357809, 51.8101929 ], [ 0.7359148, 51.8104269 ], [ 0.7359305, 51.8105762 ], [ 0.7358933, 51.8108218 ], [ 0.7357662, 51.8110755 ], [ 0.7355953, 51.8113205 ], [ 0.7355171, 51.8115796 ], [ 0.7355812, 51.8115596 ], [ 0.7357092, 51.8116442 ], [ 0.7359981, 51.8117792 ], [ 0.7362926, 51.8119785 ], [ 0.736288, 51.812012 ], [ 0.7360677, 51.8122579 ], [ 0.7360224, 51.8122291 ], [ 0.7340328, 51.8138897 ], [ 0.7338582, 51.8140414 ], [ 0.7333347, 51.8138365 ], [ 0.7331733, 51.8137309 ], [ 0.7322531, 51.8132499 ], [ 0.7323359, 51.8131652 ], [ 0.7322894, 51.8131219 ], [ 0.7311683, 51.8119901 ], [ 0.7306697, 51.8112062 ], [ 0.730605, 51.8111487 ], [ 0.7301964, 51.8112453 ], [ 0.7300238, 51.8106008 ], [ 0.728637, 51.8107799 ], [ 0.7282267, 51.8112111 ], [ 0.7280445, 51.8111996 ], [ 0.727992, 51.8111849 ], [ 0.7280478, 51.8111196 ], [ 0.7280366, 51.8110533 ], [ 0.7279243, 51.8109736 ], [ 0.7274474, 51.8092597 ], [ 0.7280719, 51.8091092 ], [ 0.7284117, 51.8090517 ], [ 0.7284606, 51.8089751 ], [ 0.7284188, 51.8088436 ] ] ] ] } },
{ "type": "Feature", "properties": { "Title": "MM58607" }, "geometry": { "type": "MultiPolygon", "coordinates": [ [ [ [ -1.4917228, 52.4463635 ], [ -1.4908801, 52.4465973 ], [ -1.4909956, 52.4467528 ], [ -1.4910446, 52.4467465 ], [ -1.4911047, 52.4468652 ], [ -1.4910822, 52.4468695 ], [ -1.4911703, 52.4469888 ], [ -1.491341, 52.4469226 ], [ -1.4918193, 52.4469327 ], [ -1.4918176, 52.4466689 ], [ -1.4917228, 52.4463635 ] ] ] ] } },
{ "type": "Feature", "properties": { "Title": "DU352158" }, "geometry": { "type": "MultiPolygon", "coordinates": [ [ [ [ -1.5456788, 54.5370907 ], [ -1.5454243, 54.537075 ], [ -1.5449987, 54.5370464 ], [ -1.5449944, 54.5370636 ], [ -1.5447717, 54.5370482 ], [ -1.5446805, 54.5374566 ], [ -1.545598, 54.5375274 ], [ -1.5456788, 54.5370907 ] ] ] ] } },
{ "type": "Feature", "properties": { "Title": "NT512515" }, "geometry": { "type": "MultiPolygon", "coordinates": [ [ [ [ -0.8102446, 53.0483383 ], [ -0.8100387, 53.0482672 ], [ -0.8099379, 53.0484298 ], [ -0.8093693, 53.0490942 ], [ -0.8089137, 53.049704 ], [ -0.8091059, 53.0497786 ], [ -0.8093049, 53.0497482 ], [ -0.8098957, 53.0490504 ], [ -0.8104362, 53.0485797 ], [ -0.8103474, 53.0485471 ], [ -0.8103819, 53.048513 ], [ -0.8102154, 53.0483799 ], [ -0.8102446, 53.0483383 ] ] ] ] } },
{ "type": "Feature", "properties": { "Title": "SL233861" }, "geometry": { "type": "MultiPolygon", "coordinates": [ [ [ [ -2.6842658, 52.7197383 ], [ -2.6833342, 52.7203185 ], [ -2.6814071, 52.7217 ], [ -2.6808076, 52.72224 ], [ -2.680306, 52.7226092 ], [ -2.6791997, 52.7235169 ], [ -2.6787027, 52.724015 ], [ -2.6780812, 52.7239058 ], [ -2.6776184, 52.7248464 ], [ -2.6774508, 52.7250694 ], [ -2.6768411, 52.7263593 ], [ -2.676214, 52.7263066 ], [ -2.6753266, 52.7293294 ], [ -2.6768638, 52.7300192 ], [ -2.6766417, 52.7302146 ], [ -2.6766613, 52.7302433 ], [ -2.6773287, 52.7305417 ], [ -2.677555, 52.7304621 ], [ -2.6777464, 52.7304707 ], [ -2.6779055, 52.7304548 ], [ -2.6789148, 52.7304561 ], [ -2.6792616, 52.7303843 ], [ -2.6796611, 52.730411 ], [ -2.6799031, 52.7298027 ], [ -2.6803416, 52.7288237 ], [ -2.6808204, 52.7278426 ], [ -2.6813274, 52.7270792 ], [ -2.6815867, 52.7267324 ], [ -2.6821118, 52.7259513 ], [ -2.6823998, 52.7255996 ], [ -2.68284, 52.7250927 ], [ -2.6832603, 52.7247057 ], [ -2.6837361, 52.7242327 ], [ -2.6846297, 52.723484 ], [ -2.6852239, 52.7230006 ], [ -2.6861782, 52.7223137 ], [ -2.6865879, 52.7220857 ], [ -2.6875381, 52.7215201 ], [ -2.6842658, 52.7197383 ] ] ] ] } },
{ "type": "Feature", "properties": { "Title": "HP779136" }, "geometry": { "type": "MultiPolygon", "coordinates": [ [ [ [ -1.345816, 50.9636007 ], [ -1.3457351, 50.9631943 ], [ -1.3461757, 50.9631554 ], [ -1.3462086, 50.9631943 ], [ -1.3462963, 50.9631867 ], [ -1.3459354, 50.9627243 ], [ -1.3458455, 50.9625808 ], [ -1.3457484, 50.9624718 ], [ -1.3455157, 50.9622395 ], [ -1.3447294, 50.961646 ], [ -1.3440439, 50.9612312 ], [ -1.3439513, 50.9611844 ], [ -1.3437917, 50.9612469 ], [ -1.3439333, 50.9614028 ], [ -1.3441036, 50.9617963 ], [ -1.3443315, 50.9628583 ], [ -1.3454477, 50.9627701 ], [ -1.3454871, 50.9628072 ], [ -1.3456532, 50.9636017 ], [ -1.345816, 50.9636007 ] ] ] ] } },
{ "type": "Feature", "properties": { "Title": "SF603120" }, "geometry": { "type": "MultiPolygon", "coordinates": [ [ [ [ -1.7124587, 52.7687936 ], [ -1.7124627, 52.7692214 ], [ -1.712434, 52.7700067 ], [ -1.712331, 52.7701625 ], [ -1.7123172, 52.7702662 ], [ -1.7123428, 52.7703178 ], [ -1.7140085, 52.7704135 ], [ -1.7139515, 52.7698822 ], [ -1.7139127, 52.7697586 ], [ -1.7150181, 52.7697231 ], [ -1.7152228, 52.769733 ], [ -1.7151998, 52.770022 ], [ -1.715143, 52.7701315 ], [ -1.7151091, 52.770355 ], [ -1.7150781, 52.7703871 ], [ -1.7143642, 52.7704192 ], [ -1.7141026, 52.770454 ], [ -1.7141403, 52.7708148 ], [ -1.7121547, 52.7706873 ], [ -1.7122354, 52.7700267 ], [ -1.7123088, 52.7699944 ], [ -1.7123353, 52.7688175 ], [ -1.7122534, 52.7687082 ], [ -1.7122607, 52.7682864 ], [ -1.7123186, 52.7681681 ], [ -1.7123641, 52.7681134 ], [ -1.7124072, 52.7677205 ], [ -1.7124208, 52.7675356 ], [ -1.7124773, 52.7674731 ], [ -1.7124703, 52.7674012 ], [ -1.7125465, 52.7670875 ], [ -1.7124571, 52.7669238 ], [ -1.7124774, 52.76678 ], [ -1.7126618, 52.7661363 ], [ -1.7127578, 52.7658515 ], [ -1.7127359, 52.7657854 ], [ -1.7110705, 52.7657066 ], [ -1.7110635, 52.7655319 ], [ -1.7109685, 52.765259 ], [ -1.7110395, 52.7652348 ], [ -1.7107707, 52.7643854 ], [ -1.7103107, 52.7644513 ], [ -1.7098978, 52.7644549 ], [ -1.7092827, 52.7643874 ], [ -1.7079585, 52.7642011 ], [ -1.7029706, 52.7633215 ], [ -1.7024681, 52.763317 ], [ -1.7022185, 52.7633667 ], [ -1.7018403, 52.7635373 ], [ -1.7014562, 52.7638152 ], [ -1.7009769, 52.7640861 ], [ -1.700627, 52.7641927 ], [ -1.7002346, 52.7642421 ], [ -1.6999881, 52.7642532 ], [ -1.6998527, 52.7643429 ], [ -1.6994977, 52.7644607 ], [ -1.6990063, 52.7645632 ], [ -1.6988729, 52.7645867 ], [ -1.6987807, 52.7646221 ], [ -1.6987526, 52.7646365 ], [ -1.6985171, 52.7647468 ], [ -1.6984024, 52.7648389 ], [ -1.6977239, 52.7654774 ], [ -1.7019595, 52.7673337 ], [ -1.7021845, 52.7698877 ], [ -1.7023961, 52.7701255 ], [ -1.702455, 52.7703999 ], [ -1.7024927, 52.7704303 ], [ -1.7025035, 52.7705255 ], [ -1.702681, 52.7705144 ], [ -1.7027363, 52.7705563 ], [ -1.7028002, 52.7706509 ], [ -1.702946, 52.7706413 ], [ -1.7039423, 52.7703642 ], [ -1.7046326, 52.7705705 ], [ -1.7038982, 52.7712313 ], [ -1.7044266, 52.7714254 ], [ -1.7034622, 52.7722067 ], [ -1.7034421, 52.7722422 ], [ -1.704277, 52.7722663 ], [ -1.7042268, 52.7723895 ], [ -1.7038825, 52.7727615 ], [ -1.7060943, 52.7731077 ], [ -1.7055798, 52.773924 ], [ -1.7046599, 52.7754602 ], [ -1.7036067, 52.7770751 ], [ -1.7035938, 52.7771088 ], [ -1.7026512, 52.7770212 ], [ -1.7027249, 52.7773812 ], [ -1.7030319, 52.7779548 ], [ -1.7031432, 52.7782935 ], [ -1.7031512, 52.7784506 ], [ -1.7038522, 52.7784507 ], [ -1.7041221, 52.7784159 ], [ -1.7042197, 52.7784249 ], [ -1.7048242, 52.7792566 ], [ -1.7049368, 52.7792408 ], [ -1.7052009, 52.7792091 ], [ -1.7062579, 52.7813195 ], [ -1.706336, 52.7816082 ], [ -1.7063382, 52.7819229 ], [ -1.7063644, 52.7819198 ], [ -1.706352, 52.7822474 ], [ -1.7063269, 52.7822561 ], [ -1.7063207, 52.7823505 ], [ -1.7066047, 52.7824675 ], [ -1.7069606, 52.7826538 ], [ -1.7077158, 52.7829446 ], [ -1.7089342, 52.7827974 ], [ -1.7096797, 52.7826484 ], [ -1.7100571, 52.7826416 ], [ -1.7107578, 52.782869 ], [ -1.7121319, 52.7800624 ], [ -1.7124472, 52.7796008 ], [ -1.7127077, 52.7791659 ], [ -1.7134288, 52.7782945 ], [ -1.7135723, 52.7781221 ], [ -1.7139249, 52.7775836 ], [ -1.7144825, 52.7769855 ], [ -1.7145873, 52.7767548 ], [ -1.7147445, 52.7763446 ], [ -1.7150757, 52.7756755 ], [ -1.7155278, 52.7749437 ], [ -1.7160714, 52.7743045 ], [ -1.7166729, 52.7737356 ], [ -1.7166917, 52.7736291 ], [ -1.7165918, 52.7734146 ], [ -1.7164488, 52.7731407 ], [ -1.7163592, 52.7726021 ], [ -1.7163929, 52.7723932 ], [ -1.7165705, 52.7719969 ], [ -1.7167613, 52.7717043 ], [ -1.7178053, 52.7704495 ], [ -1.7174185, 52.7703832 ], [ -1.7174611, 52.7699739 ], [ -1.7176373, 52.7699802 ], [ -1.7176692, 52.7689229 ], [ -1.7178485, 52.7686528 ], [ -1.7178629, 52.7680551 ], [ -1.7163465, 52.7680814 ], [ -1.7153271, 52.7681263 ], [ -1.713538, 52.7681273 ], [ -1.7123959, 52.7681754 ], [ -1.7123565, 52.7683538 ], [ -1.7123737, 52.7687097 ], [ -1.7124587, 52.7687936 ] ], [ [ -1.7103177, 52.7718418 ], [ -1.7103086, 52.7720716 ], [ -1.7102696, 52.7725075 ], [ -1.7101464, 52.7731162 ], [ -1.7090728, 52.7730197 ], [ -1.7093994, 52.7716655 ], [ -1.7095271, 52.7716746 ], [ -1.7103177, 52.7718418 ] ] ] ] } },
{ "type": "Feature", "properties": { "Title": "CB388518" }, "geometry": { "type": "MultiPolygon", "coordinates": [ [ [ [ -0.1956138, 52.5907786 ], [ -0.1963295, 52.5923769 ], [ -0.197381, 52.5922485 ], [ -0.1966691, 52.590682 ], [ -0.1956138, 52.5907786 ] ] ] ] } },
{ "type": "Feature", "properties": { "Title": "TGL392523" }, "geometry": { "type": "MultiPolygon", "coordinates": [ [ [ [ 0.0198068, 51.4908348 ], [ 0.0198888, 51.4908311 ], [ 0.019847, 51.4902945 ], [ 0.0201072, 51.4902653 ], [ 0.0204067, 51.4906009 ], [ 0.0207387, 51.4908167 ], [ 0.0209456, 51.4909856 ], [ 0.0211374, 51.4912458 ], [ 0.0220946, 51.4940401 ], [ 0.0221191, 51.4941161 ], [ 0.0218954, 51.494148 ], [ 0.0218916, 51.4941375 ], [ 0.0216149, 51.494177 ], [ 0.0214996, 51.4938785 ], [ 0.0208851, 51.4932434 ], [ 0.0205354, 51.4928924 ], [ 0.0197649, 51.4929466 ], [ 0.0197263, 51.4927449 ], [ 0.0193286, 51.4927567 ], [ 0.0192816, 51.4922301 ], [ 0.0193115, 51.4922261 ], [ 0.0192258, 51.4913897 ], [ 0.0193326, 51.4913825 ], [ 0.0193249, 51.4913052 ], [ 0.0198343, 51.4912759 ], [ 0.0198068, 51.4908348 ] ] ] ] } },
{ "type": "Feature", "properties": { "Title": "MAN219689" }, "geometry": { "type": "MultiPolygon", "coordinates": [ [ [ [ -2.3054317, 53.4781068 ], [ -2.3051829, 53.4789165 ], [ -2.3059222, 53.4789796 ], [ -2.3061897, 53.4785318 ], [ -2.3063255, 53.4783499 ], [ -2.3064121, 53.4782151 ], [ -2.3054317, 53.4781068 ] ] ] ] } },
{ "type": "Feature", "properties": { "Title": "AGL292200" }, "geometry": { "type": "MultiPolygon", "coordinates": [ [ [ [ -0.0208496, 51.5332871 ], [ -0.0205747, 51.5331226 ], [ -0.019772, 51.5326653 ], [ -0.0189029, 51.5321255 ], [ -0.0187544, 51.5320425 ], [ -0.0184177, 51.5321919 ], [ -0.018305, 51.5322164 ], [ -0.018411, 51.5324297 ], [ -0.0184188, 51.5326047 ], [ -0.0183639, 51.5327538 ], [ -0.0181806, 51.5330586 ], [ -0.0181726, 51.533137 ], [ -0.018305, 51.5330947 ], [ -0.0183207, 51.5331318 ], [ -0.0184435, 51.5331005 ], [ -0.0184614, 51.5331292 ], [ -0.0187799, 51.5330654 ], [ -0.0192056, 51.5330402 ], [ -0.0195471, 51.5330783 ], [ -0.0207665, 51.5333444 ], [ -0.0208496, 51.5332871 ] ] ] ] } },
{ "type": "Feature", "properties": { "Title": "BD289463" }, "geometry": { "type": "MultiPolygon", "coordinates": [ [ [ [ -0.6489902, 51.8990801 ], [ -0.6465464, 51.9000073 ], [ -0.6478159, 51.9008109 ], [ -0.6480484, 51.9008612 ], [ -0.6482399, 51.9009704 ], [ -0.6484866, 51.9010308 ], [ -0.6487814, 51.9010414 ], [ -0.6492941, 51.9009574 ], [ -0.6496524, 51.9009523 ], [ -0.6503623, 51.9009121 ], [ -0.6513739, 51.9009156 ], [ -0.6511881, 51.9007606 ], [ -0.6511231, 51.9006016 ], [ -0.650946, 51.9004962 ], [ -0.6502396, 51.9001036 ], [ -0.6494339, 51.8994466 ], [ -0.6492803, 51.8993333 ], [ -0.6489902, 51.8990801 ] ] ] ] } },
{ "type": "Feature", "properties": { "Title": "BD289467" }, "geometry": { "type": "MultiPolygon", "coordinates": [ [ [ [ -0.6589467, 51.8929494 ], [ -0.6589764, 51.8928301 ], [ -0.6595471, 51.8922567 ], [ -0.6596419, 51.8922461 ], [ -0.6601519, 51.8922492 ], [ -0.6602806, 51.8922219 ], [ -0.6601143, 51.8918036 ], [ -0.6600322, 51.8912814 ], [ -0.6598714, 51.8911155 ], [ -0.659625, 51.8909482 ], [ -0.6595723, 51.8908649 ], [ -0.6595997, 51.8907744 ], [ -0.6596253, 51.8906937 ], [ -0.659575, 51.8906284 ], [ -0.6593632, 51.8905667 ], [ -0.6588782, 51.8905036 ], [ -0.6584305, 51.8903636 ], [ -0.6583096, 51.890373 ], [ -0.6579945, 51.8905088 ], [ -0.6579139, 51.8904854 ], [ -0.6577943, 51.8902557 ], [ -0.6576462, 51.8899563 ], [ -0.6575864, 51.8899152 ], [ -0.6570709, 51.889704 ], [ -0.6564704, 51.8893734 ], [ -0.6560591, 51.8892311 ], [ -0.655645, 51.8890331 ], [ -0.655356, 51.8888823 ], [ -0.6548822, 51.8891335 ], [ -0.6545744, 51.889416 ], [ -0.6542356, 51.8896171 ], [ -0.6527824, 51.8904466 ], [ -0.6525121, 51.8906413 ], [ -0.6524802, 51.8907056 ], [ -0.6538366, 51.8917015 ], [ -0.6537757, 51.8917753 ], [ -0.6520485, 51.892753 ], [ -0.6515631, 51.8930459 ], [ -0.6511502, 51.8932471 ], [ -0.6487096, 51.8938933 ], [ -0.6479536, 51.8941462 ], [ -0.6474581, 51.8943392 ], [ -0.6472682, 51.8944674 ], [ -0.6472763, 51.8945425 ], [ -0.6473372, 51.8946429 ], [ -0.6472361, 51.894753 ], [ -0.6470322, 51.8948425 ], [ -0.6461997, 51.895195 ], [ -0.6460312, 51.8952966 ], [ -0.6471292, 51.8966283 ], [ -0.6486058, 51.8983487 ], [ -0.6487362, 51.8985552 ], [ -0.6488063, 51.8987862 ], [ -0.6488693, 51.8989669 ], [ -0.6493585, 51.8993918 ], [ -0.6497234, 51.8996792 ], [ -0.6502655, 51.9001189 ], [ -0.650946, 51.9004962 ], [ -0.6511358, 51.9006135 ], [ -0.6511993, 51.9007743 ], [ -0.6513739, 51.9009156 ], [ -0.652122, 51.900979 ], [ -0.6532142, 51.9011039 ], [ -0.6562543, 51.9012185 ], [ -0.656364, 51.9012195 ], [ -0.6565934, 51.9010591 ], [ -0.6568037, 51.9011038 ], [ -0.6575012, 51.9012068 ], [ -0.6581058, 51.9012821 ], [ -0.6615552, 51.9014742 ], [ -0.66186, 51.901439 ], [ -0.6616513, 51.9012046 ], [ -0.661715, 51.9011914 ], [ -0.6616438, 51.9011066 ], [ -0.6618261, 51.9010564 ], [ -0.6614691, 51.9006117 ], [ -0.6614305, 51.9005147 ], [ -0.6614276, 51.9004385 ], [ -0.6614517, 51.9004039 ], [ -0.6623528, 51.9002111 ], [ -0.6627573, 51.9001619 ], [ -0.6629846, 51.9000638 ], [ -0.663559, 51.8994106 ], [ -0.6631176, 51.8994183 ], [ -0.6627584, 51.8965946 ], [ -0.6625074, 51.8965141 ], [ -0.6625217, 51.8964805 ], [ -0.6620147, 51.8962942 ], [ -0.6599183, 51.8951188 ], [ -0.6594305, 51.8949648 ], [ -0.6584136, 51.8949066 ], [ -0.6580728, 51.8948637 ], [ -0.6573734, 51.8943958 ], [ -0.6578009, 51.8941986 ], [ -0.6581555, 51.8942447 ], [ -0.6582591, 51.8942386 ], [ -0.6589806, 51.893948 ], [ -0.6592722, 51.8938154 ], [ -0.6591322, 51.8934532 ], [ -0.6590218, 51.893256 ], [ -0.6589467, 51.8929494 ] ] ] ] } },
{ "type": "Feature", "properties": { "Title": "BD289461" }, "geometry": { "type": "MultiPolygon", "coordinates": [ [ [ [ -0.6489874, 51.8990774 ], [ -0.6488459, 51.8989336 ], [ -0.6487362, 51.8985552 ], [ -0.6486058, 51.8983487 ], [ -0.6465656, 51.8959545 ], [ -0.6459537, 51.8952148 ], [ -0.6455584, 51.8949729 ], [ -0.6426558, 51.8962826 ], [ -0.6427599, 51.8967437 ], [ -0.642916, 51.8976089 ], [ -0.6429697, 51.8976572 ], [ -0.6438243, 51.8980689 ], [ -0.6445018, 51.8984493 ], [ -0.644912, 51.8987283 ], [ -0.6458133, 51.8994481 ], [ -0.6464852, 51.8999666 ], [ -0.6465464, 51.9000073 ], [ -0.6486553, 51.8992086 ], [ -0.6489874, 51.8990774 ] ] ] ] } },
{ "type": "Feature", "properties": { "Title": "CB380069" }, "geometry": { "type": "MultiPolygon", "coordinates": [ [ [ [ 0.157329, 52.236729 ], [ 0.1574903, 52.2369742 ], [ 0.156557, 52.2372237 ], [ 0.1564006, 52.2369736 ], [ 0.1565185, 52.2369422 ], [ 0.157329, 52.236729 ] ] ] ] } },
{ "type": "Feature", "properties": { "Title": "CB377306" }, "geometry": { "type": "MultiPolygon", "coordinates": [ [ [ [ -0.1387203, 52.6154175 ], [ -0.1386331, 52.6152504 ], [ -0.1383921, 52.6148118 ], [ -0.1376797, 52.6149615 ], [ -0.1372662, 52.6144417 ], [ -0.1365211, 52.6146244 ], [ -0.135522, 52.6132337 ], [ -0.1346939, 52.6135794 ], [ -0.1355871, 52.6148344 ], [ -0.1356989, 52.6148069 ], [ -0.1362644, 52.6151106 ], [ -0.1365092, 52.6153821 ], [ -0.1376034, 52.615089 ], [ -0.1378302, 52.6154216 ], [ -0.1377699, 52.6156524 ], [ -0.1387203, 52.6154175 ] ] ] ] } },
{ "type": "Feature", "properties": { "Title": "SYK604431" }, "geometry": { "type": "MultiPolygon", "coordinates": [ [ [ [ -1.392079, 53.4031689 ], [ -1.3926421, 53.4032952 ], [ -1.3932355, 53.4033318 ], [ -1.3937482, 53.4032969 ], [ -1.3944012, 53.4032013 ], [ -1.3948951, 53.4031719 ], [ -1.3950548, 53.403173 ], [ -1.3952347, 53.4030118 ], [ -1.3946867, 53.4027531 ], [ -1.3926609, 53.4018775 ], [ -1.3920082, 53.4015549 ], [ -1.3914748, 53.4014414 ], [ -1.3904988, 53.4010624 ], [ -1.3897308, 53.4007991 ], [ -1.3895927, 53.4010204 ], [ -1.3894572, 53.4011071 ], [ -1.3894206, 53.4011503 ], [ -1.3891598, 53.4011092 ], [ -1.3884557, 53.4022854 ], [ -1.3921306, 53.403058 ], [ -1.392079, 53.4031689 ] ], [ [ -1.3894933, 53.401289 ], [ -1.3894762, 53.4013187 ], [ -1.3894273, 53.4013087 ], [ -1.3894444, 53.401279 ], [ -1.3894933, 53.401289 ] ] ] ] } },
{ "type": "Feature", "properties": { "Title": "DN631267" }, "geometry": { "type": "MultiPolygon", "coordinates": [ [ [ [ -3.4738345, 50.7187102 ], [ -3.4730287, 50.7187965 ], [ -3.4731295, 50.7193408 ], [ -3.4737907, 50.719275 ], [ -3.4738345, 50.7187102 ] ] ] ] } },
{ "type": "Feature", "properties": { "Title": "MS519878" }, "geometry": { "type": "MultiPolygon", "coordinates": [ [ [ [ -2.9557913, 53.4834698 ], [ -2.9556145, 53.4834805 ], [ -2.9552645, 53.4834021 ], [ -2.9551809, 53.483534 ], [ -2.9557712, 53.4836665 ], [ -2.9558574, 53.4835255 ], [ -2.9557695, 53.4835055 ], [ -2.9557913, 53.4834698 ] ] ] ] } },
{ "type": "Feature", "properties": { "Title": "WS64682" }, "geometry": { "type": "MultiPolygon", "coordinates": [ [ [ [ -2.3477883, 51.2013029 ], [ -2.3476971, 51.2011758 ], [ -2.3476158, 51.2011707 ], [ -2.3474938, 51.2011886 ], [ -2.3471028, 51.2012063 ], [ -2.3466626, 51.201176 ], [ -2.346587, 51.2011051 ], [ -2.3464154, 51.2011224 ], [ -2.346235, 51.2011645 ], [ -2.3460582, 51.2011475 ], [ -2.3459336, 51.2011239 ], [ -2.3456951, 51.2011509 ], [ -2.3456426, 51.2011103 ], [ -2.3456042, 51.2010769 ], [ -2.3454681, 51.2010789 ], [ -2.3451638, 51.2011165 ], [ -2.3450643, 51.2011885 ], [ -2.3449605, 51.2013314 ], [ -2.3447548, 51.2013459 ], [ -2.3446496, 51.2013463 ], [ -2.3443673, 51.2014655 ], [ -2.3432922, 51.2019838 ], [ -2.3426165, 51.2023554 ], [ -2.3422062, 51.2026106 ], [ -2.3418348, 51.2028824 ], [ -2.3417769, 51.2029949 ], [ -2.3417777, 51.2030988 ], [ -2.341823, 51.2031885 ], [ -2.3422572, 51.2035797 ], [ -2.342579, 51.2040283 ], [ -2.3425504, 51.2040888 ], [ -2.3423169, 51.2043226 ], [ -2.3423498, 51.2045658 ], [ -2.3428168, 51.2050144 ], [ -2.3430493, 51.2050769 ], [ -2.3435368, 51.2051174 ], [ -2.3440127, 51.2052008 ], [ -2.3463849, 51.2048811 ], [ -2.3465363, 51.2048502 ], [ -2.3465843, 51.2048916 ], [ -2.3466657, 51.2048744 ], [ -2.347216, 51.2055238 ], [ -2.34752, 51.2054543 ], [ -2.3478851, 51.2052926 ], [ -2.347946, 51.2053097 ], [ -2.3479591, 51.2053253 ], [ -2.3483441, 51.2051621 ], [ -2.3492176, 51.2049083 ], [ -2.3494669, 51.2047889 ], [ -2.3497208, 51.204594 ], [ -2.3498229, 51.2044847 ], [ -2.3506955, 51.2036298 ], [ -2.3507269, 51.2036132 ], [ -2.3506841, 51.2035889 ], [ -2.3506741, 51.2035611 ], [ -2.3513962, 51.2028985 ], [ -2.3515866, 51.202659 ], [ -2.3516084, 51.2025511 ], [ -2.3515511, 51.2024243 ], [ -2.3509586, 51.2023546 ], [ -2.3507716, 51.2023395 ], [ -2.3502956, 51.2023016 ], [ -2.3501185, 51.2022587 ], [ -2.3497756, 51.2021902 ], [ -2.3496932, 51.2021494 ], [ -2.3495299, 51.2019878 ], [ -2.3495002, 51.2019167 ], [ -2.3492643, 51.2018541 ], [ -2.3491713, 51.2017167 ], [ -2.3490737, 51.2016586 ], [ -2.3490084, 51.2015538 ], [ -2.348804, 51.2014433 ], [ -2.3486783, 51.2013236 ], [ -2.3486303, 51.2013082 ], [ -2.3483704, 51.2014152 ], [ -2.3482079, 51.2013412 ], [ -2.3481126, 51.2012886 ], [ -2.347967, 51.201314 ], [ -2.3477883, 51.2013029 ] ] ] ] } },
{ "type": "Feature", "properties": { "Title": "WS64615" }, "geometry": { "type": "MultiPolygon", "coordinates": [ [ [ [ -2.3341268, 51.2344874 ], [ -2.3340518, 51.2343139 ], [ -2.3337476, 51.2343664 ], [ -2.3338236, 51.2345398 ], [ -2.3341268, 51.2344874 ] ] ] ] } },
{ "type": "Feature", "properties": { "Title": "WT225872" }, "geometry": { "type": "MultiPolygon", "coordinates": [ [ [ [ -2.1460115, 51.4654773 ], [ -2.1458405, 51.4654326 ], [ -2.1457887, 51.4655112 ], [ -2.1456461, 51.4654753 ], [ -2.145542, 51.4656319 ], [ -2.1458141, 51.4657006 ], [ -2.1458695, 51.4657145 ], [ -2.1460115, 51.4654773 ] ] ] ] } },
{ "type": "Feature", "properties": { "Title": "WS64394" }, "geometry": { "type": "MultiPolygon", "coordinates": [ [ [ [ -2.333703, 51.234689 ], [ -2.3336216, 51.2347128 ], [ -2.3336339, 51.2347416 ], [ -2.3334679, 51.2347715 ], [ -2.3335284, 51.234818 ], [ -2.3337069, 51.2348841 ], [ -2.333886, 51.2348544 ], [ -2.3341651, 51.2348324 ], [ -2.3341742, 51.234591 ], [ -2.3342038, 51.2345203 ], [ -2.3338739, 51.2345772 ], [ -2.3338887, 51.234612 ], [ -2.3336853, 51.2346467 ], [ -2.333703, 51.234689 ] ] ] ] } },
{ "type": "Feature", "properties": { "Title": "SY807977" }, "geometry": { "type": "MultiPolygon", "coordinates": [ [ [ [ -0.5617662, 51.31631 ], [ -0.5617281, 51.3162721 ], [ -0.561566, 51.3163462 ], [ -0.5615962, 51.3163768 ], [ -0.5616229, 51.3163659 ], [ -0.5617662, 51.31631 ] ] ], [ [ [ -0.5619993, 51.3158361 ], [ -0.5619268, 51.3158643 ], [ -0.5620167, 51.3159544 ], [ -0.5620407, 51.3159786 ], [ -0.562097, 51.3159353 ], [ -0.5619993, 51.3158361 ] ] ], [ [ [ -0.5619303, 51.3156449 ], [ -0.5616244, 51.3159743 ], [ -0.5615719, 51.3160483 ], [ -0.5615895, 51.3160854 ], [ -0.5615875, 51.3161231 ], [ -0.5616009, 51.31613 ], [ -0.561654, 51.3160672 ], [ -0.5617298, 51.3160928 ], [ -0.5618332, 51.315971 ], [ -0.5617573, 51.315946 ], [ -0.5620023, 51.3156617 ], [ -0.5619744, 51.3156536 ], [ -0.5619303, 51.3156449 ] ] ] ] } },
{ "type": "Feature", "properties": { "Title": "WS64265" }, "geometry": { "type": "MultiPolygon", "coordinates": [ [ [ [ -2.92195, 50.8373704 ], [ -2.9211608, 50.8373689 ], [ -2.9213098, 50.8377239 ], [ -2.9220028, 50.8393925 ], [ -2.9225455, 50.8396547 ], [ -2.9241435, 50.8393458 ], [ -2.9248149, 50.8393198 ], [ -2.9248223, 50.839336 ], [ -2.9253827, 50.8393333 ], [ -2.9253647, 50.8393088 ], [ -2.9256009, 50.8392767 ], [ -2.9262104, 50.8391006 ], [ -2.9260099, 50.8389233 ], [ -2.9258023, 50.8389872 ], [ -2.9258483, 50.8390647 ], [ -2.9254814, 50.8391692 ], [ -2.9252438, 50.8391922 ], [ -2.9250228, 50.8391875 ], [ -2.9246999, 50.8376055 ], [ -2.9254674, 50.8377007 ], [ -2.9255481, 50.8377732 ], [ -2.9257197, 50.8378339 ], [ -2.9258998, 50.8376838 ], [ -2.9254954, 50.8376198 ], [ -2.9251434, 50.8375483 ], [ -2.9241384, 50.837484 ], [ -2.9228994, 50.8374059 ], [ -2.92195, 50.8373704 ] ] ], [ [ [ -2.9217927, 50.8393947 ], [ -2.9209733, 50.8373696 ], [ -2.9208739, 50.8373738 ], [ -2.9202155, 50.8374561 ], [ -2.9198262, 50.8375795 ], [ -2.9197224, 50.8376301 ], [ -2.9196925, 50.8377305 ], [ -2.9195412, 50.8377715 ], [ -2.9178018, 50.8378555 ], [ -2.9176749, 50.83788 ], [ -2.9176033, 50.8379075 ], [ -2.917456, 50.8379403 ], [ -2.9167605, 50.8383946 ], [ -2.916339, 50.8386094 ], [ -2.9157068, 50.8388554 ], [ -2.9161625, 50.8392905 ], [ -2.9163079, 50.8392991 ], [ -2.9169173, 50.8395274 ], [ -2.91753, 50.8397831 ], [ -2.9175516, 50.8401018 ], [ -2.9186383, 50.840556 ], [ -2.9186764, 50.8406423 ], [ -2.9215479, 50.8395398 ], [ -2.9217927, 50.8393947 ] ] ] ] } },
{ "type": "Feature", "properties": { "Title": "WS64262" }, "geometry": { "type": "MultiPolygon", "coordinates": [ [ [ [ -2.9184389, 50.8407236 ], [ -2.9192595, 50.8406266 ], [ -2.9197791, 50.8405766 ], [ -2.9199771, 50.8405153 ], [ -2.9204185, 50.8402826 ], [ -2.9210692, 50.839825 ], [ -2.9214364, 50.8396064 ], [ -2.9217647, 50.8396211 ], [ -2.922092, 50.8397445 ], [ -2.9225455, 50.8396547 ], [ -2.9220028, 50.8393925 ], [ -2.9211608, 50.8373689 ], [ -2.9209733, 50.8373696 ], [ -2.9217927, 50.8393947 ], [ -2.9214841, 50.8395656 ], [ -2.9186764, 50.8406423 ], [ -2.9184389, 50.8407236 ] ] ] ] } },
{ "type": "Feature", "properties": { "Title": "WS64263" }, "geometry": { "type": "MultiPolygon", "coordinates": [ [ [ [ -2.9184402, 50.8407232 ], [ -2.9192595, 50.8406266 ], [ -2.9197791, 50.8405766 ], [ -2.9199771, 50.8405153 ], [ -2.9204185, 50.8402826 ], [ -2.9210692, 50.839825 ], [ -2.9214364, 50.8396064 ], [ -2.9217647, 50.8396211 ], [ -2.922092, 50.8397445 ], [ -2.9225455, 50.8396547 ], [ -2.9220028, 50.8393925 ], [ -2.9211608, 50.8373689 ], [ -2.9209733, 50.8373696 ], [ -2.9217927, 50.8393947 ], [ -2.9214841, 50.8395656 ], [ -2.9186764, 50.8406423 ], [ -2.9184402, 50.8407232 ] ] ] ] } },
{ "type": "Feature", "properties": { "Title": "WS64264" }, "geometry": { "type": "MultiPolygon", "coordinates": [ [ [ [ -2.9246999, 50.8376055 ], [ -2.9254674, 50.8377007 ], [ -2.9255481, 50.8377732 ], [ -2.9257197, 50.8378339 ], [ -2.9258998, 50.8376838 ], [ -2.9254954, 50.8376198 ], [ -2.9251434, 50.8375483 ], [ -2.9241384, 50.837484 ], [ -2.9228994, 50.8374059 ], [ -2.92195, 50.8373704 ], [ -2.9211608, 50.8373689 ], [ -2.9213098, 50.8377239 ], [ -2.9220028, 50.8393925 ], [ -2.9225455, 50.8396547 ], [ -2.9241435, 50.8393458 ], [ -2.9248149, 50.8393198 ], [ -2.9248223, 50.839336 ], [ -2.9253827, 50.8393333 ], [ -2.9253647, 50.8393088 ], [ -2.9256009, 50.8392767 ], [ -2.9262104, 50.8391006 ], [ -2.9260024, 50.8389167 ], [ -2.9258023, 50.8389872 ], [ -2.9258483, 50.8390647 ], [ -2.9254814, 50.8391692 ], [ -2.9252438, 50.8391922 ], [ -2.9250228, 50.8391875 ], [ -2.9246999, 50.8376055 ] ] ], [ [ [ -2.9217927, 50.8393947 ], [ -2.9209733, 50.8373696 ], [ -2.9208739, 50.8373738 ], [ -2.9202155, 50.8374561 ], [ -2.9198262, 50.8375795 ], [ -2.9197224, 50.8376301 ], [ -2.9196925, 50.8377305 ], [ -2.9195412, 50.8377715 ], [ -2.9178018, 50.8378555 ], [ -2.9176749, 50.83788 ], [ -2.9176033, 50.8379075 ], [ -2.917456, 50.8379403 ], [ -2.9167605, 50.8383946 ], [ -2.916339, 50.8386094 ], [ -2.9157068, 50.8388554 ], [ -2.9161625, 50.8392905 ], [ -2.9163079, 50.8392991 ], [ -2.9169173, 50.8395274 ], [ -2.91753, 50.8397831 ], [ -2.9175516, 50.8401018 ], [ -2.9186383, 50.840556 ], [ -2.9186764, 50.8406423 ], [ -2.9215479, 50.8395398 ], [ -2.9217927, 50.8393947 ] ] ] ] } },
{ "type": "Feature", "properties": { "Title": "SF581022" }, "geometry": { "type": "MultiPolygon", "coordinates": [ [ [ [ -1.6935433, 52.7842216 ], [ -1.6927427, 52.783454 ], [ -1.6924781, 52.7835165 ], [ -1.6909793, 52.7837079 ], [ -1.6911977, 52.7842152 ], [ -1.6907783, 52.7843479 ], [ -1.6909811, 52.7849997 ], [ -1.6912339, 52.7854724 ], [ -1.6913199, 52.7855904 ], [ -1.6935324, 52.7851352 ], [ -1.6935604, 52.7851488 ], [ -1.6940805, 52.7850358 ], [ -1.6938182, 52.7848352 ], [ -1.6935297, 52.784498 ], [ -1.6933066, 52.7843378 ], [ -1.6935433, 52.7842216 ] ] ], [ [ [ -1.6921325, 52.7861168 ], [ -1.6918192, 52.7861485 ], [ -1.6918694, 52.7862819 ], [ -1.6922142, 52.7867029 ], [ -1.6925159, 52.7871021 ], [ -1.6926713, 52.7872157 ], [ -1.6927877, 52.7873795 ], [ -1.6929728, 52.7874963 ], [ -1.6930805, 52.7876226 ], [ -1.6952499, 52.7873287 ], [ -1.6959718, 52.7873004 ], [ -1.6958602, 52.7871767 ], [ -1.694257, 52.7865903 ], [ -1.6939461, 52.7865194 ], [ -1.6928439, 52.786225 ], [ -1.6921325, 52.7861168 ] ] ] ] } },
{ "type": "Feature", "properties": { "Title": "CB369949" }, "geometry": { "type": "MultiPolygon", "coordinates": [ [ [ [ 0.1305651, 52.4424038 ], [ 0.1389566, 52.4383274 ], [ 0.142007, 52.4368231 ], [ 0.1420332, 52.4368447 ], [ 0.1421553, 52.4367862 ], [ 0.1422743, 52.4367832 ], [ 0.1423593, 52.4368068 ], [ 0.1446223, 52.4386319 ], [ 0.1471424, 52.4405713 ], [ 0.1397793, 52.4442948 ], [ 0.1349478, 52.4467204 ], [ 0.1276238, 52.4504002 ], [ 0.1271913, 52.4506121 ], [ 0.1262686, 52.4498772 ], [ 0.1262366, 52.4498601 ], [ 0.1261681, 52.4499112 ], [ 0.1231828, 52.4513422 ], [ 0.1225475, 52.4516666 ], [ 0.120164, 52.4528022 ], [ 0.1189204, 52.4517898 ], [ 0.1174413, 52.450646 ], [ 0.1169553, 52.4502525 ], [ 0.1195421, 52.4490463 ], [ 0.1222307, 52.4477763 ], [ 0.1225271, 52.4476667 ], [ 0.1231481, 52.4473843 ], [ 0.124971, 52.4488575 ], [ 0.1250151, 52.4488558 ], [ 0.1309508, 52.4447074 ], [ 0.1309583, 52.444639 ], [ 0.1292904, 52.4430584 ], [ 0.1305971, 52.4424399 ], [ 0.1305651, 52.4424038 ] ] ] ] } },
{ "type": "Feature", "properties": { "Title": "CB368844" }, "geometry": { "type": "MultiPolygon", "coordinates": [ [ [ [ 0.1292461, 52.4327628 ], [ 0.1323828, 52.4338564 ], [ 0.1380478, 52.4340572 ], [ 0.139868, 52.4352766 ], [ 0.1406812, 52.4357537 ], [ 0.142007, 52.4368231 ], [ 0.1354424, 52.4400448 ], [ 0.1353117, 52.4401022 ], [ 0.1305651, 52.4424038 ], [ 0.1264752, 52.4378341 ], [ 0.1273959, 52.4374399 ], [ 0.1293085, 52.4366193 ], [ 0.1298634, 52.4361014 ], [ 0.1299947, 52.4358833 ], [ 0.1299166, 52.4357508 ], [ 0.1296877, 52.4355971 ], [ 0.1288741, 52.4351897 ], [ 0.128434, 52.4350178 ], [ 0.1274159, 52.4344552 ], [ 0.1265992, 52.4340189 ], [ 0.1292461, 52.4327628 ] ] ] ] } },
{ "type": "Feature", "properties": { "Title": "CL288729" }, "geometry": { "type": "MultiPolygon", "coordinates": [ [ [ [ -5.5240277, 50.1569463 ], [ -5.5234227, 50.1573479 ], [ -5.5237442, 50.1574611 ], [ -5.5238518, 50.1574652 ], [ -5.5241137, 50.1571159 ], [ -5.5240424, 50.1570336 ], [ -5.5240277, 50.1569463 ] ] ], [ [ [ -5.5223712, 50.1571967 ], [ -5.5223211, 50.1573644 ], [ -5.5224617, 50.1576205 ], [ -5.5226627, 50.1575819 ], [ -5.5226784, 50.1576117 ], [ -5.5227991, 50.1575886 ], [ -5.522718, 50.1574606 ], [ -5.52316, 50.1573276 ], [ -5.5228439, 50.156915 ], [ -5.5226828, 50.1569821 ], [ -5.5225313, 50.1569994 ], [ -5.5223411, 50.1569784 ], [ -5.5223188, 50.157058 ], [ -5.5223739, 50.1570645 ], [ -5.5223368, 50.1571926 ], [ -5.5223712, 50.1571967 ] ] ] ] } },
{ "type": "Feature", "properties": { "Title": "LT442895" }, "geometry": { "type": "MultiPolygon", "coordinates": [ [ [ [ -1.3117134, 52.7220446 ], [ -1.3121242, 52.7215611 ], [ -1.3118997, 52.7214882 ], [ -1.3122649, 52.7210752 ], [ -1.311382, 52.7207215 ], [ -1.3095885, 52.7226035 ], [ -1.3106327, 52.7231562 ], [ -1.3107522, 52.7230565 ], [ -1.3107743, 52.7230676 ], [ -1.3109664, 52.7228897 ], [ -1.3113351, 52.7230652 ], [ -1.3116022, 52.7227976 ], [ -1.3117802, 52.7228381 ], [ -1.3120354, 52.7224541 ], [ -1.3116255, 52.7223407 ], [ -1.3117193, 52.7221921 ], [ -1.3117134, 52.7220446 ] ] ] ] } },
{ "type": "Feature", "properties": { "Title": "SF514120" }, "geometry": { "type": "MultiPolygon", "coordinates": [ [ [ [ -1.8567467, 52.9092503 ], [ -1.8565743, 52.9092031 ], [ -1.8562872, 52.9091525 ], [ -1.8560367, 52.9090481 ], [ -1.8554872, 52.9088232 ], [ -1.8543668, 52.9083105 ], [ -1.8539592, 52.9082106 ], [ -1.8535305, 52.9081735 ], [ -1.8530131, 52.9081972 ], [ -1.8528144, 52.9081357 ], [ -1.8527089, 52.9080666 ], [ -1.8524752, 52.9080627 ], [ -1.8523397, 52.9080082 ], [ -1.8520118, 52.9077186 ], [ -1.8516766, 52.9076254 ], [ -1.8515308, 52.9076021 ], [ -1.8514466, 52.9075973 ], [ -1.8513112, 52.9076191 ], [ -1.851242, 52.9076584 ], [ -1.8512802, 52.9077111 ], [ -1.8514869, 52.9077667 ], [ -1.8517002, 52.907895 ], [ -1.851832, 52.907908 ], [ -1.8518243, 52.9079322 ], [ -1.8516873, 52.9080079 ], [ -1.8517136, 52.9080538 ], [ -1.8518859, 52.908196 ], [ -1.852013, 52.9082627 ], [ -1.8526044, 52.9087169 ], [ -1.8527112, 52.9087504 ], [ -1.8528355, 52.908751 ], [ -1.8528455, 52.9088679 ], [ -1.8529093, 52.9089075 ], [ -1.8530967, 52.9088924 ], [ -1.8532406, 52.9089816 ], [ -1.853316, 52.9097719 ], [ -1.8535584, 52.9098635 ], [ -1.8536809, 52.9099242 ], [ -1.8537164, 52.909959 ], [ -1.8546419, 52.910053 ], [ -1.8559044, 52.9101582 ], [ -1.8561759, 52.9101324 ], [ -1.8563423, 52.9100984 ], [ -1.8567467, 52.9092503 ] ] ] ] } },
{ "type": "Feature", "properties": { "Title": "NYK393655" }, "geometry": { "type": "MultiPolygon", "coordinates": [ [ [ [ -1.496757, 54.1145084 ], [ -1.4968231, 54.1141995 ], [ -1.4969716, 54.1138509 ], [ -1.4971346, 54.1136671 ], [ -1.4972393, 54.1135483 ], [ -1.496764, 54.1131739 ], [ -1.4960427, 54.1124905 ], [ -1.4953495, 54.1117322 ], [ -1.4948075, 54.1110543 ], [ -1.4946316, 54.110722 ], [ -1.4944955, 54.110874 ], [ -1.4942556, 54.1112736 ], [ -1.4942558, 54.1115591 ], [ -1.4942037, 54.1117007 ], [ -1.4939481, 54.111965 ], [ -1.4937204, 54.1120552 ], [ -1.4935036, 54.1120947 ], [ -1.4935836, 54.1123265 ], [ -1.4934702, 54.1124645 ], [ -1.4938084, 54.1125459 ], [ -1.4932822, 54.1131996 ], [ -1.4932253, 54.1132875 ], [ -1.4931531, 54.1134911 ], [ -1.4930952, 54.1138073 ], [ -1.4930393, 54.1139587 ], [ -1.4930056, 54.1139914 ], [ -1.4932568, 54.1140992 ], [ -1.4936345, 54.1142119 ], [ -1.4938206, 54.1142505 ], [ -1.4939683, 54.1143473 ], [ -1.4940868, 54.1143761 ], [ -1.4941497, 54.1144142 ], [ -1.4944198, 54.1144831 ], [ -1.4945028, 54.1144913 ], [ -1.4947486, 54.1146124 ], [ -1.4953478, 54.1148794 ], [ -1.4955778, 54.1151197 ], [ -1.4967809, 54.1146776 ], [ -1.496757, 54.1145084 ] ] ] ] } },
{ "type": "Feature", "properties": { "Title": "CB365531" }, "geometry": { "type": "MultiPolygon", "coordinates": [ [ [ [ 0.1274043, 52.4344895 ], [ 0.127918, 52.4347631 ], [ 0.1283845, 52.4350323 ], [ 0.1290805, 52.4353209 ], [ 0.1296735, 52.4356111 ], [ 0.1299015, 52.4357661 ], [ 0.1299775, 52.4358931 ], [ 0.1298476, 52.4361016 ], [ 0.1293964, 52.4365013 ], [ 0.129238, 52.4366492 ], [ 0.1274239, 52.4374236 ], [ 0.1253349, 52.4361893 ], [ 0.1240207, 52.4354069 ], [ 0.126622, 52.4347122 ], [ 0.1274043, 52.4344895 ] ] ], [ [ [ 0.1180106, 52.4327707 ], [ 0.1180314, 52.4314108 ], [ 0.12, 52.4310313 ], [ 0.1206673, 52.4323109 ], [ 0.1212035, 52.4321958 ], [ 0.123426, 52.4333882 ], [ 0.1220173, 52.4337709 ], [ 0.1197994, 52.4325033 ], [ 0.1196337, 52.4324715 ], [ 0.1181186, 52.4327578 ], [ 0.1180106, 52.4327707 ] ] ], [ [ [ 0.1160754, 52.4299032 ], [ 0.1160246, 52.4297664 ], [ 0.1160349, 52.4297365 ], [ 0.1162359, 52.4294164 ], [ 0.1167289, 52.4292988 ], [ 0.1169444, 52.4298371 ], [ 0.119052, 52.4294356 ], [ 0.1198173, 52.4309411 ], [ 0.1197714, 52.430988 ], [ 0.118044, 52.4313113 ], [ 0.1179635, 52.4313519 ], [ 0.117588, 52.4313397 ], [ 0.1169232, 52.4313734 ], [ 0.1164863, 52.4309757 ], [ 0.1161567, 52.4304405 ], [ 0.1160754, 52.4299032 ] ] ] ] } },
{ "type": "Feature", "properties": { "Title": "CB365533" }, "geometry": { "type": "MultiPolygon", "coordinates": [ [ [ [ 0.1166465, 52.4293948 ], [ 0.1168599, 52.4299279 ], [ 0.1190866, 52.4295038 ], [ 0.1198028, 52.4309084 ], [ 0.1179681, 52.4312563 ], [ 0.1179246, 52.4312783 ], [ 0.1175992, 52.4312654 ], [ 0.1169813, 52.4312981 ], [ 0.1166168, 52.4309747 ], [ 0.1162948, 52.4304694 ], [ 0.1161944, 52.4298604 ], [ 0.1161391, 52.4297731 ], [ 0.1163256, 52.4294694 ], [ 0.1166465, 52.4293948 ] ] ], [ [ [ 0.1199237, 52.4311217 ], [ 0.1205876, 52.432393 ], [ 0.1211762, 52.4322681 ], [ 0.1233185, 52.4334174 ], [ 0.1220173, 52.4337709 ], [ 0.1197994, 52.4325033 ], [ 0.1196337, 52.4324715 ], [ 0.1181186, 52.4327578 ], [ 0.1181315, 52.4314579 ], [ 0.1199237, 52.4311217 ] ] ], [ [ [ 0.1181729, 52.433039 ], [ 0.1181398, 52.4329566 ], [ 0.119535, 52.4327011 ], [ 0.1209824, 52.433529 ], [ 0.1206918, 52.4337493 ], [ 0.1215076, 52.434116 ], [ 0.1220636, 52.4342103 ], [ 0.1222539, 52.43432 ], [ 0.1225144, 52.4345325 ], [ 0.122674, 52.4346074 ], [ 0.1227124, 52.434651 ], [ 0.1226976, 52.43472 ], [ 0.1216616, 52.4351333 ], [ 0.1201395, 52.434187 ], [ 0.1186637, 52.435016 ], [ 0.1184343, 52.4351234 ], [ 0.1178356, 52.4345632 ], [ 0.1177433, 52.4345316 ], [ 0.1178031, 52.4344174 ], [ 0.1179123, 52.4342713 ], [ 0.1183763, 52.4338084 ], [ 0.1176756, 52.4334197 ], [ 0.1181729, 52.433039 ] ] ] ] } },
{ "type": "Feature", "properties": { "Title": "NYK390660" }, "geometry": { "type": "MultiPolygon", "coordinates": [ [ [ [ -1.485175, 54.1109206 ], [ -1.4852226, 54.1109811 ], [ -1.4856521, 54.111133 ], [ -1.486139, 54.1112151 ], [ -1.4864751, 54.1112507 ], [ -1.4864761, 54.1112974 ], [ -1.4863494, 54.1113521 ], [ -1.4864028, 54.1114077 ], [ -1.4867486, 54.1114028 ], [ -1.488307, 54.1116654 ], [ -1.4888749, 54.1113818 ], [ -1.4893718, 54.111561 ], [ -1.4898895, 54.1112319 ], [ -1.4901796, 54.1110273 ], [ -1.4904059, 54.1107856 ], [ -1.4905241, 54.110597 ], [ -1.4907507, 54.1099325 ], [ -1.4908378, 54.1095724 ], [ -1.4908841, 54.1093056 ], [ -1.4908874, 54.1088587 ], [ -1.4905101, 54.1079076 ], [ -1.4904546, 54.1077053 ], [ -1.490428, 54.1074774 ], [ -1.4904193, 54.1073315 ], [ -1.490482, 54.1069517 ], [ -1.4908842, 54.1061933 ], [ -1.4910871, 54.1059856 ], [ -1.4912332, 54.1056853 ], [ -1.4913123, 54.1055702 ], [ -1.4880447, 54.1061503 ], [ -1.487384, 54.1060242 ], [ -1.4867401, 54.1057692 ], [ -1.4867848, 54.1057313 ], [ -1.4865434, 54.1055564 ], [ -1.4864835, 54.1055558 ], [ -1.485606, 54.1058353 ], [ -1.4853473, 54.1059484 ], [ -1.4851921, 54.1060525 ], [ -1.4851308, 54.1061345 ], [ -1.4851321, 54.106226 ], [ -1.4853653, 54.1064232 ], [ -1.4860589, 54.1069132 ], [ -1.4861764, 54.1071391 ], [ -1.4861874, 54.1073762 ], [ -1.4860681, 54.107892 ], [ -1.4860641, 54.1084621 ], [ -1.4859354, 54.1085726 ], [ -1.485908, 54.1085771 ], [ -1.4857441, 54.1087619 ], [ -1.48534, 54.1090637 ], [ -1.4850641, 54.1093312 ], [ -1.4849862, 54.1094912 ], [ -1.4849889, 54.1097345 ], [ -1.4850138, 54.1098208 ], [ -1.4852745, 54.1102542 ], [ -1.4854032, 54.1106017 ], [ -1.4853125, 54.1107667 ], [ -1.485175, 54.1109206 ] ] ] ] } },
{ "type": "Feature", "properties": { "Title": "SF67251" }, "geometry": { "type": "MultiPolygon", "coordinates": [ [ [ [ -2.1678975, 53.0135346 ], [ -2.1676751, 53.0131892 ], [ -2.1676011, 53.0131408 ], [ -2.1670641, 53.0132238 ], [ -2.1652559, 53.0133423 ], [ -2.1655982, 53.015167 ], [ -2.1656226, 53.0151877 ], [ -2.1658648, 53.0151213 ], [ -2.1662293, 53.0149293 ], [ -2.1665019, 53.0147069 ], [ -2.16679, 53.0144238 ], [ -2.1669677, 53.0141098 ], [ -2.1669965, 53.0140351 ], [ -2.1679103, 53.0136621 ], [ -2.1678874, 53.0136304 ], [ -2.1678975, 53.0135346 ] ] ] ] } },
{ "type": "Feature", "properties": { "Title": "WSX341631" }, "geometry": { "type": "MultiPolygon", "coordinates": [ [ [ [ -0.1625081, 51.1340804 ], [ -0.1615959, 51.134392 ], [ -0.1614017, 51.1340579 ], [ -0.1612598, 51.1336417 ], [ -0.1611548, 51.1330973 ], [ -0.1611673, 51.1325775 ], [ -0.1611332, 51.13258 ], [ -0.1611114, 51.1332446 ], [ -0.1612659, 51.1339708 ], [ -0.1614846, 51.1343848 ], [ -0.1617525, 51.134746 ], [ -0.1619979, 51.1350093 ], [ -0.1630647, 51.1361696 ], [ -0.1631132, 51.136153 ], [ -0.163281, 51.1363362 ], [ -0.163377, 51.1363024 ], [ -0.1634381, 51.1363489 ], [ -0.1637815, 51.136224 ], [ -0.163775, 51.1361164 ], [ -0.1639435, 51.1360576 ], [ -0.1634815, 51.1355432 ], [ -0.1636366, 51.135355 ], [ -0.163622, 51.1352727 ], [ -0.1625081, 51.1340804 ] ] ] ] } },
{ "type": "Feature", "properties": { "Title": "WSX341628" }, "geometry": { "type": "MultiPolygon", "coordinates": [ [ [ [ -0.1614346, 51.1343665 ], [ -0.1611673, 51.1344382 ], [ -0.1612315, 51.1346762 ], [ -0.16125, 51.1346761 ], [ -0.1613957, 51.1349486 ], [ -0.1621418, 51.1357772 ], [ -0.1623892, 51.1356929 ], [ -0.1627463, 51.1360804 ], [ -0.1628381, 51.1360477 ], [ -0.1629312, 51.136151 ], [ -0.1630186, 51.1361193 ], [ -0.1615098, 51.1344697 ], [ -0.1614346, 51.1343665 ] ] ] ] } },
{ "type": "Feature", "properties": { "Title": "WSX341630" }, "geometry": { "type": "MultiPolygon", "coordinates": [ [ [ [ -0.1625081, 51.1340804 ], [ -0.1611667, 51.1326194 ], [ -0.16116, 51.1331322 ], [ -0.1613086, 51.1338253 ], [ -0.1615118, 51.1342674 ], [ -0.1615959, 51.134392 ], [ -0.1616768, 51.1343643 ], [ -0.1625081, 51.1340804 ] ] ] ] } },
{ "type": "Feature", "properties": { "Title": "NYK385155" }, "geometry": { "type": "MultiPolygon", "coordinates": [ [ [ [ -1.4948915, 54.1245555 ], [ -1.4932606, 54.1240514 ], [ -1.4930895, 54.1240292 ], [ -1.4929096, 54.1236758 ], [ -1.4926208, 54.1229415 ], [ -1.4925579, 54.122593 ], [ -1.4923183, 54.1226094 ], [ -1.4922932, 54.1229387 ], [ -1.4920991, 54.1232767 ], [ -1.4917019, 54.1235436 ], [ -1.4913984, 54.1236291 ], [ -1.4911586, 54.1236776 ], [ -1.4908743, 54.1237061 ], [ -1.4910853, 54.1241348 ], [ -1.491589, 54.1249836 ], [ -1.4919989, 54.1255057 ], [ -1.4923831, 54.1258686 ], [ -1.4927883, 54.1261453 ], [ -1.4930487, 54.1262489 ], [ -1.4932, 54.1262603 ], [ -1.4934393, 54.1262502 ], [ -1.4935447, 54.1262606 ], [ -1.4937751, 54.1260453 ], [ -1.4940084, 54.1258934 ], [ -1.4950346, 54.1254744 ], [ -1.494884, 54.1250374 ], [ -1.4948913, 54.1249413 ], [ -1.4948589, 54.1249378 ], [ -1.4948915, 54.1245555 ] ] ] ] } },
{ "type": "Feature", "properties": { "Title": "WM980441" }, "geometry": { "type": "MultiPolygon", "coordinates": [ [ [ [ -2.0421092, 52.5813462 ], [ -2.0421507, 52.5810705 ], [ -2.0422882, 52.5809935 ], [ -2.0420157, 52.5807506 ], [ -2.0418646, 52.5807483 ], [ -2.0416207, 52.5805341 ], [ -2.0414065, 52.5806218 ], [ -2.0413003, 52.5805039 ], [ -2.0411567, 52.5805639 ], [ -2.0411473, 52.5818401 ], [ -2.0390476, 52.5817041 ], [ -2.0388363, 52.5817748 ], [ -2.0388696, 52.581835 ], [ -2.039291, 52.5818562 ], [ -2.0410773, 52.5819197 ], [ -2.0412652, 52.581904 ], [ -2.0412602, 52.5819335 ], [ -2.0419796, 52.5819721 ], [ -2.042048, 52.581738 ], [ -2.0422133, 52.5813484 ], [ -2.0421092, 52.5813462 ] ] ] ] } },
{ "type": "Feature", "properties": { "Title": "SYK578289" }, "geometry": { "type": "MultiPolygon", "coordinates": [ [ [ [ -1.0839337, 53.5640096 ], [ -1.083939, 53.5633299 ], [ -1.0823189, 53.5633104 ], [ -1.0824047, 53.5639891 ], [ -1.0839337, 53.5640096 ] ] ] ] } },
{ "type": "Feature", "properties": { "Title": "WS54923" }, "geometry": { "type": "MultiPolygon", "coordinates": [ [ [ [ -2.4297299, 51.2019732 ], [ -2.429972, 51.2016948 ], [ -2.4299918, 51.2016282 ], [ -2.4298721, 51.2015596 ], [ -2.4296561, 51.2014809 ], [ -2.4293022, 51.2013814 ], [ -2.4290106, 51.2013006 ], [ -2.4285143, 51.2012729 ], [ -2.4278033, 51.2012702 ], [ -2.4272162, 51.2011782 ], [ -2.4273211, 51.2014543 ], [ -2.4272927, 51.2015857 ], [ -2.4273078, 51.2018974 ], [ -2.4271656, 51.2023665 ], [ -2.428886, 51.2029572 ], [ -2.429169, 51.2030626 ], [ -2.4291654, 51.2030806 ], [ -2.4292956, 51.2031277 ], [ -2.4302286, 51.2021861 ], [ -2.4297299, 51.2019732 ] ] ] ] } },
{ "type": "Feature", "properties": { "Title": "MS574138" }, "geometry": { "type": "MultiPolygon", "coordinates": [ [ [ [ -2.7237683, 53.4487056 ], [ -2.7235903, 53.4484354 ], [ -2.7232861, 53.4485068 ], [ -2.7227156, 53.4486412 ], [ -2.7228425, 53.4488428 ], [ -2.7229548, 53.4488744 ], [ -2.7230933, 53.448856 ], [ -2.7237683, 53.4487056 ] ] ] ] } },
{ "type": "Feature", "properties": { "Title": "MS574149" }, "geometry": { "type": "MultiPolygon", "coordinates": [ [ [ [ -2.957874, 53.5073224 ], [ -2.9577214, 53.5071074 ], [ -2.9576159, 53.5069977 ], [ -2.9574433, 53.5070445 ], [ -2.9571294, 53.5071315 ], [ -2.9573482, 53.5074425 ], [ -2.957874, 53.5073224 ] ] ] ] } },
{ "type": "Feature", "properties": { "Title": "WYK919050" }, "geometry": { "type": "MultiPolygon", "coordinates": [ [ [ [ -1.526187, 53.7764436 ], [ -1.5262287, 53.7764429 ], [ -1.5262248, 53.7763854 ], [ -1.5261777, 53.7763865 ], [ -1.5261745, 53.7763402 ], [ -1.5259832, 53.7763453 ], [ -1.5259782, 53.7762942 ], [ -1.5256179, 53.7763111 ], [ -1.5256066, 53.7762364 ], [ -1.5250282, 53.7762616 ], [ -1.5250357, 53.7763344 ], [ -1.5248998, 53.7763403 ], [ -1.5249691, 53.7769201 ], [ -1.525108, 53.7769144 ], [ -1.5251136, 53.7769585 ], [ -1.5254036, 53.7769461 ], [ -1.5254078, 53.7769812 ], [ -1.5262481, 53.7769463 ], [ -1.526252, 53.7769764 ], [ -1.5267653, 53.7769636 ], [ -1.5267542, 53.7768085 ], [ -1.5262335, 53.7768218 ], [ -1.5262284, 53.7767382 ], [ -1.5263293, 53.7767359 ], [ -1.5263204, 53.7766114 ], [ -1.5262011, 53.7766154 ], [ -1.526187, 53.7764436 ] ] ] ] } },
{ "type": "Feature", "properties": { "Title": "SYK574519" }, "geometry": { "type": "MultiPolygon", "coordinates": [ [ [ [ -1.1663048, 53.4252669 ], [ -1.1661342, 53.4252751 ], [ -1.1661362, 53.4253942 ], [ -1.1660302, 53.4254026 ], [ -1.1660481, 53.4254833 ], [ -1.1659662, 53.4254898 ], [ -1.1659452, 53.4253943 ], [ -1.1657925, 53.4254178 ], [ -1.1649536, 53.4258079 ], [ -1.1653446, 53.426069 ], [ -1.165584, 53.4259325 ], [ -1.1663254, 53.4256715 ], [ -1.1663048, 53.4252669 ] ] ] ] } },
{ "type": "Feature", "properties": { "Title": "BD272078" }, "geometry": { "type": "MultiPolygon", "coordinates": [ [ [ [ -0.6466741, 51.9432886 ], [ -0.6458369, 51.9424903 ], [ -0.6474722, 51.9417628 ], [ -0.6470807, 51.9413428 ], [ -0.6458475, 51.9405518 ], [ -0.6456836, 51.9406785 ], [ -0.6454259, 51.9410698 ], [ -0.6452587, 51.9412099 ], [ -0.644573, 51.9408406 ], [ -0.6443844, 51.9407746 ], [ -0.6437282, 51.9406816 ], [ -0.6433768, 51.9407063 ], [ -0.6432959, 51.9405418 ], [ -0.6433127, 51.9404691 ], [ -0.6435405, 51.9400595 ], [ -0.6436416, 51.939986 ], [ -0.6444851, 51.939505 ], [ -0.6447809, 51.9394419 ], [ -0.644874, 51.9389574 ], [ -0.6396472, 51.9383324 ], [ -0.6396259, 51.9384606 ], [ -0.6398482, 51.9392409 ], [ -0.6399874, 51.9394979 ], [ -0.6364328, 51.9403829 ], [ -0.6372584, 51.9421228 ], [ -0.6362975, 51.9419059 ], [ -0.6359156, 51.9422905 ], [ -0.6356402, 51.9426505 ], [ -0.6354395, 51.9429521 ], [ -0.6354155, 51.9429701 ], [ -0.6353, 51.9429687 ], [ -0.6343925, 51.942804 ], [ -0.6341676, 51.9428319 ], [ -0.6338783, 51.9429212 ], [ -0.6331901, 51.9432491 ], [ -0.6329773, 51.9433107 ], [ -0.6326803, 51.9433358 ], [ -0.6326652, 51.9432916 ], [ -0.6323646, 51.9431824 ], [ -0.6313601, 51.9428695 ], [ -0.6308572, 51.9428043 ], [ -0.6286007, 51.9425759 ], [ -0.6281985, 51.9432452 ], [ -0.6281293, 51.9435114 ], [ -0.6280459, 51.9440535 ], [ -0.627984, 51.9450338 ], [ -0.6280695, 51.9455044 ], [ -0.6282761, 51.9458862 ], [ -0.6289766, 51.9467447 ], [ -0.629032, 51.9467616 ], [ -0.6320495, 51.9464137 ], [ -0.6324056, 51.9464268 ], [ -0.6333625, 51.9465378 ], [ -0.6338972, 51.9465339 ], [ -0.6353774, 51.9463131 ], [ -0.6366098, 51.9461283 ], [ -0.6379491, 51.9459844 ], [ -0.6387172, 51.9458793 ], [ -0.6391822, 51.9457516 ], [ -0.6427522, 51.9446087 ], [ -0.6451566, 51.9437983 ], [ -0.6460836, 51.9434996 ], [ -0.6466741, 51.9432886 ] ] ], [ [ [ -0.6288689, 51.9468891 ], [ -0.6281056, 51.9469808 ], [ -0.6280838, 51.9470122 ], [ -0.6279799, 51.9470307 ], [ -0.6279263, 51.9469855 ], [ -0.6278729, 51.9469914 ], [ -0.6279345, 51.9472316 ], [ -0.6272439, 51.9473117 ], [ -0.6271978, 51.9471538 ], [ -0.627135, 51.9471611 ], [ -0.6270968, 51.9470771 ], [ -0.6219986, 51.9476424 ], [ -0.6212322, 51.9478373 ], [ -0.620015, 51.9482261 ], [ -0.6189383, 51.9485229 ], [ -0.6177352, 51.9490319 ], [ -0.617388, 51.9491626 ], [ -0.6175903, 51.949443 ], [ -0.6193658, 51.9505918 ], [ -0.6201881, 51.9510186 ], [ -0.62088, 51.9513765 ], [ -0.6210116, 51.9514544 ], [ -0.6215359, 51.9510929 ], [ -0.622873, 51.9515359 ], [ -0.6228825, 51.9519746 ], [ -0.622874, 51.9525364 ], [ -0.6228596, 51.9525794 ], [ -0.624306, 51.9533921 ], [ -0.625115, 51.9538085 ], [ -0.6290095, 51.9559581 ], [ -0.6289575, 51.9557533 ], [ -0.6289981, 51.9556268 ], [ -0.6291514, 51.9555076 ], [ -0.6293842, 51.9553674 ], [ -0.6298362, 51.9550036 ], [ -0.6302358, 51.954793 ], [ -0.631157, 51.9543885 ], [ -0.631341, 51.9542827 ], [ -0.631968, 51.953787 ], [ -0.6320522, 51.9536831 ], [ -0.6321171, 51.9535409 ], [ -0.6321665, 51.9534797 ], [ -0.6323859, 51.9533338 ], [ -0.6312337, 51.9522451 ], [ -0.6311453, 51.9520912 ], [ -0.6309695, 51.9512946 ], [ -0.6309189, 51.9508535 ], [ -0.6309656, 51.9507056 ], [ -0.6311991, 51.9502057 ], [ -0.6313104, 51.9497026 ], [ -0.6312773, 51.9494981 ], [ -0.6301555, 51.9485886 ], [ -0.6295844, 51.9479521 ], [ -0.6289597, 51.9469648 ], [ -0.6288689, 51.9468891 ] ] ], [ [ [ -0.6317828, 51.9563956 ], [ -0.6310698, 51.9571143 ], [ -0.6318238, 51.9575423 ], [ -0.6328302, 51.9567935 ], [ -0.6332954, 51.9565211 ], [ -0.6335239, 51.956338 ], [ -0.633739, 51.9562006 ], [ -0.6339493, 51.9560353 ], [ -0.6340266, 51.9560005 ], [ -0.6349412, 51.9557597 ], [ -0.635281, 51.9556405 ], [ -0.6356048, 51.9559032 ], [ -0.6362935, 51.9565657 ], [ -0.6363836, 51.9566162 ], [ -0.6369468, 51.9566641 ], [ -0.6377153, 51.9567575 ], [ -0.6380098, 51.9567403 ], [ -0.6382944, 51.956713 ], [ -0.6382991, 51.9567022 ], [ -0.6392674, 51.9572637 ], [ -0.6398431, 51.9575716 ], [ -0.6403591, 51.9577403 ], [ -0.6412853, 51.9579605 ], [ -0.6418817, 51.9580681 ], [ -0.642502, 51.9581516 ], [ -0.6428086, 51.9582066 ], [ -0.6434677, 51.9574471 ], [ -0.644111, 51.9568637 ], [ -0.6444802, 51.9565416 ], [ -0.644669, 51.9563109 ], [ -0.6449247, 51.9557465 ], [ -0.6451258, 51.9553613 ], [ -0.6450674, 51.9552599 ], [ -0.644787, 51.9550011 ], [ -0.644268, 51.9543563 ], [ -0.6438959, 51.9539555 ], [ -0.643629, 51.9532502 ], [ -0.6433359, 51.9527388 ], [ -0.6431378, 51.9525046 ], [ -0.6427443, 51.9525789 ], [ -0.6423946, 51.9526405 ], [ -0.6418721, 51.9528607 ], [ -0.6406637, 51.9532904 ], [ -0.6406555, 51.95332 ], [ -0.6375963, 51.9539413 ], [ -0.6368086, 51.9531959 ], [ -0.6360613, 51.9524204 ], [ -0.6346304, 51.9528124 ], [ -0.6342438, 51.9529382 ], [ -0.6334608, 51.9531827 ], [ -0.6330206, 51.9533484 ], [ -0.6326142, 51.9535083 ], [ -0.632587, 51.9535268 ], [ -0.6325677, 51.9535185 ], [ -0.6325016, 51.9535744 ], [ -0.6325814, 51.9537237 ], [ -0.6325089, 51.9537932 ], [ -0.6324496, 51.9538276 ], [ -0.6318775, 51.9541399 ], [ -0.6323786, 51.9544604 ], [ -0.6325394, 51.9546268 ], [ -0.6326416, 51.9548087 ], [ -0.6325766, 51.954888 ], [ -0.6327707, 51.9550134 ], [ -0.6329434, 51.9552681 ], [ -0.6330104, 51.9554127 ], [ -0.6323572, 51.9558844 ], [ -0.6317828, 51.9563956 ] ] ] ] } },
{ "type": "Feature", "properties": { "Title": "DN597291" }, "geometry": { "type": "MultiPolygon", "coordinates": [ [ [ [ -4.0343008, 50.7128641 ], [ -4.0342015, 50.7129087 ], [ -4.0336017, 50.7132191 ], [ -4.0331994, 50.7135342 ], [ -4.0334364, 50.7136519 ], [ -4.0339682, 50.7133306 ], [ -4.0344205, 50.7131042 ], [ -4.0343878, 50.7130207 ], [ -4.0336859, 50.7134036 ], [ -4.0334585, 50.713545 ], [ -4.0333542, 50.713492 ], [ -4.0333506, 50.7134732 ], [ -4.0337098, 50.7132344 ], [ -4.0343135, 50.7129045 ], [ -4.0343008, 50.7128641 ] ] ] ] } },
{ "type": "Feature", "properties": { "Title": "DN590927" }, "geometry": { "type": "MultiPolygon", "coordinates": [ [ [ [ -4.0257138, 50.439767 ], [ -4.0257787, 50.4395877 ], [ -4.0256695, 50.4394581 ], [ -4.0256734, 50.4394126 ], [ -4.0257205, 50.4393665 ], [ -4.0257787, 50.4392117 ], [ -4.0257913, 50.438953 ], [ -4.0259865, 50.438794 ], [ -4.0264883, 50.4384408 ], [ -4.0265871, 50.4383846 ], [ -4.0268097, 50.4381741 ], [ -4.0267486, 50.4380406 ], [ -4.0266288, 50.4379383 ], [ -4.0265523, 50.4377975 ], [ -4.0264447, 50.4377499 ], [ -4.0255119, 50.4377881 ], [ -4.0250428, 50.4377797 ], [ -4.0246171, 50.4377489 ], [ -4.0238108, 50.4376233 ], [ -4.0233676, 50.4375121 ], [ -4.0226929, 50.4372771 ], [ -4.0219387, 50.4369309 ], [ -4.0207793, 50.4362841 ], [ -4.0200526, 50.4359573 ], [ -4.0195912, 50.4357924 ], [ -4.0189488, 50.4356297 ], [ -4.0182839, 50.4355253 ], [ -4.0177361, 50.435504 ], [ -4.0172683, 50.4358011 ], [ -4.0169634, 50.43602 ], [ -4.0164981, 50.4363198 ], [ -4.0165364, 50.4363965 ], [ -4.0160638, 50.4366598 ], [ -4.0157046, 50.436925 ], [ -4.0155576, 50.4369983 ], [ -4.0151445, 50.4372713 ], [ -4.0156209, 50.4383877 ], [ -4.0156411, 50.4384656 ], [ -4.0156087, 50.4385614 ], [ -4.0155128, 50.438807 ], [ -4.0149782, 50.4396127 ], [ -4.0147126, 50.4400435 ], [ -4.0141782, 50.4407834 ], [ -4.0139136, 50.4411695 ], [ -4.0138152, 50.4412773 ], [ -4.014158, 50.4412639 ], [ -4.014476, 50.4412221 ], [ -4.0150777, 50.4412324 ], [ -4.0154335, 50.4412637 ], [ -4.0157622, 50.4413537 ], [ -4.0162496, 50.4415439 ], [ -4.0164984, 50.441601 ], [ -4.016807, 50.4416283 ], [ -4.0172863, 50.4416502 ], [ -4.0175659, 50.4417156 ], [ -4.0179123, 50.4418546 ], [ -4.0180258, 50.4417851 ], [ -4.019375, 50.4423573 ], [ -4.0199255, 50.4425875 ], [ -4.0201378, 50.4426982 ], [ -4.0208328, 50.4431316 ], [ -4.0211573, 50.4434 ], [ -4.0215325, 50.4438183 ], [ -4.0215827, 50.4438828 ], [ -4.0221954, 50.4443782 ], [ -4.0223415, 50.4445489 ], [ -4.023018, 50.4446515 ], [ -4.0240777, 50.4447123 ], [ -4.0247042, 50.4447716 ], [ -4.0250372, 50.4447013 ], [ -4.025153, 50.4446403 ], [ -4.0252917, 50.4445223 ], [ -4.0253778, 50.4444029 ], [ -4.0253256, 50.4441818 ], [ -4.0250917, 50.4437902 ], [ -4.0250697, 50.4436832 ], [ -4.0249852, 50.4435671 ], [ -4.0249463, 50.4432657 ], [ -4.0250241, 50.4430642 ], [ -4.0250222, 50.442953 ], [ -4.0250674, 50.4429102 ], [ -4.0251289, 50.4426522 ], [ -4.0250037, 50.4413347 ], [ -4.0251812, 50.4412587 ], [ -4.0252291, 50.4410815 ], [ -4.025627, 50.4409466 ], [ -4.0255429, 50.4408811 ], [ -4.0254458, 50.4407177 ], [ -4.0254109, 50.4405336 ], [ -4.0254405, 50.4402518 ], [ -4.0255504, 50.4399522 ], [ -4.0256489, 50.4398215 ], [ -4.0257138, 50.439767 ] ] ] ] } },
{ "type": "Feature", "properties": { "Title": "MAN142288" }, "geometry": { "type": "MultiPolygon", "coordinates": [ [ [ [ -2.4745155, 53.5151026 ], [ -2.4744955, 53.5150915 ], [ -2.4744478, 53.5151034 ], [ -2.4744183, 53.5150405 ], [ -2.4739634, 53.515369 ], [ -2.474457, 53.5156048 ], [ -2.4745413, 53.5155223 ], [ -2.4745177, 53.5153664 ], [ -2.4744622, 53.5151949 ], [ -2.4745155, 53.5151026 ] ] ] ] } },
{ "type": "Feature", "properties": { "Title": "DN334627" }, "geometry": { "type": "MultiPolygon", "coordinates": [ [ [ [ -4.0320599, 50.7219868 ], [ -4.0321357, 50.7221023 ], [ -4.0322245, 50.7223272 ], [ -4.0323894, 50.7225064 ], [ -4.0325193, 50.7225941 ], [ -4.0334962, 50.723069 ], [ -4.0339405, 50.7232493 ], [ -4.0339657, 50.7232148 ], [ -4.0331333, 50.7228398 ], [ -4.0324921, 50.7225245 ], [ -4.0323307, 50.7224036 ], [ -4.0322709, 50.722326 ], [ -4.0321654, 50.7220323 ], [ -4.0320599, 50.7219868 ] ] ] ] } },
{ "type": "Feature", "properties": { "Title": "DN385981" }, "geometry": { "type": "MultiPolygon", "coordinates": [ [ [ [ -4.0299601, 50.7191165 ], [ -4.0304072, 50.7188407 ], [ -4.0312045, 50.718905 ], [ -4.0312126, 50.7188916 ], [ -4.0297947, 50.7178971 ], [ -4.0302047, 50.717442 ], [ -4.0306332, 50.7169576 ], [ -4.0311176, 50.7163402 ], [ -4.0317293, 50.7153986 ], [ -4.0319851, 50.7149469 ], [ -4.0320799, 50.7148317 ], [ -4.0324781, 50.7144943 ], [ -4.0328173, 50.7142776 ], [ -4.0330519, 50.7140911 ], [ -4.0334326, 50.7139373 ], [ -4.0336659, 50.7138665 ], [ -4.0339319, 50.7137731 ], [ -4.0342909, 50.7136486 ], [ -4.0343796, 50.7135854 ], [ -4.0344229, 50.713521 ], [ -4.0344189, 50.7134027 ], [ -4.0343172, 50.7131526 ], [ -4.0337612, 50.7134479 ], [ -4.0334364, 50.7136519 ], [ -4.0331994, 50.7135342 ], [ -4.0336017, 50.7132191 ], [ -4.0342015, 50.7129087 ], [ -4.0343008, 50.7128641 ], [ -4.0342505, 50.7126966 ], [ -4.0342631, 50.712235 ], [ -4.0343784, 50.7116582 ], [ -4.0343787, 50.7109792 ], [ -4.0346806, 50.7106082 ], [ -4.0315563, 50.7101793 ], [ -4.0306912, 50.7115516 ], [ -4.0302515, 50.7114626 ], [ -4.0296841, 50.7113071 ], [ -4.0294305, 50.7111983 ], [ -4.0288803, 50.7109488 ], [ -4.0281886, 50.7106925 ], [ -4.027086, 50.7102078 ], [ -4.0267351, 50.7100529 ], [ -4.0251383, 50.7090594 ], [ -4.0245678, 50.7088638 ], [ -4.0236082, 50.708587 ], [ -4.0231868, 50.708734 ], [ -4.0229447, 50.7088686 ], [ -4.0225181, 50.7091594 ], [ -4.0221299, 50.709355 ], [ -4.0213836, 50.7097861 ], [ -4.0211628, 50.7098455 ], [ -4.0209796, 50.7098547 ], [ -4.0200813, 50.7099899 ], [ -4.0199266, 50.7101082 ], [ -4.0195533, 50.7103212 ], [ -4.0183082, 50.7108364 ], [ -4.0174848, 50.7111677 ], [ -4.0160084, 50.7119279 ], [ -4.0155576, 50.7121288 ], [ -4.0146951, 50.7123879 ], [ -4.0140376, 50.7125691 ], [ -4.0134449, 50.7127718 ], [ -4.0126998, 50.713071 ], [ -4.0123779, 50.7132865 ], [ -4.0153133, 50.7150605 ], [ -4.019148, 50.7174954 ], [ -4.0196743, 50.717868 ], [ -4.0198947, 50.7181245 ], [ -4.0208157, 50.7186983 ], [ -4.0218019, 50.7192756 ], [ -4.02223, 50.7195359 ], [ -4.0235692, 50.7208451 ], [ -4.0238517, 50.7211316 ], [ -4.0241771, 50.7210091 ], [ -4.0243817, 50.7209228 ], [ -4.0243905, 50.7208975 ], [ -4.0251174, 50.720571 ], [ -4.0257717, 50.7202691 ], [ -4.0262365, 50.7200148 ], [ -4.0264261, 50.7201489 ], [ -4.0274699, 50.7195872 ], [ -4.0280323, 50.7193247 ], [ -4.0284965, 50.7190435 ], [ -4.0286046, 50.7189414 ], [ -4.0289557, 50.7187129 ], [ -4.0294634, 50.7190955 ], [ -4.0299601, 50.7191165 ] ] ] ] } },
{ "type": "Feature", "properties": { "Title": "LAN85949" }, "geometry": { "type": "MultiPolygon", "coordinates": [ [ [ [ -2.3683002, 53.7761569 ], [ -2.3683586, 53.7768037 ], [ -2.3690188, 53.7768 ], [ -2.36903, 53.7761953 ], [ -2.3689184, 53.7761936 ], [ -2.3689154, 53.7761581 ], [ -2.3683002, 53.7761569 ] ] ] ] } },
{ "type": "Feature", "properties": { "Title": "NYK174492" }, "geometry": { "type": "MultiPolygon", "coordinates": [ [ [ [ -1.4925366, 54.122411 ], [ -1.4926208, 54.1229415 ], [ -1.4929832, 54.1238391 ], [ -1.4930817, 54.1240282 ], [ -1.4933644, 54.1240752 ], [ -1.4943439, 54.1243906 ], [ -1.4943915, 54.1243307 ], [ -1.4943204, 54.124005 ], [ -1.4941369, 54.1237431 ], [ -1.4941849, 54.1236941 ], [ -1.4945015, 54.1235857 ], [ -1.4942083, 54.122433 ], [ -1.4925366, 54.122411 ] ] ] ] } },
{ "type": "Feature", "properties": { "Title": "LA3075" }, "geometry": { "type": "MultiPolygon", "coordinates": [ [ [ [ -2.9561094, 53.4835802 ], [ -2.9558833, 53.4840206 ], [ -2.9559547, 53.4840357 ], [ -2.9562482, 53.4834761 ], [ -2.9551403, 53.4832337 ], [ -2.9551441, 53.4832227 ], [ -2.9541385, 53.4829787 ], [ -2.9539006, 53.4829276 ], [ -2.9536021, 53.4835339 ], [ -2.9546098, 53.4837493 ], [ -2.9548211, 53.4834483 ], [ -2.9551809, 53.483534 ], [ -2.9552645, 53.4834021 ], [ -2.9556145, 53.4834805 ], [ -2.9557913, 53.4834698 ], [ -2.9557695, 53.4835055 ], [ -2.9561094, 53.4835802 ] ] ] ] } },
{ "type": "Feature", "properties": { "Title": "LT191965" }, "geometry": { "type": "MultiPolygon", "coordinates": [ [ [ [ -1.3377564, 52.7091612 ], [ -1.3377003, 52.7091939 ], [ -1.3376408, 52.7091768 ], [ -1.3376277, 52.7091385 ], [ -1.3369711, 52.7090226 ], [ -1.3369518, 52.7090587 ], [ -1.3364883, 52.7089454 ], [ -1.3361391, 52.7093731 ], [ -1.3360129, 52.7093419 ], [ -1.3355845, 52.7098728 ], [ -1.3369769, 52.710671 ], [ -1.3372333, 52.7108201 ], [ -1.3374981, 52.7102221 ], [ -1.3375872, 52.7101833 ], [ -1.3386105, 52.7104656 ], [ -1.3388165, 52.7100143 ], [ -1.3392998, 52.7101478 ], [ -1.3393992, 52.710024 ], [ -1.339887, 52.7101752 ], [ -1.3399824, 52.7101504 ], [ -1.3401012, 52.7101172 ], [ -1.3400206, 52.7100069 ], [ -1.3399938, 52.7100131 ], [ -1.3398664, 52.7097961 ], [ -1.3403003, 52.7096085 ], [ -1.3403127, 52.7093739 ], [ -1.3401745, 52.7093379 ], [ -1.3394475, 52.7093162 ], [ -1.3380627, 52.7091876 ], [ -1.3377564, 52.7091612 ] ] ] ] } },
{ "type": "Feature", "properties": { "Title": "SF542670" }, "geometry": { "type": "MultiPolygon", "coordinates": [ [ [ [ -1.6996884, 52.7644056 ], [ -1.6996161, 52.764314 ], [ -1.6988718, 52.7645869 ], [ -1.6992666, 52.7645174 ], [ -1.6996884, 52.7644056 ] ] ] ] } },
{ "type": "Feature", "properties": { "Title": "SF447778" }, "geometry": { "type": "MultiPolygon", "coordinates": [ [ [ [ -1.6940805, 52.7850358 ], [ -1.6935604, 52.7851488 ], [ -1.6935324, 52.7851352 ], [ -1.6914473, 52.7855647 ], [ -1.6918224, 52.7859724 ], [ -1.6918887, 52.7861384 ], [ -1.6921812, 52.7861196 ], [ -1.6929121, 52.7862395 ], [ -1.6940539, 52.7865506 ], [ -1.694369, 52.7866251 ], [ -1.6958602, 52.7871767 ], [ -1.6959718, 52.7873004 ], [ -1.6951502, 52.7873371 ], [ -1.6941252, 52.7874782 ], [ -1.695732, 52.7885626 ], [ -1.696766, 52.7891759 ], [ -1.695874, 52.7896572 ], [ -1.6967573, 52.7901845 ], [ -1.6970562, 52.7903768 ], [ -1.6973937, 52.7902163 ], [ -1.6998248, 52.7889701 ], [ -1.6999609, 52.7890945 ], [ -1.7005536, 52.7894792 ], [ -1.7006666, 52.7894168 ], [ -1.7000518, 52.7890363 ], [ -1.6991959, 52.7883774 ], [ -1.6980716, 52.7873708 ], [ -1.6975307, 52.7869665 ], [ -1.6981813, 52.7840953 ], [ -1.6971897, 52.7835817 ], [ -1.6971751, 52.7835904 ], [ -1.6971507, 52.7835785 ], [ -1.6965612, 52.7839027 ], [ -1.69489, 52.7823369 ], [ -1.6944384, 52.7826361 ], [ -1.6940814, 52.7829286 ], [ -1.6936623, 52.7831601 ], [ -1.692769, 52.7834731 ], [ -1.6935433, 52.7842216 ], [ -1.6933066, 52.7843378 ], [ -1.6935659, 52.7845327 ], [ -1.6938357, 52.7848548 ], [ -1.6940805, 52.7850358 ] ], [ [ -1.6971065, 52.7872055 ], [ -1.6972931, 52.7871481 ], [ -1.6973083, 52.7871377 ], [ -1.6974689, 52.7872547 ], [ -1.6972638, 52.7873308 ], [ -1.6971065, 52.7872055 ] ] ] ] } },
{ "type": "Feature", "properties": { "Title": "NYK331968" }, "geometry": { "type": "MultiPolygon", "coordinates": [ [ [ [ -1.4910813, 54.117249 ], [ -1.4940623, 54.1167673 ], [ -1.4941089, 54.1168363 ], [ -1.4945022, 54.1166986 ], [ -1.4947723, 54.1166287 ], [ -1.4951758, 54.1164093 ], [ -1.4953429, 54.116251 ], [ -1.4954564, 54.1159503 ], [ -1.4954709, 54.1156872 ], [ -1.4954239, 54.1153759 ], [ -1.4954099, 54.1153428 ], [ -1.4971119, 54.1149946 ], [ -1.4977911, 54.114792 ], [ -1.4975038, 54.1144638 ], [ -1.4984623, 54.114174 ], [ -1.4983836, 54.1141293 ], [ -1.496269, 54.1122625 ], [ -1.4961345, 54.1121572 ], [ -1.4960133, 54.1121932 ], [ -1.4955818, 54.1117511 ], [ -1.4951997, 54.1113342 ], [ -1.4950434, 54.1111799 ], [ -1.4948365, 54.1108722 ], [ -1.4941633, 54.1096827 ], [ -1.4941628, 54.1096254 ], [ -1.4916476, 54.1096673 ], [ -1.4915674, 54.1099781 ], [ -1.4913736, 54.1103116 ], [ -1.4912813, 54.1106346 ], [ -1.4910938, 54.1109303 ], [ -1.4908063, 54.1112006 ], [ -1.4903064, 54.1115644 ], [ -1.4897076, 54.1119431 ], [ -1.4892638, 54.1121975 ], [ -1.4889343, 54.1123086 ], [ -1.487541, 54.1127516 ], [ -1.4874487, 54.112828 ], [ -1.4873589, 54.1130198 ], [ -1.4873729, 54.1131362 ], [ -1.4873165, 54.1133303 ], [ -1.4873686, 54.1135447 ], [ -1.4876738, 54.113991 ], [ -1.4878609, 54.1142223 ], [ -1.4879728, 54.1145676 ], [ -1.4881544, 54.1148233 ], [ -1.4885143, 54.1150916 ], [ -1.488969, 54.115435 ], [ -1.4893074, 54.1156098 ], [ -1.489484, 54.1157257 ], [ -1.4896697, 54.1158047 ], [ -1.4898936, 54.1158874 ], [ -1.4899951, 54.1159651 ], [ -1.4901179, 54.1161192 ], [ -1.4902775, 54.1163555 ], [ -1.4906227, 54.1166756 ], [ -1.4907747, 54.1169532 ], [ -1.4909974, 54.1171312 ], [ -1.4910813, 54.117249 ] ] ] ] } },
{ "type": "Feature", "properties": { "Title": "LAN73284" }, "geometry": { "type": "MultiPolygon", "coordinates": [ [ [ [ -2.6401069, 53.7933189 ], [ -2.6404028, 53.7933919 ], [ -2.6404085, 53.7933831 ], [ -2.6404413, 53.7933321 ], [ -2.6401542, 53.7932629 ], [ -2.6401069, 53.7933189 ] ] ] ] } },
{ "type": "Feature", "properties": { "Title": "WS46395" }, "geometry": { "type": "MultiPolygon", "coordinates": [ [ [ [ -2.607191, 50.9464507 ], [ -2.6061728, 50.946528 ], [ -2.6057688, 50.9466011 ], [ -2.6060317, 50.9470656 ], [ -2.6058621, 50.9471042 ], [ -2.6056557, 50.9471534 ], [ -2.605786, 50.947371 ], [ -2.6058718, 50.9473524 ], [ -2.6058911, 50.9473835 ], [ -2.6075056, 50.9470073 ], [ -2.607191, 50.9464507 ] ] ] ] } },
{ "type": "Feature", "properties": { "Title": "CU237126" }, "geometry": { "type": "MultiPolygon", "coordinates": [ [ [ [ -2.6826933, 54.2760541 ], [ -2.682538, 54.2760793 ], [ -2.6828845, 54.2764156 ], [ -2.6827664, 54.2761704 ], [ -2.6827474, 54.2761733 ], [ -2.6826933, 54.2760541 ] ] ], [ [ [ -2.682538, 54.2760793 ], [ -2.6821211, 54.2759154 ], [ -2.6819213, 54.2758484 ], [ -2.6818736, 54.2761218 ], [ -2.6818924, 54.2761427 ], [ -2.6822588, 54.2760759 ], [ -2.6824179, 54.2760672 ], [ -2.682538, 54.2760793 ] ] ] ] } },
{ "type": "Feature", "properties": { "Title": "SF538614" }, "geometry": { "type": "MultiPolygon", "coordinates": [ [ [ [ -1.8538156, 52.9099691 ], [ -1.8538593, 52.9100021 ], [ -1.8537482, 52.9099901 ], [ -1.8539255, 52.9101402 ], [ -1.8539246, 52.910178 ], [ -1.8535112, 52.9104899 ], [ -1.8532013, 52.9108651 ], [ -1.8531092, 52.9110121 ], [ -1.8531243, 52.9110624 ], [ -1.8532907, 52.9111165 ], [ -1.8532932, 52.9112474 ], [ -1.8532571, 52.9113836 ], [ -1.8531819, 52.9114648 ], [ -1.8534974, 52.9114787 ], [ -1.8538013, 52.9113783 ], [ -1.8543091, 52.911248 ], [ -1.8546278, 52.911336 ], [ -1.8547888, 52.9113998 ], [ -1.8550427, 52.9114797 ], [ -1.8552505, 52.9115495 ], [ -1.8557759, 52.9115381 ], [ -1.8559915, 52.9114917 ], [ -1.8562864, 52.9114899 ], [ -1.8566096, 52.9114044 ], [ -1.8566068, 52.9113612 ], [ -1.8563241, 52.9109925 ], [ -1.8561567, 52.9108098 ], [ -1.8562564, 52.9104285 ], [ -1.8562758, 52.9102738 ], [ -1.8563303, 52.9102124 ], [ -1.8563423, 52.9100984 ], [ -1.8561227, 52.9101434 ], [ -1.8559044, 52.9101582 ], [ -1.8546419, 52.910053 ], [ -1.8538156, 52.9099691 ] ] ] ] } },
{ "type": "Feature", "properties": { "Title": "DY426361" }, "geometry": { "type": "MultiPolygon", "coordinates": [ [ [ [ -1.8468642, 53.2486551 ], [ -1.8470531, 53.2486242 ], [ -1.8471185, 53.2484128 ], [ -1.8470514, 53.2482663 ], [ -1.8466805, 53.24789 ], [ -1.84645, 53.2477265 ], [ -1.8462247, 53.2476162 ], [ -1.8456144, 53.2474159 ], [ -1.8453278, 53.247332 ], [ -1.8451187, 53.2472878 ], [ -1.8448026, 53.2470509 ], [ -1.8446705, 53.2468931 ], [ -1.8445604, 53.2466429 ], [ -1.8445615, 53.2464018 ], [ -1.8447491, 53.2457483 ], [ -1.8447211, 53.245747 ], [ -1.8445342, 53.2462145 ], [ -1.8445008, 53.2464594 ], [ -1.8444236, 53.246623 ], [ -1.844424, 53.2467348 ], [ -1.8444426, 53.2467756 ], [ -1.8443982, 53.2467804 ], [ -1.8445131, 53.246934 ], [ -1.8446489, 53.247059 ], [ -1.8447373, 53.2472099 ], [ -1.8451044, 53.2473887 ], [ -1.8454853, 53.2475307 ], [ -1.8457934, 53.2476698 ], [ -1.8462957, 53.2479532 ], [ -1.8464618, 53.248065 ], [ -1.8466466, 53.2482231 ], [ -1.8469488, 53.2484034 ], [ -1.8468642, 53.2486551 ] ] ] ] } },
{ "type": "Feature", "properties": { "Title": "CB331925" }, "geometry": { "type": "MultiPolygon", "coordinates": [ [ [ [ -0.242738, 52.2783095 ], [ -0.2427444, 52.2785682 ], [ -0.2428554, 52.2823184 ], [ -0.244497, 52.2822972 ], [ -0.2448086, 52.2823504 ], [ -0.2451185, 52.2824108 ], [ -0.2457851, 52.2824602 ], [ -0.2468743, 52.2825359 ], [ -0.2464163, 52.2817341 ], [ -0.2460594, 52.2811561 ], [ -0.2457639, 52.2803678 ], [ -0.2456254, 52.279911 ], [ -0.2456284, 52.2798711 ], [ -0.2456633, 52.2798638 ], [ -0.2457101, 52.2788047 ], [ -0.2457369, 52.2785618 ], [ -0.242738, 52.2783095 ] ], [ [ -0.2456737, 52.2785758 ], [ -0.2456641, 52.2786701 ], [ -0.2453888, 52.2786633 ], [ -0.2454195, 52.2785532 ], [ -0.2456737, 52.2785758 ] ] ], [ [ [ -0.2497838, 52.2636897 ], [ -0.249863, 52.2635398 ], [ -0.2490277, 52.2633933 ], [ -0.2484966, 52.2633196 ], [ -0.2471329, 52.2630551 ], [ -0.2470291, 52.2630131 ], [ -0.2466343, 52.2629542 ], [ -0.2464139, 52.2632647 ], [ -0.2462338, 52.2634482 ], [ -0.2461143, 52.2636154 ], [ -0.2459437, 52.2637442 ], [ -0.2457036, 52.2639978 ], [ -0.2454399, 52.2643743 ], [ -0.2444673, 52.2642069 ], [ -0.2423635, 52.2640065 ], [ -0.2408786, 52.2638684 ], [ -0.2408372, 52.2639128 ], [ -0.2405435, 52.2649271 ], [ -0.2404387, 52.2656134 ], [ -0.2404981, 52.2656296 ], [ -0.240673, 52.2656547 ], [ -0.2407087, 52.2656813 ], [ -0.2406117, 52.2661467 ], [ -0.2412763, 52.2661843 ], [ -0.2418927, 52.2662569 ], [ -0.242536, 52.2647854 ], [ -0.2431522, 52.2649248 ], [ -0.243635, 52.2650134 ], [ -0.2445704, 52.2652455 ], [ -0.2444718, 52.2654271 ], [ -0.2442985, 52.2656232 ], [ -0.2442257, 52.2657966 ], [ -0.2441296, 52.2659282 ], [ -0.2440826, 52.2660048 ], [ -0.2440029, 52.2662042 ], [ -0.243889, 52.2663418 ], [ -0.2438832, 52.2664009 ], [ -0.2433823, 52.2663862 ], [ -0.2429439, 52.2663373 ], [ -0.2426944, 52.2663097 ], [ -0.2420021, 52.2696568 ], [ -0.2417976, 52.2700987 ], [ -0.2425731, 52.2703616 ], [ -0.2427852, 52.2709188 ], [ -0.2486487, 52.271891 ], [ -0.248651, 52.2719072 ], [ -0.2489066, 52.2719299 ], [ -0.2490643, 52.2719089 ], [ -0.2489713, 52.2721274 ], [ -0.2481373, 52.2734153 ], [ -0.2502487, 52.27375 ], [ -0.250151, 52.2739012 ], [ -0.2502193, 52.2739147 ], [ -0.2503023, 52.2738946 ], [ -0.2516345, 52.2741984 ], [ -0.2523388, 52.2743653 ], [ -0.2534258, 52.2746044 ], [ -0.2536576, 52.2746357 ], [ -0.2537844, 52.2741547 ], [ -0.2546166, 52.2741436 ], [ -0.2561443, 52.2740961 ], [ -0.2566207, 52.2741298 ], [ -0.258691, 52.2744642 ], [ -0.2589805, 52.2737621 ], [ -0.2594934, 52.2727914 ], [ -0.2617861, 52.2691244 ], [ -0.2498883, 52.2669988 ], [ -0.2501457, 52.2662648 ], [ -0.2500669, 52.2662095 ], [ -0.2481757, 52.265856 ], [ -0.2481362, 52.2658158 ], [ -0.2485856, 52.2652373 ], [ -0.2490286, 52.2647431 ], [ -0.2495024, 52.2642484 ], [ -0.2496246, 52.2640119 ], [ -0.2497838, 52.2636897 ] ] ] ] } },
{ "type": "Feature", "properties": { "Title": "CB331924" }, "geometry": { "type": "MultiPolygon", "coordinates": [ [ [ [ -0.2474238, 52.2573894 ], [ -0.2469563, 52.259357 ], [ -0.2465677, 52.2610758 ], [ -0.246515, 52.2614823 ], [ -0.2467049, 52.2615724 ], [ -0.2479729, 52.2617854 ], [ -0.2479967, 52.2618127 ], [ -0.2478303, 52.2619451 ], [ -0.2473649, 52.2626719 ], [ -0.2470537, 52.2630252 ], [ -0.2471836, 52.2630711 ], [ -0.2486903, 52.2633522 ], [ -0.2490703, 52.2633987 ], [ -0.2482134, 52.2629649 ], [ -0.2493109, 52.2613369 ], [ -0.2514877, 52.2611267 ], [ -0.2516499, 52.2609183 ], [ -0.2517927, 52.2608376 ], [ -0.2519971, 52.2607308 ], [ -0.2523811, 52.2602835 ], [ -0.2537307, 52.2585295 ], [ -0.2551747, 52.2565475 ], [ -0.2531599, 52.2565744 ], [ -0.2527798, 52.2566263 ], [ -0.2517887, 52.2566062 ], [ -0.2507666, 52.2565911 ], [ -0.2499939, 52.2566408 ], [ -0.2487941, 52.2567489 ], [ -0.2476458, 52.2566117 ], [ -0.2474489, 52.2565952 ], [ -0.2474238, 52.2573894 ] ] ] ] } },
{ "type": "Feature", "properties": { "Title": "SF536334" }, "geometry": { "type": "MultiPolygon", "coordinates": [ [ [ [ -1.7072121, 52.7866312 ], [ -1.7046499, 52.7853548 ], [ -1.7043022, 52.7851571 ], [ -1.7039181, 52.7852686 ], [ -1.7034698, 52.7854117 ], [ -1.7032191, 52.7855065 ], [ -1.7026428, 52.7856401 ], [ -1.7024663, 52.7856233 ], [ -1.7009898, 52.7847549 ], [ -1.7002762, 52.7853034 ], [ -1.6981813, 52.7840953 ], [ -1.6975307, 52.7869665 ], [ -1.6976014, 52.7870179 ], [ -1.6982273, 52.7875026 ], [ -1.6992859, 52.7884514 ], [ -1.7000518, 52.7890363 ], [ -1.7006666, 52.7894168 ], [ -1.701398, 52.789175 ], [ -1.7020753, 52.7889206 ], [ -1.7026033, 52.7887093 ], [ -1.7032296, 52.7885376 ], [ -1.7042012, 52.7883488 ], [ -1.7048975, 52.7880075 ], [ -1.7052997, 52.7877804 ], [ -1.7058024, 52.787441 ], [ -1.7066472, 52.7870076 ], [ -1.7072121, 52.7866312 ] ] ] ] } },
{ "type": "Feature", "properties": { "Title": "LT228520" }, "geometry": { "type": "MultiPolygon", "coordinates": [ [ [ [ -1.3077049, 52.7048482 ], [ -1.3076912, 52.7048017 ], [ -1.3077188, 52.7047908 ], [ -1.3078381, 52.70482 ], [ -1.307996, 52.7047751 ], [ -1.3081742, 52.7046512 ], [ -1.3081563, 52.7046034 ], [ -1.3079764, 52.7045905 ], [ -1.3079444, 52.7045992 ], [ -1.3078481, 52.7045674 ], [ -1.3077802, 52.704628 ], [ -1.3077022, 52.7046271 ], [ -1.3076017, 52.7046812 ], [ -1.3074685, 52.7045556 ], [ -1.3069685, 52.7047039 ], [ -1.3068795, 52.7046258 ], [ -1.3067471, 52.7046654 ], [ -1.3064995, 52.704384 ], [ -1.3059698, 52.7045757 ], [ -1.3062438, 52.7048158 ], [ -1.3062844, 52.7048042 ], [ -1.3066002, 52.7051468 ], [ -1.306522, 52.7052009 ], [ -1.3065466, 52.7052328 ], [ -1.3066224, 52.7052585 ], [ -1.3067091, 52.7052569 ], [ -1.307394, 52.7050181 ], [ -1.3077049, 52.7048482 ] ] ], [ [ [ -1.3078481, 52.7045674 ], [ -1.3077269, 52.7045162 ], [ -1.3076978, 52.7045273 ], [ -1.3076391, 52.7044901 ], [ -1.3076512, 52.7044439 ], [ -1.3075488, 52.7043251 ], [ -1.3075027, 52.7042091 ], [ -1.3072297, 52.7041483 ], [ -1.3071864, 52.7041556 ], [ -1.3073843, 52.7042223 ], [ -1.3076196, 52.704491 ], [ -1.3076138, 52.7045469 ], [ -1.3076886, 52.7045547 ], [ -1.3076937, 52.7045386 ], [ -1.3078481, 52.7045674 ] ] ] ] } },
{ "type": "Feature", "properties": { "Title": "ND154684" }, "geometry": { "type": "MultiPolygon", "coordinates": [ [ [ [ -1.5531063, 55.1512253 ], [ -1.5528802, 55.1505096 ], [ -1.55173, 55.1506676 ], [ -1.5515689, 55.1506921 ], [ -1.5514392, 55.1507346 ], [ -1.5514059, 55.1512318 ], [ -1.5514612, 55.1514247 ], [ -1.5523814, 55.1534124 ], [ -1.5524057, 55.1534817 ], [ -1.5538087, 55.1533023 ], [ -1.5536975, 55.1530489 ], [ -1.5565774, 55.1527266 ], [ -1.5563563, 55.1520791 ], [ -1.5574002, 55.1519622 ], [ -1.5572258, 55.1514415 ], [ -1.5531906, 55.1518934 ], [ -1.5529468, 55.1512417 ], [ -1.5531063, 55.1512253 ] ] ] ] } },
{ "type": "Feature", "properties": { "Title": "MAN100595" }, "geometry": { "type": "MultiPolygon", "coordinates": [ [ [ [ -2.6534619, 53.5915662 ], [ -2.6529551, 53.5919403 ], [ -2.6531618, 53.5920228 ], [ -2.6536706, 53.5916664 ], [ -2.6534619, 53.5915662 ] ] ], [ [ [ -2.6539279, 53.5924249 ], [ -2.6538366, 53.5923787 ], [ -2.6537475, 53.5924401 ], [ -2.6537766, 53.5924545 ], [ -2.6534227, 53.592707 ], [ -2.6538129, 53.5929075 ], [ -2.6542317, 53.5926264 ], [ -2.6538861, 53.5924548 ], [ -2.6539279, 53.5924249 ] ] ] ] } },
{ "type": "Feature", "properties": { "Title": "CL241012" }, "geometry": { "type": "MultiPolygon", "coordinates": [ [ [ [ -4.9322005, 50.36812 ], [ -4.9321377, 50.3676813 ], [ -4.9320534, 50.3675223 ], [ -4.9316664, 50.3672425 ], [ -4.931847, 50.3674769 ], [ -4.9306384, 50.3674735 ], [ -4.9308191, 50.3671584 ], [ -4.9304716, 50.3673083 ], [ -4.9303618, 50.3674242 ], [ -4.9302117, 50.3674551 ], [ -4.9299566, 50.3677073 ], [ -4.9297274, 50.3681685 ], [ -4.9294203, 50.3687027 ], [ -4.9291622, 50.3690247 ], [ -4.928829, 50.3692578 ], [ -4.9285359, 50.3693631 ], [ -4.9281839, 50.3694325 ], [ -4.9275146, 50.3694945 ], [ -4.9270026, 50.3695037 ], [ -4.9266812, 50.3695377 ], [ -4.9263133, 50.3696525 ], [ -4.9262719, 50.3697248 ], [ -4.9255093, 50.3701416 ], [ -4.9256556, 50.3701034 ], [ -4.9265403, 50.3700212 ], [ -4.9270407, 50.3700222 ], [ -4.9280015, 50.3700998 ], [ -4.9282597, 50.3701892 ], [ -4.9288752, 50.3703863 ], [ -4.9291582, 50.3704565 ], [ -4.930264, 50.3706593 ], [ -4.9308489, 50.3707765 ], [ -4.9311197, 50.370806 ], [ -4.9308101, 50.3705293 ], [ -4.9307568, 50.3703558 ], [ -4.9307854, 50.3703042 ], [ -4.9310971, 50.3701689 ], [ -4.9312324, 50.3700396 ], [ -4.9314251, 50.3697404 ], [ -4.9315747, 50.3693295 ], [ -4.9320941, 50.3684007 ], [ -4.9322005, 50.36812 ] ] ] ] } },
{ "type": "Feature", "properties": { "Title": "ND153445" }, "geometry": { "type": "MultiPolygon", "coordinates": [ [ [ [ -1.5565774, 55.1527266 ], [ -1.5561787, 55.1515588 ], [ -1.5531897, 55.1518935 ], [ -1.5536975, 55.1530489 ], [ -1.5565774, 55.1527266 ] ] ] ] } },
{ "type": "Feature", "properties": { "Title": "ND153387" }, "geometry": { "type": "MultiPolygon", "coordinates": [ [ [ [ -1.5531063, 55.1512253 ], [ -1.5528802, 55.1505096 ], [ -1.55173, 55.1506676 ], [ -1.5515689, 55.1506921 ], [ -1.5514392, 55.1507346 ], [ -1.5514059, 55.1512318 ], [ -1.5514612, 55.1514247 ], [ -1.5523814, 55.1534124 ], [ -1.5524057, 55.1534817 ], [ -1.5538087, 55.1533023 ], [ -1.5530676, 55.1515846 ], [ -1.5529468, 55.1512417 ], [ -1.5531063, 55.1512253 ] ] ] ] } },
{ "type": "Feature", "properties": { "Title": "SF529918" }, "geometry": { "type": "MultiPolygon", "coordinates": [ [ [ [ -1.6948919, 52.7823353 ], [ -1.6965612, 52.7839027 ], [ -1.6965946, 52.783884 ], [ -1.6974958, 52.7833725 ], [ -1.6979446, 52.7831055 ], [ -1.6970666, 52.7825464 ], [ -1.6958354, 52.7818489 ], [ -1.6958356, 52.7818821 ], [ -1.6957585, 52.7818627 ], [ -1.6952129, 52.7821272 ], [ -1.6948919, 52.7823353 ] ] ] ] } },
{ "type": "Feature", "properties": { "Title": "SF525887" }, "geometry": { "type": "MultiPolygon", "coordinates": [ [ [ [ -1.6982937, 52.7833063 ], [ -1.6979459, 52.7831064 ], [ -1.6971659, 52.7835697 ], [ -1.6975216, 52.7837517 ], [ -1.6980989, 52.7840489 ], [ -1.6982937, 52.7833063 ] ] ], [ [ [ -1.6991793, 52.7846719 ], [ -1.7002746, 52.7853047 ], [ -1.7008976, 52.7848232 ], [ -1.7008848, 52.7848065 ], [ -1.7007787, 52.7848413 ], [ -1.7006684, 52.7848181 ], [ -1.7006133, 52.7847831 ], [ -1.6991793, 52.7846719 ] ] ] ] } },
{ "type": "Feature", "properties": { "Title": "WM903815" }, "geometry": { "type": "MultiPolygon", "coordinates": [ [ [ [ -1.8565792, 52.4828474 ], [ -1.8565261, 52.4825799 ], [ -1.8562167, 52.4826024 ], [ -1.8561739, 52.4828478 ], [ -1.856179, 52.4828726 ], [ -1.8565792, 52.4828474 ] ] ] ] } },
{ "type": "Feature", "properties": { "Title": "LT396984" }, "geometry": { "type": "MultiPolygon", "coordinates": [ [ [ [ -1.3440658, 52.7100355 ], [ -1.3437058, 52.7101335 ], [ -1.3432929, 52.7102934 ], [ -1.3427877, 52.7105707 ], [ -1.3420312, 52.711026 ], [ -1.3420882, 52.7111113 ], [ -1.3433059, 52.7104151 ], [ -1.3438119, 52.7102018 ], [ -1.3441135, 52.710117 ], [ -1.3440798, 52.7100593 ], [ -1.3440658, 52.7100355 ] ] ] ] } },
{ "type": "Feature", "properties": { "Title": "HP684372" }, "geometry": { "type": "MultiPolygon", "coordinates": [ [ [ [ -1.3820467, 50.8999486 ], [ -1.38206, 50.900013 ], [ -1.3821207, 50.9001064 ], [ -1.382849, 50.9001063 ], [ -1.382885, 50.9001046 ], [ -1.3828169, 50.8995602 ], [ -1.3826638, 50.8995715 ], [ -1.3826732, 50.8996673 ], [ -1.3818218, 50.8996398 ], [ -1.3820467, 50.8999486 ] ] ] ] } },
{ "type": "Feature", "properties": { "Title": "MAN72711" }, "geometry": { "type": "MultiPolygon", "coordinates": [ [ [ [ -2.3064121, 53.4782151 ], [ -2.305416, 53.4781056 ], [ -2.3051639, 53.4789149 ], [ -2.3059222, 53.4789796 ], [ -2.3061897, 53.4785318 ], [ -2.3063255, 53.4783499 ], [ -2.3064121, 53.4782151 ] ] ] ] } },
{ "type": "Feature", "properties": { "Title": "CL233330" }, "geometry": { "type": "MultiPolygon", "coordinates": [ [ [ [ -4.3113106, 50.5921683 ], [ -4.3111725, 50.5920285 ], [ -4.3108665, 50.5922064 ], [ -4.3103361, 50.5924353 ], [ -4.3100171, 50.592564 ], [ -4.3096479, 50.5927165 ], [ -4.3092392, 50.5928276 ], [ -4.3090692, 50.5929209 ], [ -4.3086675, 50.5930465 ], [ -4.3079306, 50.5933974 ], [ -4.3077901, 50.5934586 ], [ -4.3070114, 50.5939792 ], [ -4.3066235, 50.5944095 ], [ -4.3064825, 50.5948104 ], [ -4.3064799, 50.5950806 ], [ -4.3065122, 50.5952406 ], [ -4.3066115, 50.5955093 ], [ -4.3066237, 50.5957499 ], [ -4.3066591, 50.5960081 ], [ -4.3072312, 50.5959831 ], [ -4.3072113, 50.5964651 ], [ -4.3072716, 50.5967881 ], [ -4.3074738, 50.5970291 ], [ -4.3075848, 50.5970117 ], [ -4.3078296, 50.597047 ], [ -4.3083445, 50.5971906 ], [ -4.3084994, 50.5972622 ], [ -4.3085712, 50.5973299 ], [ -4.3091856, 50.5974699 ], [ -4.30914, 50.5975986 ], [ -4.3089161, 50.5978361 ], [ -4.3089016, 50.5979033 ], [ -4.3088408, 50.5979555 ], [ -4.3090652, 50.598005 ], [ -4.3098595, 50.598081 ], [ -4.3103515, 50.5981809 ], [ -4.3104975, 50.5982281 ], [ -4.3114622, 50.5986426 ], [ -4.3115396, 50.5986323 ], [ -4.3115981, 50.5987025 ], [ -4.3122841, 50.5990202 ], [ -4.3127634, 50.5991129 ], [ -4.3138241, 50.5992083 ], [ -4.3151774, 50.5992783 ], [ -4.3157583, 50.599274 ], [ -4.3156409, 50.5989605 ], [ -4.3155678, 50.598618 ], [ -4.315355, 50.5979665 ], [ -4.3153536, 50.5978802 ], [ -4.3155212, 50.5974804 ], [ -4.3152266, 50.5973795 ], [ -4.3140496, 50.5971215 ], [ -4.3134513, 50.597035 ], [ -4.313405, 50.5968824 ], [ -4.3134206, 50.596775 ], [ -4.3136184, 50.5964368 ], [ -4.3137698, 50.5964128 ], [ -4.3138229, 50.5964229 ], [ -4.3138983, 50.596232 ], [ -4.3141611, 50.5960111 ], [ -4.3142627, 50.5959764 ], [ -4.3145487, 50.5959685 ], [ -4.3146326, 50.5956137 ], [ -4.3145197, 50.5955879 ], [ -4.3143367, 50.5955364 ], [ -4.314051, 50.5953715 ], [ -4.3140374, 50.5953418 ], [ -4.3139613, 50.5953243 ], [ -4.3134633, 50.5950314 ], [ -4.3132525, 50.5948623 ], [ -4.3129912, 50.594567 ], [ -4.3127113, 50.5945084 ], [ -4.3124332, 50.5944263 ], [ -4.3119654, 50.5940505 ], [ -4.3115523, 50.5936066 ], [ -4.3109913, 50.5932525 ], [ -4.3109381, 50.5929503 ], [ -4.3109305, 50.5928261 ], [ -4.3111287, 50.5924272 ], [ -4.3113106, 50.5921683 ] ] ] ] } },
{ "type": "Feature", "properties": { "Title": "SF520194" }, "geometry": { "type": "MultiPolygon", "coordinates": [ [ [ [ -1.6980989, 52.7840489 ], [ -1.6991746, 52.7846716 ], [ -1.7006098, 52.7847803 ], [ -1.6999072, 52.784279 ], [ -1.6987228, 52.7835518 ], [ -1.6982937, 52.7833063 ], [ -1.6980989, 52.7840489 ] ] ] ] } },
{ "type": "Feature", "properties": { "Title": "CB314569" }, "geometry": { "type": "MultiPolygon", "coordinates": [ [ [ [ -0.1376322, 52.6114364 ], [ -0.1361775, 52.6117038 ], [ -0.1357066, 52.6105122 ], [ -0.1337344, 52.6115131 ], [ -0.1333577, 52.6117107 ], [ -0.1336982, 52.6122232 ], [ -0.1353873, 52.6118657 ], [ -0.1357236, 52.6124283 ], [ -0.1361443, 52.61293 ], [ -0.1360666, 52.6130015 ], [ -0.135522, 52.6132337 ], [ -0.1365211, 52.6146244 ], [ -0.1372662, 52.6144417 ], [ -0.1376797, 52.6149615 ], [ -0.1383921, 52.6148118 ], [ -0.1388362, 52.6156353 ], [ -0.1394126, 52.6165843 ], [ -0.1395092, 52.6166789 ], [ -0.1396614, 52.6167215 ], [ -0.1404546, 52.6166098 ], [ -0.1406297, 52.6165538 ], [ -0.1407655, 52.6164888 ], [ -0.1408739, 52.6163952 ], [ -0.140871, 52.6162993 ], [ -0.1406613, 52.6159048 ], [ -0.1404249, 52.6155707 ], [ -0.13997, 52.6153764 ], [ -0.139824, 52.6153279 ], [ -0.1398518, 52.6150616 ], [ -0.1397996, 52.6148959 ], [ -0.1397753, 52.6146007 ], [ -0.1397679, 52.6145842 ], [ -0.1402764, 52.6144305 ], [ -0.1409716, 52.614388 ], [ -0.1413141, 52.6143899 ], [ -0.1420657, 52.61443 ], [ -0.1422082, 52.6145189 ], [ -0.1425198, 52.6152494 ], [ -0.1424925, 52.6154146 ], [ -0.1424561, 52.615823 ], [ -0.1422413, 52.6159989 ], [ -0.141412, 52.6165428 ], [ -0.1407488, 52.6170188 ], [ -0.1403786, 52.6173329 ], [ -0.1412379, 52.6172357 ], [ -0.1423594, 52.6170495 ], [ -0.142174, 52.6165933 ], [ -0.1428761, 52.615914 ], [ -0.1429264, 52.6157707 ], [ -0.1428813, 52.6156997 ], [ -0.1427969, 52.6156492 ], [ -0.1426306, 52.6155944 ], [ -0.1426927, 52.6152215 ], [ -0.1425063, 52.6148158 ], [ -0.1424114, 52.6144645 ], [ -0.1424534, 52.6143577 ], [ -0.1421689, 52.6140867 ], [ -0.1413465, 52.6134814 ], [ -0.1413168, 52.6134861 ], [ -0.1411197, 52.613307 ], [ -0.1405739, 52.6129732 ], [ -0.140377, 52.6128692 ], [ -0.140356, 52.6127938 ], [ -0.1403736, 52.6127927 ], [ -0.1399831, 52.6109541 ], [ -0.1376322, 52.6114364 ] ] ] ] } },
{ "type": "Feature", "properties": { "Title": "LT389106" }, "geometry": { "type": "MultiPolygon", "coordinates": [ [ [ [ -1.329664, 52.7083247 ], [ -1.3296841, 52.7083052 ], [ -1.3316377, 52.7077676 ], [ -1.3316603, 52.7076354 ], [ -1.3316747, 52.7076178 ], [ -1.3316038, 52.7075678 ], [ -1.331607, 52.7075417 ], [ -1.3314111, 52.7074315 ], [ -1.3292358, 52.708026 ], [ -1.329036, 52.7079659 ], [ -1.3284322, 52.7078408 ], [ -1.3283166, 52.7081444 ], [ -1.3274261, 52.708132 ], [ -1.3274165, 52.7078734 ], [ -1.3236264, 52.708167 ], [ -1.3222455, 52.7081578 ], [ -1.3208997, 52.7078808 ], [ -1.3203335, 52.7077771 ], [ -1.3203293, 52.7077667 ], [ -1.3201426, 52.7077789 ], [ -1.3200602, 52.7076076 ], [ -1.3184275, 52.7073236 ], [ -1.3182536, 52.7073142 ], [ -1.318271, 52.7072697 ], [ -1.3183988, 52.7061447 ], [ -1.3185825, 52.7055039 ], [ -1.3185317, 52.7054216 ], [ -1.3185637, 52.7053705 ], [ -1.318515, 52.7053239 ], [ -1.318552, 52.7052511 ], [ -1.318432, 52.7053471 ], [ -1.3183688, 52.7053744 ], [ -1.3181954, 52.7053695 ], [ -1.3181605, 52.7053941 ], [ -1.3176466, 52.7053478 ], [ -1.3176068, 52.7053736 ], [ -1.3175477, 52.7056239 ], [ -1.3175316, 52.7057376 ], [ -1.3175152, 52.7057483 ], [ -1.3175332, 52.7057604 ], [ -1.3175374, 52.7057466 ], [ -1.3176358, 52.7057957 ], [ -1.3182916, 52.70591 ], [ -1.3182803, 52.70614 ], [ -1.3178882, 52.7060795 ], [ -1.3178761, 52.7061128 ], [ -1.317611, 52.7060755 ], [ -1.3176233, 52.7060441 ], [ -1.3171785, 52.7059815 ], [ -1.3171655, 52.7059696 ], [ -1.3170967, 52.7060308 ], [ -1.3170728, 52.70603 ], [ -1.3167875, 52.7069482 ], [ -1.316662, 52.7069675 ], [ -1.3162609, 52.70731 ], [ -1.3144654, 52.7085967 ], [ -1.3143899, 52.7086668 ], [ -1.3143835, 52.7086846 ], [ -1.312936, 52.7095598 ], [ -1.3128163, 52.7096234 ], [ -1.3161156, 52.7114359 ], [ -1.3143048, 52.7119746 ], [ -1.3125374, 52.7123065 ], [ -1.3113253, 52.7124813 ], [ -1.3100119, 52.7126121 ], [ -1.3086481, 52.7126733 ], [ -1.3087969, 52.7130304 ], [ -1.3109722, 52.7128972 ], [ -1.3113874, 52.7130474 ], [ -1.3114057, 52.7131043 ], [ -1.3114712, 52.713124 ], [ -1.3127039, 52.7131732 ], [ -1.3137217, 52.713133 ], [ -1.313849, 52.7131304 ], [ -1.3138995, 52.713158 ], [ -1.3142253, 52.713062 ], [ -1.3144886, 52.7133891 ], [ -1.3156689, 52.7130894 ], [ -1.3163328, 52.7129071 ], [ -1.3174572, 52.7127149 ], [ -1.3177077, 52.7126667 ], [ -1.3184404, 52.7126688 ], [ -1.3187813, 52.7126281 ], [ -1.3192116, 52.7125631 ], [ -1.3202847, 52.7124117 ], [ -1.3205237, 52.7123349 ], [ -1.3207272, 52.7122235 ], [ -1.3215605, 52.7114674 ], [ -1.3216614, 52.7113999 ], [ -1.3256761, 52.7102436 ], [ -1.3271596, 52.7097591 ], [ -1.3276817, 52.7094891 ], [ -1.3282106, 52.7093035 ], [ -1.3287673, 52.7091911 ], [ -1.3289805, 52.7090081 ], [ -1.3290994, 52.7089644 ], [ -1.3299452, 52.7088471 ], [ -1.3302876, 52.7087349 ], [ -1.329664, 52.7083247 ] ], [ [ -1.3195226, 52.7107196 ], [ -1.3193301, 52.7107408 ], [ -1.3192589, 52.7107689 ], [ -1.318971, 52.7108203 ], [ -1.3187748, 52.7107637 ], [ -1.31869, 52.7106975 ], [ -1.3186626, 52.7106527 ], [ -1.3184928, 52.7106087 ], [ -1.3183007, 52.7104323 ], [ -1.318281, 52.7103888 ], [ -1.3184339, 52.7103874 ], [ -1.318586, 52.7103901 ], [ -1.3186494, 52.7104084 ], [ -1.3192032, 52.7103103 ], [ -1.3192633, 52.7104336 ], [ -1.3194662, 52.7104057 ], [ -1.3195226, 52.7107196 ] ], [ [ -1.3176336, 52.7056244 ], [ -1.3176192, 52.7055951 ], [ -1.3176897, 52.7054214 ], [ -1.3177763, 52.7054049 ], [ -1.3180604, 52.7054378 ], [ -1.3184058, 52.7055036 ], [ -1.3184184, 52.7055513 ], [ -1.3183173, 52.7058611 ], [ -1.3176806, 52.7057699 ], [ -1.3176102, 52.7057308 ], [ -1.3176336, 52.7056244 ] ] ] ] } },
{ "type": "Feature", "properties": { "Title": "LT389073" }, "geometry": { "type": "MultiPolygon", "coordinates": [ [ [ [ -1.3414413, 52.71062 ], [ -1.3414167, 52.7105969 ], [ -1.3414077, 52.7104821 ], [ -1.3409778, 52.7098217 ], [ -1.3405629, 52.7099579 ], [ -1.3399824, 52.7101504 ], [ -1.339887, 52.7101752 ], [ -1.3393992, 52.710024 ], [ -1.3392998, 52.7101478 ], [ -1.3388165, 52.7100143 ], [ -1.3386105, 52.7104656 ], [ -1.3375872, 52.7101833 ], [ -1.3374981, 52.7102221 ], [ -1.3372333, 52.7108201 ], [ -1.3380997, 52.7112162 ], [ -1.3383916, 52.7113763 ], [ -1.3389043, 52.711706 ], [ -1.339746, 52.7113593 ], [ -1.3398927, 52.7113145 ], [ -1.3399442, 52.7112611 ], [ -1.3407165, 52.7109163 ], [ -1.3409273, 52.710861 ], [ -1.3414187, 52.7106477 ], [ -1.3414413, 52.71062 ] ] ] ] } },
{ "type": "Feature", "properties": { "Title": "LT389005" }, "geometry": { "type": "MultiPolygon", "coordinates": [ [ [ [ -1.319645, 52.7056808 ], [ -1.3195648, 52.7056643 ], [ -1.3195701, 52.705609 ], [ -1.3193741, 52.7055042 ], [ -1.3189589, 52.7053966 ], [ -1.3185915, 52.7053444 ], [ -1.3185317, 52.7054216 ], [ -1.3185825, 52.7055039 ], [ -1.3183683, 52.706288 ], [ -1.3182703, 52.7072922 ], [ -1.3182569, 52.7073111 ], [ -1.3184275, 52.7073236 ], [ -1.3199294, 52.7075907 ], [ -1.3200598, 52.7076022 ], [ -1.3201441, 52.7077783 ], [ -1.3203293, 52.7077667 ], [ -1.3205937, 52.7078238 ], [ -1.3213598, 52.7079699 ], [ -1.3222455, 52.7081578 ], [ -1.3237602, 52.7081639 ], [ -1.3274165, 52.7078734 ], [ -1.3274261, 52.708132 ], [ -1.3283166, 52.7081444 ], [ -1.3284322, 52.7078408 ], [ -1.3291883, 52.7080053 ], [ -1.3292358, 52.708026 ], [ -1.3314111, 52.7074315 ], [ -1.3297497, 52.7065046 ], [ -1.3296046, 52.7064423 ], [ -1.3296544, 52.7064192 ], [ -1.3296202, 52.7063992 ], [ -1.3295741, 52.7064071 ], [ -1.3269977, 52.7049292 ], [ -1.3260674, 52.7044342 ], [ -1.3253426, 52.7039847 ], [ -1.3231252, 52.7027392 ], [ -1.3228416, 52.7026744 ], [ -1.3224873, 52.7033655 ], [ -1.3218593, 52.7032379 ], [ -1.3222207, 52.7026165 ], [ -1.3221314, 52.7026005 ], [ -1.3220972, 52.7025575 ], [ -1.3210524, 52.7024809 ], [ -1.3202233, 52.7024065 ], [ -1.3198917, 52.7028091 ], [ -1.3197276, 52.703017 ], [ -1.3191366, 52.7037179 ], [ -1.3189953, 52.7038477 ], [ -1.3186415, 52.7043482 ], [ -1.3184741, 52.7049596 ], [ -1.318548, 52.7049988 ], [ -1.3186385, 52.7050802 ], [ -1.3186375, 52.7051262 ], [ -1.3186836, 52.7051335 ], [ -1.3186995, 52.7051826 ], [ -1.3189528, 52.705082 ], [ -1.3190142, 52.7050735 ], [ -1.3191271, 52.7049716 ], [ -1.3197824, 52.7051344 ], [ -1.3196301, 52.7056197 ], [ -1.319645, 52.7056808 ] ], [ [ -1.319645, 52.7056808 ], [ -1.3196551, 52.7057153 ], [ -1.3195225, 52.7058107 ], [ -1.3187904, 52.7055558 ], [ -1.318796, 52.7055333 ], [ -1.3190766, 52.7056245 ], [ -1.3190978, 52.7056079 ], [ -1.3194489, 52.7057315 ], [ -1.3195579, 52.7057275 ], [ -1.319645, 52.7056808 ] ] ] ] } },
{ "type": "Feature", "properties": { "Title": "LT388914" }, "geometry": { "type": "MultiPolygon", "coordinates": [ [ [ [ -1.327801, 52.7207565 ], [ -1.3282816, 52.7205342 ], [ -1.3300688, 52.7196433 ], [ -1.3301326, 52.7196292 ], [ -1.3302531, 52.7196883 ], [ -1.3305115, 52.7194435 ], [ -1.3321127, 52.7186369 ], [ -1.330871, 52.7177586 ], [ -1.3303581, 52.7179937 ], [ -1.3298466, 52.7181907 ], [ -1.3294816, 52.7182822 ], [ -1.3290416, 52.7184253 ], [ -1.3288492, 52.7184913 ], [ -1.3287834, 52.7185406 ], [ -1.3277687, 52.7177704 ], [ -1.3276559, 52.7179216 ], [ -1.3276684, 52.7179372 ], [ -1.3275134, 52.7180679 ], [ -1.3274728, 52.7182187 ], [ -1.3269707, 52.7185333 ], [ -1.3267257, 52.71871 ], [ -1.3256422, 52.7192935 ], [ -1.3238046, 52.7179112 ], [ -1.3207952, 52.7186531 ], [ -1.3215837, 52.7198612 ], [ -1.3227932, 52.7217353 ], [ -1.3247481, 52.7217447 ], [ -1.3270956, 52.7211089 ], [ -1.327801, 52.7207565 ] ] ] ] } },
{ "type": "Feature", "properties": { "Title": "LT388957" }, "geometry": { "type": "MultiPolygon", "coordinates": [ [ [ [ -1.308644, 52.7126735 ], [ -1.3102163, 52.7125971 ], [ -1.3117373, 52.7124298 ], [ -1.3131707, 52.7121932 ], [ -1.3144659, 52.7119332 ], [ -1.3161156, 52.7114359 ], [ -1.312853, 52.7096436 ], [ -1.3125263, 52.7098404 ], [ -1.3104237, 52.7080151 ], [ -1.3099932, 52.7076274 ], [ -1.309188, 52.7081806 ], [ -1.3093367, 52.7082706 ], [ -1.3092523, 52.7083306 ], [ -1.3090874, 52.7082542 ], [ -1.3083105, 52.7087812 ], [ -1.3071517, 52.7078191 ], [ -1.3057674, 52.7087442 ], [ -1.3054036, 52.7088568 ], [ -1.3050453, 52.7085528 ], [ -1.3029116, 52.709444 ], [ -1.304377, 52.7106395 ], [ -1.3032548, 52.7113593 ], [ -1.3011327, 52.7102407 ], [ -1.2997055, 52.711687 ], [ -1.2982388, 52.7131312 ], [ -1.298579, 52.7132673 ], [ -1.2986527, 52.7132314 ], [ -1.3011966, 52.713253 ], [ -1.3021692, 52.7132421 ], [ -1.3010331, 52.714393 ], [ -1.2989584, 52.7161211 ], [ -1.2973948, 52.7173151 ], [ -1.2995392, 52.7181935 ], [ -1.2996745, 52.7181703 ], [ -1.2997217, 52.7181886 ], [ -1.2996572, 52.7182439 ], [ -1.3026156, 52.7194513 ], [ -1.3029824, 52.71877 ], [ -1.3034205, 52.7181509 ], [ -1.3044209, 52.7169189 ], [ -1.3052623, 52.7159294 ], [ -1.305886, 52.7152395 ], [ -1.310267, 52.7175444 ], [ -1.310466, 52.7174003 ], [ -1.3107289, 52.7170816 ], [ -1.3111361, 52.7161885 ], [ -1.3111994, 52.7159345 ], [ -1.3111741, 52.7159227 ], [ -1.3111926, 52.7158798 ], [ -1.3110046, 52.7154361 ], [ -1.3110117, 52.7151156 ], [ -1.3111902, 52.7142204 ], [ -1.3112479, 52.71402 ], [ -1.3113754, 52.7133526 ], [ -1.3114868, 52.7131241 ], [ -1.3113873, 52.71309 ], [ -1.3113869, 52.7130468 ], [ -1.3109722, 52.7128972 ], [ -1.3087842, 52.7130312 ], [ -1.308644, 52.7126735 ] ] ] ] } },
{ "type": "Feature", "properties": { "Title": "LT388837" }, "geometry": { "type": "MultiPolygon", "coordinates": [ [ [ [ -1.3401635, 52.7127212 ], [ -1.3400593, 52.7126385 ], [ -1.3399449, 52.7127088 ], [ -1.3401635, 52.7127212 ] ] ], [ [ [ -1.3421883, 52.7115429 ], [ -1.3421626, 52.7114789 ], [ -1.3420918, 52.7113859 ], [ -1.3410108, 52.7120524 ], [ -1.3415804, 52.7118065 ], [ -1.3419072, 52.7116267 ], [ -1.3419582, 52.7116546 ], [ -1.3421317, 52.7115844 ], [ -1.3421446, 52.711593 ], [ -1.3421883, 52.7115429 ] ] ], [ [ [ -1.3415106, 52.7126107 ], [ -1.341203, 52.7122324 ], [ -1.3409706, 52.7123253 ], [ -1.3407154, 52.7125029 ], [ -1.3401635, 52.7127212 ], [ -1.3405298, 52.712746 ], [ -1.3408108, 52.7127242 ], [ -1.3409998, 52.712832 ], [ -1.3427079, 52.7145915 ], [ -1.3431636, 52.7150067 ], [ -1.3432842, 52.7150037 ], [ -1.343564, 52.7148962 ], [ -1.3437981, 52.7147928 ], [ -1.3438959, 52.7146514 ], [ -1.3451245, 52.7140484 ], [ -1.3453705, 52.7138349 ], [ -1.3455266, 52.713593 ], [ -1.3455164, 52.7134815 ], [ -1.3440634, 52.71265 ], [ -1.3436641, 52.7124267 ], [ -1.3436104, 52.7124551 ], [ -1.3435661, 52.7124358 ], [ -1.3436107, 52.7124027 ], [ -1.3435023, 52.7123439 ], [ -1.3434324, 52.7123804 ], [ -1.3424083, 52.7125627 ], [ -1.3415676, 52.7127092 ], [ -1.3415106, 52.7126107 ] ] ] ] } },
{ "type": "Feature", "properties": { "Title": "ND141292" }, "geometry": { "type": "MultiPolygon", "coordinates": [ [ [ [ -1.5548637, 55.1513247 ], [ -1.5552975, 55.151246 ], [ -1.5548135, 55.1503131 ], [ -1.5532209, 55.1504756 ], [ -1.5527555, 55.1505221 ], [ -1.5531549, 55.1513072 ], [ -1.5529752, 55.151373 ], [ -1.552944, 55.1514043 ], [ -1.5532512, 55.1520082 ], [ -1.5550462, 55.1517135 ], [ -1.5548637, 55.1513247 ] ] ] ] } },
{ "type": "Feature", "properties": { "Title": "LT386649" }, "geometry": { "type": "MultiPolygon", "coordinates": [ [ [ [ -1.2358636, 52.5589644 ], [ -1.235208, 52.5591408 ], [ -1.2331824, 52.5597347 ], [ -1.2320444, 52.5601141 ], [ -1.2320682, 52.5601264 ], [ -1.233683, 52.5596005 ], [ -1.2357772, 52.5590067 ], [ -1.2358831, 52.5589784 ], [ -1.2358636, 52.5589644 ] ] ], [ [ [ -1.2329105, 52.5617713 ], [ -1.2328621, 52.5618047 ], [ -1.2329217, 52.5618786 ], [ -1.2335356, 52.5618658 ], [ -1.233621, 52.5617847 ], [ -1.2335171, 52.5616986 ], [ -1.2334285, 52.561637 ], [ -1.2333969, 52.5615029 ], [ -1.2330985, 52.5613158 ], [ -1.2329962, 52.5611908 ], [ -1.2328916, 52.561116 ], [ -1.2327912, 52.5610531 ], [ -1.2326786, 52.5608793 ], [ -1.2325672, 52.5607727 ], [ -1.2325096, 52.5606908 ], [ -1.2322243, 52.5605339 ], [ -1.2321745, 52.5604449 ], [ -1.2321497, 52.5603146 ], [ -1.2306942, 52.5608336 ], [ -1.2283702, 52.561715 ], [ -1.2289662, 52.561837 ], [ -1.2291708, 52.5619229 ], [ -1.2295438, 52.5622626 ], [ -1.2298082, 52.562207 ], [ -1.230502, 52.5621559 ], [ -1.231262, 52.5620581 ], [ -1.2315581, 52.5619945 ], [ -1.2317421, 52.5619413 ], [ -1.2318207, 52.561936 ], [ -1.2321272, 52.5617616 ], [ -1.2323882, 52.5618937 ], [ -1.2326192, 52.5618889 ], [ -1.2328744, 52.5617491 ], [ -1.2329105, 52.5617713 ] ] ] ] } },
{ "type": "Feature", "properties": { "Title": "GR131383" }, "geometry": { "type": "MultiPolygon", "coordinates": [ [ [ [ -1.7629611, 51.6749737 ], [ -1.7617327, 51.6729287 ], [ -1.7616791, 51.6729123 ], [ -1.7599974, 51.672919 ], [ -1.7585293, 51.6730011 ], [ -1.7578959, 51.6730436 ], [ -1.7578644, 51.6730153 ], [ -1.7563843, 51.6731963 ], [ -1.7563219, 51.6731985 ], [ -1.7552818, 51.6734478 ], [ -1.7542013, 51.6737572 ], [ -1.7536786, 51.673925 ], [ -1.7533315, 51.6740047 ], [ -1.7532059, 51.6742857 ], [ -1.7524278, 51.6751189 ], [ -1.7518213, 51.675489 ], [ -1.7506762, 51.6761056 ], [ -1.7495953, 51.6767408 ], [ -1.7476233, 51.6777445 ], [ -1.7461551, 51.6785054 ], [ -1.7447756, 51.6794331 ], [ -1.7443182, 51.6797838 ], [ -1.7441332, 51.6798948 ], [ -1.7441772, 51.6799826 ], [ -1.7448691, 51.6802979 ], [ -1.7453084, 51.6806803 ], [ -1.7458793, 51.6812981 ], [ -1.7463861, 51.6820837 ], [ -1.7555277, 51.6803936 ], [ -1.7595538, 51.6796595 ], [ -1.7581755, 51.6765546 ], [ -1.7587859, 51.6764931 ], [ -1.7589665, 51.6762556 ], [ -1.7613505, 51.6757989 ], [ -1.7615283, 51.6761863 ], [ -1.7616114, 51.676178 ], [ -1.7629611, 51.6749737 ] ] ] ] } },
{ "type": "Feature", "properties": { "Title": "LA589544" }, "geometry": { "type": "MultiPolygon", "coordinates": [ [ [ [ -2.7498488, 54.1142924 ], [ -2.7497811, 54.1146943 ], [ -2.7496912, 54.114968 ], [ -2.7499228, 54.115013 ], [ -2.7502985, 54.114992 ], [ -2.7503581, 54.1149787 ], [ -2.7506332, 54.1149751 ], [ -2.7513123, 54.1150285 ], [ -2.751859, 54.1151504 ], [ -2.7520129, 54.115137 ], [ -2.7522317, 54.1148343 ], [ -2.752312, 54.1148153 ], [ -2.7530322, 54.1147624 ], [ -2.7530949, 54.1145308 ], [ -2.7537514, 54.1145505 ], [ -2.7541581, 54.1145289 ], [ -2.7542932, 54.1145235 ], [ -2.754575, 54.1145842 ], [ -2.7546865, 54.1146741 ], [ -2.7547606, 54.1146503 ], [ -2.7548785, 54.1144046 ], [ -2.7531385, 54.114412 ], [ -2.753172, 54.1143535 ], [ -2.7526367, 54.1143014 ], [ -2.7528496, 54.1137633 ], [ -2.7530969, 54.1131667 ], [ -2.7532135, 54.112788 ], [ -2.752817, 54.112637 ], [ -2.752668, 54.1125853 ], [ -2.7525227, 54.1125852 ], [ -2.7523641, 54.1126232 ], [ -2.7519047, 54.1125851 ], [ -2.7518334, 54.1125924 ], [ -2.7517121, 54.113018 ], [ -2.7510963, 54.112977 ], [ -2.7509744, 54.1134916 ], [ -2.7496179, 54.1136559 ], [ -2.7497152, 54.1137992 ], [ -2.7498488, 54.1142924 ] ] ] ] } },
{ "type": "Feature", "properties": { "Title": "LAN28336" }, "geometry": { "type": "MultiPolygon", "coordinates": [ [ [ [ -2.7476257, 54.1116011 ], [ -2.7474184, 54.1115593 ], [ -2.7474273, 54.1115261 ], [ -2.7474456, 54.1115143 ], [ -2.7473533, 54.1115096 ], [ -2.7470508, 54.1115657 ], [ -2.7468411, 54.111508 ], [ -2.746662, 54.1114393 ], [ -2.7464863, 54.1114208 ], [ -2.7462453, 54.1114639 ], [ -2.7459868, 54.1114677 ], [ -2.7454326, 54.1114053 ], [ -2.745071, 54.1113721 ], [ -2.7449508, 54.1112094 ], [ -2.7449808, 54.1111546 ], [ -2.7449478, 54.1110712 ], [ -2.7448169, 54.1110551 ], [ -2.7444786, 54.1110701 ], [ -2.7443401, 54.1110827 ], [ -2.7442306, 54.1111566 ], [ -2.7441537, 54.1111617 ], [ -2.7441083, 54.1111214 ], [ -2.7437443, 54.1110916 ], [ -2.7437494, 54.1110683 ], [ -2.7436588, 54.1110616 ], [ -2.743618, 54.1109914 ], [ -2.7436034, 54.1109113 ], [ -2.7434347, 54.1107876 ], [ -2.7433453, 54.110685 ], [ -2.7432607, 54.1106091 ], [ -2.7432161, 54.1104553 ], [ -2.7430283, 54.1102624 ], [ -2.7429164, 54.1101789 ], [ -2.7425486, 54.1103745 ], [ -2.7423276, 54.110513 ], [ -2.7415738, 54.1108936 ], [ -2.7417058, 54.1109782 ], [ -2.7416667, 54.1110001 ], [ -2.7416627, 54.1110241 ], [ -2.7416155, 54.1110572 ], [ -2.7420441, 54.1111725 ], [ -2.7419137, 54.1112099 ], [ -2.7419342, 54.1112194 ], [ -2.7421032, 54.111205 ], [ -2.7420719, 54.1112329 ], [ -2.741968, 54.1112667 ], [ -2.741993, 54.1112893 ], [ -2.7421048, 54.1112906 ], [ -2.7424086, 54.1113801 ], [ -2.7425489, 54.1114583 ], [ -2.7425848, 54.1115371 ], [ -2.7426332, 54.1115353 ], [ -2.7427684, 54.1117282 ], [ -2.7429483, 54.1118853 ], [ -2.743026, 54.1120155 ], [ -2.7433068, 54.1120468 ], [ -2.7436103, 54.1122969 ], [ -2.7440258, 54.1126338 ], [ -2.7442583, 54.1130091 ], [ -2.7443792, 54.1131058 ], [ -2.7447091, 54.1132353 ], [ -2.7448627, 54.1132693 ], [ -2.7450647, 54.1132854 ], [ -2.7449704, 54.1133974 ], [ -2.7444469, 54.1133219 ], [ -2.7442279, 54.1132762 ], [ -2.7435561, 54.1129877 ], [ -2.7433378, 54.1129503 ], [ -2.7429724, 54.1129372 ], [ -2.7428422, 54.1129936 ], [ -2.7427617, 54.1130916 ], [ -2.7425301, 54.1131485 ], [ -2.7421443, 54.1132157 ], [ -2.7417277, 54.1133355 ], [ -2.7415445, 54.1134438 ], [ -2.7414245, 54.1133977 ], [ -2.7413946, 54.113344 ], [ -2.7405635, 54.1131449 ], [ -2.7403306, 54.1128876 ], [ -2.7404158, 54.1125198 ], [ -2.7404507, 54.1124011 ], [ -2.740582, 54.1123062 ], [ -2.7407394, 54.1122693 ], [ -2.7407642, 54.1122646 ], [ -2.7410695, 54.112078 ], [ -2.7411855, 54.1118394 ], [ -2.7411644, 54.1117314 ], [ -2.7410818, 54.111651 ], [ -2.7405783, 54.1114752 ], [ -2.7405306, 54.1114245 ], [ -2.7405759, 54.1114108 ], [ -2.740535, 54.1113662 ], [ -2.740623, 54.1113353 ], [ -2.740614, 54.1112731 ], [ -2.740642, 54.1112414 ], [ -2.7398998, 54.1114598 ], [ -2.7394357, 54.1116162 ], [ -2.7395557, 54.1118668 ], [ -2.739656, 54.112229 ], [ -2.7401269, 54.1130349 ], [ -2.74027, 54.1132183 ], [ -2.7402762, 54.1132688 ], [ -2.7400122, 54.11327 ], [ -2.7399087, 54.1133122 ], [ -2.7395468, 54.1136438 ], [ -2.7388383, 54.1143773 ], [ -2.7384219, 54.114768 ], [ -2.7383806, 54.1148468 ], [ -2.7379876, 54.1149999 ], [ -2.7373974, 54.1151297 ], [ -2.7366637, 54.1158439 ], [ -2.7362742, 54.1161244 ], [ -2.7365601, 54.1162721 ], [ -2.7368418, 54.1164805 ], [ -2.7369254, 54.1166307 ], [ -2.7369411, 54.1167144 ], [ -2.7373489, 54.1171766 ], [ -2.7376477, 54.1177874 ], [ -2.7377546, 54.1177753 ], [ -2.7388306, 54.1172023 ], [ -2.7400216, 54.1164924 ], [ -2.740746, 54.1160398 ], [ -2.7409578, 54.1162415 ], [ -2.7411845, 54.1163594 ], [ -2.7424012, 54.1168203 ], [ -2.7433777, 54.1171457 ], [ -2.7441951, 54.1173323 ], [ -2.7451302, 54.1175483 ], [ -2.7459453, 54.1178189 ], [ -2.7472837, 54.1180709 ], [ -2.7481926, 54.1182575 ], [ -2.748524, 54.1182998 ], [ -2.7499392, 54.1184302 ], [ -2.7504865, 54.11849 ], [ -2.7511895, 54.1184423 ], [ -2.7514247, 54.1184691 ], [ -2.7513742, 54.1186674 ], [ -2.7514135, 54.1188475 ], [ -2.7516844, 54.1188494 ], [ -2.7517692, 54.1188771 ], [ -2.7518532, 54.1188668 ], [ -2.7518207, 54.1190439 ], [ -2.7545128, 54.1192938 ], [ -2.7545125, 54.1193123 ], [ -2.7549954, 54.1194752 ], [ -2.7550809, 54.1195327 ], [ -2.7553013, 54.1195936 ], [ -2.7554923, 54.1195971 ], [ -2.7555976, 54.1196163 ], [ -2.7556253, 54.1196454 ], [ -2.7560173, 54.1197293 ], [ -2.756072, 54.119821 ], [ -2.7561326, 54.1198419 ], [ -2.7561589, 54.1200923 ], [ -2.7572426, 54.1201705 ], [ -2.7579963, 54.1202805 ], [ -2.7585885, 54.1191934 ], [ -2.7586906, 54.1189159 ], [ -2.7586895, 54.1188355 ], [ -2.7569373, 54.1186633 ], [ -2.7570228, 54.1179502 ], [ -2.756955, 54.1177462 ], [ -2.7569073, 54.1177427 ], [ -2.7569141, 54.1175543 ], [ -2.7570436, 54.1173417 ], [ -2.756876, 54.1173156 ], [ -2.7565788, 54.1173277 ], [ -2.7565661, 54.117088 ], [ -2.7564746, 54.1170673 ], [ -2.7564101, 54.1170649 ], [ -2.7564039, 54.1166625 ], [ -2.756473, 54.116367 ], [ -2.756455, 54.1162642 ], [ -2.7561394, 54.1162638 ], [ -2.7558097, 54.1162954 ], [ -2.7545462, 54.1163296 ], [ -2.7544525, 54.1162409 ], [ -2.7543443, 54.116201 ], [ -2.7541878, 54.1161793 ], [ -2.7540314, 54.1160763 ], [ -2.7540249, 54.11602 ], [ -2.7541164, 54.1159031 ], [ -2.7541011, 54.1158852 ], [ -2.7539409, 54.1158366 ], [ -2.7538586, 54.1157818 ], [ -2.7535506, 54.1156974 ], [ -2.7533415, 54.1155951 ], [ -2.7522579, 54.1154013 ], [ -2.7520292, 54.115298 ], [ -2.7519289, 54.115238 ], [ -2.7519476, 54.1151445 ], [ -2.7518202, 54.1151469 ], [ -2.7512014, 54.1150118 ], [ -2.7505422, 54.1149779 ], [ -2.7503186, 54.1149881 ], [ -2.7499691, 54.1150137 ], [ -2.7497275, 54.1149793 ], [ -2.7496912, 54.114968 ], [ -2.7498166, 54.1145429 ], [ -2.7482612, 54.1141508 ], [ -2.7478051, 54.1129513 ], [ -2.7463878, 54.1133905 ], [ -2.7463229, 54.1133493 ], [ -2.7490403, 54.112514 ], [ -2.7492135, 54.1122706 ], [ -2.7492219, 54.1122226 ], [ -2.7487034, 54.1122855 ], [ -2.7479871, 54.1122935 ], [ -2.7476046, 54.1122673 ], [ -2.7475923, 54.1122442 ], [ -2.7476277, 54.1120885 ], [ -2.7474032, 54.1118843 ], [ -2.7476257, 54.1116011 ] ] ] ] } },
{ "type": "Feature", "properties": { "Title": "DN233433" }, "geometry": { "type": "MultiPolygon", "coordinates": [ [ [ [ -3.3508834, 50.9426346 ], [ -3.3508164, 50.9425349 ], [ -3.3506832, 50.9424426 ], [ -3.3501972, 50.9425665 ], [ -3.3502284, 50.9426085 ], [ -3.3503569, 50.9426161 ], [ -3.3504633, 50.9426481 ], [ -3.350761, 50.942769 ], [ -3.3508033, 50.9427741 ], [ -3.3508834, 50.9426346 ] ] ] ] } },
{ "type": "Feature", "properties": { "Title": "DU286818" }, "geometry": { "type": "MultiPolygon", "coordinates": [ [ [ [ -1.9718176, 54.5252547 ], [ -1.9719386, 54.5250968 ], [ -1.9718677, 54.5248173 ], [ -1.9718772, 54.5245531 ], [ -1.9717047, 54.5237042 ], [ -1.9715193, 54.5223184 ], [ -1.9711136, 54.520948 ], [ -1.971121, 54.5202719 ], [ -1.9709443, 54.5189282 ], [ -1.9693845, 54.5189139 ], [ -1.9698353, 54.5201797 ], [ -1.969897, 54.5202876 ], [ -1.9698933, 54.520363 ], [ -1.9698314, 54.5205015 ], [ -1.9699968, 54.5212825 ], [ -1.9701071, 54.5218854 ], [ -1.9690287, 54.5220127 ], [ -1.9690718, 54.5222545 ], [ -1.9691085, 54.5226526 ], [ -1.9690857, 54.5237272 ], [ -1.9691725, 54.5243567 ], [ -1.969302, 54.5247477 ], [ -1.9696355, 54.5256494 ], [ -1.9696188, 54.5256773 ], [ -1.9697022, 54.5257928 ], [ -1.9709875, 54.5282319 ], [ -1.9720041, 54.5280389 ], [ -1.9726063, 54.5279442 ], [ -1.9713818, 54.5255743 ], [ -1.9718982, 54.5255427 ], [ -1.9718176, 54.5252547 ] ] ] ] } },
{ "type": "Feature", "properties": { "Title": "WYK792729" }, "geometry": { "type": "MultiPolygon", "coordinates": [ [ [ [ -1.5143678, 53.7837126 ], [ -1.5139521, 53.7835325 ], [ -1.513309, 53.7840177 ], [ -1.5137376, 53.7841893 ], [ -1.5139361, 53.7840376 ], [ -1.5143678, 53.7837126 ] ] ] ] } },
{ "type": "Feature", "properties": { "Title": "WYK792646" }, "geometry": { "type": "MultiPolygon", "coordinates": [ [ [ [ -1.74816, 53.7862782 ], [ -1.7486742, 53.7862433 ], [ -1.7484912, 53.7858653 ], [ -1.748409, 53.7858774 ], [ -1.7483076, 53.7856747 ], [ -1.7479834, 53.78573 ], [ -1.74816, 53.7862782 ] ] ] ] } },
{ "type": "Feature", "properties": { "Title": "CU122505" }, "geometry": { "type": "MultiPolygon", "coordinates": [ [ [ [ -2.6818924, 54.2761427 ], [ -2.6815452, 54.2761381 ], [ -2.6813085, 54.2761214 ], [ -2.6809889, 54.2761574 ], [ -2.6807897, 54.2761423 ], [ -2.680155, 54.2760228 ], [ -2.6798139, 54.2759011 ], [ -2.6795966, 54.2758028 ], [ -2.6779388, 54.2771335 ], [ -2.6770366, 54.2778635 ], [ -2.6779264, 54.2788876 ], [ -2.6789245, 54.2786377 ], [ -2.6793073, 54.2784818 ], [ -2.6796778, 54.2783116 ], [ -2.6803857, 54.2780782 ], [ -2.6810759, 54.2777745 ], [ -2.6814545, 54.2776721 ], [ -2.6815933, 54.27759 ], [ -2.6818481, 54.277487 ], [ -2.6819595, 54.2774001 ], [ -2.6820706, 54.2772974 ], [ -2.6823328, 54.2771817 ], [ -2.682601, 54.2770001 ], [ -2.6828011, 54.2767659 ], [ -2.6828984, 54.2765747 ], [ -2.6828716, 54.2764528 ], [ -2.6827848, 54.2763158 ], [ -2.682538, 54.2760793 ], [ -2.6824179, 54.2760672 ], [ -2.6820882, 54.2761011 ], [ -2.6818924, 54.2761427 ] ] ] ] } },
{ "type": "Feature", "properties": { "Title": "SF495945" }, "geometry": { "type": "MultiPolygon", "coordinates": [ [ [ [ -1.6987266, 52.7687711 ], [ -1.6997534, 52.7689189 ], [ -1.7001573, 52.7689247 ], [ -1.700469, 52.7688997 ], [ -1.7004758, 52.7688837 ], [ -1.7006563, 52.7688571 ], [ -1.7008406, 52.7688876 ], [ -1.7011013, 52.7690029 ], [ -1.7013271, 52.7691662 ], [ -1.7016076, 52.7693933 ], [ -1.7018148, 52.7695349 ], [ -1.7021845, 52.7698877 ], [ -1.7019599, 52.7673344 ], [ -1.6977239, 52.7654774 ], [ -1.6972234, 52.7659417 ], [ -1.696729, 52.7662512 ], [ -1.6964352, 52.7664537 ], [ -1.6961285, 52.7667359 ], [ -1.6976053, 52.7675044 ], [ -1.6984505, 52.7679827 ], [ -1.6985682, 52.7680338 ], [ -1.699148, 52.7684016 ], [ -1.6990426, 52.7685646 ], [ -1.6988713, 52.768692 ], [ -1.6987266, 52.7687711 ] ] ] ] } },
{ "type": "Feature", "properties": { "Title": "TY420799" }, "geometry": { "type": "MultiPolygon", "coordinates": [ [ [ [ -1.5612586, 54.9570138 ], [ -1.561101, 54.957608 ], [ -1.5610966, 54.9577949 ], [ -1.5610936, 54.9579261 ], [ -1.5617076, 54.9579 ], [ -1.5621854, 54.9578293 ], [ -1.5631251, 54.9576149 ], [ -1.562527, 54.9572191 ], [ -1.5619637, 54.9571762 ], [ -1.561501, 54.9570851 ], [ -1.5612586, 54.9570138 ] ] ] ] } },
{ "type": "Feature", "properties": { "Title": "SF485553" }, "geometry": { "type": "MultiPolygon", "coordinates": [ [ [ [ -1.7107677, 52.7828891 ], [ -1.7107578, 52.782869 ], [ -1.7100571, 52.7826416 ], [ -1.7096797, 52.7826484 ], [ -1.7093104, 52.7827362 ], [ -1.708554, 52.7828525 ], [ -1.7077158, 52.7829446 ], [ -1.7068487, 52.7826042 ], [ -1.7065493, 52.782436 ], [ -1.7051425, 52.7819462 ], [ -1.7051009, 52.7819647 ], [ -1.7048416, 52.7819199 ], [ -1.7046443, 52.7819164 ], [ -1.70432, 52.7822278 ], [ -1.702867, 52.7833486 ], [ -1.7021921, 52.7837887 ], [ -1.7016595, 52.7841831 ], [ -1.7009735, 52.7847454 ], [ -1.7024855, 52.7856287 ], [ -1.7026651, 52.7856366 ], [ -1.7032622, 52.7854941 ], [ -1.7034698, 52.7854117 ], [ -1.7043022, 52.7851571 ], [ -1.7048519, 52.7854626 ], [ -1.7050099, 52.7854297 ], [ -1.7066169, 52.7862462 ], [ -1.7073042, 52.786569 ], [ -1.7098669, 52.7848767 ], [ -1.7099665, 52.7847963 ], [ -1.7099347, 52.7847166 ], [ -1.7089621, 52.7843135 ], [ -1.7083564, 52.7841083 ], [ -1.7084061, 52.7840577 ], [ -1.7085202, 52.7840702 ], [ -1.7086991, 52.7840114 ], [ -1.7090559, 52.7838263 ], [ -1.7097197, 52.78355 ], [ -1.7102156, 52.7833643 ], [ -1.7104727, 52.7832256 ], [ -1.7106921, 52.7830235 ], [ -1.7107677, 52.7828891 ] ] ] ] } },
{ "type": "Feature", "properties": { "Title": "WR83291" }, "geometry": { "type": "MultiPolygon", "coordinates": [ [ [ [ -2.1945607, 52.0680842 ], [ -2.1945536, 52.067998 ], [ -2.1936651, 52.0680195 ], [ -2.1935964, 52.0680882 ], [ -2.193297, 52.0683368 ], [ -2.1931619, 52.068471 ], [ -2.1931454, 52.0684652 ], [ -2.1929436, 52.0685864 ], [ -2.1928699, 52.0686122 ], [ -2.1928723, 52.0686243 ], [ -2.1945467, 52.0683921 ], [ -2.194517, 52.0680857 ], [ -2.1945607, 52.0680842 ] ] ] ] } },
{ "type": "Feature", "properties": { "Title": "CB275804" }, "geometry": { "type": "MultiPolygon", "coordinates": [ [ [ [ 0.1181138, 52.4328856 ], [ 0.1196543, 52.432591 ], [ 0.1218678, 52.4338356 ], [ 0.1229441, 52.4335459 ], [ 0.1256074, 52.4349596 ], [ 0.1239573, 52.4354027 ], [ 0.1273959, 52.4374399 ], [ 0.1264188, 52.4378558 ], [ 0.1279048, 52.4395039 ], [ 0.123677, 52.4414485 ], [ 0.1141476, 52.4350306 ], [ 0.1145677, 52.4347939 ], [ 0.1144228, 52.4346422 ], [ 0.1143691, 52.4345329 ], [ 0.1140343, 52.4342988 ], [ 0.1134769, 52.4345979 ], [ 0.1124132, 52.4337917 ], [ 0.1138754, 52.4336072 ], [ 0.1146065, 52.4334817 ], [ 0.1169231, 52.4330333 ], [ 0.116964, 52.4330561 ], [ 0.1181138, 52.4328856 ] ] ] ] } },
{ "type": "Feature", "properties": { "Title": "LT141317" }, "geometry": { "type": "MultiPolygon", "coordinates": [ [ [ [ -1.3188985, 52.7039822 ], [ -1.3179084, 52.7040572 ], [ -1.3178251, 52.7040869 ], [ -1.316679, 52.7050071 ], [ -1.3175401, 52.7052727 ], [ -1.3180823, 52.7052808 ], [ -1.3182085, 52.7053241 ], [ -1.3183546, 52.70532 ], [ -1.3186386, 52.7050813 ], [ -1.3185129, 52.7049716 ], [ -1.3184668, 52.7049573 ], [ -1.3186415, 52.7043482 ], [ -1.3188985, 52.7039822 ] ] ] ] } },
{ "type": "Feature", "properties": { "Title": "LT353071" }, "geometry": { "type": "MultiPolygon", "coordinates": [ [ [ [ -1.3628254, 52.6950772 ], [ -1.3629649, 52.6951327 ], [ -1.363063, 52.6950353 ], [ -1.3632446, 52.6949959 ], [ -1.3633127, 52.6950336 ], [ -1.3633212, 52.695048 ], [ -1.3634432, 52.6950207 ], [ -1.3633074, 52.6947371 ], [ -1.3631833, 52.6947611 ], [ -1.3632292, 52.6948633 ], [ -1.363225, 52.6948785 ], [ -1.3631742, 52.6949176 ], [ -1.3629824, 52.6949707 ], [ -1.3628254, 52.6950772 ] ] ] ] } },
{ "type": "Feature", "properties": { "Title": "LT179427" }, "geometry": { "type": "MultiPolygon", "coordinates": [ [ [ [ -1.3138014, 52.7017942 ], [ -1.3128293, 52.7016612 ], [ -1.3127581, 52.7019624 ], [ -1.3124788, 52.7031328 ], [ -1.3135362, 52.702928 ], [ -1.3138014, 52.7017942 ] ] ] ] } },
{ "type": "Feature", "properties": { "Title": "CH500750" }, "geometry": { "type": "MultiPolygon", "coordinates": [ [ [ [ -2.3979299, 53.143819 ], [ -2.3972473, 53.1436318 ], [ -2.3972175, 53.1436732 ], [ -2.3978972, 53.1438676 ], [ -2.3979065, 53.1438541 ], [ -2.3979299, 53.143819 ] ] ] ] } },
{ "type": "Feature", "properties": { "Title": "EX695422" }, "geometry": { "type": "MultiPolygon", "coordinates": [ [ [ [ 0.1258531, 51.7887549 ], [ 0.1243641, 51.788441 ], [ 0.1232104, 51.7882344 ], [ 0.1232137, 51.7882155 ], [ 0.1238309, 51.788286 ], [ 0.1247423, 51.7884098 ], [ 0.12551, 51.7885641 ], [ 0.1259966, 51.788643 ], [ 0.1271413, 51.7887601 ], [ 0.1272285, 51.7888017 ], [ 0.1285347, 51.7890122 ], [ 0.1292526, 51.7891584 ], [ 0.1307625, 51.789516 ], [ 0.130933, 51.7895761 ], [ 0.1314868, 51.7897131 ], [ 0.1321102, 51.7898996 ], [ 0.1321351, 51.7899999 ], [ 0.1321775, 51.790045 ], [ 0.1320185, 51.7903027 ], [ 0.1314587, 51.7901691 ], [ 0.1287649, 51.7895133 ], [ 0.1287849, 51.7894836 ], [ 0.1258531, 51.7887549 ] ], [ [ 0.1287351, 51.7892625 ], [ 0.1289061, 51.7893057 ], [ 0.1289264, 51.7892747 ], [ 0.1287554, 51.7892315 ], [ 0.1287351, 51.7892625 ] ] ] ] } },
{ "type": "Feature", "properties": { "Title": "LT345818" }, "geometry": { "type": "MultiPolygon", "coordinates": [ [ [ [ -1.3432071, 52.7109202 ], [ -1.3431788, 52.7108636 ], [ -1.3430455, 52.7109372 ], [ -1.3422802, 52.711374 ], [ -1.3423713, 52.7114765 ], [ -1.3424262, 52.7115052 ], [ -1.3425161, 52.7114209 ], [ -1.3425309, 52.7113167 ], [ -1.3432071, 52.7109202 ] ] ] ] } },
{ "type": "Feature", "properties": { "Title": "DN630499" }, "geometry": { "type": "MultiPolygon", "coordinates": [ [ [ [ -4.0145655, 51.0534963 ], [ -4.0146587, 51.0536158 ], [ -4.0150677, 51.0539728 ], [ -4.0152225, 51.054073 ], [ -4.0155052, 51.054205 ], [ -4.0159072, 51.0544969 ], [ -4.0160832, 51.0546996 ], [ -4.0169146, 51.0555738 ], [ -4.0170209, 51.0556923 ], [ -4.0171912, 51.0556754 ], [ -4.0176408, 51.0557333 ], [ -4.0181006, 51.0557542 ], [ -4.0185647, 51.055693 ], [ -4.0185871, 51.055682 ], [ -4.0187749, 51.0553811 ], [ -4.0188595, 51.0550848 ], [ -4.0188472, 51.0548947 ], [ -4.0187283, 51.0545758 ], [ -4.018569, 51.0543355 ], [ -4.0185114, 51.0542565 ], [ -4.0185447, 51.0542237 ], [ -4.0184986, 51.0541334 ], [ -4.0184377, 51.0537627 ], [ -4.0172665, 51.0536241 ], [ -4.0165922, 51.0535851 ], [ -4.0165834, 51.0536095 ], [ -4.016012, 51.0535465 ], [ -4.0156041, 51.0535236 ], [ -4.0150139, 51.0535371 ], [ -4.0145655, 51.0534963 ] ] ] ] } },
{ "type": "Feature", "properties": { "Title": "CL184290" }, "geometry": { "type": "MultiPolygon", "coordinates": [ [ [ [ -4.3220576, 50.6016661 ], [ -4.3219655, 50.6015512 ], [ -4.3222374, 50.6014265 ], [ -4.3222415, 50.601359 ], [ -4.3224619, 50.6012984 ], [ -4.3224261, 50.600985 ], [ -4.3222265, 50.60069 ], [ -4.3221577, 50.6004928 ], [ -4.3220116, 50.5996687 ], [ -4.3220119, 50.5994799 ], [ -4.3216603, 50.5994572 ], [ -4.3193418, 50.5995409 ], [ -4.3186075, 50.5995945 ], [ -4.3184951, 50.5995976 ], [ -4.315817, 50.5993568 ], [ -4.3146052, 50.5993207 ], [ -4.3129151, 50.5992046 ], [ -4.312349, 50.5991064 ], [ -4.3117705, 50.5988669 ], [ -4.3102858, 50.5982193 ], [ -4.3100182, 50.5981642 ], [ -4.3094862, 50.5981147 ], [ -4.3094398, 50.5981228 ], [ -4.3093179, 50.5980993 ], [ -4.3090175, 50.5980693 ], [ -4.3087055, 50.5980152 ], [ -4.3083513, 50.597998 ], [ -4.3082199, 50.5980104 ], [ -4.3081099, 50.5980612 ], [ -4.3080337, 50.5981393 ], [ -4.3078513, 50.5984929 ], [ -4.3078625, 50.5985313 ], [ -4.3078267, 50.5985528 ], [ -4.3077662, 50.5987264 ], [ -4.307775, 50.5987709 ], [ -4.3081401, 50.5987829 ], [ -4.3081612, 50.5988564 ], [ -4.307865, 50.5988988 ], [ -4.3078336, 50.5990003 ], [ -4.3078721, 50.5990049 ], [ -4.3078488, 50.5990773 ], [ -4.3077877, 50.5990713 ], [ -4.3077371, 50.5991769 ], [ -4.3075918, 50.5991545 ], [ -4.3075935, 50.5996682 ], [ -4.3076509, 50.5998945 ], [ -4.3078848, 50.6004607 ], [ -4.3079726, 50.6009905 ], [ -4.3081576, 50.601366 ], [ -4.3083433, 50.6016074 ], [ -4.3085272, 50.6018171 ], [ -4.3087877, 50.6021926 ], [ -4.3090558, 50.6024263 ], [ -4.3091706, 50.6024937 ], [ -4.3091874, 50.6024887 ], [ -4.3095815, 50.6027061 ], [ -4.309867, 50.602821 ], [ -4.3104764, 50.6030125 ], [ -4.3105345, 50.6029978 ], [ -4.310622, 50.6030551 ], [ -4.3115705, 50.6033508 ], [ -4.3122403, 50.6035886 ], [ -4.3123991, 50.6034189 ], [ -4.3126522, 50.6032626 ], [ -4.3127802, 50.6032182 ], [ -4.3131273, 50.6033222 ], [ -4.3132014, 50.6033741 ], [ -4.3140289, 50.6030125 ], [ -4.3148264, 50.6038191 ], [ -4.3155648, 50.6035025 ], [ -4.3155256, 50.6034587 ], [ -4.3158086, 50.6034283 ], [ -4.3158362, 50.6034435 ], [ -4.3163548, 50.6032602 ], [ -4.3170962, 50.603213 ], [ -4.3176615, 50.6030183 ], [ -4.3178973, 50.6028985 ], [ -4.3192272, 50.6025923 ], [ -4.3200003, 50.6024491 ], [ -4.3200637, 50.6023894 ], [ -4.3202621, 50.6022847 ], [ -4.3203603, 50.6025004 ], [ -4.3206028, 50.6024587 ], [ -4.3212787, 50.6023796 ], [ -4.3217838, 50.6022184 ], [ -4.3220044, 50.6021636 ], [ -4.3219896, 50.6020929 ], [ -4.3219019, 50.6020641 ], [ -4.3218916, 50.6019105 ], [ -4.3218761, 50.6017965 ], [ -4.3219142, 50.6017391 ], [ -4.3220576, 50.6016661 ] ] ] ] } },
{ "type": "Feature", "properties": { "Title": "WS17168" }, "geometry": { "type": "MultiPolygon", "coordinates": [ [ [ [ -2.414026, 51.1989491 ], [ -2.4110462, 51.1957489 ], [ -2.4107886, 51.1960248 ], [ -2.4100777, 51.195747 ], [ -2.4097282, 51.1955832 ], [ -2.4088312, 51.1948789 ], [ -2.4084751, 51.1950645 ], [ -2.4081476, 51.1952891 ], [ -2.4082852, 51.1953547 ], [ -2.408542, 51.1955298 ], [ -2.4084434, 51.1956041 ], [ -2.4077893, 51.1960226 ], [ -2.4074412, 51.1957631 ], [ -2.405726, 51.196105 ], [ -2.4055634, 51.1960995 ], [ -2.4052044, 51.1961595 ], [ -2.4049098, 51.1961872 ], [ -2.4049088, 51.1961622 ], [ -2.404213, 51.1962877 ], [ -2.4033308, 51.1964038 ], [ -2.4032711, 51.1964747 ], [ -2.4031454, 51.1964805 ], [ -2.4037502, 51.1973168 ], [ -2.4036049, 51.1974301 ], [ -2.4029488, 51.1978274 ], [ -2.4029324, 51.1980145 ], [ -2.4021116, 51.1982191 ], [ -2.4007677, 51.1985998 ], [ -2.4006351, 51.1986278 ], [ -2.3997052, 51.1989796 ], [ -2.39957, 51.1990175 ], [ -2.399153, 51.1990085 ], [ -2.3989479, 51.1989709 ], [ -2.3978806, 51.1993825 ], [ -2.3970067, 51.1997419 ], [ -2.3964965, 51.2001832 ], [ -2.3975094, 51.2000379 ], [ -2.3979794, 51.2002098 ], [ -2.3970185, 51.2005219 ], [ -2.3967478, 51.2006179 ], [ -2.3966432, 51.2006779 ], [ -2.3965666, 51.2008106 ], [ -2.3964989, 51.2010691 ], [ -2.3965029, 51.2011177 ], [ -2.3987954, 51.2035607 ], [ -2.3991946, 51.2034447 ], [ -2.3997425, 51.2032011 ], [ -2.400635, 51.2027639 ], [ -2.4016146, 51.2022286 ], [ -2.4023328, 51.2017525 ], [ -2.4025389, 51.2017178 ], [ -2.402657, 51.201636 ], [ -2.4036209, 51.2011144 ], [ -2.4040998, 51.2008904 ], [ -2.4055035, 51.2004019 ], [ -2.4062602, 51.2001536 ], [ -2.4069628, 51.1999545 ], [ -2.4074574, 51.1998391 ], [ -2.408326, 51.1996911 ], [ -2.4088784, 51.1996436 ], [ -2.4100251, 51.199594 ], [ -2.4106976, 51.1995171 ], [ -2.4119919, 51.199319 ], [ -2.414026, 51.1989491 ] ], [ [ -2.3996222, 51.1998026 ], [ -2.399968, 51.2000511 ], [ -2.3993631, 51.2002999 ], [ -2.3990611, 51.2000111 ], [ -2.3991, 51.1999966 ], [ -2.3996222, 51.1998026 ] ] ] ] } },
{ "type": "Feature", "properties": { "Title": "SF311676" }, "geometry": { "type": "MultiPolygon", "coordinates": [ [ [ [ -1.6972713, 52.7730364 ], [ -1.6956426, 52.7726692 ], [ -1.6953068, 52.7726114 ], [ -1.6951345, 52.7725671 ], [ -1.6951022, 52.7726052 ], [ -1.6965526, 52.7729165 ], [ -1.6976788, 52.7731764 ], [ -1.6976884, 52.7731598 ], [ -1.6972713, 52.7730364 ] ] ] ] } },
{ "type": "Feature", "properties": { "Title": "SF453721" }, "geometry": { "type": "MultiPolygon", "coordinates": [ [ [ [ -1.700668, 52.7738442 ], [ -1.6975678, 52.7731529 ], [ -1.6974632, 52.7737707 ], [ -1.6975929, 52.7740862 ], [ -1.6976592, 52.7741351 ], [ -1.6979078, 52.7740139 ], [ -1.6981966, 52.7740101 ], [ -1.6987967, 52.7742212 ], [ -1.7000013, 52.774641 ], [ -1.700668, 52.7738442 ] ] ], [ [ [ -1.6951345, 52.7725671 ], [ -1.6947906, 52.772482 ], [ -1.6938477, 52.7721206 ], [ -1.6933007, 52.7719548 ], [ -1.692747, 52.7718438 ], [ -1.6927003, 52.7718508 ], [ -1.693487, 52.7720261 ], [ -1.6936174, 52.772069 ], [ -1.6947068, 52.7724659 ], [ -1.6950172, 52.7725841 ], [ -1.6951022, 52.7726052 ], [ -1.6951345, 52.7725671 ] ] ] ] } },
{ "type": "Feature", "properties": { "Title": "DT295837" }, "geometry": { "type": "MultiPolygon", "coordinates": [ [ [ [ -2.9420561, 50.8350811 ], [ -2.9420308, 50.8350766 ], [ -2.9418686, 50.8350503 ], [ -2.941866, 50.8351546 ], [ -2.9420307, 50.8351532 ], [ -2.9420561, 50.8350811 ] ] ], [ [ [ -2.9281367, 50.8391416 ], [ -2.9283254, 50.839021 ], [ -2.9286422, 50.8388462 ], [ -2.9286625, 50.8387966 ], [ -2.9289281, 50.8386551 ], [ -2.9287768, 50.8385475 ], [ -2.9282922, 50.8382663 ], [ -2.9281192, 50.8382453 ], [ -2.9269954, 50.8378944 ], [ -2.926816, 50.8378364 ], [ -2.9266578, 50.8378139 ], [ -2.9265638, 50.8377133 ], [ -2.926551, 50.8376893 ], [ -2.9263661, 50.8377431 ], [ -2.9258998, 50.8376838 ], [ -2.9257197, 50.8378339 ], [ -2.9254978, 50.8377421 ], [ -2.9254674, 50.8377007 ], [ -2.9248229, 50.8376207 ], [ -2.9246999, 50.8376055 ], [ -2.9250228, 50.8391875 ], [ -2.9252438, 50.8391922 ], [ -2.9254814, 50.8391692 ], [ -2.9258483, 50.8390647 ], [ -2.9258023, 50.8389872 ], [ -2.9260099, 50.8389233 ], [ -2.9262104, 50.8391006 ], [ -2.9256009, 50.8392767 ], [ -2.9253647, 50.8393088 ], [ -2.9254419, 50.8394123 ], [ -2.9257085, 50.8394966 ], [ -2.9257604, 50.8395148 ], [ -2.925743, 50.8395453 ], [ -2.9258524, 50.8395573 ], [ -2.9258963, 50.8395585 ], [ -2.9259481, 50.8395199 ], [ -2.9269004, 50.8394199 ], [ -2.9281491, 50.8391503 ], [ -2.9281367, 50.8391416 ] ] ], [ [ [ -2.9343841, 50.8376761 ], [ -2.9341749, 50.8367078 ], [ -2.9341476, 50.8365847 ], [ -2.9341812, 50.8364225 ], [ -2.9346843, 50.8362987 ], [ -2.9348977, 50.8362765 ], [ -2.9349752, 50.836239 ], [ -2.9357145, 50.8360441 ], [ -2.9361427, 50.8358246 ], [ -2.9366893, 50.8356401 ], [ -2.937337, 50.8353783 ], [ -2.9374433, 50.8352115 ], [ -2.9372863, 50.8350871 ], [ -2.9370695, 50.8349496 ], [ -2.9368331, 50.8348071 ], [ -2.9366818, 50.834683 ], [ -2.9365949, 50.8345595 ], [ -2.9364665, 50.8344634 ], [ -2.9363773, 50.8343774 ], [ -2.9361212, 50.834226 ], [ -2.9359573, 50.8340556 ], [ -2.9357962, 50.8339535 ], [ -2.935721, 50.8338931 ], [ -2.9355797, 50.8339921 ], [ -2.9352784, 50.8341162 ], [ -2.935204, 50.8341789 ], [ -2.9351349, 50.8342965 ], [ -2.9349772, 50.8343859 ], [ -2.9344562, 50.8344789 ], [ -2.9337007, 50.8347202 ], [ -2.9329936, 50.834899 ], [ -2.9327542, 50.8349549 ], [ -2.9326985, 50.8349762 ], [ -2.9322683, 50.8349331 ], [ -2.9308428, 50.8349385 ], [ -2.9268218, 50.835282 ], [ -2.9266962, 50.8352551 ], [ -2.9269946, 50.8356858 ], [ -2.9280566, 50.8367287 ], [ -2.928679, 50.8373735 ], [ -2.9288275, 50.8376098 ], [ -2.9281667, 50.8376658 ], [ -2.9281359, 50.8376809 ], [ -2.9282549, 50.8377366 ], [ -2.92872, 50.8378462 ], [ -2.9293901, 50.8380486 ], [ -2.9299599, 50.8382761 ], [ -2.9303269, 50.8384494 ], [ -2.9310126, 50.8387195 ], [ -2.9314737, 50.8388372 ], [ -2.9318165, 50.8388642 ], [ -2.9321908, 50.8388306 ], [ -2.9327634, 50.8387039 ], [ -2.9327093, 50.8385976 ], [ -2.9324447, 50.8382283 ], [ -2.9324734, 50.8382035 ], [ -2.9339669, 50.8377725 ], [ -2.9343841, 50.8376761 ] ] ] ] } },
{ "type": "Feature", "properties": { "Title": "LA909382" }, "geometry": { "type": "MultiPolygon", "coordinates": [ [ [ [ -2.4378446, 53.916496 ], [ -2.4383062, 53.9164817 ], [ -2.4380268, 53.9148013 ], [ -2.437466, 53.9148223 ], [ -2.4374507, 53.9148201 ], [ -2.4374208, 53.9149131 ], [ -2.4352671, 53.9146299 ], [ -2.4361499, 53.9176442 ], [ -2.4384218, 53.9175361 ], [ -2.4383909, 53.9174235 ], [ -2.4378774, 53.9166717 ], [ -2.4378446, 53.916496 ] ] ] ] } },
{ "type": "Feature", "properties": { "Title": "SF452408" }, "geometry": { "type": "MultiPolygon", "coordinates": [ [ [ [ -1.6996223, 52.7643122 ], [ -1.699367, 52.7640923 ], [ -1.6982227, 52.7646462 ], [ -1.6975581, 52.7652394 ], [ -1.6969676, 52.7657813 ], [ -1.6967328, 52.7659573 ], [ -1.6962161, 52.7663059 ], [ -1.6958289, 52.766479 ], [ -1.6957924, 52.7665174 ], [ -1.6958302, 52.7665564 ], [ -1.695756, 52.766572 ], [ -1.6955573, 52.7667276 ], [ -1.6943597, 52.7677892 ], [ -1.6933218, 52.7687506 ], [ -1.6928675, 52.7692498 ], [ -1.6926742, 52.7696214 ], [ -1.6926234, 52.7699102 ], [ -1.6926469, 52.7699371 ], [ -1.6926029, 52.7703836 ], [ -1.6923875, 52.7711915 ], [ -1.692352, 52.7712626 ], [ -1.6922633, 52.7716345 ], [ -1.6921643, 52.7718955 ], [ -1.6920993, 52.7719402 ], [ -1.692747, 52.7718438 ], [ -1.6926016, 52.7717658 ], [ -1.6925424, 52.7716876 ], [ -1.6925104, 52.7715173 ], [ -1.6927731, 52.7703792 ], [ -1.6928439, 52.7698738 ], [ -1.6929705, 52.7697001 ], [ -1.693679, 52.7689091 ], [ -1.6943107, 52.7682141 ], [ -1.694691, 52.767729 ], [ -1.6950565, 52.7674223 ], [ -1.6953926, 52.7671819 ], [ -1.6958395, 52.766824 ], [ -1.6961285, 52.7667359 ], [ -1.6964352, 52.7664537 ], [ -1.696729, 52.7662512 ], [ -1.6972234, 52.7659417 ], [ -1.6984525, 52.7647898 ], [ -1.6985437, 52.7647306 ], [ -1.6989662, 52.7645481 ], [ -1.6996223, 52.7643122 ] ] ] ] } },
{ "type": "Feature", "properties": { "Title": "GM438809" }, "geometry": { "type": "MultiPolygon", "coordinates": [ [ [ [ -2.4443269, 53.5035727 ], [ -2.4433802, 53.5040959 ], [ -2.4447319, 53.5049604 ], [ -2.4456545, 53.5044151 ], [ -2.4443269, 53.5035727 ] ] ] ] } },
{ "type": "Feature", "properties": { "Title": "LA902604" }, "geometry": { "type": "MultiPolygon", "coordinates": [ [ [ [ -2.6402074, 53.7933519 ], [ -2.6401069, 53.7933189 ], [ -2.6401455, 53.7932612 ], [ -2.639676, 53.7931717 ], [ -2.6392873, 53.7930895 ], [ -2.6390912, 53.7933039 ], [ -2.6397548, 53.7934492 ], [ -2.6402066, 53.7935488 ], [ -2.6402561, 53.7934885 ], [ -2.6403513, 53.7934719 ], [ -2.640402, 53.7933915 ], [ -2.6402074, 53.7933519 ] ] ] ] } },
{ "type": "Feature", "properties": { "Title": "IW50861" }, "geometry": { "type": "MultiPolygon", "coordinates": [ [ [ [ -1.2795341, 50.6339135 ], [ -1.2795064, 50.6333618 ], [ -1.2791311, 50.6322903 ], [ -1.2789152, 50.6311456 ], [ -1.2787723, 50.6305962 ], [ -1.2785462, 50.6300345 ], [ -1.2782161, 50.6295535 ], [ -1.2780842, 50.6290916 ], [ -1.2768759, 50.6292019 ], [ -1.2748141, 50.629355 ], [ -1.2749441, 50.6295727 ], [ -1.275068, 50.6299681 ], [ -1.2751524, 50.6304578 ], [ -1.2752038, 50.6306101 ], [ -1.2752023, 50.6307054 ], [ -1.2735701, 50.6305789 ], [ -1.2735644, 50.6309226 ], [ -1.273617, 50.6316451 ], [ -1.2738736, 50.6318941 ], [ -1.273908, 50.6319159 ], [ -1.2739587, 50.6322427 ], [ -1.2739288, 50.6326211 ], [ -1.2739083, 50.6326968 ], [ -1.2743501, 50.632719 ], [ -1.2742465, 50.6334801 ], [ -1.2742527, 50.6336294 ], [ -1.2742217, 50.6339516 ], [ -1.2742203, 50.6340434 ], [ -1.2744766, 50.6340612 ], [ -1.2744986, 50.6354369 ], [ -1.2745168, 50.6357221 ], [ -1.2740288, 50.6357307 ], [ -1.2736817, 50.6356845 ], [ -1.2733156, 50.6356741 ], [ -1.2725816, 50.6355868 ], [ -1.2725625, 50.6355571 ], [ -1.2717364, 50.6354745 ], [ -1.271301, 50.6355026 ], [ -1.2711683, 50.6355429 ], [ -1.2713523, 50.6357104 ], [ -1.2714829, 50.6360449 ], [ -1.2716468, 50.6366396 ], [ -1.2737679, 50.6365124 ], [ -1.2743958, 50.6366612 ], [ -1.2759947, 50.6366188 ], [ -1.2766231, 50.6360401 ], [ -1.2766975, 50.6360783 ], [ -1.2794727, 50.6362236 ], [ -1.2793765, 50.6352407 ], [ -1.2793103, 50.6348589 ], [ -1.2795341, 50.6339135 ] ] ] ] } },
{ "type": "Feature", "properties": { "Title": "CB42875" }, "geometry": { "type": "MultiPolygon", "coordinates": [ [ [ [ -0.135688, 52.6104671 ], [ -0.1361868, 52.611702 ], [ -0.1382123, 52.6113267 ], [ -0.1400463, 52.6109398 ], [ -0.1404423, 52.6127788 ], [ -0.1467412, 52.6126146 ], [ -0.1471486, 52.6126051 ], [ -0.1514471, 52.6075466 ], [ -0.151627, 52.6072829 ], [ -0.1516203, 52.6071193 ], [ -0.1513352, 52.6065639 ], [ -0.1512319, 52.6060981 ], [ -0.1512128, 52.6057795 ], [ -0.1513603, 52.6054138 ], [ -0.1516471, 52.6051112 ], [ -0.1524183, 52.6044078 ], [ -0.1522157, 52.604329 ], [ -0.1493834, 52.6038919 ], [ -0.1493106, 52.6039017 ], [ -0.1489595, 52.6042044 ], [ -0.1482239, 52.6045163 ], [ -0.1466511, 52.6052907 ], [ -0.144795, 52.6062757 ], [ -0.1444408, 52.6064968 ], [ -0.143427, 52.6070076 ], [ -0.1427531, 52.6073109 ], [ -0.1426881, 52.6073204 ], [ -0.1424795, 52.60608 ], [ -0.1421192, 52.6061252 ], [ -0.1421217, 52.606137 ], [ -0.137582, 52.6066547 ], [ -0.1360677, 52.606865 ], [ -0.1360228, 52.6068356 ], [ -0.1356032, 52.6068842 ], [ -0.134624, 52.6071047 ], [ -0.1344618, 52.6070698 ], [ -0.1356434, 52.6104875 ], [ -0.135688, 52.6104671 ] ] ], [ [ [ -0.1624666, 52.6037261 ], [ -0.1585832, 52.6030343 ], [ -0.1583939, 52.6032088 ], [ -0.1551428, 52.6057582 ], [ -0.1547944, 52.6056271 ], [ -0.1525816, 52.6043936 ], [ -0.1524609, 52.6044987 ], [ -0.1523879, 52.6046007 ], [ -0.1515808, 52.6052977 ], [ -0.1514324, 52.6055096 ], [ -0.1513422, 52.6056812 ], [ -0.151361, 52.6061003 ], [ -0.1514795, 52.6066087 ], [ -0.1517671, 52.6071605 ], [ -0.1517569, 52.6073048 ], [ -0.1516188, 52.607526 ], [ -0.1506462, 52.6086578 ], [ -0.1536995, 52.6092329 ], [ -0.1543865, 52.609375 ], [ -0.1544353, 52.6093955 ], [ -0.1570948, 52.6098863 ], [ -0.1595013, 52.6103356 ], [ -0.159773, 52.6098132 ], [ -0.1599318, 52.6096218 ], [ -0.1601217, 52.6095453 ], [ -0.1608, 52.6093927 ], [ -0.1609535, 52.6093104 ], [ -0.1611187, 52.6090373 ], [ -0.1613118, 52.6084856 ], [ -0.1616501, 52.6080027 ], [ -0.1620527, 52.6076128 ], [ -0.1623269, 52.6072286 ], [ -0.1623855, 52.6071138 ], [ -0.1625615, 52.6066299 ], [ -0.1627177, 52.6059898 ], [ -0.1631651, 52.6055478 ], [ -0.1631373, 52.6054431 ], [ -0.1629024, 52.6052437 ], [ -0.162399, 52.6048246 ], [ -0.1623198, 52.604633 ], [ -0.162258, 52.6042137 ], [ -0.1624666, 52.6037261 ] ] ] ] } },
{ "type": "Feature", "properties": { "Title": "DU234550" }, "geometry": { "type": "MultiPolygon", "coordinates": [ [ [ [ -1.9748288, 54.5276219 ], [ -1.9741471, 54.5261387 ], [ -1.9730643, 54.5263476 ], [ -1.9719084, 54.5266033 ], [ -1.9720294, 54.526833 ], [ -1.9726309, 54.5279918 ], [ -1.9748288, 54.5276219 ] ] ], [ [ [ -1.9542262, 54.5188323 ], [ -1.9541207, 54.5172621 ], [ -1.9539977, 54.5169216 ], [ -1.9539302, 54.516781 ], [ -1.9537213, 54.5167966 ], [ -1.9533275, 54.5168213 ], [ -1.9532762, 54.5168179 ], [ -1.953273, 54.5168482 ], [ -1.9527544, 54.5168491 ], [ -1.9528824, 54.5173298 ], [ -1.9530419, 54.5188908 ], [ -1.9542262, 54.5188323 ] ] ], [ [ [ -1.9559682, 54.5165435 ], [ -1.9557533, 54.516521 ], [ -1.9556436, 54.516556 ], [ -1.9556158, 54.5165793 ], [ -1.9557337, 54.5169493 ], [ -1.955848, 54.5175967 ], [ -1.956026, 54.5187471 ], [ -1.9564369, 54.5187257 ], [ -1.9562281, 54.5175012 ], [ -1.9561165, 54.5169335 ], [ -1.9560491, 54.5167206 ], [ -1.9559682, 54.5165435 ] ] ], [ [ [ -1.9711237, 54.52039 ], [ -1.9711224, 54.5210101 ], [ -1.9715193, 54.5223184 ], [ -1.9717341, 54.5238648 ], [ -1.9718848, 54.5246726 ], [ -1.9718724, 54.5248541 ], [ -1.9719386, 54.5250968 ], [ -1.971867, 54.525196 ], [ -1.9718176, 54.5252547 ], [ -1.9718982, 54.5255427 ], [ -1.9713818, 54.5255743 ], [ -1.9717838, 54.5263484 ], [ -1.9726233, 54.5261389 ], [ -1.974021, 54.5258692 ], [ -1.9737925, 54.5253769 ], [ -1.9744691, 54.5252867 ], [ -1.9743396, 54.5251 ], [ -1.9742854, 54.5250188 ], [ -1.9741609, 54.5249137 ], [ -1.9740251, 54.524708 ], [ -1.9738685, 54.5243864 ], [ -1.9737169, 54.5236731 ], [ -1.9736198, 54.5233774 ], [ -1.973562, 54.5230371 ], [ -1.9734399, 54.522182 ], [ -1.973105, 54.5208817 ], [ -1.972979, 54.5199977 ], [ -1.97294, 54.5191359 ], [ -1.9728885, 54.5188504 ], [ -1.9717195, 54.5189586 ], [ -1.9717147, 54.5189328 ], [ -1.9709443, 54.5189282 ], [ -1.9711237, 54.52039 ] ] ] ] } },
{ "type": "Feature", "properties": { "Title": "DY329426" }, "geometry": { "type": "MultiPolygon", "coordinates": [ [ [ [ -1.8480724, 53.249001 ], [ -1.8483042, 53.2490152 ], [ -1.8483089, 53.2490034 ], [ -1.8481064, 53.2489571 ], [ -1.8473341, 53.2486825 ], [ -1.8471757, 53.2486704 ], [ -1.847004, 53.2489445 ], [ -1.8473018, 53.2489906 ], [ -1.8473621, 53.2489888 ], [ -1.8473952, 53.2490405 ], [ -1.8480724, 53.249001 ] ] ], [ [ [ -1.8519428, 53.2487616 ], [ -1.8515786, 53.2480733 ], [ -1.8509128, 53.2446297 ], [ -1.850437, 53.2446887 ], [ -1.8498889, 53.244718 ], [ -1.8494085, 53.244667 ], [ -1.8479679, 53.2448189 ], [ -1.8476064, 53.2449006 ], [ -1.847559, 53.2448717 ], [ -1.8467129, 53.2451077 ], [ -1.8447491, 53.2457483 ], [ -1.8445496, 53.2464668 ], [ -1.8445654, 53.2466614 ], [ -1.8446885, 53.2469203 ], [ -1.8449167, 53.2471396 ], [ -1.8452467, 53.2473055 ], [ -1.8459113, 53.2475046 ], [ -1.846273, 53.2476342 ], [ -1.8465936, 53.2478189 ], [ -1.8469399, 53.2481358 ], [ -1.8470916, 53.2483302 ], [ -1.8471221, 53.2484189 ], [ -1.8471108, 53.2485911 ], [ -1.8473, 53.248616 ], [ -1.8479239, 53.2487796 ], [ -1.8482048, 53.2488887 ], [ -1.8487146, 53.2489746 ], [ -1.849131, 53.2490281 ], [ -1.8492136, 53.2490513 ], [ -1.8498801, 53.2488974 ], [ -1.8500274, 53.2489108 ], [ -1.8510563, 53.2488492 ], [ -1.8519428, 53.2487616 ] ] ] ] } },
{ "type": "Feature", "properties": { "Title": "GM515906" }, "geometry": { "type": "MultiPolygon", "coordinates": [ [ [ [ -2.3065743, 53.4777475 ], [ -2.3055617, 53.4776355 ], [ -2.3054176, 53.4781058 ], [ -2.3064121, 53.4782151 ], [ -2.30653, 53.4778851 ], [ -2.3065743, 53.4777475 ] ] ] ] } },
{ "type": "Feature", "properties": { "Title": "DY347753" }, "geometry": { "type": "MultiPolygon", "coordinates": [ [ [ [ -1.474948, 53.1521687 ], [ -1.4748838, 53.1520707 ], [ -1.4745046, 53.1520727 ], [ -1.4744625, 53.1520941 ], [ -1.4745946, 53.1521328 ], [ -1.4748481, 53.1521503 ], [ -1.474948, 53.1521687 ] ] ] ] } },
{ "type": "Feature", "properties": { "Title": "WS3598" }, "geometry": { "type": "MultiPolygon", "coordinates": [ [ [ [ -2.9324423, 50.8382161 ], [ -2.9325526, 50.8383919 ], [ -2.9327538, 50.8386563 ], [ -2.9327634, 50.8387039 ], [ -2.9336144, 50.8385715 ], [ -2.9339044, 50.8385432 ], [ -2.9338013, 50.8383077 ], [ -2.9337078, 50.8378405 ], [ -2.9334656, 50.8379143 ], [ -2.9324423, 50.8382161 ] ] ] ] } },
{ "type": "Feature", "properties": { "Title": "CU147386" }, "geometry": { "type": "MultiPolygon", "coordinates": [ [ [ [ -2.7230836, 54.2032985 ], [ -2.7231072, 54.2032034 ], [ -2.7230211, 54.2026364 ], [ -2.7229573, 54.2023869 ], [ -2.7227969, 54.2014829 ], [ -2.7227315, 54.2013068 ], [ -2.7225852, 54.2010402 ], [ -2.722143, 54.2011331 ], [ -2.7207986, 54.2012668 ], [ -2.7207962, 54.2032636 ], [ -2.7205343, 54.2032632 ], [ -2.720567, 54.2034406 ], [ -2.7213461, 54.2033811 ], [ -2.7228035, 54.2033581 ], [ -2.7229896, 54.2033583 ], [ -2.7230836, 54.2032985 ] ] ] ] } },
{ "type": "Feature", "properties": { "Title": "WA913954" }, "geometry": { "type": "MultiPolygon", "coordinates": [ [ [ [ -3.5301637, 52.1620031 ], [ -3.530517, 52.1627447 ], [ -3.5308523, 52.1633013 ], [ -3.5309755, 52.1635573 ], [ -3.5313397, 52.1635929 ], [ -3.5317468, 52.1635852 ], [ -3.5319804, 52.1635424 ], [ -3.5324527, 52.163241 ], [ -3.5329391, 52.1631248 ], [ -3.533947, 52.1631284 ], [ -3.5342811, 52.1637945 ], [ -3.5343852, 52.1641333 ], [ -3.5350498, 52.164154 ], [ -3.5346313, 52.1640208 ], [ -3.5345132, 52.1639281 ], [ -3.5342678, 52.1633697 ], [ -3.5342464, 52.1630424 ], [ -3.5351245, 52.162949 ], [ -3.5347537, 52.1618474 ], [ -3.5348108, 52.1618188 ], [ -3.5348194, 52.1617689 ], [ -3.5348566, 52.1617214 ], [ -3.5347783, 52.1616653 ], [ -3.534738, 52.1615416 ], [ -3.5346685, 52.1615069 ], [ -3.5346206, 52.1615006 ], [ -3.5344274, 52.161097 ], [ -3.5339183, 52.1603406 ], [ -3.5335747, 52.1598932 ], [ -3.5332548, 52.1599048 ], [ -3.5332159, 52.1598434 ], [ -3.532635, 52.1598567 ], [ -3.5323136, 52.1598243 ], [ -3.5312545, 52.1600316 ], [ -3.530847, 52.1600245 ], [ -3.5304788, 52.1600835 ], [ -3.5304153, 52.1601004 ], [ -3.5303992, 52.1602523 ], [ -3.530265, 52.1605984 ], [ -3.5302677, 52.1607173 ], [ -3.5301276, 52.1609118 ], [ -3.5298469, 52.1612041 ], [ -3.5305385, 52.1613421 ], [ -3.5301637, 52.1620031 ] ] ] ] } },
{ "type": "Feature", "properties": { "Title": "CB221448" }, "geometry": { "type": "MultiPolygon", "coordinates": [ [ [ [ -0.1339641, 52.6167243 ], [ -0.1339999, 52.6166739 ], [ -0.1365413, 52.6161162 ], [ -0.1383409, 52.6156964 ], [ -0.1384232, 52.6156821 ], [ -0.1370434, 52.6137556 ], [ -0.1365741, 52.6133127 ], [ -0.1403196, 52.612525 ], [ -0.139983, 52.6109541 ], [ -0.1376322, 52.6114364 ], [ -0.1355063, 52.6118389 ], [ -0.1354386, 52.6118548 ], [ -0.1347788, 52.6109401 ], [ -0.1333127, 52.611713 ], [ -0.1327556, 52.6120864 ], [ -0.1321937, 52.6126493 ], [ -0.1318561, 52.6129152 ], [ -0.1314395, 52.6131966 ], [ -0.131749, 52.6135833 ], [ -0.131401, 52.6138663 ], [ -0.1309717, 52.6142449 ], [ -0.1305898, 52.614542 ], [ -0.1303741, 52.614693 ], [ -0.1298572, 52.615142 ], [ -0.1293561, 52.6150964 ], [ -0.1287649, 52.6155611 ], [ -0.1309889, 52.6186852 ], [ -0.1351088, 52.6180937 ], [ -0.1339641, 52.6167243 ] ] ] ] } },
{ "type": "Feature", "properties": { "Title": "CB198821" }, "geometry": { "type": "MultiPolygon", "coordinates": [ [ [ [ -0.1411837, 52.6172422 ], [ -0.1412152, 52.6172371 ], [ -0.1411771, 52.6169851 ], [ -0.1415364, 52.6167216 ], [ -0.141815, 52.6167077 ], [ -0.1419007, 52.6171653 ], [ -0.144764, 52.6167629 ], [ -0.1452826, 52.6148791 ], [ -0.1454062, 52.6146781 ], [ -0.1471486, 52.6126051 ], [ -0.1403725, 52.6127805 ], [ -0.1403196, 52.612525 ], [ -0.1365741, 52.6133127 ], [ -0.1370434, 52.6137556 ], [ -0.1388445, 52.6162969 ], [ -0.1393588, 52.6171388 ], [ -0.1396002, 52.6174915 ], [ -0.1411837, 52.6172422 ] ] ] ] } },
{ "type": "Feature", "properties": { "Title": "LT302334" }, "geometry": { "type": "MultiPolygon", "coordinates": [ [ [ [ -1.3099932, 52.7076274 ], [ -1.3090593, 52.7067739 ], [ -1.3088251, 52.7068736 ], [ -1.3086901, 52.7067185 ], [ -1.3086254, 52.7067391 ], [ -1.3084943, 52.706567 ], [ -1.3084614, 52.7065766 ], [ -1.3083764, 52.7064783 ], [ -1.3084051, 52.7064692 ], [ -1.3083423, 52.7063835 ], [ -1.3069247, 52.7067319 ], [ -1.3061466, 52.7068351 ], [ -1.3057249, 52.7068577 ], [ -1.3057281, 52.7068917 ], [ -1.3033155, 52.7070638 ], [ -1.3032687, 52.7070566 ], [ -1.300283, 52.7073066 ], [ -1.2982012, 52.7055999 ], [ -1.297942, 52.7057158 ], [ -1.2981773, 52.7057408 ], [ -1.2982094, 52.7057075 ], [ -1.300018, 52.7071748 ], [ -1.3001649, 52.7073102 ], [ -1.3001677, 52.7073337 ], [ -1.3003387, 52.7074233 ], [ -1.3004354, 52.7073659 ], [ -1.3005701, 52.7073397 ], [ -1.3040634, 52.7070789 ], [ -1.30614, 52.7069709 ], [ -1.3070685, 52.7077601 ], [ -1.3075755, 52.7081627 ], [ -1.3083105, 52.7087812 ], [ -1.3090874, 52.7082542 ], [ -1.3092523, 52.7083306 ], [ -1.3093367, 52.7082706 ], [ -1.309188, 52.7081806 ], [ -1.3099932, 52.7076274 ] ] ] ] } },
{ "type": "Feature", "properties": { "Title": "LA710313" }, "geometry": { "type": "MultiPolygon", "coordinates": [ [ [ [ -2.8212555, 54.0486276 ], [ -2.820929, 54.0484991 ], [ -2.8204044, 54.0489499 ], [ -2.8207217, 54.0490773 ], [ -2.8212555, 54.0486276 ] ] ] ] } },
{ "type": "Feature", "properties": { "Title": "LA804531" }, "geometry": { "type": "MultiPolygon", "coordinates": [ [ [ [ -2.2054218, 53.6835748 ], [ -2.205467, 53.683403 ], [ -2.2055349, 53.6833764 ], [ -2.2053584, 53.6832083 ], [ -2.2052339, 53.6831366 ], [ -2.2051758, 53.6831196 ], [ -2.2050662, 53.6830133 ], [ -2.2051692, 53.6829435 ], [ -2.2054079, 53.682901 ], [ -2.2056269, 53.6828503 ], [ -2.205671, 53.6828466 ], [ -2.2057365, 53.6828773 ], [ -2.2058878, 53.6828616 ], [ -2.2059732, 53.6827994 ], [ -2.2061481, 53.6827442 ], [ -2.2068817, 53.6826655 ], [ -2.2072015, 53.6825812 ], [ -2.2073579, 53.6825125 ], [ -2.2075257, 53.682341 ], [ -2.2075945, 53.6822174 ], [ -2.2076812, 53.6821587 ], [ -2.2077833, 53.6821134 ], [ -2.2079075, 53.6820259 ], [ -2.2080734, 53.6819815 ], [ -2.2083581, 53.6819684 ], [ -2.2090012, 53.6819585 ], [ -2.2094192, 53.6819803 ], [ -2.2094714, 53.6820398 ], [ -2.2100374, 53.6821082 ], [ -2.2101745, 53.6820622 ], [ -2.2107875, 53.6821014 ], [ -2.2109573, 53.6821446 ], [ -2.2111427, 53.682136 ], [ -2.211539, 53.6820874 ], [ -2.2120422, 53.6820849 ], [ -2.2122525, 53.6821052 ], [ -2.2125197, 53.6820728 ], [ -2.2126944, 53.6820727 ], [ -2.2130185, 53.6820275 ], [ -2.2142217, 53.6817014 ], [ -2.2133417, 53.6807875 ], [ -2.2118947, 53.6792114 ], [ -2.2096117, 53.6767514 ], [ -2.2099736, 53.6765287 ], [ -2.2110078, 53.6756381 ], [ -2.2113124, 53.6753412 ], [ -2.2115079, 53.6751396 ], [ -2.2117898, 53.6748949 ], [ -2.211925, 53.6747543 ], [ -2.21215, 53.6745664 ], [ -2.2121495, 53.6744995 ], [ -2.212587, 53.6738687 ], [ -2.2128182, 53.6732869 ], [ -2.2129256, 53.6731285 ], [ -2.2130657, 53.6730472 ], [ -2.2141394, 53.6719308 ], [ -2.2145439, 53.6715572 ], [ -2.2033348, 53.6729513 ], [ -2.2026765, 53.6730358 ], [ -2.1998638, 53.6734441 ], [ -2.1995796, 53.6735253 ], [ -2.1993929, 53.6735539 ], [ -2.1978335, 53.6736714 ], [ -2.1978049, 53.674191 ], [ -2.1967825, 53.6743725 ], [ -2.1964813, 53.6743766 ], [ -2.1952987, 53.6742977 ], [ -2.1952823, 53.6743408 ], [ -2.195309, 53.6743552 ], [ -2.1947622, 53.6750427 ], [ -2.1945491, 53.6749659 ], [ -2.1940274, 53.6754269 ], [ -2.1933612, 53.6752746 ], [ -2.193088, 53.6755783 ], [ -2.192931, 53.6756612 ], [ -2.192535, 53.6753138 ], [ -2.1925073, 53.6752586 ], [ -2.192099, 53.6750139 ], [ -2.1916886, 53.6748585 ], [ -2.1913536, 53.6747338 ], [ -2.1913093, 53.674676 ], [ -2.1911312, 53.6746606 ], [ -2.1909614, 53.6746045 ], [ -2.1909277, 53.6746104 ], [ -2.1901976, 53.6741234 ], [ -2.1901295, 53.6740968 ], [ -2.1899441, 53.6739699 ], [ -2.1895989, 53.6741257 ], [ -2.1892921, 53.6742251 ], [ -2.1891668, 53.6744014 ], [ -2.1890583, 53.6744746 ], [ -2.1888287, 53.6744984 ], [ -2.188785, 53.6745438 ], [ -2.1886357, 53.6749575 ], [ -2.1875532, 53.6769634 ], [ -2.1870781, 53.6765882 ], [ -2.1869073, 53.6764122 ], [ -2.1868505, 53.6763258 ], [ -2.1867207, 53.6759624 ], [ -2.1866959, 53.6758529 ], [ -2.186664, 53.675618 ], [ -2.1866045, 53.6754274 ], [ -2.186614, 53.6753501 ], [ -2.1865051, 53.6750918 ], [ -2.1861645, 53.6747048 ], [ -2.1856072, 53.6742422 ], [ -2.1847483, 53.6746101 ], [ -2.1843921, 53.6747497 ], [ -2.1839707, 53.6749841 ], [ -2.1842855, 53.6751841 ], [ -2.1824096, 53.6765968 ], [ -2.1824237, 53.6766744 ], [ -2.1824647, 53.6767514 ], [ -2.1826338, 53.6773786 ], [ -2.1796669, 53.6809388 ], [ -2.1805737, 53.6811569 ], [ -2.182679, 53.6821172 ], [ -2.1822273, 53.6828539 ], [ -2.1819302, 53.6832495 ], [ -2.181957, 53.683263 ], [ -2.1815576, 53.6839645 ], [ -2.1815721, 53.6840543 ], [ -2.1807689, 53.6852528 ], [ -2.184952, 53.6859544 ], [ -2.1851541, 53.6855666 ], [ -2.1860077, 53.6840084 ], [ -2.1860893, 53.6836237 ], [ -2.1862855, 53.6830064 ], [ -2.1864571, 53.6829902 ], [ -2.1889427, 53.6829508 ], [ -2.1889777, 53.6829631 ], [ -2.1888426, 53.6839727 ], [ -2.1886483, 53.684566 ], [ -2.1883731, 53.6851779 ], [ -2.1879654, 53.6860328 ], [ -2.1877637, 53.6863007 ], [ -2.18735, 53.6867522 ], [ -2.1870746, 53.6872056 ], [ -2.1870927, 53.6872089 ], [ -2.1868222, 53.6876992 ], [ -2.1867563, 53.6877805 ], [ -2.1867742, 53.6878038 ], [ -2.1865475, 53.6882095 ], [ -2.1864343, 53.6884934 ], [ -2.1866752, 53.6885758 ], [ -2.1875043, 53.6886816 ], [ -2.1887394, 53.6887842 ], [ -2.1887808, 53.6888171 ], [ -2.1899101, 53.6889638 ], [ -2.1904162, 53.6889346 ], [ -2.1904089, 53.6881276 ], [ -2.1913396, 53.6881333 ], [ -2.1915576, 53.6881647 ], [ -2.1938514, 53.6885767 ], [ -2.1943684, 53.6886291 ], [ -2.1948524, 53.6886558 ], [ -2.1951736, 53.6885683 ], [ -2.1957125, 53.6884643 ], [ -2.1959862, 53.6884156 ], [ -2.1962694, 53.6884272 ], [ -2.1972744, 53.6881905 ], [ -2.1976078, 53.6881366 ], [ -2.1983549, 53.6881193 ], [ -2.1993605, 53.6880757 ], [ -2.199808, 53.6879948 ], [ -2.2001536, 53.6878877 ], [ -2.2011953, 53.6875122 ], [ -2.2032057, 53.6869376 ], [ -2.2032432, 53.6869213 ], [ -2.2028912, 53.6868945 ], [ -2.2026769, 53.686859 ], [ -2.2025298, 53.6868631 ], [ -2.2024135, 53.6869704 ], [ -2.2022658, 53.6870017 ], [ -2.2017385, 53.6868953 ], [ -2.2013635, 53.6868196 ], [ -2.2009232, 53.6866324 ], [ -2.2004022, 53.686538 ], [ -2.2001212, 53.6865378 ], [ -2.2000167, 53.6865435 ], [ -2.1999069, 53.686532 ], [ -2.1997409, 53.6865898 ], [ -2.199622, 53.6865287 ], [ -2.1995049, 53.6864484 ], [ -2.1994033, 53.6864492 ], [ -2.1992987, 53.6863864 ], [ -2.1992217, 53.6864355 ], [ -2.1991541, 53.6864154 ], [ -2.1991373, 53.6863917 ], [ -2.1991926, 53.6863529 ], [ -2.1990011, 53.6862436 ], [ -2.1988803, 53.6859939 ], [ -2.1989088, 53.6859363 ], [ -2.1996909, 53.6854904 ], [ -2.2000228, 53.685373 ], [ -2.2002553, 53.6852318 ], [ -2.2003777, 53.6851865 ], [ -2.200619, 53.6852395 ], [ -2.2007587, 53.6849985 ], [ -2.2008536, 53.6850042 ], [ -2.2009956, 53.6850476 ], [ -2.2012583, 53.6849041 ], [ -2.2013537, 53.6848729 ], [ -2.2013476, 53.6848633 ], [ -2.2014624, 53.6848418 ], [ -2.201523, 53.6848712 ], [ -2.2015626, 53.6848653 ], [ -2.2016868, 53.6847824 ], [ -2.2018933, 53.6848053 ], [ -2.2019823, 53.6847592 ], [ -2.2020562, 53.6846807 ], [ -2.2019416, 53.684603 ], [ -2.2014954, 53.6844328 ], [ -2.2013707, 53.6842874 ], [ -2.2013271, 53.6840823 ], [ -2.2013663, 53.6840166 ], [ -2.2013276, 53.6839807 ], [ -2.2012124, 53.6839817 ], [ -2.2011123, 53.6839099 ], [ -2.2011026, 53.6838666 ], [ -2.2014638, 53.6835501 ], [ -2.2015597, 53.6834985 ], [ -2.2015903, 53.6835238 ], [ -2.2016983, 53.6835138 ], [ -2.2020315, 53.6834293 ], [ -2.2024524, 53.6833804 ], [ -2.2025771, 53.6832457 ], [ -2.2026998, 53.6831863 ], [ -2.2028205, 53.6831981 ], [ -2.2034031, 53.6832934 ], [ -2.203676, 53.683333 ], [ -2.2040165, 53.6833381 ], [ -2.2042217, 53.6833795 ], [ -2.2045129, 53.6833578 ], [ -2.2045745, 53.6833496 ], [ -2.2047496, 53.6833929 ], [ -2.2048249, 53.6834027 ], [ -2.2049461, 53.6833945 ], [ -2.2051626, 53.6834783 ], [ -2.2052651, 53.6834673 ], [ -2.2054218, 53.6835748 ] ] ] ] } },
{ "type": "Feature", "properties": { "Title": "LT122550" }, "geometry": { "type": "MultiPolygon", "coordinates": [ [ [ [ -1.3326263, 52.7079673 ], [ -1.3323129, 52.7078514 ], [ -1.3320865, 52.7080506 ], [ -1.3323667, 52.7082005 ], [ -1.3326263, 52.7079673 ] ] ] ] } },
{ "type": "Feature", "properties": { "Title": "LT292080" }, "geometry": { "type": "MultiPolygon", "coordinates": [ [ [ [ -1.2959037, 52.7068761 ], [ -1.2958715, 52.7069338 ], [ -1.2957248, 52.7070911 ], [ -1.2969028, 52.7079919 ], [ -1.2976828, 52.7078467 ], [ -1.2987744, 52.7075864 ], [ -1.2969619, 52.7062124 ], [ -1.2968377, 52.7062861 ], [ -1.2959037, 52.7068761 ] ] ] ] } },
{ "type": "Feature", "properties": { "Title": "LT286558" }, "geometry": { "type": "MultiPolygon", "coordinates": [ [ [ [ -1.3001649, 52.7073102 ], [ -1.2997068, 52.7069119 ], [ -1.2982094, 52.7057075 ], [ -1.2981773, 52.7057408 ], [ -1.297942, 52.7057158 ], [ -1.2972889, 52.7060274 ], [ -1.2969619, 52.7062124 ], [ -1.2987744, 52.7075864 ], [ -1.2999251, 52.7073349 ], [ -1.3001649, 52.7073102 ] ] ] ] } },
{ "type": "Feature", "properties": { "Title": "CB194212" }, "geometry": { "type": "MultiPolygon", "coordinates": [ [ [ [ -0.4334169, 52.5848423 ], [ -0.4380588, 52.5855855 ], [ -0.4382828, 52.5856163 ], [ -0.4337392, 52.5808859 ], [ -0.4329379, 52.5810702 ], [ -0.4322768, 52.5811918 ], [ -0.4317448, 52.5812998 ], [ -0.4320403, 52.5841683 ], [ -0.432112, 52.5843095 ], [ -0.4322424, 52.5844622 ], [ -0.4323795, 52.5846537 ], [ -0.4334169, 52.5848423 ] ] ] ] } },
{ "type": "Feature", "properties": { "Title": "DU204822" }, "geometry": { "type": "MultiPolygon", "coordinates": [ [ [ [ -1.5457178, 54.5365682 ], [ -1.5457444, 54.5365698 ], [ -1.5457561, 54.5365007 ], [ -1.5449026, 54.5364446 ], [ -1.5448884, 54.536512 ], [ -1.5449236, 54.5365155 ], [ -1.5448214, 54.5370526 ], [ -1.5449951, 54.5370637 ], [ -1.5449991, 54.5370467 ], [ -1.5454243, 54.537075 ], [ -1.5456245, 54.537087 ], [ -1.5457178, 54.5365682 ] ] ] ] } },
{ "type": "Feature", "properties": { "Title": "WM626936" }, "geometry": { "type": "MultiPolygon", "coordinates": [ [ [ [ -1.4912404, 52.4486104 ], [ -1.4913851, 52.4485974 ], [ -1.4916458, 52.4485754 ], [ -1.4917404, 52.4481694 ], [ -1.4917774, 52.44744 ], [ -1.4908779, 52.4476805 ], [ -1.4909724, 52.4478141 ], [ -1.4907953, 52.4478707 ], [ -1.4907441, 52.4479312 ], [ -1.4908149, 52.4480683 ], [ -1.4907854, 52.448075 ], [ -1.4911457, 52.448619 ], [ -1.4912404, 52.4486104 ] ] ] ] } },
{ "type": "Feature", "properties": { "Title": "WYK583435" }, "geometry": { "type": "MultiPolygon", "coordinates": [ [ [ [ -1.7672295, 53.6614813 ], [ -1.7672683, 53.6623957 ], [ -1.7675568, 53.6623908 ], [ -1.7677777, 53.6623488 ], [ -1.7686422, 53.6621843 ], [ -1.7688009, 53.6621327 ], [ -1.768815, 53.661653 ], [ -1.7685557, 53.6616129 ], [ -1.7676074, 53.6615707 ], [ -1.7672928, 53.6615031 ], [ -1.7672295, 53.6614813 ] ] ] ] } },
{ "type": "Feature", "properties": { "Title": "BD193265" }, "geometry": { "type": "MultiPolygon", "coordinates": [ [ [ [ -0.4602309, 51.8856576 ], [ -0.4597854, 51.8856332 ], [ -0.4591393, 51.8856336 ], [ -0.4590905, 51.8863457 ], [ -0.4597846, 51.8863868 ], [ -0.4601936, 51.8863648 ], [ -0.4602309, 51.8856576 ] ] ] ] } },
{ "type": "Feature", "properties": { "Title": "GM706243" }, "geometry": { "type": "MultiPolygon", "coordinates": [ [ [ [ -2.1266529, 53.4331667 ], [ -2.1264997, 53.4331336 ], [ -2.1265499, 53.4330123 ], [ -2.1265288, 53.4329392 ], [ -2.1264218, 53.4329557 ], [ -2.1264016, 53.4329021 ], [ -2.1261649, 53.4328142 ], [ -2.1261463, 53.4340959 ], [ -2.1261283, 53.4341337 ], [ -2.1261254, 53.4342103 ], [ -2.1269988, 53.4342032 ], [ -2.1270607, 53.434199 ], [ -2.126849, 53.4337328 ], [ -2.1266788, 53.433089 ], [ -2.1266529, 53.4331667 ] ] ] ] } },
{ "type": "Feature", "properties": { "Title": "LT278679" }, "geometry": { "type": "MultiPolygon", "coordinates": [ [ [ [ -1.3076138, 52.7045469 ], [ -1.3076196, 52.704491 ], [ -1.3073843, 52.7042223 ], [ -1.3071864, 52.7041556 ], [ -1.3068745, 52.704251 ], [ -1.3064995, 52.704384 ], [ -1.3067471, 52.7046654 ], [ -1.3068795, 52.7046258 ], [ -1.3069685, 52.7047039 ], [ -1.3074685, 52.7045556 ], [ -1.3076017, 52.7046812 ], [ -1.3077022, 52.7046271 ], [ -1.3077802, 52.704628 ], [ -1.3078481, 52.7045674 ], [ -1.3076937, 52.7045386 ], [ -1.3076886, 52.7045547 ], [ -1.3076138, 52.7045469 ] ] ] ] } },
{ "type": "Feature", "properties": { "Title": "DY256808" }, "geometry": { "type": "MultiPolygon", "coordinates": [ [ [ [ -1.7765837, 53.1422511 ], [ -1.7763411, 53.1422266 ], [ -1.7751035, 53.1418618 ], [ -1.7749238, 53.1418274 ], [ -1.7738493, 53.1418268 ], [ -1.7735867, 53.1417873 ], [ -1.7721973, 53.1412952 ], [ -1.7716914, 53.1410881 ], [ -1.7689625, 53.1426316 ], [ -1.7671571, 53.1418495 ], [ -1.7670693, 53.141909 ], [ -1.7657215, 53.142791 ], [ -1.7695556, 53.1450477 ], [ -1.7701236, 53.1447353 ], [ -1.7705414, 53.1451372 ], [ -1.7716566, 53.1448837 ], [ -1.7718798, 53.1447961 ], [ -1.773032, 53.1441356 ], [ -1.7744044, 53.1434861 ], [ -1.7762544, 53.1425168 ], [ -1.7765837, 53.1422511 ] ] ] ] } },
{ "type": "Feature", "properties": { "Title": "LT266645" }, "geometry": { "type": "MultiPolygon", "coordinates": [ [ [ [ -1.3011277, 52.7102382 ], [ -1.2989983, 52.7091275 ], [ -1.2971882, 52.7081921 ], [ -1.2962876, 52.7075286 ], [ -1.2957813, 52.7071351 ], [ -1.2957063, 52.70711 ], [ -1.2940607, 52.7082206 ], [ -1.2932307, 52.7088018 ], [ -1.2925219, 52.7092299 ], [ -1.2919973, 52.7096115 ], [ -1.2916636, 52.7109443 ], [ -1.291134, 52.7122178 ], [ -1.2907758, 52.7129956 ], [ -1.2906084, 52.7137627 ], [ -1.2909037, 52.7139505 ], [ -1.2909451, 52.7128982 ], [ -1.2910831, 52.712631 ], [ -1.293666, 52.7128831 ], [ -1.2936975, 52.7128581 ], [ -1.2940853, 52.7129738 ], [ -1.2941757, 52.7129982 ], [ -1.2942588, 52.7129514 ], [ -1.2968129, 52.7131393 ], [ -1.2980866, 52.7132099 ], [ -1.298119, 52.713212 ], [ -1.2985125, 52.7128382 ], [ -1.2985472, 52.7128362 ], [ -1.3004824, 52.7109061 ], [ -1.3011277, 52.7102382 ] ] ] ] } },
{ "type": "Feature", "properties": { "Title": "LT260345" }, "geometry": { "type": "MultiPolygon", "coordinates": [ [ [ [ -1.3466224, 52.7112503 ], [ -1.3471897, 52.7114921 ], [ -1.3474376, 52.7114376 ], [ -1.3467896, 52.710916 ], [ -1.3463453, 52.7104423 ], [ -1.3462337, 52.7102799 ], [ -1.3461169, 52.7103319 ], [ -1.345835, 52.710219 ], [ -1.3454795, 52.710137 ], [ -1.3450919, 52.7100796 ], [ -1.3450923, 52.7101439 ], [ -1.3450348, 52.7106472 ], [ -1.3466224, 52.7112503 ] ] ] ] } },
{ "type": "Feature", "properties": { "Title": "CU92027" }, "geometry": { "type": "MultiPolygon", "coordinates": [ [ [ [ -3.2703271, 54.2316553 ], [ -3.2702565, 54.2316759 ], [ -3.2701005, 54.2316791 ], [ -3.2705886, 54.2320562 ], [ -3.2703654, 54.2318627 ], [ -3.2702883, 54.2317283 ], [ -3.2703689, 54.2317001 ], [ -3.2703271, 54.2316553 ] ] ] ] } },
{ "type": "Feature", "properties": { "Title": "DU178933" }, "geometry": { "type": "MultiPolygon", "coordinates": [ [ [ [ -2.1177241, 54.7474897 ], [ -2.1165673, 54.7463731 ], [ -2.1155395, 54.7464121 ], [ -2.1144309, 54.7466577 ], [ -2.11387, 54.7467052 ], [ -2.1129091, 54.7467079 ], [ -2.1119809, 54.7465473 ], [ -2.1109879, 54.746585 ], [ -2.1112368, 54.7476476 ], [ -2.115203, 54.7475515 ], [ -2.1152783, 54.7475595 ], [ -2.115314, 54.7475483 ], [ -2.1177241, 54.7474897 ] ] ] ] } },
{ "type": "Feature", "properties": { "Title": "LT233230" }, "geometry": { "type": "MultiPolygon", "coordinates": [ [ [ [ -1.3173593, 52.7021818 ], [ -1.3172749, 52.7021264 ], [ -1.3138014, 52.7017942 ], [ -1.3135362, 52.702928 ], [ -1.3147284, 52.703524 ], [ -1.3149053, 52.7035021 ], [ -1.3149278, 52.7035109 ], [ -1.3158972, 52.7030061 ], [ -1.3173593, 52.7021818 ] ] ] ] } },
{ "type": "Feature", "properties": { "Title": "LT226571" }, "geometry": { "type": "MultiPolygon", "coordinates": [ [ [ [ -1.3111236, 52.7056192 ], [ -1.3138456, 52.7041397 ], [ -1.3148445, 52.7035672 ], [ -1.3148632, 52.7035818 ], [ -1.3149389, 52.7035214 ], [ -1.3149169, 52.7035007 ], [ -1.3147284, 52.703524 ], [ -1.3135362, 52.702928 ], [ -1.3124788, 52.7031328 ], [ -1.3128293, 52.7016612 ], [ -1.3076257, 52.7009743 ], [ -1.3069537, 52.7008551 ], [ -1.3069482, 52.700868 ], [ -1.3068307, 52.7008565 ], [ -1.3066504, 52.7016457 ], [ -1.3048475, 52.7011637 ], [ -1.3041516, 52.7020116 ], [ -1.3038992, 52.7023596 ], [ -1.3048163, 52.7025075 ], [ -1.3038999, 52.7034343 ], [ -1.3015836, 52.7030683 ], [ -1.3011096, 52.7035203 ], [ -1.3002947, 52.7045261 ], [ -1.2999347, 52.7048517 ], [ -1.2996682, 52.7050149 ], [ -1.2989154, 52.7053321 ], [ -1.2982012, 52.7055999 ], [ -1.300283, 52.7073066 ], [ -1.3032687, 52.7070566 ], [ -1.3033349, 52.7070667 ], [ -1.3057281, 52.7068917 ], [ -1.3057249, 52.7068577 ], [ -1.3063586, 52.7068134 ], [ -1.307034, 52.7067105 ], [ -1.308938, 52.706236 ], [ -1.3089898, 52.7062974 ], [ -1.3094863, 52.706174 ], [ -1.3107334, 52.7057638 ], [ -1.3110928, 52.7056088 ], [ -1.3111236, 52.7056192 ] ], [ [ -1.3081742, 52.7046512 ], [ -1.307996, 52.7047751 ], [ -1.3078381, 52.70482 ], [ -1.3077188, 52.7047908 ], [ -1.3076912, 52.7048017 ], [ -1.3077049, 52.7048482 ], [ -1.307382, 52.7050227 ], [ -1.3067091, 52.7052569 ], [ -1.3066224, 52.7052585 ], [ -1.3065466, 52.7052328 ], [ -1.306522, 52.7052009 ], [ -1.3066002, 52.7051468 ], [ -1.3062844, 52.7048042 ], [ -1.3062438, 52.7048158 ], [ -1.3059698, 52.7045757 ], [ -1.3071586, 52.7041605 ], [ -1.3072796, 52.7041539 ], [ -1.3075027, 52.7042091 ], [ -1.3076007, 52.7044027 ], [ -1.3076589, 52.7044694 ], [ -1.3076391, 52.7044901 ], [ -1.3076978, 52.7045273 ], [ -1.3077269, 52.7045162 ], [ -1.3079444, 52.7045992 ], [ -1.3080532, 52.7045994 ], [ -1.3081563, 52.7046034 ], [ -1.3081742, 52.7046512 ] ] ] ] } },
{ "type": "Feature", "properties": { "Title": "LT115824" }, "geometry": { "type": "MultiPolygon", "coordinates": [ [ [ [ -1.3401342, 52.7155069 ], [ -1.3412666, 52.7153958 ], [ -1.3424362, 52.7152144 ], [ -1.342862, 52.7151445 ], [ -1.3431796, 52.7150216 ], [ -1.3424805, 52.7143601 ], [ -1.3417548, 52.7136044 ], [ -1.3404707, 52.7136582 ], [ -1.340062, 52.7136936 ], [ -1.3401875, 52.7152428 ], [ -1.3401342, 52.7155069 ] ] ] ] } },
{ "type": "Feature", "properties": { "Title": "LT190688" }, "geometry": { "type": "MultiPolygon", "coordinates": [ [ [ [ -1.3165676, 52.7049277 ], [ -1.316679, 52.7050071 ], [ -1.3178405, 52.7040745 ], [ -1.3179249, 52.704056 ], [ -1.3188985, 52.7039822 ], [ -1.3190045, 52.7038344 ], [ -1.3192283, 52.703626 ], [ -1.3197276, 52.703017 ], [ -1.3198917, 52.7028091 ], [ -1.3202233, 52.7024065 ], [ -1.3174571, 52.7021477 ], [ -1.3154968, 52.7032466 ], [ -1.3149375, 52.7035221 ], [ -1.3148632, 52.7035818 ], [ -1.3160724, 52.704501 ], [ -1.3163146, 52.7046933 ], [ -1.3165676, 52.7049277 ] ] ] ] } },
{ "type": "Feature", "properties": { "Title": "LT219762" }, "geometry": { "type": "MultiPolygon", "coordinates": [ [ [ [ -1.3230974, 52.722212 ], [ -1.3207952, 52.7186531 ], [ -1.3187296, 52.7191525 ], [ -1.3184481, 52.7192332 ], [ -1.3183811, 52.7192255 ], [ -1.3186982, 52.7217287 ], [ -1.3186865, 52.7217904 ], [ -1.3198336, 52.7218616 ], [ -1.3220781, 52.7220942 ], [ -1.3230829, 52.7222413 ], [ -1.3230974, 52.722212 ] ] ] ] } },
{ "type": "Feature", "properties": { "Title": "LT193268" }, "geometry": { "type": "MultiPolygon", "coordinates": [ [ [ [ -1.3186995, 52.7051826 ], [ -1.3186836, 52.7051335 ], [ -1.3185958, 52.7051193 ], [ -1.3183546, 52.70532 ], [ -1.318176, 52.7053184 ], [ -1.3180823, 52.7052808 ], [ -1.3175401, 52.7052727 ], [ -1.31665, 52.7049979 ], [ -1.3163331, 52.7047246 ], [ -1.3161966, 52.7045967 ], [ -1.3152842, 52.7038981 ], [ -1.3148445, 52.7035672 ], [ -1.3136131, 52.7042728 ], [ -1.3125156, 52.7048626 ], [ -1.3111111, 52.705625 ], [ -1.3110928, 52.7056088 ], [ -1.3105608, 52.7058224 ], [ -1.3093332, 52.7062204 ], [ -1.3086161, 52.7063869 ], [ -1.3095623, 52.7072237 ], [ -1.3100139, 52.707655 ], [ -1.3125102, 52.7098267 ], [ -1.3125263, 52.7098404 ], [ -1.312853, 52.7096436 ], [ -1.3128163, 52.7096234 ], [ -1.3144261, 52.7086373 ], [ -1.314579, 52.7085095 ], [ -1.3163613, 52.7072375 ], [ -1.316662, 52.7069675 ], [ -1.3167875, 52.7069482 ], [ -1.317061, 52.7060291 ], [ -1.3170967, 52.7060308 ], [ -1.3171691, 52.7059514 ], [ -1.3172403, 52.7057969 ], [ -1.31746, 52.70562 ], [ -1.3175382, 52.7056312 ], [ -1.317619, 52.7053539 ], [ -1.3177097, 52.7053381 ], [ -1.3183817, 52.7053486 ], [ -1.3186085, 52.7052002 ], [ -1.3186995, 52.7051826 ] ] ] ] } },
{ "type": "Feature", "properties": { "Title": "LT188374" }, "geometry": { "type": "MultiPolygon", "coordinates": [ [ [ [ -1.3183173, 52.7058611 ], [ -1.3184234, 52.7055163 ], [ -1.3181311, 52.7054448 ], [ -1.3180604, 52.7054378 ], [ -1.3177441, 52.7054032 ], [ -1.317667, 52.7054453 ], [ -1.3176197, 52.7055951 ], [ -1.3176175, 52.7056865 ], [ -1.3176218, 52.7057452 ], [ -1.3177566, 52.7057844 ], [ -1.3183173, 52.7058611 ] ] ] ] } },
{ "type": "Feature", "properties": { "Title": "LT179527" }, "geometry": { "type": "MultiPolygon", "coordinates": [ [ [ [ -1.3179676, 52.7058456 ], [ -1.3176048, 52.7057874 ], [ -1.3175316, 52.7057376 ], [ -1.3175491, 52.7056338 ], [ -1.31746, 52.70562 ], [ -1.3172172, 52.7058169 ], [ -1.3171656, 52.7059679 ], [ -1.3171973, 52.7059861 ], [ -1.3176233, 52.7060441 ], [ -1.317611, 52.7060755 ], [ -1.3178766, 52.7061122 ], [ -1.3178869, 52.7060793 ], [ -1.3182803, 52.70614 ], [ -1.3182916, 52.70591 ], [ -1.3179676, 52.7058456 ] ] ] ] } },
{ "type": "Feature", "properties": { "Title": "LT148086" }, "geometry": { "type": "MultiPolygon", "coordinates": [ [ [ [ -1.304377, 52.7106395 ], [ -1.3029116, 52.709444 ], [ -1.3050453, 52.7085528 ], [ -1.3054036, 52.7088568 ], [ -1.3057674, 52.7087442 ], [ -1.3071517, 52.7078191 ], [ -1.3069781, 52.7076947 ], [ -1.30614, 52.7069709 ], [ -1.3033679, 52.7071224 ], [ -1.3005072, 52.7073472 ], [ -1.3003839, 52.7073959 ], [ -1.3003387, 52.7074233 ], [ -1.3001413, 52.7073205 ], [ -1.2999251, 52.7073349 ], [ -1.298395, 52.7076788 ], [ -1.2973705, 52.7079089 ], [ -1.2969028, 52.7079919 ], [ -1.2972715, 52.708239 ], [ -1.3001204, 52.7097086 ], [ -1.3032548, 52.7113593 ], [ -1.304377, 52.7106395 ] ] ] ] } },
{ "type": "Feature", "properties": { "Title": "LT113846" }, "geometry": { "type": "MultiPolygon", "coordinates": [ [ [ [ -1.3097574, 52.7172734 ], [ -1.305886, 52.7152395 ], [ -1.3050752, 52.7161323 ], [ -1.303831, 52.7176373 ], [ -1.3034205, 52.7181509 ], [ -1.3029489, 52.718836 ], [ -1.3028127, 52.7190885 ], [ -1.3035425, 52.7192314 ], [ -1.3040766, 52.7193278 ], [ -1.3049448, 52.7195308 ], [ -1.3062148, 52.7198277 ], [ -1.3067284, 52.7199304 ], [ -1.3080923, 52.7198584 ], [ -1.3082325, 52.7198566 ], [ -1.3085293, 52.7191826 ], [ -1.3085659, 52.7189391 ], [ -1.3087928, 52.7189885 ], [ -1.3097574, 52.7172734 ] ] ] ] } },
{ "type": "Feature", "properties": { "Title": "LT91260" }, "geometry": { "type": "MultiPolygon", "coordinates": [ [ [ [ -1.3353941, 52.7097693 ], [ -1.3355845, 52.7098728 ], [ -1.3360234, 52.7093291 ], [ -1.3356978, 52.7092537 ], [ -1.3356772, 52.7092848 ], [ -1.33562, 52.7092722 ], [ -1.3356395, 52.7092424 ], [ -1.3353993, 52.7091922 ], [ -1.3352443, 52.7091535 ], [ -1.3349296, 52.7095162 ], [ -1.3353941, 52.7097693 ] ] ] ] } },
{ "type": "Feature", "properties": { "Title": "LT84809" }, "geometry": { "type": "MultiPolygon", "coordinates": [ [ [ [ -1.3409429, 52.7127891 ], [ -1.3408108, 52.7127242 ], [ -1.3405298, 52.712746 ], [ -1.3399447, 52.7127088 ], [ -1.3400251, 52.7134993 ], [ -1.3400576, 52.7136455 ], [ -1.3400619, 52.7136931 ], [ -1.3406032, 52.7136479 ], [ -1.3417548, 52.7136044 ], [ -1.3409429, 52.7127891 ] ] ] ] } },
{ "type": "Feature", "properties": { "Title": "LL399200" }, "geometry": { "type": "MultiPolygon", "coordinates": [ [ [ [ -0.1774609, 53.1291229 ], [ -0.1785783, 53.1278204 ], [ -0.1790495, 53.1273063 ], [ -0.1792616, 53.1273259 ], [ -0.1792734, 53.1264573 ], [ -0.179192, 53.1261154 ], [ -0.1791451, 53.1259533 ], [ -0.1790053, 53.1255679 ], [ -0.1788855, 53.1246559 ], [ -0.1788814, 53.1245777 ], [ -0.1782254, 53.124594 ], [ -0.1773514, 53.1246881 ], [ -0.1772832, 53.1247067 ], [ -0.1761403, 53.1246432 ], [ -0.1761045, 53.1246928 ], [ -0.1760632, 53.1248995 ], [ -0.1759814, 53.1249297 ], [ -0.1754344, 53.1267166 ], [ -0.1754179, 53.1267209 ], [ -0.175417, 53.1267574 ], [ -0.1753751, 53.127 ], [ -0.1753312, 53.1270149 ], [ -0.1750164, 53.1277013 ], [ -0.1742621, 53.1290792 ], [ -0.1732954, 53.1309012 ], [ -0.1731919, 53.1309633 ], [ -0.1731571, 53.1309361 ], [ -0.168214, 53.130087 ], [ -0.1680953, 53.1300951 ], [ -0.1669128, 53.1307522 ], [ -0.1664579, 53.1309874 ], [ -0.1662415, 53.1310574 ], [ -0.1657943, 53.1311359 ], [ -0.1654735, 53.1311564 ], [ -0.1652911, 53.1312968 ], [ -0.1649217, 53.1317182 ], [ -0.1646269, 53.1320343 ], [ -0.1642763, 53.132344 ], [ -0.1647327, 53.1324979 ], [ -0.1667062, 53.1332339 ], [ -0.1668604, 53.133275 ], [ -0.1680134, 53.1337414 ], [ -0.168026, 53.1337524 ], [ -0.1687028, 53.1337438 ], [ -0.1688312, 53.1337758 ], [ -0.1689414, 53.1339141 ], [ -0.1701568, 53.1341208 ], [ -0.1711204, 53.1342617 ], [ -0.1732242, 53.1346343 ], [ -0.1739564, 53.1347757 ], [ -0.1747245, 53.1348989 ], [ -0.1750826, 53.1338531 ], [ -0.1751712, 53.1334192 ], [ -0.1755009, 53.1328688 ], [ -0.1758627, 53.1324886 ], [ -0.1768366, 53.1316165 ], [ -0.1771329, 53.1313505 ], [ -0.1793914, 53.1295691 ], [ -0.1787492, 53.1293548 ], [ -0.1774609, 53.1291229 ] ] ] ] } },
{ "type": "Feature", "properties": { "Title": "DN453189" }, "geometry": { "type": "MultiPolygon", "coordinates": [ [ [ [ -3.473188, 50.7116421 ], [ -3.4724905, 50.7118394 ], [ -3.4719724, 50.7121578 ], [ -3.4713778, 50.7125996 ], [ -3.4709584, 50.7129388 ], [ -3.4709824, 50.7129652 ], [ -3.4717804, 50.7123289 ], [ -3.472489, 50.7118735 ], [ -3.472807, 50.7117729 ], [ -3.4731912, 50.7116699 ], [ -3.473188, 50.7116421 ] ] ] ] } },
{ "type": "Feature", "properties": { "Title": "AGL431619" }, "geometry": { "type": "MultiPolygon", "coordinates": [ [ [ [ -0.2713954, 51.5173049 ], [ -0.2712271, 51.5170344 ], [ -0.270993, 51.5170413 ], [ -0.2703575, 51.5171551 ], [ -0.2696423, 51.5172551 ], [ -0.2693077, 51.5173177 ], [ -0.2692897, 51.5172801 ], [ -0.2679969, 51.5175259 ], [ -0.2670699, 51.5177208 ], [ -0.2668872, 51.5178067 ], [ -0.2670686, 51.5180967 ], [ -0.2671003, 51.5181761 ], [ -0.2671296, 51.5182244 ], [ -0.267272, 51.5181939 ], [ -0.2673612, 51.5183704 ], [ -0.2687255, 51.5180682 ], [ -0.269643, 51.5178084 ], [ -0.2696724, 51.5178498 ], [ -0.2713954, 51.5173049 ] ] ] ] } },
{ "type": "Feature", "properties": { "Title": "WYK844056" }, "geometry": { "type": "MultiPolygon", "coordinates": [ [ [ [ -1.6580769, 53.6754819 ], [ -1.6582036, 53.6754452 ], [ -1.6583369, 53.67559 ], [ -1.6589124, 53.6753863 ], [ -1.6585044, 53.674913 ], [ -1.6584088, 53.6749366 ], [ -1.6577745, 53.6751012 ], [ -1.6578481, 53.6752357 ], [ -1.6578146, 53.6752685 ], [ -1.6580555, 53.6755706 ], [ -1.658136, 53.6755475 ], [ -1.6580769, 53.6754819 ] ] ], [ [ [ -1.6587785, 53.6762197 ], [ -1.6588757, 53.6763132 ], [ -1.6601809, 53.6758458 ], [ -1.6611394, 53.6754315 ], [ -1.662706, 53.6745016 ], [ -1.6636585, 53.6738855 ], [ -1.6639176, 53.6737554 ], [ -1.6640026, 53.6737237 ], [ -1.6641651, 53.6735696 ], [ -1.6642154, 53.6735176 ], [ -1.6644402, 53.6734048 ], [ -1.6642597, 53.6732024 ], [ -1.6636624, 53.6733902 ], [ -1.6635642, 53.6733756 ], [ -1.6626995, 53.6737039 ], [ -1.6617575, 53.6739538 ], [ -1.6604747, 53.6743794 ], [ -1.6606498, 53.6745809 ], [ -1.6601096, 53.6747712 ], [ -1.6603057, 53.6749926 ], [ -1.6600964, 53.675065 ], [ -1.6603352, 53.6752975 ], [ -1.6599534, 53.6754299 ], [ -1.6597341, 53.6752145 ], [ -1.6591934, 53.6753811 ], [ -1.6581973, 53.6757292 ], [ -1.6586601, 53.6762595 ], [ -1.6587785, 53.6762197 ] ] ] ] } },
{ "type": "Feature", "properties": { "Title": "WYK862695" }, "geometry": { "type": "MultiPolygon", "coordinates": [ [ [ [ -1.660253, 53.6749332 ], [ -1.6601096, 53.6747712 ], [ -1.6606498, 53.6745809 ], [ -1.6604747, 53.6743794 ], [ -1.6591635, 53.6747448 ], [ -1.6585044, 53.674913 ], [ -1.6585554, 53.6749703 ], [ -1.6585812, 53.6749627 ], [ -1.6589511, 53.6753669 ], [ -1.6590118, 53.6753459 ], [ -1.660253, 53.6749332 ] ] ] ] } }
]
}
