{"type":"FeatureCollection", "features": [
{"type":"Feature","geometry":{"type":"MultiPolygon","coordinates":[[[[-2.166765407542698,52.68917774932925],[-2.158599206362851,52.68081982713193],[-2.14634990459308,52.68499878823059],[-2.13410060282331,52.67914824269246],[-2.13410060282331,52.66076081385836],[-2.128656468703412,52.64237338502426],[-2.144988871063106,52.63401546282694],[-2.109601999283768,52.62565754062962],[-2.10415786516387,52.62231437175069],[-2.117768200463615,52.61228486511391],[-2.116407166933641,52.58804689074168],[-2.125934401643462,52.58052476076409],[-2.112324066343717,52.577181591885164],[-2.106879932223819,52.56213733192999],[-2.112324066343717,52.54876465641428],[-2.100074764573947,52.539570941997226],[-2.08918649633415,52.542914110876154],[-2.064687892794609,52.539570941997226],[-2.055160658084787,52.53204881201964],[-2.063326859264635,52.51700455206446],[-2.060604792204686,52.50363187654875],[-2.04699445690494,52.49527395435143],[-2.053799624554813,52.49109499325277],[-2.052438591024838,52.475214941077866],[-2.037467222195119,52.471035979979206],[-2.01977378630545,52.45682751224376],[-2.03474515513517,52.44763379782671],[-2.04699445690494,52.45014117448591],[-2.053799624554813,52.440947460068855],[-2.022495853365399,52.44178325228859],[-2.017051719245501,52.428410576772876],[-2.017051719245501,52.4133663168177],[-1.997997249825858,52.423395823454484],[-1.98983104864601,52.44011166784912],[-2.00480241747573,52.45097696670564],[-1.985747948056087,52.45097696670564],[-1.968054512166418,52.43844008340966],[-1.974859679816291,52.42590320011368],[-1.970776579226367,52.41670948569663],[-1.958527277456596,52.41420210903743],[-1.939472808036953,52.4158736934769],[-1.946277975686826,52.406679979059845],[-1.969415545696393,52.397486264642794],[-1.97758174687624,52.397486264642794],[-1.992553115705959,52.38662096578628],[-1.968054512166418,52.37491987471003],[-1.983025880996138,52.36739774473244],[-1.992553115705959,52.36990512139164],[-2.002080350415781,52.359039822535124],[-1.997997249825858,52.354860861436464],[-1.959888310986571,52.346502939239144],[-1.963971411576495,52.33730922482209],[-1.949000042746775,52.32811551040504],[-1.957166243926622,52.313071250449866],[-1.93538970744703,52.29635540605523],[-1.916335238027386,52.28799748385791],[-1.914974204497412,52.278803769440856],[-1.921779372147284,52.27128163946327],[-1.906808003317565,52.26710267836461],[-1.897280768607743,52.25958054838702],[-1.889114567427896,52.261252132826485],[-1.889114567427896,52.277967977221124],[-1.874143198598176,52.2905048605171],[-1.837395293288864,52.291340652736835],[-1.829229092109017,52.28799748385791],[-1.811535656219348,52.28883327607764],[-1.782953952089883,52.27295322390273],[-1.770704650320113,52.28381852275925],[-1.743483979720622,52.28549010719871],[-1.743483979720622,52.29384802939603],[-1.770704650320113,52.29719119827496],[-1.746206046780571,52.3139070426696],[-1.738039845600724,52.3139070426696],[-1.732595711480826,52.303877536032815],[-1.710819175001234,52.303877536032815],[-1.698569873231463,52.29635540605523],[-1.686320571461692,52.30053436715389],[-1.668627135572024,52.28465431497898],[-1.655016800272278,52.28632589941844],[-1.652294733212329,52.2930122371763],[-1.640045431442559,52.295519613835495],[-1.633240263792686,52.28465431497898],[-1.614185794373043,52.28131114610005],[-1.600575459073298,52.28799748385791],[-1.618268894962966,52.295519613835495],[-1.633240263792686,52.30638491269201],[-1.629157163202763,52.31557862710906],[-1.633240263792686,52.32310075708665],[-1.620990962022915,52.3322944715037],[-1.612824760843068,52.32393654930638],[-1.591048224363476,52.32393654930638],[-1.567910654353909,52.33145867928397],[-1.546134117874317,52.34483135479968],[-1.542051017284393,52.35402506921673],[-1.524357581394725,52.36154719919432],[-1.539328950224444,52.3740840824903],[-1.527079648454674,52.37491987471003],[-1.514830346684903,52.359039822535124],[-1.50802517903503,52.368233536952175],[-1.482165541965514,52.372412498050835],[-1.478082441375591,52.37826304358896],[-1.453583837836049,52.36990512139164],[-1.454944871366024,52.38244200468762],[-1.467194173135795,52.38160621246789],[-1.475360374315642,52.389964134665206],[-1.463111072545871,52.3924715113244],[-1.448139703716151,52.384949381346814],[-1.433168334886432,52.389128342445474],[-1.40866973134689,52.389128342445474],[-1.403225597226992,52.380770420248155],[-1.392337328987196,52.38244200468762],[-1.400503530167043,52.39581468020333],[-1.422280066646636,52.397486264642794],[-1.419557999586686,52.40584418684011],[-1.384171127807349,52.40751577127958],[-1.376004926627502,52.40082943352172],[-1.363755624857731,52.398322056862526],[-1.341979088378139,52.40500839462038],[-1.352867356617935,52.4133663168177],[-1.346062188968062,52.424231615674216],[-1.332451853668317,52.42256003123475],[-1.333812887198292,52.431753745651804],[-1.343340121908113,52.434261122311],[-1.35422839014791,52.427574784553144],[-1.365116658387706,52.43091795343207],[-1.376004926627502,52.44763379782671],[-1.358311490737833,52.44846959004644],[-1.355589423677884,52.45849909668323],[-1.344701155438088,52.46351385000162],[-1.35422839014791,52.47772231773706],[-1.36647769191768,52.47688652551733],[-1.361033557797782,52.49025920103304],[-1.332451853668317,52.50279608432902],[-1.325646686018445,52.51198979874607],[-1.340618054848164,52.526198266481515],[-1.359672524267808,52.53789935755776],[-1.3814490607474,52.534556188678835],[-1.389615261927247,52.539570941997226],[-1.390976295457222,52.54876465641428],[-1.40866973134689,52.54625727975508],[-1.422280066646636,52.581360552983824],[-1.431807301356457,52.59222585184034],[-1.429085234296508,52.59724060515873],[-1.446778670186177,52.60476273513632],[-1.42364110017661,52.615628033992834],[-1.429085234296508,52.620642787311226],[-1.418196966056712,52.62732912506908],[-1.461750039015897,52.62732912506908],[-1.461750039015897,52.637358631705865],[-1.449500737246126,52.64320917724399],[-1.446778670186177,52.649895515001845],[-1.456305904895999,52.65741764497943],[-1.471277273725718,52.654910268320236],[-1.468555206665769,52.67664086603327],[-1.456305904895999,52.684162996010855],[-1.454944871366024,52.696699879306834],[-1.476721407845616,52.70672938594362],[-1.454944871366024,52.718430477019865],[-1.446778670186177,52.70840097038308],[-1.437251435476355,52.70756517816335],[-1.449500737246126,52.735146321414504],[-1.416835932526737,52.73013156809611],[-1.414113865466788,52.73681790585397],[-1.422280066646636,52.743504243611824],[-1.395059396047145,52.75186216580914],[-1.403225597226992,52.75520533468807],[-1.449500737246126,52.756876919127535],[-1.463111072545871,52.765234841324855],[-1.473999340785667,52.765234841324855],[-1.491692776675336,52.75436954246834],[-1.49577587726526,52.748518996930216],[-1.513469313154928,52.75436954246834],[-1.512108279624954,52.76857801020378],[-1.52299654786475,52.76857801020378],[-1.525718614924699,52.778607516840566],[-1.542051017284393,52.781950685719494],[-1.561105486704037,52.78027910128003],[-1.571993754943833,52.78863702347735],[-1.582882023183629,52.79030860791681],[-1.593770291423425,52.781950685719494],[-1.608741660253145,52.791144400136545],[-1.593770291423425,52.80702445231145],[-1.618268894962966,52.81036762119038],[-1.633240263792686,52.81788975116797],[-1.648211632622406,52.80535286787199],[-1.650933699682355,52.79699494567467],[-1.63732336438261,52.781950685719494],[-1.646850599092431,52.76439904910512],[-1.627796129672788,52.7560411269078],[-1.626435096142814,52.74684741249075],[-1.648211632622406,52.73848949029343],[-1.644128532032482,52.73263894475531],[-1.648211632622406,52.71174413926201],[-1.63732336438261,52.710072554822545],[-1.631879230262712,52.6983714637463],[-1.650933699682355,52.693356710427906],[-1.635962330852635,52.68583458045032],[-1.641406464972533,52.67914824269246],[-1.667266102042049,52.663268190517556],[-1.67951540381182,52.675805073813535],[-1.682237470871769,52.68917774932925],[-1.675432303221896,52.6983714637463],[-1.697208839701489,52.70338621706469],[-1.698569873231463,52.72093785367906],[-1.706395816028817,52.72929577587638],[-1.722728218388511,52.72762419143692],[-1.732595711480826,52.73535526946944],[-1.70673607441131,52.74266845139209],[-1.714902275591157,52.752697958028875],[-1.702652973821387,52.75353375024861],[-1.693125739111565,52.76607063354459],[-1.67951540381182,52.777771724620834],[-1.686320571461692,52.781950685719494],[-1.699930906761438,52.76690642576432],[-1.738039845600724,52.770249594643246],[-1.753011214430444,52.75938429578673],[-1.762538449140266,52.74183265917236],[-1.797925320919603,52.748518996930216],[-1.796564287389629,52.76439904910512],[-1.834332967846422,52.74768320471048],[-1.846922527998686,52.75186216580914],[-1.864615963888355,52.75102637358941],[-1.871421131538227,52.74517582805129],[-1.898641802137718,52.74684741249075],[-1.924501439207233,52.75938429578673],[-1.934028673917055,52.76022008800646],[-1.93538970744703,52.74601162027102],[-1.916335238027386,52.7376536980737],[-1.909530070377514,52.71341572370147],[-1.931306606857106,52.71508730814094],[-1.9476390092168,52.71174413926201],[-1.961249344516546,52.72177364589879],[-1.972137612756342,52.71508730814094],[-1.983025880996138,52.726788399217185],[-1.997997249825858,52.72762419143692],[-2.021134819835424,52.72177364589879],[-2.044272389844991,52.71090834704228],[-2.038828255725093,52.700878840405494],[-2.071493060444482,52.69920725596603],[-2.068770993384533,52.692520918208174],[-2.086464429274201,52.69168512598844],[-2.106879932223819,52.69920725596603],[-2.117768200463615,52.70923676260281],[-2.101435798103921,52.71592310036067],[-2.101435798103921,52.72762419143692],[-2.113685099873692,52.735146321414504],[-2.128656468703412,52.72093785367906],[-2.128656468703412,52.70923676260281],[-2.151794038712978,52.696699879306834],[-2.170848508132622,52.70004304818576],[-2.181736776372418,52.693356710427906],[-2.166765407542698,52.68917774932925]],[[-2.128656468703412,52.66911873605568],[-2.109601999283768,52.67079032049514],[-2.098713731043972,52.66577556717675],[-2.093269596924074,52.65741764497943],[-2.110963032813743,52.654910268320236],[-2.128656468703412,52.66911873605568]],[[-2.085103395744227,52.61395644955337],[-2.070132026914507,52.62983650172828],[-2.045633423374966,52.616463826212566],[-2.038828255725093,52.61897120287176],[-2.041550322785042,52.63067229394801],[-2.027939987485297,52.62732912506908],[-2.025217920425348,52.615628033992834],[-2.059243758674711,52.60810590401525],[-2.070132026914507,52.60810590401525],[-2.085103395744227,52.61395644955337]],[[-2.006163451005705,52.637358631705865],[-2.003441383945756,52.64738813834265],[-1.992553115705959,52.64905972278211],[-1.992553115705959,52.6356870472664],[-2.006163451005705,52.637358631705865]],[[-1.860532863298431,52.74684741249075],[-1.844200460938737,52.74684741249075],[-1.837395293288864,52.7376536980737],[-1.844200460938737,52.731803152535576],[-1.857810796238482,52.740161074732896],[-1.860532863298431,52.74684741249075]],[[-1.735317778540775,52.718430477019865],[-1.718985376181081,52.71508730814094],[-1.740761912660673,52.69001354154898],[-1.740761912660673,52.71341572370147],[-1.735317778540775,52.718430477019865]],[[-1.82106289092917,52.730967360315844],[-1.804730488569476,52.735982113634236],[-1.792481186799705,52.73347473697504],[-1.811535656219348,52.72177364589879],[-1.82106289092917,52.730967360315844]],[[-1.746206046780571,52.74684741249075],[-1.746206046780571,52.756876919127535],[-1.735317778540775,52.756876919127535],[-1.731234677950852,52.74935478914995],[-1.746206046780571,52.74684741249075]],[[-1.62235199555289,52.70255042484496],[-1.625074062612839,52.714251515921205],[-1.606019593193196,52.71592310036067],[-1.614185794373043,52.70422200928442],[-1.62235199555289,52.70255042484496]],[[-1.606019593193196,52.64070180058479],[-1.597853392013349,52.645716553903185],[-1.5951313249534,52.65574606053997],[-1.584243056713603,52.654074476100504],[-1.592409257893451,52.64237338502426],[-1.606019593193196,52.64070180058479]],[[-1.454944871366024,52.616463826212566],[-1.446778670186177,52.62147857953096],[-1.429085234296508,52.61897120287176],[-1.435890401946381,52.611449072894175],[-1.454944871366024,52.616463826212566]],[[-1.448139703716151,52.582196345203556],[-1.459027971955948,52.58888268296141],[-1.449500737246126,52.594733228499535],[-1.434529368416406,52.59556902071927],[-1.434529368416406,52.58386792964302],[-1.448139703716151,52.582196345203556]],[[-1.533884816104546,52.758548503567],[-1.524357581394725,52.75771271134727],[-1.521635514334776,52.74935478914995],[-1.53796791669447,52.75102637358941],[-1.533884816104546,52.758548503567]],[[-1.931306606857106,52.35235348477727],[-1.919057305087335,52.34483135479968],[-1.932667640387081,52.33981660148129],[-1.931306606857106,52.35235348477727]],[[-1.591048224363476,52.325608133745845],[-1.601936492603272,52.325608133745845],[-1.611463727313094,52.33145867928397],[-1.60738062672317,52.342323978140485],[-1.593770291423425,52.3322944715037],[-1.591048224363476,52.325608133745845]],[[-1.501220011385158,52.509482422086876],[-1.494414843735285,52.50697504542768],[-1.498497944325209,52.4944381621317],[-1.514830346684903,52.4944381621317],[-1.521635514334776,52.500288707669824],[-1.501220011385158,52.509482422086876]],[[-1.430446267826483,52.41253052459797],[-1.416835932526737,52.42088844679529],[-1.411391798406839,52.40918735571904],[-1.430446267826483,52.41253052459797]],[[-1.405947664286941,52.48608023993438],[-1.419557999586686,52.48440865549492],[-1.426363167236559,52.491930785472505],[-1.411391798406839,52.496109746571165],[-1.405947664286941,52.48608023993438]],[[-1.433168334886432,52.52285509760259],[-1.416835932526737,52.52452668204205],[-1.397781463107094,52.52285509760259],[-1.377365960157476,52.51700455206446],[-1.39642042957712,52.505303460988216],[-1.414113865466788,52.50279608432902],[-1.422280066646636,52.51449717540527],[-1.433168334886432,52.52285509760259]]],[[[-1.665905068512075,52.79448756901547],[-1.671349202631973,52.7978307378944],[-1.687681604991667,52.791144400136545],[-1.678154370281845,52.78362227015896],[-1.6645440349821,52.786965439037886],[-1.665905068512075,52.79448756901547]]],[[[-2.052438591024838,52.34148818592075],[-2.027939987485297,52.35653244587593],[-2.038828255725093,52.359875614754856],[-2.026578953955323,52.36906932917191],[-2.059243758674711,52.36739774473244],[-2.052438591024838,52.359875614754856],[-2.052438591024838,52.34148818592075]]],[[[-1.611463727313094,52.244536288431846],[-1.600575459073298,52.26459530170541],[-1.615546827903017,52.26710267836461],[-1.625074062612839,52.25623737950809],[-1.611463727313094,52.244536288431846]]],[[[-1.235818473040126,52.40835156349931],[-1.219486070680432,52.40835156349931],[-1.208597802440636,52.42172423901502],[-1.220847104210407,52.42924636899261],[-1.230374338920228,52.42172423901502],[-1.246706741279922,52.41670948569663],[-1.260317076579668,52.40333681018092],[-1.250789841869846,52.394143095763866],[-1.23990157363005,52.3924715113244],[-1.230374338920228,52.40500839462038],[-1.235818473040126,52.40835156349931]]]]},"properties":{"search_id":"Search 0","Asset":"Birmingham"}},
{"type":"Feature","geometry":{"type":"Polygon","coordinates":[[[-1.842128320480697,53.654451444745064],[-1.824259350309148,53.64765863661887],[-1.793394765467383,53.64668823545799],[-1.78364805446472,53.652510642423294],[-1.799892572802491,53.66609625867568],[-1.808014831971377,53.67677067144541],[-1.793394765467383,53.677741072606295],[-1.775525795295835,53.663185055193026],[-1.765779084293172,53.667066659836564],[-1.747910114121623,53.6583330493886],[-1.744661210454069,53.652510642423294],[-1.730041143950075,53.64959943894064],[-1.717045529279858,53.65542184590595],[-1.704049914609641,53.65542184590595],[-1.686180944438092,53.648629037779756],[-1.681307588936761,53.636013822688255],[-1.699176559108309,53.63892502617091],[-1.710547721944749,53.636013822688255],[-1.730041143950075,53.6457178342971],[-1.734914499451406,53.64280663081445],[-1.721918884781189,53.625339409918524],[-1.682932040770538,53.625339409918524],[-1.666687522432767,53.61757620063145],[-1.668311974266544,53.610783392505255],[-1.647194100427441,53.60981299134437],[-1.66506307059899,53.59137536928756],[-1.652067455928773,53.579730555356946],[-1.663438618765213,53.57293774723075],[-1.652067455928773,53.56808574142633],[-1.640696293092333,53.57681935187429],[-1.629325130255893,53.579730555356946],[-1.601709449081682,53.57876015419606],[-1.601709449081682,53.567115340265445],[-1.613080611918122,53.56420413678279],[-1.626076226588339,53.5700265437481],[-1.63094958208967,53.55935213097837],[-1.613080611918122,53.56032253213925],[-1.611456160084344,53.5321808984736],[-1.590338286245242,53.53897370659979],[-1.57409376790747,53.53897370659979],[-1.564347056904808,53.5195656833821],[-1.549726990400814,53.5321808984736],[-1.518862405559048,53.53315129963448],[-1.504242339055054,53.538003305438906],[-1.471753302379511,53.5321808984736],[-1.484748917049728,53.51859528222121],[-1.487997820717283,53.5069504682906],[-1.5009934353875,53.49336485203821],[-1.494495628052391,53.47977923578583],[-1.470128850545734,53.4943352531991],[-1.460382139543071,53.49045364855556],[-1.442513169371523,53.50112806132529],[-1.440888717537746,53.50986167177325],[-1.475002206047066,53.512772875255905],[-1.460382139543071,53.53315129963448],[-1.460382139543071,53.5447961135651],[-1.437639813870192,53.5447961135651],[-1.436015362036414,53.55547052633483],[-1.418146391864866,53.56614493910456],[-1.400277421693318,53.56323373562191],[-1.400277421693318,53.57293774723075],[-1.380783999687992,53.567115340265445],[-1.361290577682666,53.57487854955252],[-1.354792770347558,53.56323373562191],[-1.356417222181335,53.552559322852176],[-1.340172703843564,53.5447961135651],[-1.335299348342232,53.54964811936952],[-1.348294963012449,53.5574113286566],[-1.343421607511118,53.57390814839164],[-1.333674896508455,53.579730555356946],[-1.297936956165358,53.579730555356946],[-1.301185859832913,53.5700265437481],[-1.29143914883025,53.56614493910456],[-1.275194630492479,53.56614493910456],[-1.270321274991147,53.55547052633483],[-1.327177089173347,53.552559322852176],[-1.330425992840901,53.53315129963448],[-1.340172703843564,53.54091450892156],[-1.349919414846227,53.53121049731271],[-1.333674896508455,53.529269694990944],[-1.328801541007124,53.51859528222121],[-1.317430378170684,53.51568407873856],[-1.301185859832913,53.527328892669175],[-1.289814696996473,53.52441768918652],[-1.271945726824924,53.51374327641679],[-1.250827852985822,53.50889127061237],[-1.232958882814273,53.50792086945148],[-1.22321217181161,53.51180247409502],[-1.203718749806285,53.51180247409502],[-1.195596490637399,53.49918725900352],[-1.197220942471176,53.49045364855556],[-1.190723135136068,53.48074963694671],[-1.146862935624085,53.49142404971644],[-1.140365128288977,53.50112806132529],[-1.146862935624085,53.50889127061237],[-1.120871706283651,53.514713677577674],[-1.10462718794588,53.52635849150829],[-1.10462718794588,53.541884910082445],[-1.122496158117428,53.54285531124333],[-1.117622802616097,53.55158892169129],[-1.119247254449874,53.56808574142633],[-1.128993965452537,53.57415074868186],[-1.098129380610771,53.58652336348314],[-1.081884862273,53.596227375091985],[-1.083509314106777,53.60302018321818],[-1.05914253660012,53.60204978205729],[-1.049395825597458,53.60593138670083],[-1.04777137376368,53.61660579947056],[-1.064015892101452,53.62242820643587],[-1.064015892101452,53.636013822688255],[-1.04777137376368,53.64377703197533],[-1.039649114594795,53.63892502617091],[-1.020155692589469,53.64086582849268],[-1.005535626085475,53.6457178342971],[-0.992540011415258,53.62825061340118],[-0.999037818750367,53.61660579947056],[-1.013657885254361,53.619517002953216],[-1.016906788921915,53.60981299134437],[-0.999037818750367,53.612724194827024],[-0.984417752246372,53.60399058437906],[-1.000662270584144,53.598168177413754],[-1.002286722417921,53.59137536928756],[-1.018531240755692,53.59137536928756],[-1.023404596257024,53.58458256116137],[-1.008784529753029,53.57778975303518],[-0.973046589409932,53.56808574142633],[-0.958426522905938,53.58070095651783],[-0.956802071072161,53.58749376464402],[-0.935684197233059,53.594286572770216],[-0.937308649066836,53.61660579947056],[-0.945430908235721,53.625339409918524],[-0.92918638989795,53.63504342152737],[-0.947055360069498,53.64377703197533],[-0.937308649066836,53.65736264822772],[-0.950304263737053,53.65736264822772],[-0.94055755273439,53.66900746215833],[-0.92918638989795,53.66997786331922],[-0.92918638989795,53.68744508421514],[-0.901570708723739,53.690356287697796],[-0.89507290138863,53.696178694663104],[-0.862583864713088,53.69059888798802],[-0.867457220214419,53.70103070046753],[-0.859334961045533,53.70588270627195],[-0.860959412879311,53.71655711904168],[-0.882077286718413,53.717527520202566],[-0.878828383050859,53.72723153181141],[-0.844714894541539,53.734024339937605],[-0.843090442707762,53.746639555029105],[-0.833343731705099,53.75440276431618],[-0.828470376203768,53.765077177085914],[-0.808976954198442,53.77089958405122],[-0.808976954198442,53.7786627933383],[-0.838217087206431,53.76895878172945],[-0.864208316546865,53.75731396779884],[-0.891823997721076,53.75440276431618],[-0.921064130729064,53.76216597360326],[-0.96329987840727,53.76798838056857],[-0.968173233908601,53.78060359566007],[-0.98604220408015,53.777692392177414],[-0.987666655913927,53.80777482816484],[-0.97467104124371,53.815538037451915],[-0.984417752246372,53.82718285138253],[-0.992540011415258,53.82039004325634],[-1.031526855425909,53.82039004325634],[-1.020155692589469,53.8291236537043],[-1.044522470096126,53.832034857186954],[-1.046146921929903,53.842709269956686],[-1.036400210927241,53.85047247924376],[-1.055893632932566,53.85629488620907],[-1.05914253660012,53.840768467634916],[-1.072138151270337,53.8291236537043],[-1.055893632932566,53.82524204906076],[-1.049395825597458,53.819419642095454],[-1.04777137376368,53.803165422650636],[-1.055893632932566,53.79807081655599],[-1.090007121441886,53.81844924093457],[-1.103002736112103,53.81844924093457],[-1.114373898948543,53.82330124673899],[-1.112749447114766,53.8417388687958],[-1.128993965452537,53.83785726415226],[-1.154985194792971,53.84562047343934],[-1.197220942471176,53.85338368272642],[-1.228085527312942,53.86211729317438],[-1.255701208487153,53.87473250826588],[-1.231334430980496,53.88346611871384],[-1.205343201640062,53.898992537287995],[-1.23458333464805,53.9048149442533],[-1.23458333464805,53.89511093264446],[-1.254076756653376,53.89317013032269],[-1.276819082326256,53.900933339609765],[-1.286565793328919,53.898992537287995],[-1.301185859832913,53.90384454309242],[-1.320679281838238,53.915489357023034],[-1.320679281838238,53.92713417095365],[-1.343421607511118,53.92519336863188],[-1.351543866680004,53.93198617675807],[-1.340172703843564,53.944601391849574],[-1.359666125848889,53.94848299649311],[-1.371037288685329,53.96109821158461],[-1.374286192352884,53.97080222319346],[-1.388906258856878,53.965950217389036],[-1.392155162524432,53.95236460113665],[-1.406775229028426,53.94751259533223],[-1.403526325360872,53.93780858372338],[-1.419770843698643,53.926163769792765],[-1.416521940031089,53.91840056050569],[-1.427893102867529,53.911607752379496],[-1.463631043210626,53.90190374077065],[-1.462006591376849,53.89317013032269],[-1.449010976706631,53.88734772335738],[-1.439264265703969,53.875702909426764],[-1.426268651033752,53.88152531639207],[-1.405150777194649,53.87667331058765],[-1.400277421693318,53.869880502461456],[-1.414897488197312,53.86308769433526],[-1.436015362036414,53.85823568853084],[-1.436015362036414,53.85241328156553],[-1.447386524872854,53.84562047343934],[-1.457133235875517,53.84562047343934],[-1.46687994687818,53.85338368272642],[-1.486373368883505,53.84562047343934],[-1.47825110971462,53.83106445602607],[-1.492871176218614,53.832034857186954],[-1.505866790888831,53.8417388687958],[-1.520486857392825,53.840768467634916],[-1.535106923896819,53.84756127576111],[-1.551351442234591,53.8417388687958],[-1.572469316073693,53.83882766531315],[-1.577342671575025,53.833975659508724],[-1.593587189912796,53.84562047343934],[-1.624451774754561,53.8291236537043],[-1.622827322920784,53.82233084557811],[-1.674809781601653,53.82621245022165],[-1.684556492604315,53.832034857186954],[-1.697552107274532,53.830094054865185],[-1.679683137102984,53.819419642095454],[-1.704049914609641,53.804863624682184],[-1.720294432947412,53.82427164789988],[-1.733290047617629,53.82427164789988],[-1.754407921456732,53.81165643280838],[-1.751159017789178,53.79418921191245],[-1.769027987960726,53.78545560146449],[-1.786896958132274,53.78448520030361],[-1.827508253976703,53.775751589855645],[-1.842128320480697,53.76895878172945],[-1.843752772314474,53.750521159672644],[-1.850250579649583,53.73499474109849],[-1.859997290652245,53.73887634574203],[-1.877866260823794,53.73984674690291],[-1.881115164491348,53.7282019329723],[-1.876241808990017,53.71170511323726],[-1.8632461943198,53.717527520202566],[-1.84050386864692,53.71364591555903],[-1.835630513145588,53.706853107432835],[-1.81776154297404,53.70782350859372],[-1.861621742486022,53.675800270284526],[-1.861621742486022,53.66609625867568],[-1.869744001654908,53.65930345054949],[-1.842128320480697,53.654451444745064]],[[-1.617953967419453,53.60204978205729],[-1.634198485757224,53.596227375091985],[-1.647194100427441,53.596227375091985],[-1.647194100427441,53.60399058437906],[-1.629325130255893,53.606901787861716],[-1.617953967419453,53.60204978205729]],[[-1.695927655440755,53.66027385171037],[-1.694303203606978,53.663185055193026],[-1.66506307059899,53.6709482644801],[-1.648818552261218,53.667066659836564],[-1.66506307059899,53.65736264822772],[-1.681307588936761,53.65154024126241],[-1.694303203606978,53.65348104358418],[-1.695927655440755,53.66027385171037]],[[-1.258950112154707,53.56614493910456],[-1.260574563988484,53.57293774723075],[-1.242705593816936,53.581671357678715],[-1.228085527312942,53.57293774723075],[-1.239456690149382,53.56614493910456],[-1.249203401152045,53.5700265437481],[-1.258950112154707,53.56614493910456]],[[-1.265447919489816,53.53121049731271],[-1.254076756653376,53.5321808984736],[-1.250827852985822,53.52441768918652],[-1.263823467656039,53.52247688686475],[-1.265447919489816,53.53121049731271]],[[-1.244330045650713,53.514713677577674],[-1.241081141983159,53.52635849150829],[-1.218338816310279,53.53412170079537],[-1.216714364476502,53.527328892669175],[-1.198845394304954,53.52247688686475],[-1.206967653473839,53.51374327641679],[-1.224836623645388,53.516654479899444],[-1.244330045650713,53.514713677577674]],[[-1.09325602510944,53.64765863661887],[-1.080260410439223,53.64765863661887],[-1.054269181098789,53.65542184590595],[-1.052644729265012,53.64280663081445],[-1.073762603104115,53.637954625010025],[-1.080260410439223,53.62825061340118],[-1.09325602510944,53.62825061340118],[-1.080260410439223,53.64183622965356],[-1.09325602510944,53.64765863661887]],[[-1.434390910202637,53.8417388687958],[-1.429517554701306,53.85241328156553],[-1.411648584529757,53.861146892013494],[-1.39865296985954,53.855324485048186],[-1.418146391864866,53.85144288040465],[-1.434390910202637,53.8417388687958]],[[-1.405150777194649,53.882495717552956],[-1.403526325360872,53.89511093264446],[-1.382408451521769,53.89996293844888],[-1.377535096020438,53.88734772335738],[-1.405150777194649,53.882495717552956]],[[-1.328801541007124,53.80971563048661],[-1.304434763500467,53.81262683396926],[-1.299561407999136,53.80583402584307],[-1.328801541007124,53.80971563048661]],[[-1.333674896508455,53.8417388687958],[-1.330425992840901,53.84756127576111],[-1.299561407999136,53.846590874600224],[-1.270321274991147,53.85047247924376],[-1.28006798599381,53.840768467634916],[-1.304434763500467,53.830094054865185],[-1.333674896508455,53.8417388687958]],[[-1.327177089173347,53.8921997291618],[-1.315805926336907,53.89317013032269],[-1.310932570835575,53.884436519874725],[-1.333674896508455,53.884436519874725],[-1.327177089173347,53.8921997291618]],[[-1.25732566032093,53.83688686299138],[-1.25732566032093,53.844650072278455],[-1.244330045650713,53.846590874600224],[-1.242705593816936,53.85338368272642],[-1.218338816310279,53.842709269956686],[-1.241081141983159,53.83300525834784],[-1.25732566032093,53.83688686299138]],[[-1.031526855425909,53.661244252871256],[-1.008784529753029,53.664883257224574],[-1.003911174251698,53.65639224706683],[-1.034775759093463,53.65348104358418],[-1.031526855425909,53.661244252871256]],[[-1.005535626085475,53.719468322524335],[-0.995788915082812,53.72529072948964],[-0.98604220408015,53.71364591555903],[-1.002286722417921,53.71364591555903],[-1.005535626085475,53.719468322524335]],[[-0.989291107747704,53.76580497795658],[-0.979544396745041,53.75828436895972],[-0.969797685742378,53.76216597360326],[-0.943806456401944,53.76216597360326],[-0.911317419726402,53.75634356663795],[-0.899946256889962,53.75149156083353],[-0.901570708723739,53.744698752707336],[-0.893448449554853,53.737905944581144],[-0.893448449554853,53.730142735294066],[-0.90644406422507,53.71849792136345],[-0.930810841731727,53.71170511323726],[-0.95192871557083,53.71267551439814],[-0.95192871557083,53.71849792136345],[-0.968173233908601,53.732083537615836],[-0.966548782074824,53.7408171480638],[-0.98604220408015,53.750521159672644],[-0.999037818750367,53.746639555029105],[-1.012033433420584,53.73305393877672],[-1.023404596257024,53.73984674690291],[-1.010408981586806,53.74955075851176],[-1.016906788921915,53.75731396779884],[-0.999037818750367,53.7660475782468],[-0.989291107747704,53.76580497795658]],[[-1.205343201640062,53.844650072278455],[-1.190723135136068,53.84950207808288],[-1.169605261296965,53.842709269956686],[-1.180976424133405,53.83591646183049],[-1.190723135136068,53.83591646183049],[-1.205343201640062,53.844650072278455]],[[-1.151736291125417,53.84367967111757],[-1.141989580122754,53.83785726415226],[-1.171229713130742,53.82621245022165],[-1.164731905795634,53.84367967111757],[-1.151736291125417,53.84367967111757]],[[-1.005535626085475,53.80874522932572],[-0.990915559581481,53.80971563048661],[-0.990915559581481,53.80195242119953],[-1.002286722417921,53.799041217716876],[-1.005535626085475,53.80874522932572]]]},"properties":{"search_id":"Search 1","Asset":"Castleford"}},
{"type":"Feature","geometry":{"type":"Polygon","coordinates":[[[-1.582442083163187,53.50999352091458],[-1.579336210619658,53.50060316652525],[-1.568465656717308,53.497786060208455],[-1.563806847902015,53.48557859950233],[-1.582442083163187,53.48557859950233],[-1.596418509609066,53.48088342230767],[-1.582442083163187,53.47055403247941],[-1.559148039086722,53.46961499704048],[-1.554489230271429,53.4818224577466],[-1.537406931282021,53.47337113879621],[-1.537406931282021,53.467736926162615],[-1.51566582347732,53.456468500895426],[-1.517218759749085,53.436748756677844],[-1.497030588216148,53.41702901246026],[-1.497030588216148,53.4095167289488],[-1.506348205846734,53.40012637455948],[-1.500136460759677,53.39261409104802],[-1.503242333303206,53.38134566578083],[-1.500136460759677,53.36819916963577],[-1.484607098042034,53.35880881524645],[-1.484607098042034,53.34941846085712],[-1.500136460759677,53.3400281064678],[-1.512559950933792,53.33627196471207],[-1.524983441107906,53.323125468567014],[-1.523430504836142,53.31091800786089],[-1.512559950933792,53.308100901544094],[-1.520324632292613,53.29777151171584],[-1.521877568564378,53.28744212188758],[-1.531195186194964,53.263027200475335],[-1.542065740097314,53.26396623591427],[-1.546724548912607,53.24988070433028],[-1.520324632292613,53.25457588152494],[-1.517218759749085,53.24518552713562],[-1.523430504836142,53.23767324362416],[-1.501689397031441,53.23767324362416],[-1.506348205846734,53.22358771204017],[-1.514112887205556,53.217014463967644],[-1.498583524487913,53.205746038700454],[-1.514112887205556,53.20386796782259],[-1.534301058738492,53.19166050711647],[-1.51566582347732,53.1897824362386],[-1.507901142118499,53.18508725904394],[-1.503242333303206,53.16912365658209],[-1.489265906857327,53.16630655026529],[-1.475289480411448,53.1578552313149],[-1.46907773532439,53.13719645165838],[-1.481501225498505,53.12217188463546],[-1.459760117693804,53.11653767200187],[-1.475289480411448,53.099635034101084],[-1.489265906857327,53.09493985690642],[-1.486160034313798,53.07803721900564],[-1.472183607867919,53.06770782917738],[-1.497030588216148,53.06019554566592],[-1.476842416683212,53.05174422671553],[-1.45820718142204,53.0479880849598],[-1.441124882432632,53.03390255337581],[-1.431807264802046,53.032024482497945],[-1.420936710899696,53.04047580144834],[-1.413172029540874,53.039536766009405],[-1.413172029540874,53.028268340742216],[-1.400748539366759,53.032024482497945],[-1.360372196300887,53.039536766009405],[-1.352607514942065,53.05362229759339],[-1.34018402476795,53.05550036847126],[-1.326207598322071,53.047049049520865],[-1.332419343409128,53.043292907765135],[-1.324654662050307,53.02920737618115],[-1.313784108147956,53.028268340742216],[-1.319995853235014,53.01512184459716],[-1.292043000343256,52.99634113581851],[-1.288937127799727,52.98695078142919],[-1.274960701353848,52.99540210037958],[-1.250113721005619,52.993524029501714],[-1.233031422016211,52.98131656879559],[-1.22216086811386,52.982255604234524],[-1.208184441667981,52.975682356162],[-1.187996270135045,52.98413367511239],[-1.197313887765631,52.99164595862385],[-1.198866824037395,53.001975348452106],[-1.212843250483274,53.0104266674025],[-1.220607931842096,53.00385341932997],[-1.240796103375033,53.00291438389104],[-1.260984274907969,53.01512184459716],[-1.264090147451498,53.02263412810862],[-1.259431338636205,53.03671965969261],[-1.271854828810319,53.03671965969261],[-1.268748956266791,53.05550036847126],[-1.250113721005619,53.05550036847126],[-1.243901975918561,53.05925651022699],[-1.226819676929154,53.05268326215446],[-1.215949123026803,53.04423194320407],[-1.198866824037395,53.054561333032325],[-1.226819676929154,53.05643940391019],[-1.226819676929154,53.06395168742165],[-1.209737377939746,53.06864686461631],[-1.223713804385625,53.077098183566704],[-1.220607931842096,53.09024467971176],[-1.203525632852688,53.09306178602856],[-1.178678652504459,53.08930564427283],[-1.177125716232695,53.0827323962003],[-1.161596353515051,53.0827323962003],[-1.170913971145637,53.110903459368274],[-1.161596353515051,53.12592802639119],[-1.16470222605858,53.13907452253625],[-1.158490480971523,53.14846487692557],[-1.139855245710351,53.15034294780344],[-1.116561201633886,53.160672337631695],[-1.07152604975272,53.17287979833782],[-1.057549623306841,53.179453046410345],[-1.032702642958611,53.171940762898885],[-1.010961535153911,53.18508725904394],[-0.992326299892738,53.18508725904394],[-0.996985108708031,53.19729471975006],[-1.00009098125156,53.217953499406576],[-0.975244000903331,53.229221924673766],[-0.981455745990388,53.232978066429496],[-0.981455745990388,53.24612456257455],[-0.967479319544509,53.25645395240281],[-0.947291148011573,53.263027200475335],[-0.936420594109222,53.25809726442094],[-0.934867657837458,53.24988070433028],[-0.914679486304522,53.24142938537989],[-0.902255996130407,53.25457588152494],[-0.925550040206872,53.26114912959747],[-0.928655912750401,53.27241755486466],[-0.928655912750401,53.296832476276904],[-0.970585192088038,53.28838115732651],[-0.981455745990388,53.293076334521174],[-0.976796937175095,53.30903993698303],[-0.970585192088038,53.31279607873876],[-0.955055829370394,53.30152765347157],[-0.947291148011573,53.300588618032634],[-0.931761785293929,53.30997897242196],[-0.937973530380987,53.326881610322744],[-0.958161701913923,53.33345485839527],[-0.972138128359802,53.326881610322744],[-0.992326299892738,53.327820645761676],[-1.00009098125156,53.33251582295634],[-1.003196853795089,53.34941846085712],[-1.017173280240968,53.346601354540326],[-1.028043834143318,53.33815003558993],[-1.034255579230376,53.35505267349072],[-1.04667906940449,53.36256495700218],[-1.042020260589197,53.369138205074705],[-1.055996687035076,53.38885794929229],[-1.055996687035076,53.39824830368161],[-1.03580851550214,53.4123338352656],[-1.018337982444791,53.40576058719307],[-1.018726216512732,53.42266322509386],[-1.007855662610382,53.42360226053279],[-1.001643917523324,53.414211906143464],[-0.986114554805681,53.41608997702133],[-0.962820510729216,53.40763865807094],[-0.961267574457452,53.417968047899194],[-0.995432172436267,53.41984611877706],[-1.007855662610382,53.432992614922114],[-0.98922042734921,53.436748756677844],[-0.984561618533917,53.44332200475037],[-1.00009098125156,53.445200075628236],[-1.004749790066853,53.45365139457863],[-1.020279152784497,53.45177332370076],[-1.023385025328025,53.46304174896795],[-1.034255579230376,53.47712728055194],[-1.014067407697439,53.47806631599087],[-1.006302726338618,53.49215184757486],[-1.020279152784497,53.50623737915885],[-1.065314304665662,53.51468869810924],[-1.069973113480955,53.5193838753039],[-1.097925966372713,53.51750580442604],[-1.097925966372713,53.52314001705963],[-1.08239660365507,53.5250180879375],[-1.083949539926834,53.531591336010024],[-1.063761368393898,53.536286513204686],[-1.059102559578605,53.52971326513216],[-1.034255579230376,53.527835194254294],[-1.004749790066853,53.540042654960416],[-1.010961535153911,53.54943300934974],[-1.038914388045669,53.547554938471876],[-1.04667906940449,53.55600625742227],[-1.063761368393898,53.56445757637266],[-1.074631922296248,53.55225011566654],[-1.09326715755742,53.55037204478867],[-1.097925966372713,53.54567686759401],[-1.135196436895058,53.536286513204686],[-1.146066990797408,53.54098169039935],[-1.139855245710351,53.54849397391081],[-1.174019843689166,53.55225011566654],[-1.178678652504459,53.57572600163985],[-1.191102142678574,53.57572600163985],[-1.214396186755039,53.58605539146811],[-1.220607931842096,53.59356767497957],[-1.239243167103268,53.58981153322384],[-1.265643083723262,53.60577513568569],[-1.265643083723262,53.59826285217423],[-1.250113721005619,53.59075056866277],[-1.256325466092676,53.58323828515131],[-1.239243167103268,53.58229924971238],[-1.220607931842096,53.57666503707878],[-1.223713804385625,53.56539661181159],[-1.243901975918561,53.562579505494796],[-1.274960701353848,53.547554938471876],[-1.29359593661502,53.547554938471876],[-1.302913554245606,53.55318915110547],[-1.315337044419721,53.551311080227606],[-1.323101725778542,53.54473783215508],[-1.313784108147956,53.53722554864362],[-1.330866407137364,53.532530371448956],[-1.3293134708656,53.527835194254294],[-1.312231171876192,53.52314001705963],[-1.288937127799727,53.53346940688789],[-1.273407765082084,53.535347477765754],[-1.276513637625612,53.524079052498564],[-1.271854828810319,53.5193838753039],[-1.237690230831504,53.50999352091458],[-1.226819676929154,53.509054485475644],[-1.228372613200918,53.49496895389166],[-1.212843250483274,53.50060316652525],[-1.201972696580924,53.49590798933059],[-1.209737377939746,53.48933474125806],[-1.22216086811386,53.49309088301379],[-1.268748956266791,53.49496895389166],[-1.296701809158549,53.47618824511301],[-1.301360617973842,53.482761493185535],[-1.324654662050307,53.48933474125806],[-1.341736961039715,53.490273776696995],[-1.341736961039715,53.482761493185535],[-1.369689813931473,53.49215184757486],[-1.402301475638524,53.48933474125806],[-1.413172029540874,53.501542201964185],[-1.382113304105587,53.509054485475644],[-1.388325049192645,53.51844483986497],[-1.417830838356167,53.53440844232682],[-1.430254328530282,53.52126194618177],[-1.442677818704396,53.536286513204686],[-1.438019009889103,53.54473783215508],[-1.476842416683212,53.56070143461693],[-1.497030588216148,53.55600625742227],[-1.511007014662027,53.562579505494796],[-1.526536377379671,53.56070143461693],[-1.538959867553785,53.55318915110547],[-1.566912720445544,53.551311080227606],[-1.57623033807613,53.54567686759401],[-1.570018592989072,53.53816458408255],[-1.557595102814957,53.543798796716146],[-1.542065740097314,53.543798796716146],[-1.54051280382555,53.535347477765754],[-1.523430504836142,53.53816458408255],[-1.517218759749085,53.52877422969323],[-1.503242333303206,53.527835194254294],[-1.50479526957497,53.50999352091458],[-1.526536377379671,53.50248123740312],[-1.532748122466728,53.51187159179244],[-1.573124465532601,53.51374966267031],[-1.585547955706716,53.52126194618177],[-1.591759700793773,53.51187159179244],[-1.582442083163187,53.50999352091458]],[[-1.259431338636205,53.5193838753039],[-1.267196019995026,53.527835194254294],[-1.262537211179733,53.53816458408255],[-1.253219593549147,53.53816458408255],[-1.251666657277383,53.520322910742834],[-1.259431338636205,53.5193838753039]],[[-1.229925549472682,53.5541281865444],[-1.234584358287975,53.54567686759401],[-1.259431338636205,53.54567686759401],[-1.250113721005619,53.5569452928612],[-1.229925549472682,53.5541281865444]],[[-1.203525632852688,53.5193838753039],[-1.209737377939746,53.51562773354817],[-1.245454912190326,53.51468869810924],[-1.245454912190326,53.5222009816207],[-1.22216086811386,53.536286513204686],[-1.206631505396217,53.52877422969323],[-1.203525632852688,53.5193838753039]],[[-1.265643083723262,53.48557859950233],[-1.254772529820912,53.47712728055194],[-1.274960701353848,53.47431017423514],[-1.276513637625612,53.48088342230767],[-1.265643083723262,53.48557859950233]],[[-1.24700784846209,53.47055403247941],[-1.228372613200918,53.47243210335728],[-1.228372613200918,53.45552946545649],[-1.250113721005619,53.45740753633436],[-1.259431338636205,53.46304174896795],[-1.24700784846209,53.47055403247941]],[[-1.147619927069172,53.29025922820438],[-1.128984691808,53.28462501557078],[-1.142961118253879,53.27617369662039],[-1.147619927069172,53.29025922820438]],[[-1.065314304665662,53.34941846085712],[-1.059102559578605,53.3343938938342],[-1.068420177209191,53.32124739768915],[-1.08239660365507,53.31467414961662],[-1.09326715755742,53.323125468567014],[-1.065314304665662,53.34941846085712]],[[-1.172466907417402,53.47618824511301],[-1.155384608427994,53.47712728055194],[-1.155384608427994,53.46961499704048],[-1.172466907417402,53.46304174896795],[-1.172466907417402,53.47618824511301]],[[-1.094820093829185,53.40857769350987],[-1.104137711459771,53.40857769350987],[-1.102584775188006,53.42078515421599],[-1.088608348742127,53.425480331410654],[-1.094820093829185,53.40857769350987]],[[-1.101031838916242,53.36726013419684],[-1.091714221285656,53.372894346830435],[-1.07152604975272,53.37383338226937],[-1.069973113480955,53.36726013419684],[-1.087055412470363,53.36444302788004],[-1.101031838916242,53.36726013419684]],[[-1.068420177209191,53.39824830368161],[-1.068420177209191,53.38322373665869],[-1.08239660365507,53.384162772097625],[-1.090161285013892,53.39824830368161],[-1.07152604975272,53.40388251631521],[-1.068420177209191,53.39824830368161]],[[-1.059102559578605,53.34941846085712],[-1.043573196860962,53.35505267349072],[-1.042020260589197,53.346601354540326],[-1.059102559578605,53.34941846085712]],[[-1.069973113480955,53.46679789072368],[-1.065314304665662,53.45834657177329],[-1.077737794839777,53.456468500895426],[-1.079290731111541,53.4442610401893],[-1.097925966372713,53.44238296931144],[-1.104137711459771,53.4498952528229],[-1.104137711459771,53.46304174896795],[-1.091714221285656,53.46679789072368],[-1.069973113480955,53.46679789072368]],[[-1.057549623306841,53.45177332370076],[-1.052890814491548,53.46585885528475],[-1.04667906940449,53.467736926162615],[-1.031149706686847,53.45459043001756],[-1.029596770415083,53.4442610401893],[-1.038914388045669,53.43862682755571],[-1.054443750763312,53.436748756677844],[-1.065314304665662,53.44332200475037],[-1.057549623306841,53.45177332370076]],[[-1.279619510169141,53.0076095610857],[-1.268748956266791,53.01606088003609],[-1.260984274907969,53.009487631963566],[-1.265643083723262,53.00291438389104],[-1.279619510169141,53.0076095610857]],[[-1.108796520275064,53.17475786921568],[-1.127431755536236,53.17100172745995],[-1.124325882992707,53.16536751482636],[-1.147619927069172,53.160672337631695],[-1.161596353515051,53.16912365658209],[-1.138302309438586,53.183209188166074],[-1.125878819264472,53.17757497553248],[-1.108796520275064,53.17475786921568]],[[-1.116561201633886,53.26396623591427],[-1.105690647731535,53.255514916963875],[-1.128984691808,53.25081973976921],[-1.142961118253879,53.26114912959747],[-1.116561201633886,53.26396623591427]],[[-1.068420177209191,53.20856314501725],[-1.07152604975272,53.20105086150579],[-1.088608348742127,53.194477613433264],[-1.125878819264472,53.19635568431113],[-1.136749373166822,53.20105086150579],[-1.124325882992707,53.21231928677298],[-1.104137711459771,53.220770605723374],[-1.085502476198599,53.21889253484551],[-1.068420177209191,53.20856314501725]],[[-1.063761368393898,53.23767324362416],[-1.074631922296248,53.236734208185226],[-1.073078986024484,53.25081973976921],[-1.059102559578605,53.251758775208145],[-1.038914388045669,53.26021009415854],[-1.031149706686847,53.25739298784174],[-1.034255579230376,53.24612456257455],[-1.063761368393898,53.23767324362416]],[[-1.018726216512732,53.236734208185226],[-0.998538044979796,53.24894166889135],[-0.984561618533917,53.24236842081882],[-0.984561618533917,53.229221924673766],[-1.014067407697439,53.22828288923483],[-1.018726216512732,53.236734208185226]],[[-1.020279152784497,53.26584430679213],[-1.018726216512732,53.27617369662039],[-1.001643917523324,53.27147851942573],[-0.995432172436267,53.26584430679213],[-0.969032255816273,53.266783342231065],[-0.969032255816273,53.26114912959747],[-0.983008682262152,53.25457588152494],[-0.998538044979796,53.25457588152494],[-1.020279152784497,53.26584430679213]]]},"properties":{"search_id":"Search 2","Asset":"Chesterfield"}},
{"type":"Feature","geometry":{"type":"MultiPolygon","coordinates":[[[[-2.497482393635437,52.31406172178686],[-2.482048512902111,52.316663591656834],[-2.465211552102119,52.3131944318302],[-2.465211552102119,52.30799069209024],[-2.446971511235461,52.29498134274036],[-2.456793071702123,52.287175733130425],[-2.473630032502115,52.28370657330379],[-2.466614632168785,52.26375890430063],[-2.451180751435459,52.269829933997244],[-2.416103749768808,52.267228064127266],[-2.396460628835484,52.249882264994085],[-2.417506829835474,52.249014975037426],[-2.41189450956881,52.24207665538415],[-2.382429828168824,52.23427104577422],[-2.385235988302156,52.21692524664104],[-2.395057548768818,52.1987121575512],[-2.378220587968826,52.203915897291154],[-2.365592867368832,52.201314027421176],[-2.361383627168834,52.19177383789793],[-2.336128185968846,52.19524299772456],[-2.308066584635526,52.17616261867806],[-2.337531266035512,52.16835700906813],[-2.329112785635516,52.156214949674904],[-2.345949746435508,52.14927663002163],[-2.331918945768848,52.14233831036836],[-2.345949746435508,52.12499251123518],[-2.331918945768848,52.11458503175527],[-2.331918945768848,52.098973812535405],[-2.309469664702192,52.11285045184195],[-2.291229623835534,52.11198316188529],[-2.274392663035542,52.12412522127852],[-2.258958782302216,52.12499251123518],[-2.258958782302216,52.109381292015314],[-2.239315661368892,52.11458503175527],[-2.249137221835554,52.1223906413652],[-2.244927981635556,52.13193083088845],[-2.22949410090223,52.130846718442626],[-2.233703341102228,52.10591213218868],[-2.223881780635566,52.10157568240538],[-2.202835579635575,52.08509717322886],[-2.195820179302245,52.07382240379229],[-2.205641739768907,52.06428221426904],[-2.178983218502253,52.03566164569929],[-2.183192458702251,52.02612145617604],[-2.177580138435587,52.015713976696134],[-2.166355497902259,52.00704107712954],[-2.128472336102277,52.032192485872656],[-2.129875416168943,52.04520183522254],[-2.118650775635615,52.05907847452909],[-2.132681576302275,52.069485954009],[-2.132681576302275,52.07642427366227],[-2.122860015835613,52.080760723445565],[-2.091992254368961,52.079026143532246],[-2.084976854035631,52.08683175314218],[-2.065333733102307,52.08683175314218],[-2.065333733102307,52.081628013402224],[-2.045690612168983,52.081628013402224],[-2.048496772302315,52.09550465270877],[-2.042884452035651,52.107646712101996],[-2.062527572968975,52.11458503175527],[-2.047093692235649,52.12065606145188],[-2.033062891568989,52.11024858197197],[-1.997985889902338,52.09377007279545],[-1.990970489569008,52.11024858197197],[-2.00079205003567,52.11285045184195],[-1.996582809835672,52.12065606145188],[-1.985358169302344,52.12065606145188],[-1.96571504836902,52.11198316188529],[-1.946071927435696,52.09290278283879],[-1.929234966635704,52.10504484223202],[-1.936250366969034,52.12152335140854],[-1.953087327769026,52.13019625097513],[-1.964311968302354,52.12325793132186],[-1.982552009169012,52.12932896101847],[-1.985358169302344,52.13973644049838],[-1.999388969969004,52.138001860585064],[-2.00079205003567,52.14927663002163],[-1.99377664970234,52.15361307980493],[-1.995179729769006,52.16315326932818],[-1.974133528769016,52.17269345885143],[-1.982552009169012,52.18830467807129],[-1.968521208502352,52.18657009815797],[-1.953087327769026,52.18049906846136],[-1.948878087569028,52.18830467807129],[-1.913801085902378,52.18917196802795],[-1.915204165969044,52.20565047720447],[-1.898367205169052,52.20565047720447],[-1.87451484403573,52.19090654794127],[-1.87451484403573,52.201314027421176],[-1.868902523769066,52.211721506901085],[-1.856274803169072,52.21605795668438],[-1.861887123435736,52.23860749555752],[-1.87451484403573,52.24294394534081],[-1.880127164302394,52.249882264994085],[-1.861887123435736,52.250749554950744],[-1.849259402835742,52.25508600473404],[-1.854871723102406,52.26202432438731],[-1.8674994437024,52.26115703443065],[-1.882933324435726,52.267228064127266],[-1.871708683902398,52.27937012352049],[-1.849259402835742,52.288043023087084],[-1.829616281902418,52.28457386326045],[-1.807167000835761,52.296715922653675],[-1.812779321102425,52.31753088161349],[-1.802957760635763,52.32707107113674],[-1.787523879902437,52.31926546152681],[-1.790330040035769,52.29845050256699],[-1.779105399502441,52.288043023087084],[-1.773493079235777,52.30018508248031],[-1.741222237702459,52.316663591656834],[-1.737012997502461,52.334876680746675],[-1.721579116769135,52.335743970703334],[-1.725788356969133,52.34875332005322],[-1.745431477902457,52.35048789996654],[-1.751043798169121,52.371302858926356],[-1.756656118435785,52.37477201875299],[-1.748237638035789,52.390383237972856],[-1.734206837369129,52.392117817886174],[-1.739819157635793,52.409463617019355],[-1.756656118435785,52.41293277684599],[-1.748237638035789,52.419871096499264],[-1.759462278569117,52.42680941615254],[-1.780508479569107,52.419003806542605],[-1.772089999169111,52.410330906976014],[-1.756656118435785,52.40252529736608],[-1.756656118435785,52.390383237972856],[-1.767880758969113,52.38691407814622],[-1.774896159302443,52.37737388862297],[-1.784717719769105,52.3851794982329],[-1.777702319435775,52.39298510784283],[-1.791733120102435,52.39471968775615],[-1.805763920769095,52.40339258732274],[-1.82540704170242,52.40512716723606],[-1.835228602169082,52.40252529736608],[-1.852065562969074,52.409463617019355],[-1.857677883235738,52.41640193667263],[-1.875917924102396,52.42247296636924],[-1.877321004169062,52.43201315589249],[-1.88854564470239,52.437216895632446],[-1.915204165969044,52.43461502576247],[-1.950281167635694,52.45109353493899],[-1.913801085902378,52.47364307381213],[-1.932041126769036,52.48318326333538],[-1.964311968302354,52.494458032771945],[-1.946071927435696,52.495325322728604],[-1.936250366969034,52.4996617725119],[-1.927831886569038,52.51006925199181],[-1.932041126769036,52.521344021428376],[-1.948878087569028,52.51960944151506],[-1.960102728102356,52.52828234108165],[-1.968521208502352,52.51787486160174],[-1.981148929102346,52.52568047121167],[-1.97974584903568,52.54389356030151],[-2.024644411168993,52.542158980388194],[-2.049899852368981,52.52481318125501],[-2.061124492902309,52.521344021428376],[-2.075155293568969,52.52654776116833],[-2.073752213502303,52.503130932338536],[-2.062527572968975,52.48925429303199],[-2.080767613835633,52.474510363768786],[-2.094798414502293,52.47971410350874],[-2.131278496235609,52.47797952359542],[-2.149518537102267,52.485785133205354],[-2.143906216835603,52.504865512251854],[-2.167758577968925,52.51787486160174],[-2.176177058368921,52.52481318125501],[-2.209850979968905,52.51787486160174],[-2.214060220168903,52.50833467207849],[-2.235106421168894,52.48838700307533],[-2.244927981635556,52.494458032771945],[-2.27158650290221,52.484917843248695],[-2.295438864035532,52.49619261268526],[-2.31367890490219,52.50226364238188],[-2.323500465368852,52.50139635242522],[-2.343143586302176,52.50833467207849],[-2.358577467035502,52.50052906246856],[-2.36980210756883,52.50052906246856],[-2.382429828168824,52.513538411818445],[-2.382429828168824,52.5187421515584],[-2.399266788968816,52.523945891298354],[-2.403476029168814,52.531751500908285],[-2.416103749768808,52.52914963103831],[-2.406282189302146,52.521344021428376],[-2.39084830856882,52.51700757164508],[-2.385235988302156,52.50139635242522],[-2.371205187635496,52.49098887294531],[-2.374011347768828,52.485785133205354],[-2.374011347768828,52.464970174245536],[-2.365592867368832,52.45109353493899],[-2.368399027502164,52.44588979519904],[-2.354368226835504,52.42507483623922],[-2.351562066702172,52.41466735675931],[-2.378220587968826,52.40512716723606],[-2.343143586302176,52.3851794982329],[-2.361383627168834,52.382577628362924],[-2.375414427835494,52.3704355689697],[-2.392251388635486,52.382577628362924],[-2.420312989968807,52.3895159480162],[-2.416103749768808,52.37824117857963],[-2.439956110902131,52.37910846853629],[-2.449777671368793,52.373037438839674],[-2.435746870702133,52.3660991191864],[-2.431537630502135,52.35482434974983],[-2.442762271035463,52.342682290356606],[-2.462405391968787,52.34094771044329],[-2.475033112568781,52.33661126065999],[-2.507303954102099,52.32013275148347],[-2.497482393635437,52.31406172178686]],[[-2.195820179302245,52.12065606145188],[-2.194417099235579,52.128461671061814],[-2.183192458702251,52.13019625097513],[-2.185998618835583,52.11458503175527],[-2.195820179302245,52.12065606145188]],[[-2.159340097568929,52.03913080552593],[-2.166355497902259,52.04693641513586],[-2.154780087352265,52.052140154875815],[-2.146712376968935,52.04693641513586],[-2.159340097568929,52.03913080552593]],[[-2.169161658035591,52.109381292015314],[-2.166355497902259,52.10244297236204],[-2.155130857368931,52.09723923262209],[-2.139696976635605,52.10157568240538],[-2.121456935768947,52.090300912968814],[-2.128472336102277,52.08596446318552],[-2.164952417835593,52.0842298832722],[-2.162146257702261,52.079026143532246],[-2.181789378635585,52.07729156361893],[-2.200029419502243,52.079893433488905],[-2.200029419502243,52.088566333055496],[-2.183192458702251,52.10417755227536],[-2.169161658035591,52.109381292015314]],[[-2.480645432835445,52.32967294100672],[-2.421716070035473,52.33834584057331],[-2.431537630502135,52.325336491223425],[-2.458196151768789,52.31926546152681],[-2.480645432835445,52.32967294100672]],[[-2.389445228502154,52.3322748108767],[-2.364189787302166,52.334009390790015],[-2.351562066702172,52.32967294100672],[-2.366995947435498,52.32186733139679],[-2.389445228502154,52.3322748108767]],[[-2.007807450369,52.174428038764745],[-1.997985889902338,52.18049906846136],[-1.98676124936901,52.175295328721404],[-1.997985889902338,52.16315326932818],[-2.007807450369,52.174428038764745]],[[-1.975536608835682,52.19611028768122],[-1.948878087569028,52.20738505711779],[-1.927831886569038,52.20651776716113],[-1.919413406169042,52.192641127854586],[-1.926428806502372,52.18830467807129],[-1.943265767302364,52.19524299772456],[-1.975536608835682,52.19611028768122]],[[-1.918010326102376,52.2368729156442],[-1.901173365302384,52.22820001607761],[-1.885739484569058,52.22386356629431],[-1.889948724769056,52.212588796857744],[-1.90959184570238,52.212588796857744],[-1.910994925769046,52.22559814620763],[-1.918010326102376,52.2368729156442]],[[-2.308066584635526,52.45542998472229],[-2.319291225168854,52.45369540480897],[-2.324903545435518,52.46063372446224],[-2.29964810423553,52.474510363768786],[-2.288423463702202,52.46236830437556],[-2.308066584635526,52.45542998472229]],[[-2.280004983302206,52.43461502576247],[-2.2926327039022,52.43548231571913],[-2.295438864035532,52.4424206353724],[-2.282811143435538,52.44502250524238],[-2.27158650290221,52.44155334541574],[-2.280004983302206,52.43461502576247]],[[-2.232300261035562,52.484917843248695],[-2.215463300235569,52.48665242316201],[-2.221075620502234,52.476244943682104],[-2.22949410090223,52.47104120394215],[-2.239315661368892,52.4805813934654],[-2.232300261035562,52.484917843248695]],[[-2.284214223502204,52.47190849389881],[-2.27158650290221,52.47104120394215],[-2.26457110256888,52.458031854592264],[-2.282811143435538,52.45542998472229],[-2.284214223502204,52.47190849389881]],[[-1.819794721435755,52.3322748108767],[-1.807167000835761,52.33834584057331],[-1.801554680569097,52.32967294100672],[-1.808570080902427,52.325336491223425],[-1.819794721435755,52.3322748108767]]],[[[-2.110232295235619,51.993164437823],[-2.100410734768957,52.00097004743293],[-2.132681576302275,52.00357191730291],[-2.131278496235609,51.99403172777966],[-2.110232295235619,51.993164437823]]],[[[-2.002195130102336,52.580319738481194],[-2.023241331102327,52.56384122930467],[-2.023241331102327,52.55516832973808],[-2.005001290235668,52.5525664598681],[-1.992373569635674,52.55863748956472],[-1.997985889902338,52.56384122930467],[-2.002195130102336,52.580319738481194]]],[[[-1.919413406169042,52.551699169911444],[-1.940459607169032,52.56817767908797],[-1.947475007502362,52.549964589998126],[-1.943265767302364,52.540424400474876],[-1.93063804670237,52.53608795069158],[-1.912398005835712,52.54389356030151],[-1.919413406169042,52.551699169911444]]]]},"properties":{"search_id":"Search 3","Asset":"Droitwich"}},
{"type":"Feature","geometry":{"type":"Polygon","coordinates":[[[-3.745774908573367,50.7194399908185],[-3.711342995753512,50.72409662918653],[-3.697778908885084,50.716779054608196],[-3.672737517743371,50.71278765029274],[-3.666477169957943,50.70613530976698],[-3.6789978655288,50.69682203303091],[-3.695692126289941,50.6915001606103],[-3.688388387206942,50.682852117926814],[-3.674824300338514,50.68484782008454],[-3.651869691791944,50.662229862296954],[-3.636218822328374,50.66688650066499],[-3.624741518055089,50.662229862296954],[-3.634132039733231,50.648259947192855],[-3.617437778972089,50.64559901098255],[-3.621611344162375,50.63495526614133],[-3.649782909196801,50.63429003208876],[-3.649782909196801,50.61832441482693],[-3.654999865684658,50.59903262730222],[-3.667520561255515,50.59770215919707],[-3.677954474231228,50.60169356351253],[-3.686301604611799,50.59104981867131],[-3.661260213470086,50.58705841435585],[-3.65604325698223,50.579740839777514],[-3.660216822172515,50.56377522251569],[-3.650826300494373,50.5577881160425],[-3.642479170113802,50.56444045656826],[-3.624741518055089,50.55978381820023],[-3.62578490935266,50.571092797094025],[-3.605960474698804,50.57042756304145],[-3.603873692103662,50.55978381820023],[-3.611177431186661,50.54980530741159],[-3.600743518210948,50.54581390309613],[-3.567354996688664,50.54448343499098],[-3.58717943134252,50.55978381820023],[-3.576745518366806,50.56510569062084],[-3.555877692415379,50.56377522251569],[-3.543356996844523,50.550470541464165],[-3.528749518678524,50.55180100956932],[-3.513098649214953,50.547144371201284],[-3.494317605858669,50.547144371201284],[-3.489100649370812,50.557122881989926],[-3.497447779751383,50.56643615872599],[-3.519358997000381,50.571092797094025],[-3.506838301429525,50.577745137619786],[-3.488057258073241,50.58040607383009],[-3.489100649370812,50.59038458461873],[-3.480753518990241,50.59437598893419],[-3.475536562502384,50.60435449972283],[-3.464059258229099,50.60635020188056],[-3.445017367048422,50.622315819142386],[-3.453364497428993,50.64360330882482],[-3.45127771483385,50.64892518124543],[-3.467189432121813,50.663061404862674],[-3.467971975594992,50.680856415769085],[-3.457538062619278,50.67819547955878],[-3.442148040980101,50.66672019215184],[-3.433018367126351,50.64626424503513],[-3.425453780218959,50.64144129815395],[-3.416324106365209,50.62497675535269],[-3.426758019340923,50.61832441482693],[-3.406672736862674,50.61084053173545],[-3.357372498052428,50.609011138090864],[-3.361806911067106,50.622315819142386],[-3.339895693818107,50.62298105319496],[-3.306507172295824,50.63113017033902],[-3.287726128939539,50.6442685428774],[-3.283552563749254,50.65341551110032],[-3.272075259475969,50.663560330402106],[-3.271031868178397,50.66954743687529],[-3.206341607728973,50.684182586031966],[-3.18860395567026,50.6915001606103],[-3.154172042850405,50.69083492655773],[-3.163562564528547,50.70347437355667],[-3.141651347279549,50.71744428866077],[-3.166692738421261,50.72143569297623],[-3.152085260255262,50.742723182658665],[-3.163562564528547,50.74871028913185],[-3.153128651552834,50.75536262965761],[-3.14999847766012,50.76933254476171],[-3.136434390791692,50.76600637449883],[-3.12704386911355,50.771993480972014],[-3.10408926056698,50.77332394907717],[-3.094698738888837,50.7779805874452],[-3.084264825913124,50.76600637449883],[-3.064440391259268,50.761349736130796],[-3.056093260878697,50.771993480972014],[-3.063396999961697,50.77665011934005],[-3.056093260878697,50.783967693918385],[-3.041485782712698,50.77332394907717],[-3.028965087141842,50.77598488528747],[-3.032095261034556,50.78463292797096],[-3.078004478127696,50.80059854523279],[-3.102002477971837,50.802594247390516],[-3.105132651864551,50.81390322628431],[-3.102002477971837,50.82920360949356],[-3.105132651864551,50.840512588387355],[-3.090525173698552,50.84184305649251],[-3.088438391103409,50.852486801333725],[-3.108262825757265,50.8531520353863],[-3.106176043162122,50.85980437591206],[-3.071744130342267,50.86046960996464],[-3.062353608664125,50.86512624833267],[-3.071744130342267,50.87111335480586],[-3.064440391259268,50.87710046127904],[-3.064440391259268,50.890405142330565],[-3.089481782400981,50.89306607854087],[-3.097828912781551,50.88641373801511],[-3.120783521328121,50.8837528018048],[-3.131217434303835,50.87443952506874],[-3.146868303767405,50.87244382291101],[-3.147911695064977,50.861134844017215],[-3.175039868801832,50.854482503491454],[-3.215732129407115,50.85381726943888],[-3.225122651085258,50.85714343970176],[-3.231382998870686,50.84783016296569],[-3.245990477036685,50.849160631070845],[-3.249120650929399,50.84184305649251],[-3.27311865077354,50.83851688622963],[-3.295029868022539,50.84849539701827],[-3.285639346344396,50.855812971596606],[-3.29607325932011,50.87443952506874],[-3.306507172295824,50.8810918655945],[-3.31172412878368,50.91235786606558],[-3.29607325932011,50.92499731306452],[-3.278335607261397,50.929653951432556],[-3.292943085427396,50.93896722816862],[-3.291899694129825,50.95160667516757],[-3.298160041915253,50.962250420008786],[-3.314854302676395,50.94495433464181],[-3.33467873733025,50.93098441953771],[-3.33467873733025,50.94561956869438],[-3.356589954579249,50.95426761137787],[-3.36493708495982,50.94761527085211],[-3.382674737018533,50.94295863248408],[-3.382674737018533,50.93763676006347],[-3.420236823731102,50.92167114280164],[-3.407716128160246,50.91901020659134],[-3.40354256296996,50.91235786606558],[-3.420236823731102,50.905705525539815],[-3.420236823731102,50.89639224880375],[-3.446321606170386,50.89439654664602],[-3.43380091059953,50.90637075959239],[-3.435887693194672,50.91834497253876],[-3.454668736550957,50.914353568223305],[-3.477623345097527,50.91701450443361],[-3.49536099715624,50.92433207901195],[-3.496404388453811,50.911692632013],[-3.474493171204813,50.90703599364497],[-3.478666736395098,50.90171412122436],[-3.465102649526671,50.897057482856326],[-3.455712127848528,50.881757099647075],[-3.467189432121813,50.87976139748935],[-3.469276214716956,50.861134844017215],[-3.497447779751383,50.8671219504904],[-3.500577953644097,50.873109056963585],[-3.514142040512525,50.875104759121314],[-3.523532562190667,50.86246531212237],[-3.536053257761523,50.86379578022752],[-3.531879692571238,50.8531520353863],[-3.543356996844523,50.84716492891312],[-3.552747518522665,50.83585595001932],[-3.543356996844523,50.828538375440985],[-3.559007866308093,50.81589892844204],[-3.550660735927522,50.80658565170597],[-3.548573953332379,50.78130675770808],[-3.55692108371295,50.78130675770808],[-3.559007866308093,50.7919505025493],[-3.586136040044948,50.795941906864755],[-3.623698126757517,50.783967693918385],[-3.642479170113802,50.79860284307506],[-3.676911082933657,50.792615736601874],[-3.676911082933657,50.787293864181265],[-3.658130039577372,50.78596339607611],[-3.654999865684658,50.77465441718232],[-3.618481170269661,50.77265871502459],[-3.61013403988909,50.76467590639368],[-3.618481170269661,50.75403216155246],[-3.590309605235234,50.75203645939473],[-3.578832300961949,50.75935403397307],[-3.568398387986235,50.75536262965761],[-3.561094648903236,50.73873177834321],[-3.571528561878949,50.73873177834321],[-3.581962474854663,50.748045055079274],[-3.609090648591518,50.742723182658665],[-3.635175431030802,50.75270169344731],[-3.644565952708945,50.75336692749988],[-3.647696126601659,50.74072748050094],[-3.663346996065229,50.73873177834321],[-3.674824300338514,50.74338841671124],[-3.674824300338514,50.76201497018337],[-3.691518561099656,50.7473798210267],[-3.702995865372941,50.74139271455351],[-3.715516560943797,50.74405365076382],[-3.720733517431654,50.73673607618548],[-3.737427778192796,50.728753267554566],[-3.755165430251509,50.72808803350199],[-3.745774908573367,50.7194399908185]],[[-3.689431778504513,50.72077045892365],[-3.680041256826371,50.72675756539684],[-3.670650735148229,50.7194399908185],[-3.682128039421514,50.71478335245047],[-3.689431778504513,50.72077045892365]],[[-3.498491171048954,50.595041222986765],[-3.496404388453811,50.58439747814555],[-3.514142040512525,50.586393180303276],[-3.498491171048954,50.595041222986765]],[[-3.481796910287812,50.60967637214344],[-3.477623345097527,50.62032011698466],[-3.467189432121813,50.6163287126692],[-3.467189432121813,50.60834590403829],[-3.481796910287812,50.60967637214344]],[[-3.521445779595524,50.837186418124475],[-3.530836301273666,50.845834460807964],[-3.514142040512525,50.84716492891312],[-3.521445779595524,50.837186418124475]],[[-3.242860303143971,50.84450399270281],[-3.231382998870686,50.843838758650236],[-3.224079259787686,50.8365211840719],[-3.238686737953685,50.83252977975644],[-3.242860303143971,50.84450399270281]]]},"properties":{"search_id":"Search 4","Asset":"Exeter"}},
{"type":"Feature","geometry":{"type":"MultiPolygon","coordinates":[[[[-1.14210681989789,50.82166231330484],[-1.151747394353151,50.8277750024572],[-1.147529643028975,50.84152855305001],[-1.124332010746002,50.835988928505685],[-1.114691436290741,50.843629789946135],[-1.095410287380219,50.831404411641415],[-1.099326770752668,50.82624683016911],[-1.10113437846303,50.80790876271203],[-1.111377488821745,50.80638059042394],[-1.10896734520793,50.79109886754304],[-1.090590000152588,50.777918381558266],[-1.066488564014435,50.779446553846356],[-1.035156697034836,50.785559242998715],[-1.040880788117647,50.80179607355967],[-1.040880788117647,50.82166231330484],[-1.03666303679347,50.83083134703338],[-1.019189495593309,50.8430567253381],[-1.002318490296602,50.8430567253381],[-0.982133537530899,50.837517100793775],[-0.975806910544634,50.84152855305001],[-0.958032101392746,50.839236294617876],[-0.938750952482224,50.842101617658045],[-0.924290090799332,50.835988928505685],[-0.905008941888809,50.842292639194056],[-0.882112577557564,50.83847220847383],[-0.867651715874672,50.84152855305001],[-0.861626356840134,50.852989845210686],[-0.848370566964149,50.85069758677855],[-0.851985782384872,50.863687051227316],[-0.848370566964149,50.87056382652372],[-0.907419085502625,50.872856084955856],[-0.923085018992424,50.87820468796417],[-0.924290090799332,50.886609635548666],[-0.944776311516762,50.88431737711653],[-0.949596598744392,50.90265544457361],[-0.97128789126873,50.91640899516642],[-0.9664676040411,50.9194653397426],[-0.988158896565437,50.93169071804732],[-0.967672675848007,50.947736527072266],[-0.978518322110176,50.95461330236867],[-0.968877747654915,50.96225416380912],[-0.978518322110176,50.96836685296148],[-0.965262532234192,50.981356317410246],[-0.952006742358208,50.98212040355429],[-0.959237173199654,50.99128943728283],[-0.968877747654915,50.98670492041856],[-0.976108178496361,50.97295136982575],[-0.985748752951622,50.96683868067339],[-0.995389327406883,50.96836685296148],[-1.00744004547596,50.96378233609721],[-1.00744004547596,50.95614147465676],[-1.024311050772667,50.95919781923294],[-1.032746553421021,50.946208354784176],[-1.052027702331543,50.943152010207996],[-1.067693635821342,50.94391609635204],[-1.065283492207527,50.95308513008058],[-1.074924066662788,50.96225416380912],[-1.071308851242065,50.970659111393616],[-1.093000143766403,50.969130939105526],[-1.113486364483833,50.98364857584238],[-1.113486364483833,51.00045847101137],[-1.117101579904556,51.007335246307775],[-1.132767513394356,51.00809933245182],[-1.13035736978054,50.99281760957092],[-1.147228375077248,51.00045847101137],[-1.160484164953232,51.001222557155415],[-1.172534883022308,50.995109868003055],[-1.201456606388092,51.007335246307775],[-1.213507324457169,51.004278901731595],[-1.230378329753876,51.010391590883955],[-1.249659478664398,51.013447935460135],[-1.255684837698936,51.02490922762081],[-1.282196417450905,51.04019095050171],[-1.273760914802551,51.048595898086205],[-1.262915268540382,51.05241632880643],[-1.244839191436768,51.047067725798115],[-1.232788473367691,51.054708587238565],[-1.230378329753876,51.063877620967105],[-1.238813832402229,51.07686708541587],[-1.252069622278214,51.065405793255195],[-1.26412034034729,51.071518482407555],[-1.270145699381828,51.08297977456823],[-1.250864550471306,51.09520515287295],[-1.283401489257812,51.095969239016995],[-1.285811632871628,51.105138272745535],[-1.306297853589058,51.10895870346576],[-1.324373930692673,51.097497411305085],[-1.342450007796288,51.10743053117767],[-1.34606522321701,51.097497411305085],[-1.338834792375565,51.082215688424185],[-1.32557900249958,51.08450794685632],[-1.319553643465042,51.091384722152725],[-1.296958547085524,51.07686708541587],[-1.30509278178215,51.067124987079296],[-1.321963787078857,51.074574826983735],[-1.34606522321701,51.076102999271825],[-1.348475366830826,51.065405793255195],[-1.367756515741348,51.066933965543285],[-1.384627521038055,51.062349448679015],[-1.391857951879501,51.051652242662385],[-1.409934028983116,51.04935998423025],[-1.40270359814167,51.0417191227898],[-1.420779675245285,51.027201486052945],[-1.414754316210747,51.02185288304463],[-1.428010106086731,51.013447935460135],[-1.456931829452515,51.014976107748225],[-1.476212978363037,51.010391590883955],[-1.490673840045929,51.014976107748225],[-1.501519486308098,51.01268384931609],[-1.509051185101271,50.98823309270665],[-1.517185419797897,50.988997178850695],[-1.54128685593605,51.002750729443505],[-1.569003507494926,51.00809933245182],[-1.57743901014328,51.001222557155415],[-1.600335374474525,51.00045847101137],[-1.602745518088341,50.98823309270665],[-1.611181020736694,50.985940834274516],[-1.643717959523201,51.00351481558755],[-1.648538246750832,51.011155677028],[-1.669024467468262,51.007335246307775],[-1.673844754695892,51.013447935460135],[-1.688305616378784,51.014976107748225],[-1.648538246750832,50.98976126499474],[-1.653358533978462,50.9805922312662],[-1.664204180240631,50.976771800545976],[-1.656973749399185,50.969130939105526],[-1.641307815909386,50.97295136982575],[-1.636487528681755,50.9653105083853],[-1.646128103137016,50.95766964694485],[-1.648538246750832,50.94544426864013],[-1.659383893013,50.943152010207996],[-1.659383893013,50.926342115039006],[-1.644923031330109,50.932454804191366],[-1.624436810612679,50.9194653397426],[-1.626846954226494,50.90571178914979],[-1.635282456874847,50.897306841565296],[-1.61359116435051,50.886609635548666],[-1.596720159053802,50.872856084955856],[-1.582259297370911,50.868271568091586],[-1.571413651108742,50.86903565423563],[-1.573823794722557,50.89807092770934],[-1.565388292074203,50.906475875293836],[-1.555747717618942,50.898835013853386],[-1.532851353287697,50.89348641084507],[-1.546107143163681,50.883553290972486],[-1.513570204377174,50.8889018939808],[-1.490673840045929,50.877440601820126],[-1.477418050169945,50.87667651567608],[-1.458136901259422,50.87056382652372],[-1.455726757645607,50.88126103254035],[-1.44367603957653,50.88126103254035],[-1.429215177893639,50.89501458313316],[-1.442470967769623,50.90208237996558],[-1.440060824155807,50.907813026045915],[-1.417465727776289,50.90112727228552],[-1.399088382720947,50.89138517394895],[-1.367756515741348,50.883362269436475],[-1.357212137430906,50.8736201710999],[-1.321963787078857,50.851270651386585],[-1.30509278178215,50.85623721132288],[-1.302682638168335,50.837517100793775],[-1.271350771188736,50.828348067065235],[-1.263216536492109,50.83083134703338],[-1.252069622278214,50.820707205624785],[-1.215013664215803,50.80943693500012],[-1.198142658919096,50.79415521211922],[-1.184585601091385,50.787087415286805],[-1.15476007387042,50.7819298338145],[-1.14602330327034,50.7750530585181],[-1.136382728815079,50.774862036982086],[-1.118005383759737,50.78651435067877],[-1.115595240145922,50.79415521211922],[-1.122825670987368,50.80638059042394],[-1.14210681989789,50.82166231330484]],[[-1.587079584598541,50.942960988671985],[-1.57743901014328,50.953849216224626],[-1.569003507494926,50.95461330236867],[-1.564183220267296,50.94391609635204],[-1.587079584598541,50.942960988671985]],[[-1.358115941286087,51.033314175205305],[-1.347270295023918,51.02490922762081],[-1.349680438637733,51.02032471075654],[-1.373781874775887,51.02949374448508],[-1.358115941286087,51.033314175205305]],[[-1.309913069009781,51.040955036645755],[-1.290631920099258,51.039426864357665],[-1.287016704678535,51.0264373999089],[-1.297862350940704,51.025673313764855],[-1.308707997202873,51.03102191677317],[-1.309913069009781,51.040955036645755]],[[-1.296657279133797,51.08297977456823],[-1.283401489257812,51.088328377576545],[-1.272555842995644,51.08145160228014],[-1.272555842995644,51.0722825685516],[-1.291836991906166,51.07381074083969],[-1.296657279133797,51.08297977456823]],[[-1.628052026033401,50.946208354784176],[-1.642512887716293,50.937039321055636],[-1.646128103137016,50.94697244092822],[-1.637692600488663,50.952321043936536],[-1.628052026033401,50.946208354784176]],[[-1.606360733509064,50.969130939105526],[-1.59310494363308,50.95614147465676],[-1.599130302667618,50.947736527072266],[-1.61359116435051,50.952321043936536],[-1.61841145157814,50.958433733088896],[-1.606360733509064,50.969130939105526]],[[-1.06407842040062,50.929398459615186],[-1.043592199683189,50.93627523491159],[-1.032746553421021,50.944680182496086],[-1.021900907158852,50.94085975177586],[-1.021900907158852,50.93321889033541],[-1.044797271490097,50.927870287327096],[-1.055642917752266,50.92252168431878],[-1.06407842040062,50.929398459615186]],[[-1.266530483961105,51.011919763172045],[-1.266530483961105,51.022616969188675],[-1.249659478664398,51.011919763172045],[-1.240018904209137,51.010391590883955],[-1.242429047822952,51.001222557155415],[-1.236403688788414,50.98823309270665],[-1.249659478664398,50.982884489698336],[-1.266530483961105,50.996638040291145],[-1.289426848292351,50.99740212643519],[-1.282196417450905,51.00809933245182],[-1.266530483961105,51.011919763172045]]],[[[-0.964057460427284,50.80179607355967],[-0.970082819461823,50.80867284885608],[-0.956827029585838,50.8124932795763],[-0.954416885972023,50.82930317474529],[-0.970082819461823,50.83484279928962],[-0.986050020903349,50.8277750024572],[-0.988158896565437,50.79568338440731],[-0.972492963075638,50.79644747055136],[-0.964057460427284,50.80179607355967]]]]},"properties":{"search_id":"Search 5","Asset":"Fareham"}},
{"type":"Feature","geometry":{"type":"MultiPolygon","coordinates":[[[[-2.622794523369521,51.5897460776614],[-2.615492756478488,51.59613218921004],[-2.628635936882347,51.604342904058285],[-2.640318763907999,51.58244766446296],[-2.622794523369521,51.5897460776614]]],[[[-2.536633674055338,51.5012528176303],[-2.532252613920718,51.494866706081666],[-2.513268020004034,51.49212980113225],[-2.503045546356589,51.494866706081666],[-2.500124839600176,51.50763892917894],[-2.513268020004034,51.517674247326795],[-2.536633674055338,51.510375834128354],[-2.546856147702783,51.51128813577816],[-2.558538974728435,51.50398972257972],[-2.542475087568164,51.49577900773147],[-2.536633674055338,51.5012528176303]]],[[[-2.630096290260553,51.53409567702329],[-2.619873816613108,51.52953416877426],[-2.62717558350414,51.515849644027185],[-2.609651342965662,51.521323453926016],[-2.592127102427185,51.521323453926016],[-2.580444275401533,51.50672662752913],[-2.561459681484848,51.51311273907777],[-2.54831650108099,51.528393791712006],[-2.527871553786099,51.54321869352134],[-2.542475087568164,51.54686790012056],[-2.54393544094637,51.56602623476647],[-2.539554380811751,51.574236949614715],[-2.520569786895066,51.5715000446653],[-2.516188726760447,51.583359966112766],[-2.500124839600176,51.57332464796491],[-2.466536711901426,51.59065837931121],[-2.453393531497568,51.58062306116335],[-2.459234945010394,51.57332464796491],[-2.456314238253981,51.553254011669196],[-2.438789997715503,51.56055242486764],[-2.438789997715503,51.56967544136569],[-2.41104328352958,51.583359966112766],[-2.40666222339496,51.56785083806608],[-2.387677629478276,51.566938536416274],[-2.38183621596545,51.59430758591043],[-2.37745515583083,51.604342904058285],[-2.37745515583083,51.61711512715556],[-2.361391268670559,51.61437822220614],[-2.335104907862842,51.638098065101076],[-2.320501374080777,51.638098065101076],[-2.311739253811538,51.64357187499991],[-2.301516780164093,51.64083497005049],[-2.297135720029473,51.65087028819835],[-2.278151126112789,51.64630877994932],[-2.270849359221756,51.64904568489874],[-2.247483705170453,51.636273461801466],[-2.232880171388388,51.64904568489874],[-2.228499111253768,51.664554812945426],[-2.219736990984529,51.67367782944348],[-2.194910983555019,51.687362354190554],[-2.18176780315116,51.68097624264192],[-2.178847096394747,51.67367782944348],[-2.149640028830618,51.69009925913997],[-2.16132285585627,51.69374846573919],[-2.16132285585627,51.70104687893763],[-2.151100382208824,51.70743299048627],[-2.114591547753662,51.70834529213607],[-2.110210487619042,51.7129068003851],[-2.07370165316388,51.713819102034904],[-2.0780827132985,51.71838061028393],[-2.101448367349803,51.71655600698432],[-2.09852766059339,51.72385442018276],[-2.118972607888281,51.72567902348237],[-2.129195081535727,51.75031116802711],[-2.118972607888281,51.75669727957575],[-2.120432961266488,51.76308339112438],[-2.088305186945945,51.772206407622434],[-2.066399886272848,51.76946950267302],[-2.060558472760022,51.75669727957575],[-2.043034232221544,51.76217108947458],[-2.01528751803562,51.76308339112438],[-1.997763277497143,51.74301275482867],[-1.974397623445839,51.7484865647275],[-2.01528751803562,51.76490799442399],[-2.021128931548446,51.783154027420096],[-2.007985751144588,51.78954013896873],[-1.99484257074073,51.775855614221655],[-1.984620097093284,51.78041712247068],[-1.977318330202252,51.770381804322824],[-1.967095856554806,51.78954013896873],[-1.962714796420187,51.80322466371581],[-1.986080450471491,51.81234768021386],[-1.983159743715078,51.82511990331113],[-1.970016563311219,51.83333061815938],[-1.951031969394535,51.826944506610744],[-1.940809495747089,51.83333061815938],[-1.927666315343231,51.832418316509575],[-1.91160242818296,51.84427823795704],[-1.87801430048421,51.839716729708016],[-1.861950413323939,51.84792744455626],[-1.872172886971384,51.86161196930334],[-1.895538541022688,51.86891038250178],[-1.904300661291927,51.87985800229944],[-1.902840307913721,51.89901633694535],[-1.920364548452199,51.89719173364574],[-1.921824901830405,51.887156415497884],[-1.952492322772741,51.88259490724886],[-1.942269849125296,51.898104035295546],[-1.96125444304198,51.90084094024496],[-1.987540803849697,51.89901633694535],[-1.997763277497143,51.90905165509321],[-2.012366811279207,51.9072270517936],[-2.024049638304859,51.91270086169243],[-2.01966857817024,51.920911576540675],[-2.034272111952305,51.920911576540675],[-2.035732465330511,51.93094689468853],[-2.028430698439479,51.93550840293756],[-2.035732465330511,51.943719117785804],[-2.060558472760022,51.95557903923327],[-2.063479179516435,51.9610528491321],[-2.04887564573437,51.973825072229374],[-2.064939532894641,51.98568499367684],[-2.057637766003609,51.99024650192587],[-2.018208224792033,51.98750959697645],[-1.993382217362523,51.99207110522548],[-1.99484257074073,51.99845721677411],[-2.007985751144588,52.00119412172353],[-2.018208224792033,52.014878646470606],[-2.010906457901001,52.01944015471963],[-1.99046151060611,52.02126475801924],[-1.993382217362523,52.039510791015346],[-2.009446104522794,52.03494928276632],[-2.022589284926653,52.035861584416125],[-2.028430698439479,52.028563171217684],[-2.045954938977957,52.028563171217684],[-2.059098119381815,52.03677388606593],[-2.086844833567739,52.043159997614566],[-2.095606953836977,52.037686187715735],[-2.111670840997249,52.04224769596476],[-2.118972607888281,52.035861584416125],[-2.129195081535727,52.04772150586359],[-2.120432961266488,52.05137071246281],[-2.13211578829214,52.07509055535775],[-2.12773472815752,52.086950476805214],[-2.145258968695998,52.08330127020599],[-2.162783209234476,52.086950476805214],[-2.162783209234476,52.07965206360677],[-2.180307449772954,52.07965206360677],[-2.202212750446051,52.07326595205814],[-2.208054163958877,52.064142935560085],[-2.200752397067845,52.05935335189861],[-2.199292043689638,52.04224769596476],[-2.187609216663986,52.02765086956788],[-2.175926389638335,52.02035245636944],[-2.18176780315116,52.007580233272165],[-2.191990276798606,51.99936951842392],[-2.171545329503715,51.99389570852509],[-2.178847096394747,51.98021118377801],[-2.171545329503715,51.975649675528985],[-2.189069570042193,51.970175865630154],[-2.197831690311432,51.95922824583249],[-2.222657697740942,51.96196515078191],[-2.203673103824258,51.979298882128205],[-2.197831690311432,52.00119412172353],[-2.209514517337084,52.00484332832275],[-2.232880171388388,52.00119412172353],[-2.24018193827942,51.99115880357567],[-2.259166532196105,51.986597295326646],[-2.267928652465343,51.99754491512431],[-2.282532186247408,51.99754491512431],[-2.339485967997462,52.01852785306983],[-2.345327381510288,52.011229439871386],[-2.373074095696211,52.01214174152119],[-2.387677629478276,52.00666793162236],[-2.399360456503928,52.01214174152119],[-2.400820809882134,52.02035245636944],[-2.413963990285993,52.030387774517294],[-2.416884697042406,52.00849253492197],[-2.425646817311645,52.00484332832275],[-2.41104328352958,51.99389570852509],[-2.394979396369308,51.98933420027606],[-2.371613742318004,51.98933420027606],[-2.365772328805178,51.9783865804784],[-2.375994802452624,51.96652665903093],[-2.364311975426972,51.96287745243171],[-2.35262914840132,51.95375443593366],[-2.336565261241049,51.951017530984245],[-2.343867028132081,51.94463141943561],[-2.375994802452624,51.942806816136],[-2.399360456503928,51.94828062603483],[-2.415424343664199,51.947368324385025],[-2.430027877446264,51.92729768808931],[-2.412503636907786,51.91999927489087],[-2.425646817311645,51.90996395674301],[-2.432948584202677,51.91270086169243],[-2.462155651766807,51.899928638595156],[-2.462155651766807,51.9072270517936],[-2.478219538927078,51.91178856004262],[-2.492823072709143,51.90266554354457],[-2.508886959869415,51.899928638595156],[-2.522030140273273,51.9081393534434],[-2.542475087568164,51.913613163342234],[-2.541014734189957,51.90540244849399],[-2.526411200407892,51.899928638595156],[-2.533712967298925,51.89171792374691],[-2.511807666625828,51.88350720889866],[-2.503045546356589,51.88350720889866],[-2.49428342608735,51.87438419240061],[-2.503045546356589,51.85978736600373],[-2.500124839600176,51.85066434950568],[-2.484060952439904,51.84792744455626],[-2.463616005145013,51.858875064353924],[-2.453393531497568,51.85613815940451],[-2.446091764606535,51.84062903135782],[-2.475298832170665,51.8369798247586],[-2.482600599061698,51.830593713209964],[-2.500124839600176,51.82511990331113],[-2.492823072709143,51.81508458516328],[-2.475298832170665,51.804136965365615],[-2.466536711901426,51.804136965365615],[-2.473838478792459,51.79045244061854],[-2.470917772036046,51.783154027420096],[-2.476759185548872,51.774031010922045],[-2.470917772036046,51.770381804322824],[-2.451933178119361,51.77676791587146],[-2.451933178119361,51.79843508005433],[-2.43586929095909,51.78680323401932],[-2.416884697042406,51.78566285695706],[-2.38183621596545,51.77289063385979],[-2.378915509209037,51.75510075168859],[-2.402281163260341,51.74962694178976],[-2.421265757177025,51.73571434163023],[-2.449012471362948,51.740503925291705],[-2.459234945010394,51.73571434163023],[-2.463616005145013,51.72750362678198],[-2.482600599061698,51.722942118532956],[-2.486981659196317,51.699906501875375],[-2.503045546356589,51.69009925913997],[-2.508886959869415,51.67367782944348],[-2.505966253113002,51.666379416245036],[-2.520569786895066,51.64995798654854],[-2.520569786895066,51.64083497005049],[-2.533712967298925,51.636273461801466],[-2.54831650108099,51.64539647829952],[-2.5731425085105,51.63353655685205],[-2.5731425085105,51.62623814365361],[-2.542475087568164,51.625325842003804],[-2.535173320677131,51.62258893705439],[-2.535173320677131,51.602518300758675],[-2.549776854459196,51.59521988756023],[-2.54831650108099,51.576061552914325],[-2.571682155132294,51.577886156213935],[-2.578983922023326,51.56967544136569],[-2.576063215266913,51.56420163146686],[-2.586285688914359,51.554166313319],[-2.595047809183598,51.554166313319],[-2.605270282831043,51.545955598470755],[-2.60234957607463,51.538657185272314],[-2.622794523369521,51.538657185272314],[-2.630096290260553,51.53409567702329]],[[-2.251864765305072,51.92364848149009],[-2.246023351792246,51.92729768808931],[-2.243102645035833,51.94006991118658],[-2.229959464631975,51.942806816136],[-2.227038757875562,51.93573647835001],[-2.24456299841404,51.919086973241065],[-2.251864765305072,51.92364848149009]],[[-2.216816284228116,51.93824530788697],[-2.190529923420399,51.943719117785804],[-2.190529923420399,51.951017530984245],[-2.180307449772954,51.95375443593366],[-2.170084976125509,51.947368324385025],[-2.197831690311432,51.93733300623717],[-2.216816284228116,51.93824530788697]],[[-2.081003420054913,52.02308936131885],[-2.066399886272848,52.032212377816904],[-2.067860239651054,52.01670324977022],[-2.081003420054913,52.02308936131885]],[[-2.13211578829214,51.96196515078191],[-2.121893314644694,51.972000468929764],[-2.095606953836977,51.975649675528985],[-2.076622359920293,51.98203578707762],[-2.0780827132985,51.96652665903093],[-2.070780946407467,51.95831594418269],[-2.086844833567739,51.95375443593366],[-2.107289780862629,51.95557903923327],[-2.13211578829214,51.96196515078191]],[[-2.510347313247621,51.65269489149796],[-2.503045546356589,51.668204019544646],[-2.485521305818111,51.668204019544646],[-2.49428342608735,51.64995798654854],[-2.510347313247621,51.65269489149796]],[[-2.447552117984742,51.57514925126452],[-2.430027877446264,51.59157068096101],[-2.421265757177025,51.58609687106218],[-2.440250351093709,51.574236949614715],[-2.447552117984742,51.57514925126452]],[[-2.348248088266701,51.65178258984815],[-2.359930915292352,51.64995798654854],[-2.368693035561591,51.657256399746984],[-2.355549855157733,51.6599933046964],[-2.348248088266701,51.65178258984815]],[[-2.259166532196105,51.71655600698432],[-2.247483705170453,51.7129068003851],[-2.24456299841404,51.70378378388705],[-2.26938900584355,51.71016989543568],[-2.259166532196105,51.71655600698432]],[[-2.342406674753875,51.657256399746984],[-2.329263494350016,51.66546711459523],[-2.316120313946158,51.655431796447374],[-2.310278900433332,51.64630877994932],[-2.320501374080777,51.639922668400686],[-2.332184201106429,51.64722108159913],[-2.346787734888494,51.64722108159913],[-2.342406674753875,51.657256399746984]],[[-1.993382217362523,51.84792744455626],[-1.993382217362523,51.85340125445509],[-1.975857976824045,51.85340125445509],[-1.971476916689426,51.84701514290646],[-1.978778683580458,51.84062903135782],[-1.993382217362523,51.84792744455626]],[[-1.939349142368883,51.87073498580139],[-1.902840307913721,51.8716472874512],[-1.905761014670134,51.864348874252755],[-1.923285255208611,51.864348874252755],[-1.939349142368883,51.87073498580139]]]]},"properties":{"search_id":"Search 6","Asset":"Gloucester"}},
{"type":"Feature","geometry":{"type":"Polygon","coordinates":[[[-0.104846159229055,50.85463989834534],[-0.074227369739674,50.85993909626268],[-0.066804632893763,50.86347189487424],[-0.039897211827338,50.86052789603127],[-0.028763106558472,50.85228469927097],[-0.012061948655173,50.84757430112222],[-0.000927843386307,50.83579830575036],[0.003711367142387,50.825788709684275],[-0.009278422337957,50.81872311246116],[0.021340367151424,50.814601514081005],[0.030618788208812,50.79458232194884],[0.013917630305514,50.792227122874465],[0.026907419785857,50.78398392611416],[0.051031314535066,50.7804511275026],[0.066804630332626,50.78339512634557],[0.086985196132446,50.77515192958526],[0.115980261936784,50.760284735428286],[0.128970051417127,50.756899136758875],[0.140104156685993,50.76514233351918],[0.151934143534163,50.76573113328777],[0.167011577752419,50.76102073513903],[0.173506472492591,50.752385005223054],[0.192759196186671,50.74688954069279],[0.210620156722143,50.738057544163894],[0.238455419894308,50.73437754561019],[0.261883433064213,50.73982394346967],[0.270002051489428,50.750863939130795],[0.2878630120249,50.76102073513903],[0.295981630450115,50.769705531725776],[0.311986906774109,50.77986232773401],[0.330543748888886,50.786927924957126],[0.347940788371488,50.808566316452925],[0.367657433118438,50.81754551292397],[0.408482485770946,50.829321508295834],[0.448147735791281,50.834473506271024],[0.459281841060147,50.834473506271024],[0.498251209501177,50.840361503956956],[0.520519420038909,50.84757430112222],[0.50381826213561,50.85699509741971],[0.492684156866744,50.859350296494085],[0.495235722657526,50.8670046934858],[0.507529630558565,50.86759349325439],[0.509385314770043,50.87465909047751],[0.506601788452826,50.89526708237827],[0.522375104250386,50.89703348168405],[0.508457472664304,50.91057587636169],[0.504746104241349,50.92352947127074],[0.497323367395438,50.931772668031044],[0.510313156875782,50.937660665716976],[0.486189262126572,50.94354866340291],[0.48804494633805,50.95650225831196],[0.475982998963445,50.95473585900618],[0.475055156857707,50.94590386247728],[0.442580683156848,50.94531506270869],[0.431446577887982,50.952380659931805],[0.420312472619116,50.948847861320246],[0.40917836735025,50.95826865761774],[0.432374419993721,50.97181105229538],[0.404539156821556,50.980054249055684],[0.408250525244512,50.98829744581599],[0.395260735764168,50.989475045353174],[0.393405051552691,50.99654064257629],[0.40917836735025,51.00183984049363],[0.402683472610079,51.011849436559714],[0.393405051552691,51.00713903841097],[0.364641946274787,51.00772783817956],[0.319177683093585,51.01891503378283],[0.310827104141936,51.013615835865494],[0.292270262027159,51.01479343540268],[0.296909472555853,51.021270232857205],[0.295053788344376,51.03775662637781],[0.277424788335338,51.04305582429515],[0.263507156749256,51.05071022128686],[0.264434998854995,51.058364618278574],[0.254228735691868,51.06366381619591],[0.222682104096748,51.056598218972795],[0.218042893568054,51.06896301411325],[0.204125261981972,51.08015020971652],[0.225465630413964,51.08544940763386],[0.22082641988527,51.0907486055512],[0.235671893577091,51.10370220046025],[0.247733840951696,51.12313259282382],[0.240311104105785,51.12313259282382],[0.231960525154136,51.10723499907181],[0.219898577779531,51.10075820161728],[0.194846840924583,51.09545900369994],[0.167939419858158,51.10429100022884],[0.149382577743381,51.08898220624542],[0.135464946157299,51.08368300832808],[0.129897893522866,51.07661741110496],[0.115980261936784,51.071318213187624],[0.109485367196612,51.078972610179335],[0.116908104042523,51.091926205088384],[0.104846156667918,51.099580602080096],[0.075155209284276,51.08780460670823],[0.056598367169499,51.10193580115447],[0.039897209266201,51.10075820161728],[0.035257998737507,51.11547819583211],[0.018556840834208,51.1166557953693],[0.004639209248126,51.129020590509754],[-0.005567053915001,51.123721392592415],[0.011134103988297,51.114300596294925],[0.022268209257163,51.10370220046025],[0.011134103988297,51.0989918023115],[0.012989788199775,51.088393406476825],[-0.000927843386307,51.0819166090223],[-0.029690948664211,51.078972610179335],[-0.018556843395345,51.066019015270285],[-0.016701159183867,51.05777581850998],[-0.005567053915001,51.05071022128686],[-0.016701159183867,51.04482222360093],[-0.021340369712561,51.03481262753485],[-0.007422738126479,51.030691029154696],[-0.023196053924039,51.02068143308861],[-0.046392106567509,51.01538223517127],[-0.037113685510121,51.00949423748534],[-0.041752896038815,50.99948464141926],[-0.058454053942114,50.99830704188207],[-0.054742685519159,51.006550238642376],[-0.072371685528196,51.00949423748534],[-0.08536147500854,51.01655983470846],[-0.087217159220017,50.998895841650665],[-0.102062632911839,50.995363043039106],[-0.111341053969227,50.985942246741615],[-0.094639896065928,50.980054249055684],[-0.086289317114279,50.987708646047395],[-0.05381484341342,50.98476464720443],[-0.051031317096204,50.9700446529896],[-0.067732474999502,50.96886705345241],[-0.079794422374107,50.97416625136975],[-0.094639896065928,50.96827825368382],[-0.090000685537234,50.96062385669211],[-0.073299527633935,50.95826865761774],[-0.046392106567509,50.93412786710542],[-0.03061879076995,50.93118386826245],[-0.033402317087166,50.92117427219637],[-0.025979580241255,50.91057587636169],[-0.035258001298644,50.9011550800642],[-0.032474474981427,50.89585588214686],[-0.01484547497239,50.88937908469234],[-0.024123896029778,50.883491087006405],[-0.016701159183867,50.87642548978329],[-0.041752896038815,50.86759349325439],[-0.060309738153592,50.86994869232876],[-0.087217159220017,50.864649494411424],[-0.104846159229055,50.85463989834534]],[[0.034330156631768,51.07956140994793],[0.051031314535066,51.08898220624542],[0.061237577698193,51.08486060786527],[0.051031314535066,51.07602861133637],[0.034330156631768,51.07956140994793]],[[0.076083051390015,51.06837421434466],[0.083505788235925,51.05777581850998],[0.072371682967059,51.053065420361236],[0.066804630332626,51.06130861712154],[0.049175630323589,51.06896301411325],[0.070515998755582,51.0730846124934],[0.076083051390015,51.06837421434466]],[[-0.025051738135517,50.95002546085743],[-0.026907422346994,50.942959863634314],[-0.043608580250293,50.94060466455994],[-0.051959159201942,50.94708146201447],[-0.034330159192905,50.965334254840855],[-0.025051738135517,50.95002546085743]],[[-0.017629001289606,50.94060466455994],[-0.002783527597785,50.9441374631715],[0.001855682930909,50.937660665716976],[-0.005567053915001,50.931772668031044],[-0.017629001289606,50.94060466455994]],[[0.037345643475419,50.84580790181644],[0.00927841977682,50.844630302279256],[-0.005567053915001,50.85876149672549],[0.013917630305514,50.86170549556846],[0.035257998737507,50.851695899502374],[0.037345643475419,50.84580790181644]],[[0.060309735592455,50.84168630343629],[0.074227367178537,50.83756470505614],[0.078866577707231,50.82637750945287],[0.092474928609835,50.82814390875865],[0.094639893504791,50.83638710551895],[0.104846156667918,50.83933110436192],[0.115361700569827,50.825788709684275],[0.138248472474515,50.81833057930549],[0.114124577725306,50.795759921486024],[0.09556773561053,50.79104952333728],[0.076083051390015,50.79281592264306],[0.074227367178537,50.81047991570085],[0.06402110401541,50.80989111593226],[0.044536419794895,50.83049910783302],[0.060309735592455,50.84168630343629]],[[0.117835946148261,50.885257486312184],[0.111650332146872,50.86935989256017],[0.09556773561053,50.865042027602186],[0.083196507552447,50.86818229302298],[0.101134788244963,50.886631352462295],[0.117835946148261,50.885257486312184]],[[0.188351946184412,50.8063583173207],[0.200723174297798,50.80812471662648],[0.202269577770494,50.790460723568685],[0.195774683030322,50.779273527965415],[0.173506472492591,50.77809592842823],[0.168867261963896,50.78575032541994],[0.172578630386852,50.7975263207918],[0.188351946184412,50.8063583173207]],[[0.326600419939496,50.97534385090694],[0.35443568311166,50.96827825368382],[0.360930577851832,50.96062385669211],[0.343301577842794,50.960035056923516],[0.341445893631317,50.96592305460945],[0.326600419939496,50.97534385090694]],[[0.162372367223725,51.086627007171046],[0.178145683021285,51.0907486055512],[0.192063314607367,51.08427180809667],[0.178145683021285,51.07779501064215],[0.179073525127023,51.07014061365044],[0.161444525117986,51.07190701295622],[0.162372367223725,51.086627007171046]],[[0.192991156713106,51.066019015270285],[0.201341735664755,51.06307501642732],[0.216187209356576,51.06543021550169],[0.214331525145099,51.048943821981084],[0.198558209347539,51.05071022128686],[0.191135472501628,51.05777581850998],[0.192991156713106,51.066019015270285]],[[0.287631051498465,51.00949423748534],[0.318249840987846,51.010083037253935],[0.313610630459152,51.002428640262224],[0.292270262027159,51.004195039568],[0.287631051498465,51.00949423748534]],[[0.372992525226437,50.91410867497325],[0.374848209437914,50.909398276824504],[0.360930577851832,50.904099078907166],[0.356291367323138,50.91410867497325],[0.372992525226437,50.91410867497325]]]},"properties":{"search_id":"Search 7","Asset":"Hailsham"}},
{"type":"Feature","geometry":{"type":"Polygon","coordinates":[[[-0.543325464706868,52.39310456754174],[-0.528910706751049,52.38695730647305],[-0.527801879215986,52.376711871358566],[-0.508951811119914,52.376028842350934],[-0.495645880699158,52.38149307441199],[-0.476795812603086,52.37397975532804],[-0.479013467673212,52.367149465251714],[-0.491210570558906,52.36373432021355],[-0.467925192322582,52.35075676906854],[-0.441313331481069,52.35758705914486],[-0.425789745990187,52.34119436296169],[-0.412483815569431,52.33573013090063],[-0.446857469156384,52.32411863777088],[-0.455728089436889,52.328216811816674],[-0.465707537252456,52.32206955074798],[-0.457945744507015,52.31319017364876],[-0.446857469156384,52.30909199960297],[-0.429116228595376,52.307725941587705],[-0.41581029817462,52.29816353548085],[-0.406939677894115,52.29952959349612],[-0.406939677894115,52.28450295532821],[-0.420245608314872,52.27903872326715],[-0.419136780779809,52.26469511410687],[-0.409157332964242,52.26674420112977],[-0.396960230078548,52.26059694006108],[-0.384763127192855,52.247619388916064],[-0.360368921421468,52.24352121487027],[-0.344845335930586,52.23532486677868],[-0.338192370720208,52.25171756296186],[-0.316015820018947,52.24898544693133],[-0.333757060579956,52.227128518687095],[-0.355933611281216,52.227128518687095],[-0.345954163465649,52.218249141587876],[-0.321559957694262,52.208686735481024],[-0.324886440299451,52.194343126320746],[-0.351498301140964,52.19297706830548],[-0.324886440299451,52.182048604183365],[-0.329321750439703,52.176584372122306],[-0.343736508395523,52.175901343114674],[-0.343736508395523,52.16360682097729],[-0.357042438816279,52.155410472885706],[-0.345954163465649,52.15131229883991],[-0.333757060579956,52.1574595599086],[-0.329321750439703,52.167021966015454],[-0.312412130529992,52.16770499502309],[-0.307145199738443,52.161557733954396],[-0.312689337413758,52.14994624082465],[-0.303818717133254,52.14584806677885],[-0.304927544668317,52.131504457618576],[-0.313798164948821,52.12604022555752],[-0.300492234528065,52.11784387746593],[-0.290512786712497,52.122625080519356],[-0.281642166431993,52.13491960265674],[-0.281642166431993,52.14584806677885],[-0.296056924387813,52.14516503777122],[-0.291621614247561,52.16019167593913],[-0.286077476572245,52.16633893700782],[-0.268336236011237,52.175901343114674],[-0.281642166431993,52.185463749221526],[-0.256139133125544,52.20253947441233],[-0.252812650520355,52.19775827135891],[-0.233962582424283,52.20253947441233],[-0.245050857774913,52.20800370647339],[-0.231744927354157,52.22029822861077],[-0.202915411442518,52.21893217059551],[-0.189609481021762,52.2230303446413],[-0.179630033206195,52.21551702555735],[-0.156344654969871,52.21620005456498],[-0.161888792645186,52.19912432937417],[-0.139712241943926,52.205954619450495],[-0.143038724549115,52.21346793853445],[-0.128623966593295,52.21415096754208],[-0.130841621663421,52.22234731563367],[-0.116426863707602,52.224396402656566],[-0.102012105751783,52.218249141587876],[-0.10090327821672,52.20117341639707],[-0.084270865190774,52.205954619450495],[-0.076509072445333,52.21620005456498],[-0.063203142024577,52.21756611258024],[-0.046570728998631,52.223713373648934],[-0.044353073928505,52.24147212784737],[-0.035482453648001,52.24966847593896],[-0.017741213086993,52.25786482403055],[0.012197130359709,52.244887272885535],[0.038808991201222,52.244887272885535],[0.0454619564116,52.23942304082448],[0.05655023176223,52.24352121487027],[0.037700163666159,52.2674272301374],[0.052114921621978,52.27357449120609],[0.066529679577798,52.286552042351104],[0.051006094086915,52.29338233242743],[0.035482508596033,52.29201627441216],[0.025503060780466,52.322752579755615],[-0.003326455131173,52.32411863777088],[0.011088302824646,52.33573013090063],[0.009979475289583,52.343243449984584],[0.038808991201222,52.34734162403038],[0.057659059297293,52.33982830494642],[0.059876714367419,52.32343560876325],[0.051006094086915,52.319337434717454],[0.052114921621978,52.310458057618234],[0.072073817253113,52.30909199960297],[0.073182644788176,52.316605318686925],[0.064312024507672,52.32206955074798],[0.07096498971805,52.33982830494642],[0.059876714367419,52.349390711053275],[0.069856162182987,52.355537972121965],[0.092032712884247,52.35963614616776],[0.11864457372576,52.36100220418302],[0.116426918655634,52.36646643624408],[0.076509127393365,52.36646643624408],[0.073182644788176,52.37124763929751],[0.087597402743995,52.38149307441199],[0.109773953445256,52.385591248457786],[0.127515194006264,52.385591248457786],[0.134168159216642,52.38968942250358],[0.131950504146516,52.40471606067149],[0.108665125910193,52.41905966983177],[0.117535746190697,52.424523901892826],[0.094250367954373,52.433403278992046],[0.086488575208932,52.440916598076],[0.100903333164752,52.451162033190485],[0.114209263585508,52.44433174311416],[0.121971056330949,52.45047900418285],[0.120862228795886,52.47028684540419],[0.104229815769941,52.47370199044235],[0.117535746190697,52.48463045456447],[0.133059331681579,52.50238920876291],[0.103120988234878,52.50717041181633],[0.109773953445256,52.519464933953714],[0.096468023024499,52.52492916601477],[0.083162092603743,52.53858974616742],[0.063203196972609,52.534491572121624],[0.077617954928428,52.51878190494608],[0.05655023176223,52.50717041181633],[0.052114921621978,52.50990252784686],[0.027720715850592,52.50034012174001],[0.017741268035024,52.50238920876291],[0.004435337614268,52.49146074464079],[0.014414785429835,52.481215309526306],[0.005544165149331,52.47848319349578],[-0.016632385551929,52.47848319349578],[-0.032155971042812,52.49077771563316],[-0.056550176814198,52.47984925151104],[-0.070964934770018,52.47916622250341],[-0.073182589840144,52.48872862861026],[-0.096467968076468,52.48804559960263],[-0.124188656453043,52.492826802656054],[-0.133059276733547,52.47916622250341],[-0.141929897014052,52.48872862861026],[-0.154126999899745,52.49214377364842],[-0.162997620180249,52.481215309526306],[-0.178521205671132,52.47984925151104],[-0.202915411442518,52.473189718686626],[-0.215112514328212,52.48463045456447],[-0.225091962143779,52.47984925151104],[-0.237289065029472,52.490094686625525],[-0.247268512845039,52.5044382957858],[-0.231744927354157,52.519464933953714],[-0.229527272284031,52.53312551410636],[-0.204024238977581,52.54610306525137],[-0.215112514328212,52.558397587388754],[-0.242833202704787,52.56591090647271],[-0.265009753406048,52.561812732426915],[-0.265009753406048,52.579571486625355],[-0.282750993967056,52.5741072545643],[-0.281642166431993,52.585718747694045],[-0.290512786712497,52.585718747694045],[-0.30603637220338,52.57752239960246],[-0.282750993967056,52.55788531563303],[-0.302709889598191,52.56317879044218],[-0.318233475089073,52.561812732426915],[-0.327104095369577,52.55498244235059],[-0.338192370720208,52.55498244235059],[-0.347062991000712,52.561812732426915],[-0.36480423156172,52.567276964487974],[-0.373674851842225,52.561812732426915],[-0.388089609798044,52.570692109526135],[-0.406939677894115,52.58776783471694],[-0.419136780779809,52.588450863724574],[-0.429116228595376,52.58366966067115],[-0.416919125709683,52.57752239960246],[-0.404722022823989,52.561812732426915],[-0.392524919938296,52.56522787746508],[-0.378110161982477,52.559080616396386],[-0.374783679377288,52.5488351812819],[-0.399177885148674,52.52834431105293],[-0.400286712683737,52.52083099196898],[-0.41581029817462,52.51536675990792],[-0.424680918455124,52.50580435380107],[-0.41581029817462,52.50307223777054],[-0.402504367753863,52.51536675990792],[-0.382545472122729,52.52083099196898],[-0.359260093886405,52.520147962961346],[-0.351498301140964,52.483947425556835],[-0.369239541701972,52.47984925151104],[-0.381436644587666,52.472335932427086],[-0.367021886631846,52.468920787388925],[-0.345954163465649,52.45321112021338],[-0.368130714166909,52.45184506219812],[-0.381436644587666,52.439550540060736],[-0.36480423156172,52.42793904693099],[-0.374783679377288,52.42588995990809],[-0.380327817052603,52.418376640824135],[-0.39030726486817,52.41905966983177],[-0.381436644587666,52.40403303166386],[-0.41581029817462,52.406082118686754],[-0.42689857352525,52.41154635074781],[-0.444639814086258,52.41427846677834],[-0.434660366270691,52.3985687996028],[-0.443530986551195,52.382176103419624],[-0.455728089436889,52.37876095838146],[-0.490101743023843,52.38900639349595],[-0.479013467673212,52.40130091563333],[-0.503407673444599,52.41086332174018],[-0.506734156049788,52.415644524793606],[-0.526693051680923,52.403350002656225],[-0.546651947312057,52.39788577059517],[-0.543325464706868,52.39310456754174]],[[-0.343736508395523,52.48872862861026],[-0.347062991000712,52.5044382957858],[-0.322668785229325,52.50307223777054],[-0.324886440299451,52.49350983166369],[-0.343736508395523,52.48872862861026]],[[-0.341518853325397,52.43408630799968],[-0.325995267834514,52.43818448204547],[-0.327104095369577,52.42247481486993],[-0.341518853325397,52.43408630799968]],[[-0.351498301140964,52.41154635074781],[-0.368130714166909,52.4176936118165],[-0.351498301140964,52.42793904693099],[-0.347062991000712,52.418376640824135],[-0.351498301140964,52.41154635074781]],[[-0.250594995450228,52.49692497670185],[-0.248377340380102,52.48463045456447],[-0.25835678819567,52.48258136754157],[-0.259465615730733,52.49829103471711],[-0.250594995450228,52.49692497670185]],[[-0.230636099819094,52.45047900418285],[-0.218438996933401,52.47438501944998],[-0.209568376652896,52.468920787388925],[-0.178521205671132,52.47438501944998],[-0.15967113757506,52.47096987441182],[-0.184065343346447,52.45594323624391],[-0.186282998416573,52.44364871410653],[-0.166324102785438,52.43545236601494],[-0.174085895530879,52.43067116296152],[-0.208829158274157,52.43272024998441],[-0.228418444748968,52.442282656091265],[-0.230636099819094,52.45047900418285]],[[-0.107556243427098,52.47438501944998],[-0.118644518777728,52.46755472937366],[-0.128623966593295,52.47370199044235],[-0.115318036172539,52.48463045456447],[-0.107556243427098,52.47438501944998]],[[-0.078726727515459,52.456455507999635],[-0.079835555050522,52.4641395843355],[-0.054332521744072,52.46755472937366],[-0.070964934770018,52.45047900418285],[-0.078726727515459,52.456455507999635]],[[0.065420852042735,52.46482261334313],[0.053223749157041,52.472335932427086],[0.073182644788176,52.487362570594996],[0.086488575208932,52.490094686625525],[0.094250367954373,52.501706179755274],[0.109773953445256,52.501706179755274],[0.124188711401075,52.49692497670185],[0.097576850559562,52.477800164488144],[0.092032712884247,52.463627312579774],[0.065420852042735,52.46482261334313]],[[-0.377001334447414,52.24966847593896],[-0.371457196772099,52.25854785303818],[-0.345954163465649,52.25923088204581],[-0.355933611281216,52.24898544693133],[-0.377001334447414,52.24966847593896]],[[-0.386980782262981,52.28586901334347],[-0.363695404026657,52.27289146219846],[-0.384763127192855,52.2694763171603],[-0.4013955402188,52.27835569425952],[-0.386980782262981,52.28586901334347]],[[-0.341518853325397,52.30567685456481],[-0.334588681231253,52.3097750286106],[-0.317401854437776,52.3097750286106],[-0.284968649037182,52.29252854616789],[-0.291621614247561,52.284673712580116],[-0.316015820018947,52.2928700606717],[-0.341518853325397,52.28791810036637],[-0.355933611281216,52.288601129374],[-0.350389473605901,52.30021262250375],[-0.341518853325397,52.30567685456481]],[[-0.181847688276321,52.23190972174052],[-0.182956515811384,52.22849457670236],[-0.214003686793149,52.227128518687095],[-0.235071409959346,52.233275779755786],[-0.239506720099598,52.238740011816844],[-0.227309617213905,52.24352121487027],[-0.184065343346447,52.24147212784737],[-0.181847688276321,52.23190972174052]],[[-0.162997620180249,52.227128518687095],[-0.172977067995816,52.22781154769473],[-0.169650585390627,52.24352121487027],[-0.147474034689367,52.24078909883974],[-0.145256379619241,52.22576246067183],[-0.162997620180249,52.227128518687095]],[[-0.232576548005454,52.28245386830531],[-0.236180237494409,52.26554890036641],[-0.24394203023985,52.268793288152665],[-0.238397892564535,52.28160008204577],[-0.232576548005454,52.28245386830531]],[[-0.155235827434808,52.281087810290046],[-0.169650585390627,52.2694763171603],[-0.18517417088151,52.27357449120609],[-0.195153618697077,52.28245386830531],[-0.187391825951636,52.288601129374],[-0.176303550601006,52.28177083929768],[-0.155235827434808,52.281087810290046]],[[-0.056550176814198,52.25171756296186],[-0.051006039138883,52.23054366372526],[-0.060985486954451,52.227128518687095],[-0.0864885202609,52.23190972174052],[-0.082053210120648,52.24283818586264],[-0.056550176814198,52.25171756296186]],[[-0.103120933286846,52.27084237517556],[-0.083162037655711,52.28586901334347],[-0.070964934770018,52.286552042351104],[-0.07540024491027,52.271525404183194],[-0.067638452164829,52.26127996906871],[-0.085379692725837,52.26127996906871],[-0.103120933286846,52.27084237517556]],[[-0.026611833367497,52.27015934616793],[-0.036591281183064,52.262646027083974],[-0.04989721160382,52.26401208509924],[-0.045461901463568,52.27903872326715],[-0.026611833367497,52.27015934616793]],[[-0.003326455131173,52.31455623166403],[-0.024394178297371,52.301578680519015],[-0.032155971042812,52.30635988357244],[-0.019958868157119,52.313873202656396],[-0.003326455131173,52.31455623166403]],[[0.031047198455781,52.28245386830531],[0.033264853525907,52.27289146219846],[0.021067750640213,52.26401208509924],[0.002217682544142,52.27562357822899],[0.031047198455781,52.28245386830531]],[[-0.007761765271425,52.47028684540419],[0.014414785429835,52.46755472937366],[0.003326510079205,52.45935838128207],[-0.011088247876614,52.462773526320234],[-0.007761765271425,52.47028684540419]],[[-0.015523558016866,52.414961495785974],[2.7474016e-8,52.427256017923355],[0.00887064775452,52.43818448204547],[0.02328540571034,52.42930510494625],[0.002217682544142,52.414961495785974],[0.002217682544142,52.409497263724916],[-0.013675512103064,52.40813120570965],[-0.015523558016866,52.414961495785974]],[[0.035482508596033,52.4217917858623],[0.053223749157041,52.414961495785974],[0.057659059297293,52.427256017923355],[0.049897266551852,52.436135395022575],[0.060985541902483,52.438867511053104],[0.077617954928428,52.43135419196915],[0.104229815769941,52.412229379755445],[0.119753401260823,52.397202741587535],[0.114209263585508,52.38968942250358],[0.087597402743995,52.385591248457786],[0.058767886832356,52.37193066830514],[0.0454619564116,52.3773949003662],[0.024394233245403,52.379443987389095],[0.042135473806411,52.38764033548068],[0.037700163666159,52.40676514769439],[0.028829543385655,52.41632755380124],[0.035482508596033,52.4217917858623]]]},"properties":{"search_id":"Search 8","Asset":"Huntingdon"}},
{"type":"Feature","geometry":{"type":"Polygon","coordinates":[[[-0.573827524203807,52.59483584284317],[-0.564080984797329,52.58883238013368],[-0.534841366577893,52.59033324581105],[-0.531186414300464,52.59558627568185],[-0.514129970339127,52.5985880070366],[-0.515348287764937,52.58883238013368],[-0.500728478655219,52.56932112632785],[-0.481235399842262,52.56932112632785],[-0.473925495287403,52.56331766361836],[-0.456869051326066,52.57232285768259],[-0.449559146771207,52.56631939497311],[-0.43493933766149,52.564818529295735],[-0.445904194493778,52.54905943968333],[-0.43128438538406,52.54605770832859],[-0.43128438538406,52.53555164858699],[-0.439812607364729,52.53029861871619],[-0.451995781622827,52.53330035007093],[-0.470270543009974,52.514539529103786],[-0.475143812713213,52.495028275297955],[-0.484890352119692,52.495028275297955],[-0.488545304397121,52.482270917040296],[-0.477580447564833,52.477017887169495],[-0.467833908158354,52.45300403633155],[-0.477580447564833,52.448501439299434],[-0.504383430932648,52.45450490200892],[-0.522658192319795,52.444749275106005],[-0.515348287764937,52.43724494671915],[-0.504383430932648,52.43649451388046],[-0.503165113506839,52.426738886977546],[-0.526313144597225,52.42598845413886],[-0.527531462023035,52.417733692913316],[-0.514129970339127,52.41398152871989],[-0.523876509745605,52.40497633465566],[-0.548242858261801,52.40047373762354],[-0.566517619648948,52.39371984207537],[-0.562862667371519,52.38996767788194],[-0.526313144597225,52.3869659465272],[-0.528749779448844,52.374959021108225],[-0.509256700635888,52.374959021108225],[-0.49585520895198,52.3817129166564],[-0.477580447564833,52.37345815543085],[-0.477580447564833,52.36745469272137],[-0.490981939248741,52.36370252852794],[-0.505601748358458,52.35469733446371],[-0.476362130139023,52.35769906581845],[-0.467833908158354,52.35094517027028],[-0.444685877067968,52.35919993149582],[-0.426411115680821,52.34193997620605],[-0.414227941422723,52.33593651349656],[-0.447122511919588,52.323179155238904],[-0.465397273306735,52.32242872240022],[-0.442249242216349,52.30967136414256],[-0.430066067958251,52.30817049846519],[-0.405699719442055,52.29316184169147],[-0.423974480829202,52.27139928936958],[-0.399608132313006,52.26239409530535],[-0.402044767164625,52.25789149827324],[-0.380115053500049,52.244383707176894],[-0.343565530725755,52.24738543853164],[-0.327727404190227,52.25564019975718],[-0.3118892776547,52.244383707176894],[-0.325290769338608,52.23762981162872],[-0.331382356467657,52.227874184725806],[-0.354530387558043,52.22712375188712],[-0.352093752706423,52.21811855782289],[-0.320417499635369,52.204610766726546],[-0.337473943596706,52.18810124427546],[-0.320417499635369,52.185099512920715],[-0.325290769338608,52.17759518453386],[-0.339910578448325,52.17759518453386],[-0.343565530725755,52.163336960598826],[-0.358185339835472,52.16033522924408],[-0.346002165577374,52.152830900857225],[-0.333818991319276,52.15883436356671],[-0.327727404190227,52.167089124792255],[-0.307320587307913,52.16934042330831],[-0.3118892776547,52.15733349788934],[-0.326509086764418,52.14532657247037],[-0.320417499635369,52.14307527395431],[-0.302142738248222,52.14982916950248],[-0.302142738248222,52.134820512728766],[-0.3118892776547,52.115309258922935],[-0.289959563990124,52.12131272163242],[-0.285086294286884,52.13932310976088],[-0.297269468544982,52.152830900857225],[-0.296051151119173,52.16108566208277],[-0.278994707157835,52.15508219937328],[-0.272903120028786,52.16033522924408],[-0.280213024583645,52.1858499457594],[-0.260719945770688,52.199357736855745],[-0.25097340636421,52.196356005501],[-0.235135279828683,52.204610766726546],[-0.246100136660971,52.20986379659735],[-0.227825375273824,52.221120289177634],[-0.203459026757628,52.21961942350026],[-0.183965947944671,52.222621154855005],[-0.180310995667242,52.21586725930683],[-0.154726329725236,52.21961942350026],[-0.146198107744567,52.21436639362946],[-0.135233250912279,52.21811855782289],[-0.13035998120904,52.22562288620975],[-0.097465410712175,52.22337158769369],[-0.107211950118653,52.24138197582215],[-0.091373823583126,52.25263846840244],[-0.074317379621789,52.249636737047695],[-0.056042618234642,52.25789149827324],[-0.056042618234642,52.274401020724326],[-0.041422809124924,52.283406214788556],[-0.018274778034538,52.27214972220827],[-0.00730992120225,52.27740275207907],[0.002436618204229,52.29391227453016],[-0.012183190905489,52.29841487156227],[-0.029239634866826,52.29391227453016],[-0.037767856847495,52.30366790143307],[-0.054824300808832,52.305168767110445],[-0.043859443976544,52.3179261253681],[-0.032894587144256,52.314173961174674],[-0.020711412886158,52.324680020916276],[-0.00609160377644,52.32618088659365],[-0.001218334073201,52.34118954336736],[0.008528205333278,52.34869387175422],[0.030457918997854,52.35019473743159],[0.032894553849474,52.35919993149582],[0.014619792462327,52.37345815543085],[0.019493062165566,52.383964215172455],[0.034112871275283,52.38996767788194],[0.031676236423664,52.39897287194617],[0.009746522759087,52.39897287194617],[-0.002436651499011,52.403475468978286],[-0.012183190905489,52.394470274914056],[-0.021929730311967,52.39897287194617],[-0.023148047737777,52.41022936452646],[-0.002436651499011,52.430491051170975],[0.009746522759087,52.44549970794469],[0.024366331868805,52.44549970794469],[0.031676236423664,52.440997110912576],[0.048732680385001,52.440997110912576],[0.063352489494719,52.44549970794469],[0.068225759197958,52.459007499041036],[0.051169315236621,52.468012693105265],[0.031676236423664,52.47401615581475],[0.035331188701093,52.45825706620235],[0.018274744739756,52.453754469170235],[0.001218300778419,52.453754469170235],[-0.023148047737777,52.45975793187972],[-0.040204491699114,52.45825706620235],[-0.046296078828163,52.46351009607315],[-0.040204491699114,52.471764857298695],[-0.079190649325028,52.48827437974978],[-0.082845601602457,52.48152048420161],[-0.110866902396083,52.489775245427154],[-0.131578298634849,52.504033469362184],[-0.136451568338089,52.523544723168015],[-0.149853060021996,52.518291693297215],[-0.164472869131714,52.52579602168407],[-0.186402582796291,52.53029861871619],[-0.19127585249953,52.534988823957974],[-0.186402582796291,52.545307275489904],[-0.176656043389812,52.546808141167276],[-0.162949972349452,52.55506290239282],[-0.124268394079991,52.55806463374756],[-0.142543155467138,52.56631939497311],[-0.164472869131714,52.56031593226362],[-0.176656043389812,52.564818529295735],[-0.183965947944671,52.555813335231505],[-0.201022391906008,52.55731420090888],[-0.203459026757628,52.56631939497311],[-0.171782773686573,52.582828917424195],[-0.179092678241432,52.58883238013368],[-0.182747630518861,52.606092335423455],[-0.171782773686573,52.61584796232637],[-0.221733788144775,52.616598395165056],[-0.221733788144775,52.62860532058403],[-0.214423883589916,52.63911138032563],[-0.227825375273824,52.64136267884169],[-0.230262010125443,52.62785488774534],[-0.25341004121583,52.63160705193877],[-0.264374898048118,52.629355753422715],[-0.274121437454596,52.6353592161322],[-0.286304611712694,52.63385835045483],[-0.293614516267553,52.639861813164316],[-0.3118892776547,52.643613977357745],[-0.31310759508051,52.62785488774534],[-0.298487785970792,52.6248531563906],[-0.294832833693363,52.6196001265198],[-0.31432591250632,52.60158973839134],[-0.324072451912798,52.597087141359225],[-0.326509086764418,52.586581081617624],[-0.341128895874135,52.58357935026288],[-0.346002165577374,52.59408541000448],[-0.355748704983853,52.59108367864974],[-0.365495244390331,52.59558627568185],[-0.365495244390331,52.60459146974608],[-0.393516545183957,52.6038410369074],[-0.419101211125962,52.59408541000448],[-0.43128438538406,52.6090940667782],[-0.465397273306735,52.6301061862614],[-0.467833908158354,52.64961744006723],[-0.49585520895198,52.648867007228546],[-0.510475018061697,52.66087393264752],[-0.519003240042366,52.65562090277672],[-0.498291843803599,52.638360947486944],[-0.484890352119692,52.63761051464826],[-0.478798764990643,52.62785488774534],[-0.510475018061697,52.629355753422715],[-0.527531462023035,52.61734882800374],[-0.536059684003703,52.616598395165056],[-0.540932953706942,52.60309060406871],[-0.560426032519899,52.60309060406871],[-0.573827524203807,52.59483584284317]],[[-0.49463689152617,52.60158973839134],[-0.49341857410036,52.60684276826214],[-0.476362130139023,52.60684276826214],[-0.469052225584164,52.59933843987528],[-0.49463689152617,52.60158973839134]],[[-0.521439874893986,52.61209579813294],[-0.508038383210078,52.62335229071323],[-0.49585520895198,52.6248531563906],[-0.470270543009974,52.62110099219717],[-0.473925495287403,52.611345365294255],[-0.498291843803599,52.609844499616884],[-0.521439874893986,52.61209579813294]],[[-0.464178955880925,52.58733151445631],[-0.486108669545501,52.573823723359965],[-0.499510161229409,52.577575887553394],[-0.499510161229409,52.58958281297237],[-0.469052225584164,52.591834111488424],[-0.464178955880925,52.58733151445631]],[[-0.498291843803599,52.41173023020383],[-0.481235399842262,52.425238021300174],[-0.467833908158354,52.410979797365144],[-0.486108669545501,52.40572676749434],[-0.498291843803599,52.41173023020383]],[[-0.459305686177686,52.50628476787824],[-0.462960638455115,52.5190421261359],[-0.445904194493778,52.52054299181327],[-0.459305686177686,52.50628476787824]],[[-0.430066067958251,52.42823975265492],[-0.451995781622827,52.43124148400966],[-0.462960638455115,52.43799537955783],[-0.441030924790539,52.44399884226732],[-0.423974480829202,52.43349278252572],[-0.430066067958251,52.42823975265492]],[[-0.43493933766149,52.4927769767819],[-0.413009623996913,52.489775245427154],[-0.406918036867864,52.486023081233725],[-0.43250270280987,52.47626745433081],[-0.441030924790539,52.48001961852424],[-0.447122511919588,52.491276111104526],[-0.43493933766149,52.4927769767819]],[[-0.421537845977582,52.53555164858699],[-0.414227941422723,52.53555164858699],[-0.411791306571104,52.523544723168015],[-0.427629433106631,52.5137890962651],[-0.43128438538406,52.5295481858775],[-0.421537845977582,52.53555164858699]],[[-0.459305686177686,52.39371984207537],[-0.445904194493778,52.3869659465272],[-0.451995781622827,52.378711185301654],[-0.471488860435784,52.3817129166564],[-0.490981939248741,52.387716379365884],[-0.486108669545501,52.39672157343011],[-0.459305686177686,52.39371984207537]],[[-0.361840292112902,52.249636737047695],[-0.377678418648429,52.24738543853164],[-0.37280514894519,52.25939236395061],[-0.356967022409663,52.258641931111924],[-0.361840292112902,52.249636737047695]],[[-0.383770005777478,52.2706488565309],[-0.399608132313006,52.27740275207907],[-0.388643275480717,52.28565751330461],[-0.37280514894519,52.281905349111184],[-0.364276926964521,52.2706488565309],[-0.383770005777478,52.2706488565309]],[[-0.350875435280614,52.29541314020753],[-0.330164039041847,52.31098462161026],[-0.304883952456294,52.30441833427176],[-0.286304611712694,52.2929742334818],[-0.29452825433691,52.28490708046593],[-0.317980864783749,52.29334944990114],[-0.34072279001712,52.292411408852786],[-0.350875435280614,52.29541314020753]],[[-0.181529313093051,52.24363327433821],[-0.182747630518861,52.22937505040318],[-0.215642201015726,52.22712375188712],[-0.233916962402873,52.23237678175792],[-0.230262010125443,52.24363327433821],[-0.181529313093051,52.24363327433821]],[[-0.387424958054908,52.49352740962058],[-0.386206640629098,52.498780439491384],[-0.358185339835472,52.4980300066527],[-0.364276926964521,52.48527264839504],[-0.387424958054908,52.49352740962058]],[[-0.238485652749659,52.496529140975326],[-0.236658176610945,52.50703520071693],[-0.222952105570585,52.50778563355561],[-0.205895661609247,52.51679082761984],[-0.181529313093051,52.509286499232985],[-0.175437725964002,52.5190421261359],[-0.162036234280095,52.518291693297215],[-0.151071377447806,52.513038663426414],[-0.153508012299426,52.495028275297955],[-0.170564456260763,52.49202654394321],[-0.166909503983334,52.48527264839504],[-0.198585757054389,52.482270917040296],[-0.197367439628579,52.48902481258847],[-0.181529313093051,52.491276111104526],[-0.175437725964002,52.496529140975326],[-0.183965947944671,52.5032830365235],[-0.203459026757628,52.5032830365235],[-0.215642201015726,52.49446545066894],[-0.238485652749659,52.496529140975326]],[[-0.229449798484031,52.440997110912576],[-0.225388740422204,52.45250374780225],[-0.213205566164106,52.46300980754385],[-0.18883921764791,52.46601153889859],[-0.185184265370481,52.457506633363664],[-0.19005753507372,52.448501439299434],[-0.181529313093051,52.43249220542238],[-0.201022391906008,52.43249220542238],[-0.229449798484031,52.440997110912576]],[[-0.143761472892947,52.486023081233725],[-0.138888203189708,52.48902481258847],[-0.138888203189708,52.50253260368481],[-0.121831759228371,52.49202654394321],[-0.132796616060659,52.480770051362924],[-0.143761472892947,52.486023081233725]],[[-0.115740172099322,52.48827437974978],[-0.103556997841224,52.473265722976066],[-0.115740172099322,52.46576139458921],[-0.12670502893161,52.47251529013738],[-0.115740172099322,52.48827437974978]],[[-0.076754014473408,52.43874581239652],[-0.060915887937881,52.44399884226732],[-0.056042618234642,52.45300403633155],[-0.043859443976544,52.448501439299434],[-0.075535697047599,52.4289901854936],[-0.076754014473408,52.43874581239652]],[[-0.047514396253973,52.43124148400966],[-0.028021317441016,52.44925187213812],[-0.014619825757109,52.440997110912576],[-0.021929730311967,52.43199191684835],[-0.040204491699114,52.4237371556228],[-0.047514396253973,52.43124148400966]],[[-0.051169348531403,52.466511827427894],[-0.071880744770169,52.44925187213812],[-0.080408966750838,52.46501096175052],[-0.071880744770169,52.47026399162132],[-0.051169348531403,52.466511827427894]],[[-0.219297153293155,52.253388901241124],[-0.211987248738296,52.25939236395061],[-0.19249416992534,52.25639063259587],[-0.18883921764791,52.251137602725066],[-0.219297153293155,52.253388901241124]],[[-0.162036234280095,52.22412202053238],[-0.175437725964002,52.227874184725806],[-0.173001091112383,52.24288284149952],[-0.140106520615518,52.24213240866084],[-0.144979790318757,52.22412202053238],[-0.162036234280095,52.22412202053238]],[[-0.183965947944671,52.27365058788564],[-0.197367439628579,52.281905349111184],[-0.181529313093051,52.29016011033673],[-0.174219408538193,52.28565751330461],[-0.155944647151046,52.28490708046593],[-0.153508012299426,52.2759018864017],[-0.170564456260763,52.26989842369221],[-0.183965947944671,52.27365058788564]],[[-0.082845601602457,52.28790881182067],[-0.070662427344359,52.2864079461433],[-0.070662427344359,52.27740275207907],[-0.063352522789501,52.27139928936958],[-0.060915887937881,52.26089322962798],[-0.084063919028267,52.258641931111924],[-0.107211950118653,52.26689669233747],[-0.082845601602457,52.28790881182067]],[[-0.032894587144256,52.351695603108965],[-0.020711412886158,52.342690409044735],[-0.049951031105593,52.34118954336736],[-0.043859443976544,52.34944430459291],[-0.032894587144256,52.351695603108965]],[[-0.015838143182918,52.37420858826954],[0.003654935630038,52.37570945394691],[0.007309887907468,52.36145123001188],[-0.020711412886158,52.360700797173195],[-0.026803000015207,52.36745469272137],[-0.015838143182918,52.37420858826954]]]},"properties":{"search_id":"Search 9","Asset":"Huntingdon-2"}},
{"type":"Feature","geometry":{"type":"MultiPolygon","coordinates":[[[[-2.044103648047894,53.59225204004906],[-2.035292856860906,53.595756233204156],[-2.026482065673918,53.60802090924699],[-2.017671274486929,53.62729397160001],[-1.98683350533247,53.63868259935407],[-2.017671274486929,53.637806551065296],[-2.038229787256569,53.62729397160001],[-2.035292856860906,53.61853348871227],[-2.042635182850063,53.60539276438067],[-2.044103648047894,53.59225204004906]]],[[[-1.381825843825936,53.90850547229638],[-1.361267331056297,53.90149708598619],[-1.352456539869308,53.90850547229638],[-1.381825843825936,53.90850547229638]]],[[[-1.948653410188854,53.62291373015614],[-1.932500293012708,53.62554187502246],[-1.926626432221383,53.62203768186737],[-1.910473315045238,53.62641792331124],[-1.898725593462586,53.61940953700105],[-1.884040941484272,53.61940953700105],[-1.866419359110296,53.62466582673369],[-1.857608567923307,53.6176574404235],[-1.837050055153668,53.62641792331124],[-1.798869960010052,53.61590534384595],[-1.782716842833906,53.62554187502246],[-1.760689864866436,53.62641792331124],[-1.748942143283784,53.6176574404235],[-1.731320560909808,53.62641792331124],[-1.723978234920651,53.61502929555718],[-1.735725956503302,53.609773005824536],[-1.709293582942337,53.6010125229368],[-1.697545861359686,53.60802090924699],[-1.687266604974866,53.61940953700105],[-1.678455813787878,53.62291373015614],[-1.657897301018238,53.61590534384595],[-1.64908650983125,53.62641792331124],[-1.637338788248599,53.62641792331124],[-1.634401857852936,53.61590534384595],[-1.615311810281128,53.602764619514346],[-1.619717205874622,53.58962389518274],[-1.610906414687634,53.58962389518274],[-1.591816367115825,53.581739460583776],[-1.581537110731006,53.586119702027645],[-1.559510132763535,53.57823526742868],[-1.580068645533174,53.569474784540944],[-1.580068645533174,53.5642184948083],[-1.566852458752692,53.558086156786885],[-1.553636271972209,53.5642184948083],[-1.541888550389558,53.562466398230754],[-1.530140828806907,53.55195381876547],[-1.546293945983052,53.54932567389915],[-1.566852458752692,53.551077770476695],[-1.580068645533174,53.54319333587773],[-1.559510132763535,53.53968914272264],[-1.543357015587389,53.544069384166505],[-1.531609294004738,53.53881309443386],[-1.513987711630762,53.53881309443386],[-1.508113850839436,53.54582148074405],[-1.484618407674134,53.54582148074405],[-1.468465290497988,53.55896220507566],[-1.481681477278471,53.56684663967462],[-1.503708455245942,53.57297897769604],[-1.481681477278471,53.57735921913991],[-1.494897664058954,53.59225204004906],[-1.491960733663291,53.602764619514346],[-1.481681477278471,53.61590534384595],[-1.494897664058954,53.62729397160001],[-1.496366129256785,53.63342630962143],[-1.461122964508832,53.62992211646633],[-1.474339151289314,53.63955864764284],[-1.466996825300157,53.64393888908671],[-1.450843708124012,53.63955864764284],[-1.453780638519675,53.651823323685676],[-1.465528360102326,53.658831709995866],[-1.458186034113169,53.663211951439735],[-1.442032916937023,53.66058380657341],[-1.425879799760878,53.6509472753969],[-1.414132078178227,53.654451468552],[-1.39651049580425,53.65269937197445],[-1.393573565408587,53.64393888908671],[-1.378888913430274,53.649195178819355],[-1.403852821793407,53.66058380657341],[-1.393573565408587,53.670220337749925],[-1.361267331056297,53.66671614459483],[-1.356861935462803,53.66233590315096],[-1.328961096704006,53.656203565129545],[-1.323087235912681,53.66496404801728],[-1.30106025794521,53.66058380657341],[-1.276096349582076,53.67197243432747],[-1.268754023592919,53.6675921928836],[-1.268754023592919,53.651823323685676],[-1.264348627999425,53.64393888908671],[-1.252600906416774,53.63868259935407],[-1.242321650031954,53.65357542026322],[-1.257006302010268,53.658831709995866],[-1.257006302010268,53.6675921928836],[-1.23791625443846,53.66496404801728],[-1.223231602460146,53.67372453090502],[-1.226168532855809,53.68248501379276],[-1.207078485284001,53.686865255236626],[-1.223231602460146,53.69299759325804],[-1.229105463251472,53.68949340010295],[-1.257006302010268,53.69036944839172],[-1.243790115229785,53.70000597956823],[-1.230573928449303,53.69562573812436],[-1.226168532855809,53.705262269300874],[-1.232042393647134,53.71402275218861],[-1.255537836812437,53.72803952480899],[-1.246727045625448,53.74906468373956],[-1.232042393647134,53.74906468373956],[-1.215889276470989,53.75344492518343],[-1.208546950481832,53.761329359782394],[-1.223231602460146,53.76483355293749],[-1.239384719636291,53.77271798753645],[-1.232042393647134,53.77709822898032],[-1.251132441218942,53.784982663579285],[-1.257006302010268,53.777974277269095],[-1.284907140769064,53.77709822898032],[-1.274627884384245,53.78673476015683],[-1.279033279977739,53.7911150016007],[-1.302528723143041,53.77885032555787],[-1.321618770714849,53.78673476015683],[-1.317213375121355,53.79987548448844],[-1.326024166308343,53.79987548448844],[-1.336303422693163,53.80951201566495],[-1.328961096704006,53.81389225710882],[-1.314276444725692,53.81214016053127],[-1.292249466758221,53.81476830539759],[-1.270222488790751,53.82615693315165],[-1.277564814779907,53.83579346432816],[-1.292249466758221,53.83053717459552],[-1.314276444725692,53.8279090297292],[-1.336303422693163,53.83929765748326],[-1.334834957495332,53.85243838181486],[-1.320150305517018,53.85594257496996],[-1.293717931956053,53.86820725101279],[-1.273159419186413,53.86645515443524],[-1.270222488790751,53.87696773390053],[-1.276096349582076,53.88222402363317],[-1.315744909923524,53.87959587876685],[-1.326024166308343,53.871711444167886],[-1.340708818286657,53.86645515443524],[-1.348051144275814,53.876091685611755],[-1.345114213880152,53.88485216849949],[-1.361267331056297,53.885728216788266],[-1.365672726649791,53.87959587876685],[-1.350988074671477,53.87083539587911],[-1.352456539869308,53.857694671547506],[-1.393573565408587,53.85594257496996],[-1.425879799760878,53.84192580234958],[-1.446438312530518,53.843677898927126],[-1.500771524850279,53.86382700956892],[-1.51251924643293,53.86557910614647],[-1.51251924643293,53.87258749245666],[-1.490492268465459,53.878719830478076],[-1.50223999004811,53.88923240994336],[-1.509582316037267,53.87959587876685],[-1.518393107224256,53.8778437821893],[-1.530140828806907,53.86733120272402],[-1.543357015587389,53.864703057857696],[-1.566852458752692,53.86645515443524],[-1.558041667565703,53.87521563732298],[-1.569789389148355,53.878719830478076],[-1.59622176270932,53.88047192705562],[-1.607969484291971,53.89098450652091],[-1.616780275478959,53.88923240994336],[-1.637338788248599,53.89624079625355],[-1.663771161809564,53.87696773390053],[-1.678455813787878,53.87346354074543],[-1.70195125695318,53.87521563732298],[-1.709293582942337,53.86032281641383],[-1.731320560909808,53.86295096128015],[-1.737194421701133,53.84893418865977],[-1.751879073679447,53.84192580234958],[-1.76509526045993,53.84280185063835],[-1.791160517721437,53.83929765748326],[-1.801806890405715,53.84192580234958],[-1.832644659560174,53.83053717459552],[-1.826770798768848,53.82352878828533],[-1.85026624193415,53.8077599190874],[-1.835581589955837,53.80250362935476],[-1.857608567923307,53.794619194755796],[-1.862013963516802,53.798999436199665],[-1.888446337077767,53.79374314646702],[-1.891383267473429,53.806007822509855],[-1.907536384649575,53.803379677643534],[-1.897257128264755,53.79549524304457],[-1.906067919451743,53.77622218069155],[-1.922221036627889,53.754320973472204],[-1.93396875821054,53.75607307004975],[-1.939842619001865,53.747312587162014],[-1.926626432221383,53.742932345718145],[-1.947184944991022,53.735923959407955],[-1.963338062167168,53.733295814541634],[-1.950121875386685,53.72365928336512],[-1.953058805782348,53.71665089705493],[-1.942779549397528,53.71051855903352],[-1.94424801459536,53.7043862210121],[-1.916347175836563,53.69299759325804],[-1.910473315045238,53.68598920694785],[-1.936905688606203,53.67547662748257],[-1.920752571430057,53.665840096306056],[-1.919284106232226,53.644157901158906],[-1.963338062167168,53.62291373015614],[-1.948653410188854,53.62291373015614]],[[-1.656428835820407,53.86032281641383],[-1.665239627007395,53.869083299301565],[-1.64908650983125,53.88397612021072],[-1.62852799706161,53.88397612021072],[-1.625591066665947,53.87696773390053],[-1.613843345083296,53.871711444167886],[-1.600627158302814,53.87258749245666],[-1.599158693104982,53.86295096128015],[-1.616780275478959,53.86820725101279],[-1.62852799706161,53.86295096128015],[-1.656428835820407,53.86032281641383]],[[-1.38623123941943,53.83754556090571],[-1.380357378628105,53.84630604379345],[-1.36420426145196,53.84017370577203],[-1.348051144275814,53.8445539472159],[-1.348051144275814,53.83579346432816],[-1.378888913430274,53.83316531946184],[-1.38623123941943,53.83754556090571]],[[-1.420005938969553,53.836669512616936],[-1.405321286991239,53.845429995504674],[-1.392105100210756,53.83754556090571],[-1.411195147782564,53.8279090297292],[-1.420005938969553,53.836669512616936]],[[-1.380357378628105,53.813016208820045],[-1.384762774221599,53.829661126306746],[-1.355393470264971,53.829661126306746],[-1.36420426145196,53.822652739996556],[-1.350988074671477,53.81827249855269],[-1.368609657045454,53.80951201566495],[-1.380357378628105,53.813016208820045]],[[-1.356861935462803,53.749940732028335],[-1.367141191847622,53.74906468373956],[-1.377420448232442,53.756949118338525],[-1.370078122243285,53.761329359782394],[-1.355393470264971,53.7578251666273],[-1.356861935462803,53.749940732028335]],[[-1.314276444725692,53.775346132402774],[-1.315744909923524,53.76045331149362],[-1.296654862351716,53.75957726320485],[-1.298123327549547,53.75169282860588],[-1.277931931079365,53.735923959407955],[-1.280134628876112,53.728915573097765],[-1.305465653538704,53.740304200851824],[-1.321251654415391,53.735923959407955],[-1.335936306393705,53.735923959407955],[-1.346582679077983,53.740304200851824],[-1.337771887890995,53.761329359782394],[-1.348051144275814,53.763957504648715],[-1.340708818286657,53.775346132402774],[-1.314276444725692,53.775346132402774]]],[[[-1.145402946975082,53.665840096306056],[-1.152745272964239,53.65970775828464],[-1.139529086183757,53.65357542026322],[-1.138060620985925,53.670220337749925],[-1.145402946975082,53.68861735181417],[-1.123375969007611,53.69299759325804],[-1.105754386633635,53.70175807614578],[-1.113096712622792,53.71139460732229],[-1.130718294996768,53.72365928336512],[-1.160087598953396,53.71314670389984],[-1.160087598953396,53.7043862210121],[-1.167429924942553,53.69299759325804],[-1.161556064151227,53.684237110370304],[-1.165961459744722,53.67635267577134],[-1.145402946975082,53.665840096306056]]]]},"properties":{"search_id":"Search 10","Asset":"Leeds"}},
{"type":"Feature","geometry":{"type":"MultiPolygon","coordinates":[[[[-2.034706388716586,53.58988431468606],[-2.037685460760258,53.59344244445674],[-2.028748244629242,53.605895898654126],[-2.025769172585569,53.62012841773685],[-1.991509844083339,53.63880859903293],[-1.997467988170683,53.64236672880361],[-2.016831956454553,53.63791906659026],[-2.034706388716586,53.629023742163554],[-2.034706388716586,53.61834935285151],[-2.043643604847603,53.59344244445674],[-2.034706388716586,53.58988431468606]]],[[[-1.937886547297239,53.62635514483554],[-1.914053970947862,53.6245760799502],[-1.899158610729501,53.61923888529418],[-1.881284178467467,53.61923888529418],[-1.863409746205434,53.62635514483554],[-1.854472530074418,53.62101795017952],[-1.841066705877893,53.629023742163554],[-1.799359697266482,53.62190748262219],[-1.763610832742415,53.629023742163554],[-1.747225936502218,53.62101795017952],[-1.732330576283857,53.62813420972088],[-1.712966607999988,53.605895898654126],[-1.687644495628774,53.61034356086748],[-1.648916559061036,53.61212262575282],[-1.650406095082872,53.59877963911276],[-1.66232238325756,53.58810524980072],[-1.641468878951855,53.5827680551447],[-1.665301455301233,53.575651795603335],[-1.669770063366741,53.56942506850464],[-1.645937487017363,53.5676460036193],[-1.631042126799002,53.58009945781669],[-1.622104910667986,53.574762263160665],[-1.602740942384116,53.579209925374016],[-1.602740942384116,53.56675647117663],[-1.619125838624313,53.56586693873396],[-1.607209550449625,53.55519254942192],[-1.611678158515133,53.5436286276672],[-1.631042126799002,53.53918096545385],[-1.631042126799002,53.53028564102715],[-1.602740942384116,53.53295423835516],[-1.592314190231264,53.53918096545385],[-1.577418830012903,53.53918096545385],[-1.575929293991067,53.53295423835516],[-1.564013005816378,53.52761704369914],[-1.547628109576181,53.53384377079783],[-1.53273274935782,53.53028564102715],[-1.504431564942934,53.53651236812584],[-1.47910945257172,53.53384377079783],[-1.476130380528048,53.525170829481794],[-1.4865571326809,53.516942654387094],[-1.498473420855589,53.51338452461641],[-1.492515276768245,53.50448920018971],[-1.502942028921098,53.487588083778974],[-1.495494348811917,53.4778032269096],[-1.480598988593556,53.48314042156562],[-1.482088524615392,53.489367148664314],[-1.455276876222342,53.489367148664314],[-1.44485012406949,53.50448920018971],[-1.449318732134998,53.5107159272884],[-1.470172236440703,53.5107159272884],[-1.465703628375195,53.522279849043116],[-1.468682700418867,53.52939610858448],[-1.453787340200506,53.5347333032405],[-1.434423371916637,53.546297224995214],[-1.435912907938473,53.55608208186459],[-1.459745484287851,53.57031460094731],[-1.453787340200506,53.579209925374016],[-1.47910945257172,53.59077384712873],[-1.476130380528048,53.59433197689941],[-1.45229780417867,53.59077384712873],[-1.437402443960309,53.59966917155543],[-1.453787340200506,53.60945402842481],[-1.434423371916637,53.6156807555235],[-1.462724556331523,53.636140001704916],[-1.441871052025817,53.636140001704916],[-1.446339660091326,53.65126205323031],[-1.421017547720112,53.6485934559023],[-1.401653579436243,53.65304111811565],[-1.379310539108701,53.636140001704916],[-1.368883786955848,53.64414579368895],[-1.35696749878116,53.63880859903293],[-1.328666314366274,53.6396981314756],[-1.322708170278929,53.657488780329004],[-1.30334420199506,53.656599247886334],[-1.285469769733027,53.64414579368895],[-1.285469769733027,53.635250469262246],[-1.266105801449157,53.63791906659026],[-1.231846472946927,53.635250469262246],[-1.219930184772238,53.64414579368895],[-1.239294153056107,53.65037252078764],[-1.257168585318141,53.659267845214345],[-1.255679049296305,53.66727363719838],[-1.237804617034271,53.663715507427696],[-1.191629000357352,53.66638410475571],[-1.208013896597549,53.67283321496507],[-1.209503432619385,53.68417475360911],[-1.199076680466533,53.690401480707806],[-1.184181320248172,53.692180545593146],[-1.169285960029811,53.686843350937124],[-1.167796424007975,53.67883755895309],[-1.175244104117155,53.6726108318544],[-1.15439059981145,53.67083176696906],[-1.148432455724105,53.661936442542356],[-1.117152199265547,53.67172129941173],[-1.139495239593089,53.67438989673974],[-1.143963847658597,53.687732883379795],[-1.114173127221875,53.687732883379795],[-1.099277767003514,53.70196540246252],[-1.109704519156367,53.70641306467587],[-1.114173127221875,53.714418856659904],[-1.126089415396564,53.719756051315926],[-1.112683591200039,53.72598277841462],[-1.124599879374728,53.73309903795598],[-1.132047559483908,53.72331418108661],[-1.163327815942466,53.720645583758596],[-1.181202248204499,53.717087453987915],[-1.194608072401024,53.717976986430585],[-1.202055752510205,53.71175025933189],[-1.216951112728566,53.70819212956121],[-1.234825544990599,53.715308389102574],[-1.22290925681591,53.718866518873256],[-1.234825544990599,53.7295409081853],[-1.251210441230796,53.73932576505467],[-1.219930184772238,53.747331557038706],[-1.208013896597549,53.75978501123609],[-1.199076680466533,53.75800594635075],[-1.178223176160827,53.76512220589211],[-1.228867400903255,53.775796595204156],[-1.236315081012435,53.78736051695887],[-1.230356936925091,53.798034906270914],[-1.255679049296305,53.798924438713584],[-1.286959305754863,53.81404649023898],[-1.282490697689354,53.82027321733767],[-1.261637193383649,53.81849415245233],[-1.248231369187124,53.82116274978034],[-1.251210441230796,53.828279009321705],[-1.263126729405485,53.833616203977726],[-1.263126729405485,53.84606965817511],[-1.257168585318141,53.856744047487155],[-1.254189513274468,53.88165095588192],[-1.267595337470993,53.887877682980616],[-1.300365129951388,53.89677300740732],[-1.312281418126076,53.88076142343925],[-1.340582602540962,53.883430020767264],[-1.334624458453618,53.89232534519397],[-1.336113994475454,53.90744739671936],[-1.358457034802996,53.913674123818055],[-1.380800075130537,53.911005526490044],[-1.370373322977684,53.92612757801544],[-1.388247755239718,53.92968570778612],[-1.400164043414406,53.91901131847408],[-1.39867450739257,53.91478603937139],[-1.42548615578562,53.90744739671936],[-1.443360588047653,53.9092264616047],[-1.449318732134998,53.90566833183402],[-1.470172236440703,53.90388926694868],[-1.491025740746409,53.9092264616047],[-1.499962956877425,53.90566833183402],[-1.517837389139459,53.911005526490044],[-1.525285069248639,53.91901131847408],[-1.517837389139459,53.92345898068743],[-1.522305997204967,53.93146477267146],[-1.534222285379656,53.92968570778612],[-1.537201357423328,53.95281355129555],[-1.553586253663525,53.943028694426175],[-1.571460685925558,53.939470564655494],[-1.592314190231264,53.92701711045811],[-1.634021198842674,53.912784591375384],[-1.653385167126544,53.92079038335942],[-1.665301455301233,53.913674123818055],[-1.687644495628774,53.911005526490044],[-1.696581711759791,53.914563656260725],[-1.705518927890807,53.90388926694868],[-1.718924752087332,53.90655786427669],[-1.723393360152841,53.912784591375384],[-1.738288720371202,53.912784591375384],[-1.747225936502218,53.91990085091675],[-1.757652688655071,53.917232253588736],[-1.748715472524054,53.90477879939135],[-1.739778256393038,53.89944160473533],[-1.736799184349366,53.888767215423286],[-1.717435216065496,53.8914358127513],[-1.720414288109168,53.882540488324594],[-1.741267792414874,53.87186609901255],[-1.745736400480382,53.860302177257836],[-1.763610832742415,53.85318591771647],[-1.766589904786088,53.84429059328977],[-1.785953873069957,53.8434010608471],[-1.811275985441171,53.833616203977726],[-1.821702737594023,53.81493602268165],[-1.815744593506679,53.80781976314029],[-1.836598097812384,53.80781976314029],[-1.835108561790548,53.79625584138557],[-1.848514385987073,53.79358724405756],[-1.878305106423795,53.7953663089429],[-1.894690002663992,53.79269771161489],[-1.903627218795009,53.78024425741751],[-1.903627218795009,53.773127997876145],[-1.915543506969698,53.75533734902274],[-1.927459795144387,53.75177921925206],[-1.924480723100714,53.744662959710695],[-1.946823763428256,53.72776184329996],[-1.948313299450092,53.717976986430585],[-1.937886547297239,53.71175025933189],[-1.928949331166223,53.69929680513451],[-1.905116754816845,53.70107587001985],[-1.897669074707665,53.69307007803582],[-1.92597025912255,53.67616896162508],[-1.91852257901337,53.66460503987037],[-1.920012115035206,53.642589111914276],[-1.946823763428256,53.62813420972088],[-1.937886547297239,53.62635514483554]],[[-1.322708170278929,53.75177921925206],[-1.300365129951388,53.75800594635075],[-1.297386057907715,53.747331557038706],[-1.318239562213421,53.747331557038706],[-1.322708170278929,53.75177921925206]],[[-1.595293262274936,53.90744739671936],[-1.583376974100247,53.912784591375384],[-1.562523469794542,53.916342721146066],[-1.535711821401492,53.914563656260725],[-1.53273274935782,53.90744739671936],[-1.577418830012903,53.90211020206334],[-1.595293262274936,53.90744739671936]],[[-1.565502541838214,53.93413336999947],[-1.553586253663525,53.93591243488481],[-1.537201357423328,53.92612757801544],[-1.541669965488836,53.918121786031406],[-1.572950221947394,53.92079038335942],[-1.575929293991067,53.92968570778612],[-1.565502541838214,53.93413336999947]],[[-1.529753677314147,53.89477155941131],[-1.520816461183131,53.89499394252198],[-1.517837389139459,53.882540488324594],[-1.526774605270475,53.87898235855391],[-1.537201357423328,53.89054628030863],[-1.529753677314147,53.89477155941131]],[[-1.47910945257172,53.882540488324594],[-1.47910945257172,53.89677300740732],[-1.462724556331523,53.886988150537945],[-1.47910945257172,53.882540488324594]],[[-1.429954763851129,53.89410441007931],[-1.422507083741948,53.90211020206334],[-1.409101259545423,53.89944160473533],[-1.401653579436243,53.90566833183402],[-1.380800075130537,53.90211020206334],[-1.370373322977684,53.89410441007931],[-1.380800075130537,53.882540488324594],[-1.392716363305226,53.87898235855391],[-1.377821003086865,53.86830796924187],[-1.359946570824832,53.87186609901255],[-1.352498890715651,53.86563937191386],[-1.362925642868504,53.859412644815166],[-1.416548939654604,53.855854515044484],[-1.401653579436243,53.86652890435653],[-1.423996619763784,53.8674184367992],[-1.421017547720112,53.87809282611124],[-1.429954763851129,53.89410441007931]],[[-1.374841931043193,53.80781976314029],[-1.382289611152373,53.81404649023898],[-1.370373322977684,53.82116274978034],[-1.359946570824832,53.81493602268165],[-1.374841931043193,53.80781976314029]],[[-1.288448841776699,53.80781976314029],[-1.267595337470993,53.802482568484265],[-1.264616265427321,53.7953663089429],[-1.297386057907715,53.7864709845162],[-1.33015585038811,53.81137789291097],[-1.309302346082404,53.81315695779631],[-1.288448841776699,53.80781976314029]],[[-1.324197706300765,53.85051732038846],[-1.300365129951388,53.86474983947119],[-1.270574409514666,53.86297077458585],[-1.26908487349283,53.85140685283113],[-1.281001161667518,53.83895339863375],[-1.297386057907715,53.830947606649715],[-1.328666314366274,53.833616203977726],[-1.331645386409946,53.84962778794579],[-1.324197706300765,53.85051732038846]],[[-1.622104910667986,53.603227301326115],[-1.639979342930019,53.59255291201407],[-1.644447950995527,53.604116833768785],[-1.62806305475533,53.606785431096796],[-1.622104910667986,53.603227301326115]],[[-1.359946570824832,53.660157377657015],[-1.371862858999521,53.64948298834497],[-1.401653579436243,53.658378312771674],[-1.395695435348898,53.66905270208372],[-1.380800075130537,53.66905270208372],[-1.359946570824832,53.660157377657015]],[[-1.353988426737487,53.660157377657015],[-1.340582602540962,53.657488780329004],[-1.336113994475454,53.64592485857429],[-1.36441517889034,53.6485934559023],[-1.353988426737487,53.660157377657015]],[[-1.270574409514666,53.65304111811565],[-1.279511625645682,53.64414579368895],[-1.298875593929552,53.65570971544366],[-1.291427913820371,53.663715507427696],[-1.270574409514666,53.65304111811565]],[[-1.218440648750402,53.6966282078065],[-1.22290925681591,53.70463399979053],[-1.202055752510205,53.70463399979053],[-1.193118536379188,53.70997119444655],[-1.166306887986138,53.70819212956121],[-1.167796424007975,53.6966282078065],[-1.190139464335516,53.69573867536383],[-1.213972040684894,53.692180545593146],[-1.218440648750402,53.6966282078065]],[[-1.257168585318141,53.79091864672955],[-1.251210441230796,53.78558145207353],[-1.261637193383649,53.77935472497484],[-1.272063945536502,53.78202332230285],[-1.267595337470993,53.79180817917222],[-1.257168585318141,53.79091864672955]]]]},"properties":{"search_id":"Search 11","Asset":"Leeds-Encon"}},
{"type":"Feature","geometry":{"type":"MultiPolygon","coordinates":[[[[-2.641363516682759,53.31288017035695],[-2.638655814342201,53.33727593527874],[-2.650840474874713,53.3299572058022],[-2.656255879555829,53.321825284161605],[-2.641363516682759,53.31288017035695]]],[[[-2.589917172212154,53.317759323341306],[-2.588563321041875,53.30068228789605],[-2.579086362849921,53.29986909573199],[-2.575024809339084,53.31206697819289],[-2.560132446466014,53.31450655468507],[-2.541178530082107,53.30637463304447],[-2.533055423060432,53.31125378602883],[-2.558778595295735,53.33158359013032],[-2.530347720719874,53.33564955095062],[-2.519516911357641,53.34540785691934],[-2.507332250825129,53.34134189609904],[-2.500562994973734,53.34703424124746],[-2.470778269227594,53.33727593527874],[-2.453178204013966,53.320198899833485],[-2.472132120397873,53.30393505655229],[-2.472132120397873,53.289297597599216],[-2.443701245822012,53.293363558419514],[-2.436931989970617,53.28441844461486],[-2.449116650503129,53.27709971513832],[-2.46265516220592,53.2754733308102],[-2.465362864546478,53.26896779349772],[-2.443701245822012,53.26896779349772],[-2.420685775927268,53.27791290730238],[-2.424747329438105,53.28685802110704],[-2.413916520075873,53.293363558419514],[-2.401731859543361,53.292550366255455],[-2.389547199010849,53.29824271140387],[-2.3733009849675,53.290110789763276],[-2.363824026775546,53.289297597599216],[-2.350285515072756,53.295803134911694],[-2.352993217413314,53.30230867222417],[-2.339454705710523,53.31044059386477],[-2.319146938156337,53.30800101737259],[-2.317793086986057,53.29905590356793],[-2.335393152199686,53.28523163677892],[-2.319146938156337,53.28197886812268],[-2.296131468261592,53.2714073699899],[-2.29883917060215,53.258396295364946],[-2.282592956558801,53.24701160506811],[-2.264992891345173,53.257583103200886],[-2.251454379642382,53.25270395021653],[-2.241977421450429,53.24375883641187],[-2.250100528472103,53.23887968342751],[-2.232500463258475,53.21529711066978],[-2.231146612088196,53.229121377458796],[-2.214900398044847,53.23725329909939],[-2.21083884453401,53.24457202857593],[-2.200008035171777,53.24619841290405],[-2.18105411878787,53.257583103200886],[-2.162100202403963,53.25270395021653],[-2.126900071976706,53.25107756588841],[-2.12148466729559,53.24782479723217],[-2.102530750911683,53.25270395021653],[-2.101176899741404,53.263275448349304],[-2.109300006763078,53.28116567595862],[-2.094407643890008,53.28197886812268],[-2.093053792719729,53.290923981927335],[-2.078161429846659,53.29986909573199],[-2.082222983357497,53.30393505655229],[-2.074099876335822,53.31694613117725],[-2.079515281016938,53.325078052817844],[-2.071392173995264,53.3299572058022],[-2.079515281016938,53.34134189609904],[-2.059207513462752,53.34378147259122],[-2.055145959951915,53.349473817739636],[-2.039238208701136,53.349473817739636],[-2.030776638886891,53.34296828042716],[-2.005053466651589,53.355166162888054],[-1.98880725260824,53.34540785691934],[-1.980684145586565,53.355166162888054],[-1.965791782713495,53.36411127669271],[-1.961730229202658,53.37143000616925],[-1.933299354626797,53.36248489236459],[-1.941422461648472,53.351100202067755],[-1.926530098775402,53.33239678229438],[-1.908930033561774,53.33646274311468],[-1.917053140583448,53.34459466475528],[-1.925176247605123,53.36899042967707],[-1.911637735902332,53.36736404534895],[-1.919760842924006,53.382001504302025],[-1.930591652286239,53.38688065728638],[-1.941422461648472,53.39826534758322],[-1.936007056967355,53.40314450056758],[-1.938714759307913,53.41940834384877],[-1.917504424279976,53.42428749683313],[-1.912991587072611,53.43485899496591],[-1.89945307536982,53.42672707332531],[-1.880499158985913,53.42347430466907],[-1.872376051964238,53.42835345765343],[-1.850714433239773,53.42835345765343],[-1.848006730899215,53.43648537929403],[-1.866960647283122,53.43648537929403],[-1.887268414837308,53.440551340114325],[-1.903514628880657,53.4470568774268],[-1.900806926540099,53.45356241473928],[-1.921114694094285,53.46061008017729],[-1.925176247605123,53.468199873692356],[-1.902160777710378,53.470639450184535],[-1.872376051964238,53.48229520456837],[-1.853422135580331,53.48365052480949],[-1.831760516855866,53.48852967779385],[-1.823637409834191,53.48527690913761],[-1.796560386428609,53.48852967779385],[-1.783021874725819,53.49340883077821],[-1.761360256001353,53.49340883077821],[-1.728867827914655,53.504793521075044],[-1.713975465041585,53.503980328910984],[-1.696375399827957,53.51129905838752],[-1.734283232595772,53.5096726740594],[-1.747821744298562,53.504793521075044],[-1.769483363023028,53.501540752418805],[-1.750529446639121,53.5259365173406],[-1.769483363023028,53.519634278069134],[-1.788437279406935,53.5096726740594],[-1.806037344620563,53.50723309756722],[-1.801975791109726,53.499914368090685],[-1.820929707493633,53.499914368090685],[-1.838981056403789,53.50885948189534],[-1.838529772707261,53.52349694084842],[-1.843945177388377,53.53650801547337],[-1.820929707493633,53.55195866659051],[-1.807391195790842,53.55195866659051],[-1.812806600471959,53.563343356887344],[-1.833114368026145,53.56903570203576],[-1.836160533159273,53.560903780395165],[-1.85477598675061,53.54789270577021],[-1.857483689091168,53.53976078412961],[-1.868314498453401,53.534881631145254],[-1.862899093772285,53.5218705565203],[-1.86966834962368,53.504793521075044],[-1.885914563667029,53.499914368090685],[-1.902160777710378,53.501269688380276],[-1.918406991753727,53.49015606212197],[-1.940068610478193,53.49151138241156],[-1.964437931543216,53.48202414048137],[-1.979330294416286,53.48934286995791],[-1.986099550267681,53.499914368090685],[-1.999638061970472,53.501540752418805],[-1.998735494496721,53.51048586622346],[-2.007761168992147,53.51617821137188],[-1.98880725260824,53.52268374868436],[-1.968499485054053,53.51699140353594],[-1.960376378032379,53.534881631145254],[-1.961730229202658,53.54545312927803],[-1.934653205797076,53.54707951360615],[-1.904868480050936,53.55195866659051],[-1.918406991753727,53.556837819574866],[-1.967145633883774,53.556837819574866],[-1.982037996756844,53.564156549051404],[-1.968837947846623,53.56903570203576],[-1.976622592075728,53.57554123934824],[-1.972561038564891,53.58285996882478],[-1.980684145586565,53.590991890465375],[-1.996930359629914,53.58611273748102],[-2.024007383035496,53.59912381210597],[-2.025361234205775,53.619453616207466],[-2.011822722502984,53.62921192217618],[-1.995576508459635,53.63409107516054],[-2.009115020162426,53.64222299680114],[-2.029422787716612,53.63002511434024],[-2.036192043568008,53.62921192217618],[-2.038899745908566,53.61132169456687],[-2.056499811122194,53.61376127105905],[-2.078161429846659,53.61213488673093],[-2.086284536868334,53.620266808371525],[-2.079515281016938,53.624332769191824],[-2.082222983357497,53.63571745948866],[-2.09169994154945,53.64140980463708],[-2.078161429846659,53.64628895762144],[-2.087638388038613,53.651981302769855],[-2.110653857933357,53.651168110605795],[-2.12148466729559,53.64466257329332],[-2.135023178998381,53.652794494933914],[-2.147207839530893,53.64222299680114],[-2.172931011766195,53.6430361889652],[-2.179700267617591,53.650354918441735],[-2.190531076979823,53.648728534113616],[-2.222685042273952,53.63571745948866],[-2.235208165599033,53.63978342030896],[-2.251454379642382,53.63978342030896],[-2.26905444485601,53.648728534113616],[-2.267700593685731,53.66092641657451],[-2.281239105388522,53.66905833821511],[-2.290716063580476,53.66987153037917],[-2.293423765921034,53.684508989332244],[-2.279885254218243,53.6893881423166],[-2.277177551877685,53.6975200639572],[-2.259577486664057,53.6934541031369],[-2.260931337834336,53.70239921694156],[-2.274469849537127,53.710531138582155],[-2.308316128794104,53.709717946418095],[-2.317793086986057,53.72191582887899],[-2.320500789326616,53.73167413484771],[-2.352993217413314,53.73492690350395],[-2.342162408051081,53.72679498186335],[-2.342162408051081,53.707278369925916],[-2.367885580286384,53.708091562089976],[-2.386839496670291,53.70321240910562],[-2.378716389648616,53.69833325612126],[-2.362470175605267,53.69995964044938],[-2.350285515072756,53.69264091097284],[-2.339454705710523,53.681256220676005],[-2.336747003369965,53.66824514605105],[-2.336747003369965,53.647102149785496],[-2.351639366243035,53.64140980463708],[-2.366531729116105,53.647102149785496],[-2.369239431456663,53.63734384381678],[-2.38819334784057,53.63246469083242],[-2.384131794329733,53.626772345684],[-2.362470175605267,53.618640424043406],[-2.370593282626942,53.60888211807469],[-2.370593282626942,53.60075019643409],[-2.415270371246152,53.60644254158251],[-2.440993543481454,53.620266808371525],[-2.450470501673408,53.60156338859815],[-2.458593608695082,53.60156338859815],[-2.47619367390871,53.592618274793494],[-2.485670632100664,53.593431466957554],[-2.488378334441222,53.58367316098884],[-2.538470827741548,53.590991890465375],[-2.545240083592944,53.57716762367636],[-2.564193999976851,53.57554123934824],[-2.562840148806572,53.564969741215464],[-2.556070892955177,53.560903780395165],[-2.537116976571269,53.559277396067046],[-2.537116976571269,53.54789270577021],[-2.546593934763223,53.54057397629367],[-2.538470827741548,53.532442054653075],[-2.522224613698199,53.53732120763743],[-2.497855292633176,53.52105736435624],[-2.484316780930385,53.51943098002812],[-2.470778269227594,53.51129905838752],[-2.469424418057315,53.499101175926626],[-2.488378334441222,53.49259563861415],[-2.500562994973734,53.49178244645009],[-2.510039953165688,53.48446371697355],[-2.507332250825129,53.47795817966107],[-2.481609078589827,53.475518603168894],[-2.464009013376199,53.48121094831731],[-2.416624222416431,53.48039775615325],[-2.405793413054198,53.48852967779385],[-2.390901050181128,53.48609010130167],[-2.415270371246152,53.47633179533295],[-2.43287043645978,53.46271082658495],[-2.453178204013966,53.45681518339552],[-2.468070566887036,53.442990916606504],[-2.480255227419548,53.4470568774268],[-2.480255227419548,53.45356241473928],[-2.496501441462897,53.4551887990674],[-2.514101506676525,53.46088114421582],[-2.519516911357641,53.43648537929403],[-2.534409274230711,53.42916664981749],[-2.519516911357641,53.42184792034095],[-2.493793739122339,53.42916664981749],[-2.489732185611501,53.438111763622146],[-2.474839822738431,53.43079303414561],[-2.47619367390871,53.42184792034095],[-2.468070566887036,53.41859515168471],[-2.489732185611501,53.40558407705976],[-2.50597839965485,53.408836845715996],[-2.545240083592944,53.411276422208175],[-2.545240083592944,53.40151811623946],[-2.524932316038758,53.392776300475816],[-2.498870681010885,53.39826534758322],[-2.472132120397873,53.39826534758322],[-2.47619367390871,53.38769384945044],[-2.533055423060432,53.38606746512232],[-2.549301637103781,53.379561927809846],[-2.562840148806572,53.381188312137965],[-2.575024809339084,53.37386958266143],[-2.554717041784897,53.37143000616925],[-2.542532381252386,53.36248489236459],[-2.575024809339084,53.36085850803647],[-2.5804402140202,53.349473817739636],[-2.592624874552712,53.33727593527874],[-2.589917172212154,53.317759323341306]],[[-2.501916846144013,53.53650801547337],[-2.495147590292618,53.54545312927803],[-2.484316780930385,53.54545312927803],[-2.481609078589827,53.53569482330931],[-2.501916846144013,53.53650801547337]],[[-2.443701245822012,53.5178045957],[-2.468070566887036,53.5178045957],[-2.47754752507899,53.52349694084842],[-2.457239757524803,53.530815670324955],[-2.439639692311175,53.52512332517654],[-2.443701245822012,53.5178045957]],[[-2.438285841140896,53.322638476325665],[-2.440993543481454,53.31450655468507],[-2.455885906354524,53.31206697819289],[-2.449116650503129,53.324264860653784],[-2.438285841140896,53.322638476325665]],[[-2.354347068583593,53.34052870393498],[-2.352993217413314,53.3299572058022],[-2.344870110391639,53.31694613117725],[-2.354347068583593,53.31125378602883],[-2.369239431456663,53.31044059386477],[-2.363824026775546,53.321825284161605],[-2.374654836137779,53.33320997445844],[-2.362470175605267,53.3421550882631],[-2.354347068583593,53.34052870393498]]]]},"properties":{"search_id":"Search 12","Asset":"Manchester"}},
{"type":"Feature","geometry":{"type":"MultiPolygon","coordinates":[[[[-1.443514419021085,52.854714842978865],[-1.43228708487004,52.85958992957603],[-1.438702704384923,52.869340102770366],[-1.453137848293409,52.86251498153433],[-1.443514419021085,52.854714842978865]]],[[[-1.594281477620825,53.102369242114946],[-1.587865858105943,53.096519138198346],[-1.591073667863384,53.08871899964288],[-1.58145023859106,53.073118722531945],[-1.567015094682574,53.07409373985138],[-1.55578776053153,53.067268618615344],[-1.550976045895368,53.04679325490724],[-1.536540901986882,53.036068064393476],[-1.549372141016647,53.02046778728254],[-1.526917472714558,53.01656771800481],[-1.472384706838056,52.97366695594974],[-1.470780801959336,52.95904169615824],[-1.493235470261425,52.95904169615824],[-1.498047184897587,52.94441643636674],[-1.485215945867822,52.94246640172787],[-1.494839375140145,52.9288161592558],[-1.507670614169911,52.9229660553392],[-1.493235470261425,52.91614093410317],[-1.473988611716777,52.91614093410317],[-1.45634565805085,52.90736577822827],[-1.469176897080615,52.89566557039507],[-1.45634565805085,52.878115258645266],[-1.43228708487004,52.88104031060357],[-1.40662460681051,52.875190206686966],[-1.40662460681051,52.86544003349263],[-1.395397272659466,52.860564946895465],[-1.393793367780745,52.85373982565943],[-1.371338699478656,52.857639894937165],[-1.368130889721215,52.840089583187364],[-1.371338699478656,52.82448930607643],[-1.345676221419126,52.820589236798696],[-1.352091840934008,52.814739132882096],[-1.326429362874478,52.808889028965496],[-1.300766884814948,52.80693899432663],[-1.275104406755418,52.797188821132295],[-1.268688787240535,52.791338717215694],[-1.251045833574608,52.79036369989626],[-1.254253643332049,52.80206390772946],[-1.23179897502996,52.80791401164606],[-1.23179897502996,52.81376411556266],[-1.217363831121475,52.81863920215983],[-1.20613649697043,52.83131442731246],[-1.217363831121475,52.83618951390963],[-1.225383355515078,52.848864739062265],[-1.201324782334268,52.863489998853765],[-1.214156021364033,52.8673900681315],[-1.233402879908681,52.863489998853765],[-1.235006784787402,52.872265154728666],[-1.207740401849151,52.8907904837979],[-1.172454494517297,52.900540656992234],[-1.161227160366252,52.88981546647847],[-1.132356872549281,52.88006529328413],[-1.114713918883353,52.89274051843677],[-1.117921728640795,52.89859062235337],[-1.092259250581264,52.8966405877145],[-1.116317823762074,52.915165916783735],[-1.119525633519515,52.92491608997807],[-1.13075296767056,52.92784114193637],[-1.143584206700325,52.923941072658636],[-1.138772492064163,52.940516367089],[-1.149999826215208,52.9434414190473],[-1.129149062791839,52.952216574922204],[-1.111506109125912,52.97074190399144],[-1.085843631066382,52.972691938630305],[-1.087447535945103,52.98341712914407],[-1.076220201794058,52.984392146463506],[-1.061785057885572,52.99706737161614],[-1.05697334324941,53.00584252749104],[-1.061785057885572,53.01461768336594],[-1.047349913977087,53.01949276996311],[-1.018479626160115,53.01754273532424],[-1.002440577372909,53.003892492852174],[-0.994421052979305,53.00876757944934],[-1.004044482251629,53.018517752643675],[-1.012064006645232,53.03704308171291],[-1.03131086518988,53.04289318562951],[-1.036122579826042,53.04971830686554],[-1.015271816402674,53.05264335882384],[-0.996024957858026,53.07214370521251],[-0.988005433464423,53.08676896500401],[-0.97998590907082,53.093594086240046],[-0.98158981394954,53.10626931139268],[-0.960739050526172,53.09749415551778],[-0.954323431011289,53.10334425943438],[-0.938284382224083,53.10139422479551],[-0.927057048073038,53.10431927675381],[-0.976778099313378,53.11504446726758],[-0.988005433464423,53.121869588503614],[-0.994421052979305,53.14722003880888],[-0.986401528585702,53.15599519468378],[-1.013667911523953,53.15502017736435],[-1.039330389583483,53.156970212003216],[-1.039330389583483,53.16867041983642],[-1.032914770068601,53.19012080086395],[-1.013667911523953,53.19792093941942],[-1.03131086518988,53.20474606065545],[-1.032914770068601,53.19597090478055],[-1.050557723734528,53.18719574890565],[-1.063388962764293,53.196945922099985],[-1.069804582279176,53.18914578354452],[-1.061785057885572,53.18427069694735],[-1.073012392036617,53.17744557571132],[-1.085843631066382,53.18134564498905],[-1.101882679853588,53.18134564498905],[-1.10509048961103,53.19304585282225],[-1.133960777428001,53.19499588746112],[-1.141980301821604,53.20182100869715],[-1.138772492064163,53.211571181891486],[-1.122733443276957,53.22132135508582],[-1.169246684759855,53.21839630312752],[-1.169246684759855,53.21059616457205],[-1.191701353061944,53.208646129933186],[-1.214156021364033,53.21839630312752],[-1.188493543304503,53.228146476321854],[-1.199720877455547,53.23302156291902],[-1.217363831121475,53.23204654559959],[-1.241422404302284,53.25057187466882],[-1.233402879908681,53.257396995904855],[-1.207740401849151,53.257396995904855],[-1.212552116485313,53.26812218641862],[-1.202928687212989,53.27397229033522],[-1.185285733547062,53.27689734229352],[-1.178870114032179,53.28664751548786],[-1.194909162819386,53.28664751548786],[-1.188493543304503,53.29639768868219],[-1.162831065244973,53.29834772332106],[-1.178870114032179,53.30809789651539],[-1.191701353061944,53.30809789651539],[-1.196513067698106,53.29932274064049],[-1.207740401849151,53.29249761940446],[-1.225383355515078,53.297372706001624],[-1.235006784787402,53.31297298311256],[-1.247838023817167,53.31297298311256],[-1.249441928695887,53.32564820826519],[-1.265480977483094,53.323698173626326],[-1.294351265300065,53.323698173626326],[-1.294351265300065,53.35514248217805],[-1.278312216512859,53.36269886640366],[-1.320013743359596,53.378299143514596],[-1.334448887268081,53.357823779806495],[-1.345676221419126,53.35294869320933],[-1.340864506782964,53.34222350269556],[-1.328033267753199,53.346123571973294],[-1.320013743359596,53.354898727848195],[-1.299162979936227,53.340273468056694],[-1.311994218965992,53.33442336414009],[-1.311994218965992,53.32857326022349],[-1.332844982389361,53.329548277542926],[-1.337656697025523,53.320773121668026],[-1.372942604357377,53.32467319094576],[-1.360111365327612,53.31687305239029],[-1.372942604357377,53.309072913834825],[-1.353695745812729,53.297372706001624],[-1.350487936055288,53.28177242889069],[-1.372942604357377,53.285672498168424],[-1.392189462902024,53.29347263672389],[-1.397001177538186,53.28664751548786],[-1.422663655597717,53.27494730765466],[-1.433890989748761,53.27982239425182],[-1.435494894627482,53.294447654043324],[-1.445118323899806,53.294447654043324],[-1.453137848293409,53.285672498168424],[-1.449930038535967,53.27787235961296],[-1.469176897080615,53.27592232497409],[-1.467572992201895,53.26519713446032],[-1.48040423123166,53.26519713446032],[-1.483612040989101,53.25544696126599],[-1.48200813611038,53.23887166683562],[-1.469176897080615,53.23497159755789],[-1.483612040989101,53.22034633776639],[-1.470780801959336,53.21644626848865],[-1.499651089776307,53.196945922099985],[-1.491631565382704,53.194020870141685],[-1.501254994655028,53.18427069694735],[-1.522105758078396,53.17549554107245],[-1.523709662957117,53.16477035055868],[-1.547768236137927,53.15014509076718],[-1.567015094682574,53.154045160044916],[-1.579846333712339,53.16379533323925],[-1.597489287378266,53.15892024664208],[-1.578242428833619,53.151120108086616],[-1.584658048348501,53.14136993489228],[-1.583054143469781,53.130644744378515],[-1.565411189803854,53.13161976169795],[-1.568618999561295,53.116019484587014],[-1.586261953227222,53.124794640461914],[-1.594281477620825,53.12381962314248],[-1.602301002014428,53.10724432871211],[-1.594281477620825,53.102369242114946]],[[-1.485215945867822,53.00291747553274],[-1.501254994655028,52.99901740625501],[-1.498047184897587,53.01071761408821],[-1.485215945867822,53.00291747553274]],[[-1.448326133657247,52.966841834713705],[-1.437098799506202,52.969766886672005],[-1.425871465355158,52.95904169615824],[-1.441910514142364,52.95319159224164],[-1.448326133657247,52.966841834713705]],[[-1.408228511689231,52.96001671347767],[-1.408228511689231,52.97171692131087],[-1.392189462902024,52.97171692131087],[-1.395397272659466,52.96196674811654],[-1.408228511689231,52.96001671347767]],[[-1.384169938508421,52.984392146463506],[-1.385773843387142,52.993167302338406],[-1.371338699478656,53.00194245821331],[-1.35690355557017,52.99706737161614],[-1.35730453178985,52.98926723306067],[-1.384169938508421,52.984392146463506]],[[-1.589469762984663,53.10919436335098],[-1.571826809318736,53.10626931139268],[-1.583054143469781,53.099444190156646],[-1.589469762984663,53.10919436335098]],[[-1.488423755625263,53.19207083550282],[-1.488423755625263,53.20182100869715],[-1.477196421474218,53.20669609529432],[-1.464365182444453,53.19499588746112],[-1.472384706838056,53.19012080086395],[-1.488423755625263,53.19207083550282]],[[-1.292747360421345,52.82156425411813],[-1.292747360421345,52.811814080923796],[-1.320013743359596,52.81278909824323],[-1.292747360421345,52.82156425411813]],[[-1.217363831121475,52.91029083018657],[-1.199720877455547,52.909315812867135],[-1.202928687212989,52.897615605033934],[-1.236610689666122,52.8790902759647],[-1.250644857354928,52.88396536256187],[-1.241422404302284,52.89566557039507],[-1.223779450636357,52.89859062235337],[-1.217363831121475,52.91029083018657]],[[-1.270292692119256,53.05361837614328],[-1.246234118938446,53.05264335882384],[-1.247838023817167,53.04386820294894],[-1.265480977483094,53.044843220268376],[-1.270292692119256,53.05361837614328]],[[-1.039330389583483,53.067268618615344],[-1.037726484704763,53.07994384376798],[-1.016875721281394,53.07506875717081],[-1.028103055432439,53.06824363593478],[-1.039330389583483,53.067268618615344]],[[-1.241422404302284,53.248621840029955],[-1.243026309181005,53.239846684155054],[-1.259065357968211,53.239846684155054],[-1.251045833574608,53.25057187466882],[-1.241422404302284,53.248621840029955]],[[-1.233402879908681,53.23594661487732],[-1.222175545757636,53.22717145900242],[-1.236610689666122,53.22424640704412],[-1.251045833574608,53.231071528280154],[-1.233402879908681,53.23594661487732]],[[-1.141980301821604,53.18037062766962],[-1.133960777428001,53.185245714266784],[-1.117921728640795,53.17744557571132],[-1.13075296767056,53.16964543715585],[-1.149999826215208,53.16769540251698],[-1.158019350608811,53.170620454475284],[-1.141980301821604,53.18037062766962]],[[-1.101882679853588,53.16184529860038],[-1.100278774974868,53.16867041983642],[-1.085843631066382,53.16769540251698],[-1.069804582279176,53.17744557571132],[-1.05697334324941,53.179395610350184],[-1.048953818855807,53.17452052375302],[-1.053765533491969,53.159895263961516],[-1.077824106672779,53.14917007344775],[-1.068200677400455,53.145270004170015],[-1.068200677400455,53.13746986561455],[-1.082635821308941,53.136494848295115],[-1.089051440823823,53.124794640461914],[-1.100278774974868,53.13161976169795],[-1.093863155459985,53.14136993489228],[-1.10509048961103,53.14429498685058],[-1.121129538398236,53.136494848295115],[-1.125941253034398,53.145270004170015],[-1.117921728640795,53.154045160044916],[-1.101882679853588,53.16184529860038]],[[-1.018479626160115,53.13454481365625],[-1.020083531038836,53.14136993489228],[-1.002440577372909,53.15209512540605],[-0.997628862736747,53.14917007344775],[-0.997628862736747,53.12966972705908],[-1.018479626160115,53.13454481365625]]],[[[-1.287935645785183,52.75233802443836],[-1.276708311634138,52.74746293784119],[-1.249441928695887,52.75233802443836],[-1.241422404302284,52.76111318031326],[-1.243026309181005,52.76988833618816],[-1.268688787240535,52.76988833618816],[-1.287935645785183,52.77378840546589],[-1.311994218965992,52.75916314567439],[-1.300766884814948,52.75038798979949],[-1.287935645785183,52.75233802443836]]]]},"properties":{"search_id":"Search 13","Asset":"Nottingham"}},
{"type":"Feature","geometry":{"type":"MultiPolygon","coordinates":[[[[-0.588056882494129,52.11786818027031],[-0.569941386813298,52.120456601900514],[-0.560186889139004,52.11269133700989],[-0.574121885816567,52.10578887932934],[-0.571334886481054,52.100612036068924],[-0.546251892461441,52.09543519280851],[-0.551825891132466,52.08335589186754],[-0.578302384819835,52.08421869907761],[-0.581089384155348,52.07731624139706],[-0.597811380168423,52.079041855817195],[-0.600598379503936,52.07213939813664],[-0.57272838614881,52.07386501255678],[-0.564367388142273,52.06696255487623],[-0.571334886481054,52.057471675565466],[-0.567154387477785,52.04107833857415],[-0.553219390800223,52.039352724154014],[-0.534755520202452,52.05574606114533],[-0.52813639678061,52.07364931075426],[-0.489118406083435,52.05488325393526],[-0.469609410734847,52.05143202509498],[-0.465428911731578,52.038489916943945],[-0.475183409405872,52.027273423213046],[-0.447313416050747,52.02554780879291],[-0.455674414057285,52.016919736692216],[-0.441739417379722,52.01519412227208],[-0.423623921698891,52.0005263997009],[-0.418049923027866,52.01605692948215],[-0.391573429340497,52.027273423213046],[-0.373457933659665,52.02468500158284],[-0.369277434656397,52.018645351112355],[-0.330259443959221,52.00484043575125],[-0.313537447946146,52.00484043575125],[-0.305176449939609,51.99966359249083],[-0.28984795359429,52.00225201412104],[-0.28984795359429,52.01088008622173],[-0.282880455255508,52.02209657995263],[-0.26755195891019,52.02123377274256],[-0.264764959574677,52.009154471801594],[-0.255010461900383,52.00311482133111],[-0.256403961568139,51.997075170860626],[-0.243862464558333,51.98585867712973],[-0.225746968877502,51.98499586991966],[-0.242468964890577,51.97119095455855],[-0.241075465222821,51.95997446082765],[-0.224353469209746,51.95134638872696],[-0.206237973528914,51.95048358151689],[-0.221566469874233,51.92373655800475],[-0.202057474525645,51.92201094358461],[-0.206237973528914,51.94012989499606],[-0.193696476519108,51.956523231987376],[-0.165826483163983,51.95479761756724],[-0.164432983496226,51.96083726803772],[-0.181154979509301,51.97119095455855],[-0.160252484492958,51.99276113481028],[-0.15189148648642,52.00656605017139],[-0.139349989476614,52.007428857381456],[-0.12959549180232,52.01346850785194],[-0.139349989476614,52.02468500158284],[-0.132382491137832,52.03245026647346],[-0.104512497782707,52.027273423213046],[-0.108692996785976,52.03676430252381],[-0.124021493131295,52.037627109733876],[-0.139349989476614,52.04711798904464],[-0.122627993463539,52.057471675565466],[-0.125414992799051,52.07472781976685],[-0.122627993463539,52.08508150628768],[-0.147710987483151,52.098886421648785],[-0.137956489808857,52.108377300959546],[-0.12959549180232,52.10320045769913],[-0.11844749446027,52.110102915379684],[-0.09615149977617,52.1152797586401],[-0.080823003430851,52.109240108169615],[-0.055740009411238,52.110965722589754],[-0.048772511072457,52.12218221632065],[-0.037624513730407,52.12390783074079],[-0.023689517052844,52.13253590284148],[-0.008361020707525,52.13167309563141],[-0.011148020043038,52.140301167732105],[-0.023689517052844,52.13598713168176],[-0.034837514394894,52.139438360522036],[-0.033444014727138,52.14720362541266],[-0.043198512401432,52.160145733563695],[-0.061314008082263,52.16445976961404],[-0.069675006088801,52.171362227294594],[-0.059920508414507,52.17740187776508],[-0.045985511736944,52.17740187776508],[-0.029263515723869,52.17222503450466],[-0.004180521704257,52.160145733563695],[0.002786976634525,52.1627341551939],[-0.012541519710794,52.1739506489248],[-0.004180521704257,52.18257872102549],[0.025082971318625,52.181715913815424],[0.048772465670481,52.18430433544563],[0.065494461683556,52.17740187776508],[0.083609957364388,52.192069600336254],[0.093364455038682,52.1963836363866],[0.096151454374194,52.20846293732757],[0.108692951384,52.20932574453764],[0.105905952048488,52.221405045478605],[0.093364455038682,52.22399346710881],[0.082216457696632,52.232621539209504],[0.065494461683556,52.23434715362964],[0.050165965338238,52.24728926178068],[0.051559465005994,52.25332891225116],[0.034837468992919,52.2550545266713],[0.029263470321894,52.24470084015047],[0.020902472315356,52.24642645457061],[0.002786976634525,52.23866118967999],[-0.012541519710794,52.24297522573033],[-0.023689517052844,52.241249611310195],[-0.022296017385088,52.25419171946123],[-0.01393501937855,52.25936856272165],[-0.008361020707525,52.27662470692303],[0.002786976634525,52.29388085112441],[-0.008361020707525,52.30078330880497],[-0.023689517052844,52.293018043914344],[-0.045985511736944,52.30509734485531],[-0.059920508414507,52.30509734485531],[-0.066888006753288,52.311136995325796],[-0.060965633165324,52.321490681846626],[-0.045985511736944,52.33098156115739],[-0.026476516388357,52.32753033231711],[-0.022296017385088,52.333569982787594],[-0.040411513065919,52.33960963325808],[-0.048772511072457,52.332707175577525],[-0.058527008746751,52.33874682604801],[-0.057133509078994,52.34651209093863],[-0.098938499111682,52.33443278999766],[-0.128201992134564,52.354277355829254],[-0.132382491137832,52.362042620719876],[-0.144923988147639,52.36635665677022],[-0.147710987483151,52.37498472887091],[-0.170006982167251,52.37153350003064],[-0.181154979509301,52.38016157213133],[-0.179761479841545,52.38620122260181],[-0.206237973528914,52.393966487492435],[-0.215992471203208,52.41035982448375],[-0.227140468545258,52.41208543890389],[-0.245255964226089,52.42157631821465],[-0.245255964226089,52.4284787758952],[-0.275912956916727,52.450911763357],[-0.292634952929802,52.44228369125631],[-0.307963449275121,52.4396952696261],[-0.287060954258777,52.4284787758952],[-0.284273954923265,52.41639947495423],[-0.291241453262046,52.405182981223334],[-0.302389450604096,52.40690859564347],[-0.320504946284927,52.38188718655147],[-0.320504946284927,52.373259114450775],[-0.333046443294734,52.36894507840043],[-0.351161938975565,52.37671034329105],[-0.373457933659665,52.36635665677022],[-0.383212431333959,52.35686577745946],[-0.395753928343765,52.35945419908967],[-0.392966929008253,52.37671034329105],[-0.411082424689084,52.3810243793414],[-0.415262923692353,52.3698078856105],[-0.431984919705428,52.37153350003064],[-0.422230422031134,52.36031700629974],[-0.412475924356841,52.35772858466953],[-0.420836922363378,52.342198054888286],[-0.412475924356841,52.33529559720773],[-0.440345917711966,52.32666752510704],[-0.440345917711966,52.333569982787594],[-0.454280914389528,52.333569982787594],[-0.466822411399335,52.322353489056695],[-0.48354440741241,52.332707175577525],[-0.490511905751191,52.3249419106869],[-0.525349397445098,52.31890226021642],[-0.50584040209651,52.31545103137614],[-0.482150907744654,52.30423453764524],[-0.486331406747922,52.29646927275462],[-0.482150907744654,52.288704007864],[-0.497479404089972,52.28784120065393],[-0.508627401432022,52.291292429494206],[-0.503053402760997,52.27403628529282],[-0.482150907744654,52.27489909250289],[-0.482150907744654,52.26454540598206],[-0.501659903093241,52.2438380329404],[-0.465428911731578,52.2438380329404],[-0.455674414057285,52.232621539209504],[-0.476576909073628,52.22830750315916],[-0.480757408076897,52.222267852688674],[-0.501659903093241,52.22485627431888],[-0.507233901764266,52.21450258779805],[-0.496085904422216,52.2076001301175],[-0.500266403425485,52.1963836363866],[-0.473789909738116,52.19897205801681],[-0.473789909738116,52.1851671426557],[-0.465428911731578,52.17481345613487],[-0.468215911067091,52.1627341551939],[-0.491905405418947,52.15842011914356],[-0.487724906415679,52.150654854252934],[-0.508627401432022,52.149792047042865],[-0.52813639678061,52.15496889030328],[-0.558793389471248,52.15496889030328],[-0.551825891132466,52.14202678215224],[-0.56158038880676,52.141163974942174],[-0.571334886481054,52.129947481211275],[-0.589450382161885,52.12390783074079],[-0.588056882494129,52.11786818027031]],[[-0.444526416715235,52.04107833857415],[-0.444526416715235,52.03072465205332],[-0.462641912396066,52.03503868810367],[-0.444526416715235,52.04107833857415]],[[-0.399934427347034,52.05488325393526],[-0.370670934324153,52.05056921788491],[-0.376244932995178,52.03676430252381],[-0.397147428011522,52.03590149531374],[-0.406901925685816,52.038489916943945],[-0.412475924356841,52.05056921788491],[-0.399934427347034,52.05488325393526]],[[-0.40132792701479,52.08508150628768],[-0.399934427347034,52.0928467711783],[-0.376244932995178,52.078179048607126],[-0.391573429340497,52.07559062697692],[-0.40132792701479,52.08508150628768]],[[-0.260584460571408,52.19465802196646],[-0.253152462288002,52.181715913815424],[-0.260584460571408,52.17740187776508],[-0.270338958245702,52.18689275707584],[-0.260584460571408,52.19465802196646]],[[-0.45010041538626,52.25678014109144],[-0.457067913725041,52.262819791561924],[-0.445919916382991,52.26972224924248],[-0.441739417379722,52.2774875141331],[-0.429197920369916,52.27662470692303],[-0.429197920369916,52.262819791561924],[-0.45010041538626,52.25678014109144]],[[-0.430591420037672,52.28956681507407],[-0.464035412063822,52.28611558623379],[-0.464035412063822,52.293018043914344],[-0.447313416050747,52.30509734485531],[-0.436165418708697,52.30682295927545],[-0.415262923692353,52.292155236704275],[-0.430591420037672,52.28956681507407]],[[-0.388786430004984,52.343060862098355],[-0.36788393498864,52.343923669308424],[-0.366490435320884,52.332707175577525],[-0.392966929008253,52.33011875394732],[-0.398540927679278,52.342198054888286],[-0.388786430004984,52.343060862098355]],[[-0.34558794030454,52.35945419908967],[-0.348374939640053,52.35082612698898],[-0.36788393498864,52.35772858466953],[-0.355342437978834,52.36549384956015],[-0.34558794030454,52.35945419908967]],[[-0.327472444623709,52.29150813129672],[-0.348839439501618,52.29388085112441],[-0.351161938975565,52.302508923225105],[-0.330259443959221,52.311999802535865],[-0.304131325188791,52.30423453764524],[-0.285667454591021,52.29280234211183],[-0.291241453262046,52.28460567361617],[-0.307963449275121,52.29150813129672],[-0.327472444623709,52.29150813129672]],[[-0.280093455919996,52.34996331977891],[-0.259190960903652,52.343923669308424],[-0.268945458577946,52.33788401883794],[-0.277306456584483,52.343060862098355],[-0.305176449939609,52.343060862098355],[-0.303782950271852,52.352551741409115],[-0.280093455919996,52.34996331977891]],[[-0.277306456584483,52.39828052354278],[-0.285667454591021,52.403457366803195],[-0.270338958245702,52.414673860534094],[-0.26755195891019,52.39914333075285],[-0.277306456584483,52.39828052354278]],[[-0.256403961568139,52.39914333075285],[-0.259190960903652,52.41122263169382],[-0.241075465222821,52.413811053324025],[-0.227140468545258,52.405182981223334],[-0.256403961568139,52.39914333075285]],[[-0.228533968213014,52.39051525865216],[-0.229927467880771,52.40000613796292],[-0.21877947053872,52.40173175238306],[-0.189515977515839,52.38016157213133],[-0.188122477848083,52.36894507840043],[-0.19648347585462,52.363768235140014],[-0.214598971535452,52.3698078856105],[-0.210418472532183,52.384475608181674],[-0.228533968213014,52.39051525865216]],[[-0.266158459242433,52.037627109733876],[-0.249436463229358,52.0341758808936],[-0.241075465222821,52.02382219437277],[-0.270338958245702,52.03331307368353],[-0.266158459242433,52.037627109733876]],[[-0.101725498447195,52.118730987480376],[-0.126808492466807,52.1152797586401],[-0.137956489808857,52.12390783074079],[-0.146317487815395,52.1152797586401],[-0.156071985489689,52.12304502353072],[-0.144923988147639,52.129947481211275],[-0.150497986818664,52.140301167732105],[-0.121234493795782,52.13253590284148],[-0.112873495789245,52.13598713168176],[-0.100331998779438,52.129947481211275],[-0.101725498447195,52.118730987480376]],[[-0.161645984160714,52.07300220534671],[-0.176974480506033,52.068688169296365],[-0.170006982167251,52.057471675565466],[-0.190909477183595,52.06351132603595],[-0.195089976186864,52.07300220534671],[-0.171400481835008,52.07559062697692],[-0.161645984160714,52.07300220534671]],[[-0.161645984160714,52.019508158322424],[-0.170006982167251,52.00225201412104],[-0.189515977515839,52.009154471801594],[-0.161645984160714,52.019508158322424]],[[-0.149104487150908,52.08766992791789],[-0.139349989476614,52.07127659092657],[-0.144923988147639,52.059197289985605],[-0.156071985489689,52.067825362086296],[-0.150497986818664,52.07645343418699],[-0.170006982167251,52.09198396396823],[-0.165826483163983,52.098023614438716],[-0.149104487150908,52.08766992791789]],[[-0.14074348914437,52.018645351112355],[-0.14074348914437,52.008291664591525],[-0.156071985489689,52.01088008622173],[-0.150497986818664,52.019508158322424],[-0.14074348914437,52.018645351112355]],[[-0.083610002766363,52.15238046867307],[-0.086397002101876,52.14375239657238],[-0.076642504427582,52.13426151726162],[-0.094758000108413,52.13339871005155],[-0.104512497782707,52.141163974942174],[-0.11844749446027,52.14288958936231],[-0.137956489808857,52.15842011914356],[-0.101725498447195,52.160145733563695],[-0.083610002766363,52.159282926353626],[-0.083610002766363,52.15238046867307]],[[-0.059920508414507,52.139438360522036],[-0.064101007417776,52.15238046867307],[-0.051559510407969,52.15669450472342],[-0.048772511072457,52.14288958936231],[-0.059920508414507,52.139438360522036]],[[-0.21877947053872,52.20990094936149],[-0.190909477183595,52.21536539500812],[-0.193696476519108,52.20299849168094],[-0.204844473861158,52.20328609406715],[-0.21877947053872,52.20990094936149]],[[-0.213205471867695,52.23952399689006],[-0.193696476519108,52.238085984907556],[-0.19648347585462,52.232621539209504],[-0.215992471203208,52.23233393682329],[-0.213205471867695,52.23952399689006]],[[-0.171400481835008,52.28784120065393],[-0.156071985489689,52.28525277902372],[-0.153284986154176,52.27835032134317],[-0.171400481835008,52.270585056452546],[-0.176974480506033,52.27576189971296],[-0.195089976186864,52.281801550183445],[-0.195089976186864,52.29042962228414],[-0.171400481835008,52.28784120065393]],[[-0.054346509743482,52.28956681507407],[-0.069675006088801,52.281801550183445],[-0.075249004759826,52.27489909250289],[-0.071068505756557,52.26540821319213],[-0.09615149977617,52.266846225226054],[-0.091971000772901,52.281801550183445],[-0.079429503763095,52.291292429494206],[-0.054346509743482,52.28956681507407]],[[-0.119840994128026,52.29560646554455],[-0.110086496453732,52.28784120065393],[-0.132382491137832,52.28438997181365],[-0.139349989476614,52.288704007864],[-0.119840994128026,52.29560646554455]],[[-0.043198512401432,52.282664357393514],[-0.020902517717332,52.272310670872685],[-0.032050515059382,52.26540821319213],[-0.048772511072457,52.26540821319213],[-0.052953010075726,52.27835032134317],[-0.043198512401432,52.282664357393514]],[[0.036230968660675,52.200697672436945],[0.039017967996188,52.2076001301175],[0.061313962680288,52.20242328685708],[0.066887961351313,52.19552082917653],[0.0641009620158,52.1851671426557],[0.043198466999456,52.18775556428591],[0.036230968660675,52.200697672436945]],[[0.058526963344775,52.22313065989874],[0.065494461683556,52.230895924789365],[0.083609957364388,52.22485627431888],[0.076642459025607,52.220542238268536],[0.058526963344775,52.22313065989874]]],[[[0.103118952712975,52.24901487620082],[0.105905952048488,52.242112418520264],[0.0863969566999,52.23348434641957],[0.107299451716244,52.230895924789365],[0.122627948061563,52.24728926178068],[0.103118952712975,52.24901487620082]]]]},"properties":{"search_id":"Search 14","Asset":"St Neots"}},
{"type":"Feature","geometry":{"type":"MultiPolygon","coordinates":[[[[-0.109054698375985,51.13829353498295],[-0.139846617123112,51.13667554175481],[-0.135997627279721,51.12939457222819],[-0.124450657749549,51.13020356884226],[-0.109054698375985,51.13829353498295]]],[[[-0.223241397063248,51.28148593567312],[-0.220675403834321,51.27339596953243],[-0.23093937675003,51.263688010163605],[-0.227090386906639,51.23699112189934],[-0.211694427533075,51.23699112189934],[-0.195015471545048,51.23294613882899],[-0.175770522328094,51.23375513544306],[-0.162940556183457,51.24993506772444],[-0.147544596809894,51.24993506772444],[-0.137280623894185,51.24022710835561],[-0.155242576496676,51.24022710835561],[-0.142412610352039,51.225665169302374],[-0.124450657749549,51.22404717607424],[-0.115469681448303,51.231328145600855],[-0.105205708532594,51.22971015237272],[-0.105205708532594,51.22000219300389],[-0.094941735616885,51.21676620654762],[-0.094941735616885,51.231328145600855],[-0.083394766086712,51.22890115575865],[-0.074413789785467,51.22000219300389],[-0.079545776243322,51.205440253950655],[-0.07184779655654,51.19411430135369],[-0.087243755930103,51.19087831489742],[-0.094941735616885,51.17793436907232],[-0.130865640821867,51.18278834875673],[-0.14626160019543,51.17793436907232],[-0.133431634050794,51.17146239615977],[-0.133431634050794,51.16499042324722],[-0.119318671291694,51.1577094537206],[-0.083394766086712,51.17712537245825],[-0.070564799942076,51.17712537245825],[-0.066715810098685,51.16984440293163],[-0.075696786399931,51.1577094537206],[-0.073130793171003,51.15285547403619],[-0.05773483379744,51.15123748080805],[-0.066715810098685,51.14233851805329],[-0.044904867652804,51.13667554175481],[-0.032074901508167,51.13020356884226],[-0.020527931977995,51.13748453836888],[-0.033357898122631,51.140720524825156],[-0.041055877809413,51.16175443679094],[-0.02950890827924,51.1706533995457],[-0.003848975989968,51.16903540631756],[0.002566007082351,51.160136443562806],[0.021810956299305,51.16903540631756],[0.032074929215014,51.16256343340501],[0.047470888588578,51.16579941986129],[0.078262807335705,51.1447655078955],[0.065432841191068,51.1447655078955],[0.04490489535965,51.14961948757991],[0.03079193260055,51.13910253159702],[-0.00128298276104,51.13991152821109],[0.001283010467887,51.1318215620704],[0.019244963070378,51.135057548526675],[0.033357925829478,51.12939457222819],[0.069281831034459,51.127776579000056],[0.064149844576605,51.11968661285937],[0.078262807335705,51.1188776162453],[0.105205736239441,51.101888687349856],[0.089809776865877,51.09703470766544],[0.091092773480341,51.08813574491069],[0.11546970915515,51.08570875506848],[0.130865668528713,51.09056273475289],[0.127016678685322,51.070337819401175],[0.155242604203522,51.05253989389166],[0.168072570348158,51.0541578871198],[0.184751526336186,51.050112904049456],[0.191166509408504,51.0671018329449],[0.206562468782067,51.06548383971676],[0.225807417999022,51.07114681601524],[0.23222240107134,51.07842778554186],[0.233505397685803,51.09056273475289],[0.242486373987049,51.09784370427951],[0.259165329975076,51.09703470766544],[0.261731323204003,51.088944741524756],[0.251467350288294,51.08570875506848],[0.24633536383044,51.06629283633083],[0.261731323204003,51.05982086341828],[0.259165329975076,51.07438280247152],[0.27841027919203,51.08166377199814],[0.291240245336667,51.07519179908559],[0.30663620471023,51.07519179908559],[0.283542265649885,51.089753738138825],[0.304070211481303,51.096225711051375],[0.322032164083794,51.09784370427951],[0.341277113300748,51.082472768612206],[0.332296136999503,51.076809792313725],[0.345126103144139,51.070337819401175],[0.365654048975557,51.076809792313725],[0.381050008349121,51.07519179908559],[0.397408215183532,51.07761878892779],[0.413124923710711,51.07438280247152],[0.425954889855348,51.05334889050573],[0.443916842457838,51.050112904049456],[0.458029805216938,51.0541578871198],[0.446482835686766,51.063056849874556],[0.45161482214462,51.09056273475289],[0.459312801831402,51.10027069412172],[0.482406740891747,51.114832633174956],[0.481123744277284,51.122113602701575],[0.459312801831402,51.121304606087506],[0.447765832301229,51.12534958915785],[0.446482835686766,51.13263055868447],[0.454180815373547,51.140720524825156],[0.443916842457838,51.147192497737706],[0.45161482214462,51.160136443562806],[0.458029805216938,51.186833331827074],[0.46572778490372,51.186833331827074],[0.461878795060329,51.20058627426624],[0.45161482214462,51.20705824717879],[0.47984074766282,51.22809215914458],[0.506783676566556,51.22890115575865],[0.502934686723165,51.24265409819782],[0.50806667318102,51.25559804402292],[0.523462632554583,51.26045202370733],[0.524745629169047,51.275822959374636],[0.535009602084756,51.277440952602774],[0.56836751406081,51.275822959374636],[0.559386537759565,51.283103928901255],[0.581197480205446,51.296856871340424],[0.563235527602956,51.3000928577967],[0.555537547916174,51.29200289165601],[0.538858591928147,51.29119389504194],[0.515764652867801,51.30737382732332],[0.515764652867801,51.32355375960469],[0.505500679952092,51.33811569865793],[0.495236707036383,51.33326171897352],[0.500368693494238,51.32517175283283],[0.492670713807456,51.31222780700773],[0.481123744277284,51.30494683748111],[0.468293778132647,51.301710851024836],[0.459312801831402,51.30737382732332],[0.461878795060329,51.31708178669214],[0.456746808602475,51.32678974606097],[0.463161791674793,51.347014661412686],[0.449048828915693,51.354295630939305],[0.450331825530156,51.36622833099682],[0.467010781518184,51.37532954290509],[0.455463811988011,51.3777565327473],[0.420822903397493,51.34620566479862],[0.427237886469811,51.335688708815724],[0.411841927096248,51.335688708815724],[0.392596977879293,51.341351685114205],[0.39131398126483,51.35025064786896],[0.370786035433412,51.38099251920357],[0.359239065903239,51.38827348873019],[0.36308805574663,51.40688041085377],[0.373352028662339,51.411734390538186],[0.387464991421439,51.40121743455529],[0.393879974493757,51.40849840408191],[0.395162971108221,51.419015360064805],[0.378484015120193,51.42144234990701],[0.370786035433412,51.43276830250397],[0.337428123457357,51.4424762618728],[0.322032164083794,51.45380221446976],[0.275844285963103,51.45400446362328],[0.234788394300267,51.47018439590465],[0.217788689158624,51.45946519076824],[0.197902241634438,51.46108318399638],[0.191166509408504,51.468364153523],[0.177053546649404,51.46593716368079],[0.173204556806013,51.46027418738231],[0.157808597432449,51.46189218061045],[0.14754462451674,51.457038200926036],[0.135997654986568,51.46108318399638],[0.111620719311759,51.46189218061045],[0.088526780251414,51.46512816706672],[0.04490489535965,51.46674616029486],[0.019244963070378,51.45865619415417],[0.020527959684841,51.44813923817128],[0.008980990154669,51.444094255100936],[0.023093952913769,51.43681328557432],[0.020527959684841,51.431959305889904],[0.041055905516259,51.42225134652108],[0.037206915672868,51.41497037699446],[0.002566007082351,51.406071414239705],[-0.023093925206922,51.406071414239705],[-0.041055877809413,51.38989148195833],[-0.056451837182976,51.38180151581764],[-0.066715810098685,51.38341950904578],[-0.067998806713149,51.37128455983475],[-0.059017830411904,51.37209355644882],[-0.052602847339585,51.36319459369406],[-0.042338874423876,51.36804857337847],[-0.033357898122631,51.36238559707999],[-0.04362187103834,51.35267763771117],[-0.020527931977995,51.354295630939305],[-0.011546955676749,51.36157660046592],[-0.002565979375504,51.35105964448303],[-0.023093925206922,51.34620566479862],[-0.017961938749067,51.33649770542979],[-0.019244935363531,51.3259807494469],[-0.039772881194949,51.3259807494469],[-0.046187864267267,51.31869977992028],[-0.061583823640831,51.32517175283283],[-0.064149816869758,51.33164372574538],[-0.075696786399931,51.33730670204386],[-0.091092745773494,51.334070715587586],[-0.124450657749549,51.342160681728274],[-0.150110590038821,51.321126769762486],[-0.170638535870239,51.321126769762486],[-0.177053518942557,51.31384580023587],[-0.195015471545048,51.315463793464005],[-0.212977424147539,51.32031777314842],[-0.23093937675003,51.31222780700773],[-0.223241397063248,51.302519847638905],[-0.243769342894666,51.29442988149822],[-0.243769342894666,51.28633991535753],[-0.251467322581448,51.28148593567312],[-0.251467322581448,51.26854198984802],[-0.229656380135566,51.282294932287186],[-0.223241397063248,51.28148593567312]],[[-0.207845437689684,51.29928386118263],[-0.212977424147539,51.31222780700773],[-0.198864461388439,51.314654796849936],[-0.179619512171485,51.30737382732332],[-0.186034495243803,51.3000928577967],[-0.207845437689684,51.29928386118263]],[[0.008980990154669,51.17712537245825],[-0.007697965833358,51.17793436907232],[-0.003848975989968,51.186833331827074],[0.01667896984145,51.1835973453708],[0.008980990154669,51.17712537245825]],[[0.017961966455914,51.20382226072252],[0.015395973226987,51.19573229458183],[-0.002565979375504,51.192496308125556],[1.3853423e-8,51.20382226072252],[0.017961966455914,51.20382226072252]],[[0.165506577119231,51.08813574491069],[0.178336543263867,51.089753738138825],[0.18988351279404,51.082472768612206],[0.179619539878331,51.07761878892779],[0.182185533107258,51.07114681601524],[0.173204556806013,51.06548383971676],[0.159091594046913,51.069528822787106],[0.165506577119231,51.08813574491069]],[[0.350258089601994,51.10431567719206],[0.33486213022843,51.102697683963925],[0.307919201324694,51.10350668057799],[0.30663620471023,51.11240564333275],[0.345126103144139,51.11725962301716],[0.359239065903239,51.108360660262406],[0.350258089601994,51.10431567719206]],[[0.443916842457838,51.08085477538407],[0.440067852614447,51.07519179908559],[0.424671893240884,51.07519179908559],[0.432369872927666,51.08651775168255],[0.443916842457838,51.08085477538407]],[[0.434935866156593,51.096225711051375],[0.454180815373547,51.10027069412172],[0.454180815373547,51.09379872120917],[0.43750185938552,51.08813574491069],[0.434935866156593,51.096225711051375]],[[0.449048828915693,51.18440634198487],[0.445199839072302,51.16418142663315],[0.431086876313202,51.16984440293163],[0.436218862771057,51.179552362300456],[0.428520883084275,51.18278834875673],[0.429803879698738,51.1965412911959],[0.449048828915693,51.19087831489742],[0.449048828915693,51.18440634198487]],[[0.279693275806494,51.38989148195833],[0.30663620471023,51.3907004785724],[0.310485194553621,51.39636345487088],[0.300221221637912,51.40283542778343],[0.319466170854867,51.40849840408191],[0.339994116686285,51.40688041085377],[0.34897509298753,51.399599441327155],[0.343843106529675,51.393127468414605],[0.351541086216457,51.38827348873019],[0.350258089601994,51.3777565327473],[0.323315160698257,51.36562158353627],[0.30663620471023,51.372902553062886],[0.293806238565594,51.36966656660661],[0.287391255493276,51.37532954290509],[0.296372231794521,51.38908248534426],[0.279693275806494,51.38989148195833]]],[[[0.328447147156112,51.50476900115609],[0.323315160698257,51.50800498761237],[0.293806238565594,51.4942520451732],[0.273278292734176,51.502342011313885],[0.250184353673831,51.50396000454202],[0.242486373987049,51.50072401808575],[0.223241424770094,51.509622980840504],[0.224524421384558,51.495870038401335],[0.233505397685803,51.49182505533099],[0.230939404456876,51.48211709596217],[0.250184353673831,51.471397890825756],[0.265580313047394,51.46674616029486],[0.27841027919203,51.46674616029486],[0.295089235180058,51.47402712982148],[0.287391255493276,51.48049910273403],[0.289957248722203,51.48697107564658],[0.311768191168085,51.49748803162947],[0.322032164083794,51.4942520451732],[0.328447147156112,51.50476900115609]]]]},"properties":{"search_id":"Search 15","Asset":"Tonbridge"}},
{"type":"Feature","geometry":{"type":"Polygon","coordinates":[[[-1.875158128794283,53.71133936115075],[-1.859867737046443,53.705521408235654],[-1.859867737046443,53.69056095788255],[-1.868207950727083,53.682249596575275],[-1.869597986340523,53.65648437652271],[-1.848747452138923,53.65232869586907],[-1.851527523365803,53.644017334561795],[-1.826506882323883,53.644017334561795],[-1.802876276895404,53.64152392616961],[-1.790365956374444,53.63071915647015],[-1.794536063214764,53.61991438677069],[-1.780635707080364,53.61658984224778],[-1.777855635853484,53.609940753201954],[-1.751444959198125,53.59581143897958],[-1.757005101651885,53.590824622195214],[-1.734764531836845,53.58417553314939],[-1.757005101651885,53.56921508279629],[-1.748664887971245,53.56589053827338],[-1.730594424996525,53.571708491188474],[-1.709743890794925,53.56422826601192],[-1.687503320979886,53.542618726613],[-1.711133926408365,53.533476229174994],[-1.704183748341165,53.52433373173699],[-1.690283392206766,53.514360098168254],[-1.713913997635245,53.51186668977607],[-1.694453499047086,53.50023078394588],[-1.666652786778286,53.510204417514615],[-1.638852074509487,53.51186668977607],[-1.631901896442287,53.50438646459952],[-1.608271291013807,53.49690623942297],[-1.602711148560047,53.50854214525316],[-1.584640685585327,53.50771100912243],[-1.584640685585327,53.4977373755537],[-1.597151006106287,53.49025715037715],[-1.624951718375087,53.49171163860592],[-1.598541041719727,53.476127836154774],[-1.594370934879407,53.463660794193856],[-1.583250649971887,53.47030988323968],[-1.563790151383728,53.46698533871677],[-1.554059902089648,53.476127836154774],[-1.537379474728368,53.47280329163186],[-1.537379474728368,53.46615420258604],[-1.515138904913329,53.452856024494395],[-1.516528940526769,53.43540216574911],[-1.509578762459569,53.42459739604965],[-1.491508299484849,53.41545489861164],[-1.473437836510129,53.43124648509547],[-1.45675740914885,53.43290875735693],[-1.43312680372037,53.41213035408873],[-1.41088623390533,53.41379262635019],[-1.41227626951877,53.39301422308199],[-1.388645664090291,53.40381899278145],[-1.378915414796211,53.39800103986636],[-1.362234987434931,53.40132558438927],[-1.345554560073651,53.39800103986636],[-1.345554560073651,53.406312401173636],[-1.374745307955891,53.41379262635019],[-1.385865592863411,53.42044171539601],[-1.369185165502131,53.433739893487655],[-1.378915414796211,53.43955784640275],[-1.381695486023091,53.44786920771003],[-1.373355272342451,53.45784284127876],[-1.41227626951877,53.45784284127876],[-1.391425735317171,53.475296700024046],[-1.392815770930611,53.48610146972351],[-1.40671612706501,53.49607510329224],[-1.366405094275251,53.498568511684425],[-1.348334631300531,53.50438646459952],[-1.366405094275251,53.516645722527755],[-1.353894773754291,53.529320548521355],[-1.333044239552692,53.52848941239063],[-1.320533919031732,53.52433373173699],[-1.298293349216692,53.53098282078281],[-1.301073420443572,53.542618726613],[-1.310803669737652,53.54511213500518],[-1.321923954645172,53.53513850143645],[-1.334434275166132,53.53430736530572],[-1.342774488846771,53.544280998874456],[-1.376135343569331,53.54926781565882],[-1.390035699703731,53.555916904704645],[-1.394205806544051,53.57004621892702],[-1.381695486023091,53.570877355057746],[-1.392815770930611,53.58417553314939],[-1.385865592863411,53.59165575832594],[-1.371965236729011,53.5933180305874],[-1.341384453233331,53.58500666928012],[-1.310803669737652,53.586668941541575],[-1.299683384830132,53.583344397018664],[-1.283002957468852,53.586668941541575],[-1.269102601334453,53.59498030284885],[-1.255202245200053,53.59144797429326],[-1.259372352040373,53.582513260887936],[-1.241301889065653,53.58500666928012],[-1.217671283637173,53.57752644410357],[-1.209331069956534,53.58085098862648],[-1.205160963116214,53.59498030284885],[-1.226011497317813,53.62573233968578],[-1.238521817838773,53.63321256486233],[-1.217671283637173,53.63736824551597],[-1.202380891889334,53.64484847069252],[-1.214891212410294,53.65232869586907],[-1.214891212410294,53.66396460169926],[-1.192650642595254,53.66064005717635],[-1.182920393301174,53.663133465568535],[-1.163459894713014,53.65482210426126],[-1.150949574192055,53.65399096813053],[-1.150949574192055,53.63903051777743],[-1.156509716645814,53.62240779516287],[-1.166239965939894,53.61991438677069],[-1.159289787872694,53.60412280028686],[-1.134269146830775,53.61409643385559],[-1.132879111217335,53.61991438677069],[-1.148169502965175,53.62407006742433],[-1.138439253671095,53.636537109385245],[-1.137049218057655,53.66230232943781],[-1.118978755082935,53.65482210426126],[-1.099518256494775,53.6681202823529],[-1.114808648242615,53.673938235268],[-1.110638541402295,53.67975618818309],[-1.085617900360376,53.674769371398725],[-1.061987294931896,53.67726277979091],[-1.041136760730296,53.68474300496746],[-1.030016475822777,53.68474300496746],[-1.014726084074937,53.67726277979091],[-1.011946012848057,53.68723641335964],[-1.025846368982457,53.693885502405465],[-1.071717544225976,53.68474300496746],[-1.089788007200696,53.69222323014401],[-1.087007935973816,53.705521408235654],[-1.109248505788855,53.708845952758566],[-1.112028577015735,53.71549504180439],[-1.124538897536695,53.72131299471948],[-1.109248505788855,53.72879321989603],[-1.109248505788855,53.73876685346477],[-1.091178042814136,53.736273445072584],[-1.098128220881335,53.747078214772046],[-1.091178042814136,53.75289616768714],[-1.084227864746936,53.76702548190951],[-1.096738185267895,53.7695188903017],[-1.098128220881335,53.755389576079324],[-1.124538897536695,53.73461117281113],[-1.146779467351735,53.72962435602676],[-1.157899752259254,53.72131299471948],[-1.182920393301174,53.72131299471948],[-1.192650642595254,53.72713094763458],[-1.198210785049014,53.74042912572622],[-1.195430713822134,53.75206503155641],[-1.178750286460854,53.75372730381787],[-1.177360250847414,53.76453207351733],[-1.143999396124855,53.76453207351733],[-1.117588719469495,53.77533684321679],[-1.177360250847414,53.77949252387043],[-1.199600820662454,53.77118116256315],[-1.221841390477493,53.78281706839334],[-1.228791568544693,53.79029729356989],[-1.226011497317813,53.80027092713863],[-1.251032138359733,53.80692001618445],[-1.253812209586613,53.81356910523027],[-1.232961675385013,53.82603614719119],[-1.259372352040373,53.83351637236774],[-1.259372352040373,53.843490005936474],[-1.249642102746293,53.850970231113024],[-1.241301889065653,53.86759295372758],[-1.260762387653813,53.8742420427734],[-1.237131782225333,53.89169590151869],[-1.257982316426933,53.89585158217233],[-1.280222886241972,53.892527037649415],[-1.294123242376372,53.900838398956694],[-1.310803669737652,53.89917612669524],[-1.319143883418292,53.90250067121815],[-1.328874132712372,53.91496771317907],[-1.324704025872052,53.92577248287853],[-1.352504738140851,53.92577248287853],[-1.351114702527411,53.93657725257799],[-1.369185165502131,53.954031111323275],[-1.394205806544051,53.95236883906182],[-1.40532609145157,53.94738202227745],[-1.39976594899781,53.93242157192435],[-1.40393605583813,53.9249413467478],[-1.42895669688005,53.9099808963947],[-1.43590687494725,53.91081203252543],[-1.44007698178757,53.89335817378014],[-1.44841719546821,53.88670908473432],[-1.44841719546821,53.87507317890413],[-1.470657765283249,53.873410906642675],[-1.488728228257969,53.86426840920467],[-1.498458477552049,53.8650995453354],[-1.513748869299889,53.85761932015885],[-1.523479118593968,53.861775000812486],[-1.552669866476208,53.85595704789739],[-1.558230008929968,53.86094386468176],[-1.572130365064368,53.8592815924203],[-1.590200828039087,53.86676181759685],[-1.638852074509487,53.842658869805746],[-1.644412216963246,53.850970231113024],[-1.669432858005166,53.850970231113024],[-1.676383036072366,53.83684091689065],[-1.700013641500846,53.83434750849847],[-1.711133926408365,53.839334325282834],[-1.730594424996525,53.83600978075992],[-1.726424318156205,53.82852955558337],[-1.741714709904045,53.82603614719119],[-1.751444959198125,53.81689364975318],[-1.768125386559404,53.81024456070736],[-1.763955279719085,53.804426607792266],[-1.770905457786284,53.793621838092804],[-1.783415778307244,53.79445297422353],[-1.802876276895404,53.78780388517771],[-1.825116846710443,53.7844793406548],[-1.839017202844843,53.77284343482461],[-1.855697630206123,53.77284343482461],[-1.855697630206123,53.762869801255874],[-1.848747452138923,53.758714120602235],[-1.848747452138923,53.7487404870335],[-1.861257772659883,53.74292253411841],[-1.883498342474923,53.74790935090277],[-1.893228591769002,53.735442308941856],[-1.884888378088363,53.72713094763458],[-1.891838556155562,53.71798845019657],[-1.875158128794283,53.71133936115075]],[[-1.508188726846129,53.52848941239063],[-1.501238548778929,53.52267145947553],[-1.506798691232689,53.50937328138389],[-1.523479118593968,53.5126978259068],[-1.508188726846129,53.52848941239063]],[[-1.830676989164203,53.704690272104926],[-1.841797274071723,53.69305436627474],[-1.851527523365803,53.69887231918983],[-1.830676989164203,53.704690272104926]],[[-1.281612921855412,53.64567960682325],[-1.295513277989812,53.655653240391985],[-1.288563099922612,53.659808921045624],[-1.273272708174773,53.65066642360762],[-1.281612921855412,53.64567960682325]],[[-1.245471995905973,53.62407006742433],[-1.278832850628532,53.62240779516287],[-1.287173064309172,53.63071915647015],[-1.269102601334453,53.63321256486233],[-1.245471995905973,53.62407006742433]],[[-1.374745307955891,53.6082784809405],[-1.394205806544051,53.61160302546341],[-1.388645664090291,53.621576659032144],[-1.370575201115571,53.61575870611705],[-1.374745307955891,53.6082784809405]],[[-1.320533919031732,53.640692790038884],[-1.313583740964532,53.64651074295398],[-1.291343171149492,53.64651074295398],[-1.289953135536052,53.63903051777743],[-1.320533919031732,53.640692790038884]],[[-1.227401532931253,53.61492756998632],[-1.217671283637173,53.60079825576395],[-1.214891212410294,53.582513260887936],[-1.227401532931253,53.583344397018664],[-1.224621461704373,53.59165575832594],[-1.234351710998453,53.59747371124104],[-1.246862031519413,53.59664257511031],[-1.264932494494133,53.60744734480977],[-1.227401532931253,53.61492756998632]],[[-1.42061648319941,53.87174863438122],[-1.41922644758597,53.877566587296315],[-1.40254602022469,53.877566587296315],[-1.39976594899781,53.86759295372758],[-1.42061648319941,53.87174863438122]],[[-1.42617662565317,53.850139094982296],[-1.392815770930611,53.86676181759685],[-1.358064880594611,53.869255225989036],[-1.366405094275251,53.86094386468176],[-1.394205806544051,53.8592815924203],[-1.42617662565317,53.850139094982296]],[[-1.40671612706501,53.888371356995776],[-1.40671612706501,53.896682718303055],[-1.388645664090291,53.90250067121815],[-1.376135343569331,53.896682718303055],[-1.376135343569331,53.88670908473432],[-1.385865592863411,53.88255340408068],[-1.40532609145157,53.88255340408068],[-1.40671612706501,53.888371356995776]],[[-1.328874132712372,53.80525774392299],[-1.308023598510772,53.81107569683809],[-1.294123242376372,53.80608888005372],[-1.295513277989812,53.79528411035426],[-1.328874132712372,53.80525774392299]],[[-1.323313990258612,53.75206503155641],[-1.298293349216692,53.75705184834078],[-1.299683384830132,53.74957162316423],[-1.316363812191412,53.74790935090277],[-1.323313990258612,53.75206503155641]],[[-1.327484097098932,53.88255340408068],[-1.337214346393012,53.885046812472865],[-1.330264168325812,53.89418930991087],[-1.316363812191412,53.89418930991087],[-1.310803669737652,53.88421567634214],[-1.327484097098932,53.88255340408068]],[[-1.328874132712372,53.84016546141356],[-1.330264168325812,53.84930795885157],[-1.303853491670452,53.85180136724375],[-1.264932494494133,53.861775000812486],[-1.281612921855412,53.84016546141356],[-1.310803669737652,53.83268523623701],[-1.328874132712372,53.84016546141356]],[[-1.252422173973173,53.73294890054967],[-1.246862031519413,53.739597989595495],[-1.228791568544693,53.747078214772046],[-1.200990856275894,53.7487404870335],[-1.200990856275894,53.7337800366804],[-1.210721105569974,53.727962083765306],[-1.230181604158133,53.72629981150385],[-1.252422173973173,53.73294890054967]],[[-1.196820749435574,53.72962435602676],[-1.200990856275894,53.71549504180439],[-1.213501176796854,53.70967708888929],[-1.227401532931253,53.716326177935116],[-1.196820749435574,53.72962435602676]],[[-1.220451354864053,53.65232869586907],[-1.253812209586613,53.658977784914896],[-1.255202245200053,53.666458010091446],[-1.230181604158133,53.663133465568535],[-1.220451354864053,53.65232869586907]],[[-1.198210785049014,53.685574141098186],[-1.185700464528054,53.689729821751826],[-1.167630001553334,53.685574141098186],[-1.167630001553334,53.678925052052364],[-1.199600820662454,53.67144482687581],[-1.206550998729654,53.678925052052364],[-1.198210785049014,53.685574141098186]],[[-1.192650642595254,53.697210046928376],[-1.191260606981814,53.70801481662784],[-1.171800108393654,53.70801481662784],[-1.171800108393654,53.698041183059104],[-1.192650642595254,53.697210046928376]]]},"properties":{"search_id":"Search 16","Asset":"Wakefield"}}
]}