{
"type": "FeatureCollection",
"name": "moorfield_hines_seed",
"crs": { "type": "name", "properties": { "name": "urn:ogc:def:crs:OGC:1.3:CRS84" } },
"features": [
{ "type": "Feature", "properties": { "search_id": "Search 0", "FundAsset": "Moorfield - Wednesbury" }, "geometry": { "type": "MultiPolygon", "coordinates": [ [ [ [ -2.211399834835902, 52.69149402732728 ], [ -2.210097786068218, 52.692132093361579 ], [ -2.208535327546997, 52.692132093361579 ], [ -2.207233278779313, 52.69149402732728 ], [ -2.205150000751019, 52.69149402732728 ], [ -2.203847951983334, 52.692132093361579 ], [ -2.20098344469443, 52.692610642887303 ], [ -2.199681395926746, 52.693408225430176 ], [ -2.19603565937723, 52.692132093361579 ], [ -2.194733610609546, 52.69149402732728 ], [ -2.184317220468074, 52.69149402732728 ], [ -2.183275581453927, 52.690855961292982 ], [ -2.183275581453927, 52.689579829224385 ], [ -2.186400498496369, 52.68766563112149 ], [ -2.190567054552957, 52.68766563112149 ], [ -2.194733610609546, 52.685113366984297 ], [ -2.196816888637841, 52.685113366984297 ], [ -2.199941805680282, 52.683199168881401 ], [ -2.198900166666135, 52.682561102847103 ], [ -2.196816888637841, 52.6838372349157 ], [ -2.180150664411485, 52.6838372349157 ], [ -2.179109025397338, 52.683199168881401 ], [ -2.179109025397338, 52.681923036812805 ], [ -2.180150664411485, 52.681284970778506 ], [ -2.18223394243978, 52.681284970778506 ], [ -2.183275581453927, 52.680646904744208 ], [ -2.181192303425632, 52.679370772675611 ], [ -2.181192303425632, 52.678094640607014 ], [ -2.18223394243978, 52.677456574572716 ], [ -2.188483776524663, 52.677456574572716 ], [ -2.18952541553881, 52.676818508538418 ], [ -2.18952541553881, 52.675542376469821 ], [ -2.188483776524663, 52.674904310435522 ], [ -2.178067386383191, 52.674904310435522 ], [ -2.174942469340749, 52.672990112332627 ], [ -2.174942469340749, 52.67171398026403 ], [ -2.172859191312455, 52.670437848195434 ], [ -2.172859191312455, 52.669161716126837 ], [ -2.174942469340749, 52.66788558405824 ], [ -2.174942469340749, 52.666609451989643 ], [ -2.175984108354896, 52.665971385955345 ], [ -2.178067386383191, 52.665971385955345 ], [ -2.179109025397338, 52.665333319921046 ], [ -2.179109025397338, 52.662781055783853 ], [ -2.181192303425632, 52.661504923715256 ], [ -2.180150664411485, 52.660866857680958 ], [ -2.177025747369044, 52.662781055783853 ], [ -2.177025747369044, 52.66405718785245 ], [ -2.175984108354896, 52.664695253886748 ], [ -2.173900830326602, 52.664695253886748 ], [ -2.172859191312455, 52.665333319921046 ], [ -2.172859191312455, 52.666609451989643 ], [ -2.171817552298307, 52.667247518023942 ], [ -2.167650996241719, 52.667247518023942 ], [ -2.165567718213424, 52.665971385955345 ], [ -2.16348444018513, 52.665971385955345 ], [ -2.161401162156835, 52.664695253886748 ], [ -2.159317884128541, 52.665971385955345 ], [ -2.157234606100246, 52.664695253886748 ], [ -2.153068050043657, 52.664695253886748 ], [ -2.150984772015363, 52.663419121818151 ], [ -2.148901493987069, 52.663419121818151 ], [ -2.147859854972921, 52.662781055783853 ], [ -2.147859854972921, 52.661504923715256 ], [ -2.145776576944627, 52.660228791646659 ], [ -2.145776576944627, 52.656400395440869 ], [ -2.143693298916332, 52.655124263372272 ], [ -2.143693298916332, 52.653848131303675 ], [ -2.145776576944627, 52.652571999235079 ], [ -2.145776576944627, 52.651295867166482 ], [ -2.143693298916332, 52.650019735097885 ], [ -2.143693298916332, 52.648743603029288 ], [ -2.14473493793048, 52.64810553699499 ], [ -2.146818215958774, 52.64810553699499 ], [ -2.147859854972921, 52.647467470960692 ], [ -2.147859854972921, 52.644915206823498 ], [ -2.15202641102951, 52.642362942686304 ], [ -2.15202641102951, 52.639810678549111 ], [ -2.153068050043657, 52.639172612514812 ], [ -2.155151328071952, 52.639172612514812 ], [ -2.157234606100246, 52.637896480446216 ], [ -2.160359523142688, 52.639810678549111 ], [ -2.160359523142688, 52.644915206823498 ], [ -2.161401162156835, 52.645553272857796 ], [ -2.162442801170982, 52.644915206823498 ], [ -2.162442801170982, 52.643639074754901 ], [ -2.164526079199277, 52.642362942686304 ], [ -2.164526079199277, 52.641086810617708 ], [ -2.165567718213424, 52.640448744583409 ], [ -2.169734274270013, 52.640448744583409 ], [ -2.173900830326602, 52.637896480446216 ], [ -2.175984108354896, 52.637896480446216 ], [ -2.178067386383191, 52.636620348377619 ], [ -2.180150664411485, 52.636620348377619 ], [ -2.181192303425632, 52.635982282343321 ], [ -2.180150664411485, 52.635344216309022 ], [ -2.175984108354896, 52.635344216309022 ], [ -2.173900830326602, 52.636620348377619 ], [ -2.171817552298307, 52.636620348377619 ], [ -2.169734274270013, 52.635344216309022 ], [ -2.16348444018513, 52.635344216309022 ], [ -2.162442801170982, 52.634706150274724 ], [ -2.162442801170982, 52.633430018206127 ], [ -2.165567718213424, 52.631515820103232 ], [ -2.167650996241719, 52.631515820103232 ], [ -2.169734274270013, 52.630239688034635 ], [ -2.17077591328416, 52.630877754068933 ], [ -2.17077591328416, 52.63215388613753 ], [ -2.171817552298307, 52.632791952171829 ], [ -2.173900830326602, 52.632791952171829 ], [ -2.175984108354896, 52.631515820103232 ], [ -2.180150664411485, 52.631515820103232 ], [ -2.184317220468074, 52.634068084240425 ], [ -2.186400498496369, 52.632791952171829 ], [ -2.190567054552957, 52.632791952171829 ], [ -2.191608693567105, 52.63215388613753 ], [ -2.188483776524663, 52.630239688034635 ], [ -2.186400498496369, 52.630239688034635 ], [ -2.185358859482221, 52.629601622000337 ], [ -2.185358859482221, 52.62832548993174 ], [ -2.187442137510516, 52.627049357863143 ], [ -2.185358859482221, 52.625773225794546 ], [ -2.187442137510516, 52.62449709372595 ], [ -2.186400498496369, 52.623859027691651 ], [ -2.184317220468074, 52.623859027691651 ], [ -2.180150664411485, 52.621306763554458 ], [ -2.178067386383191, 52.621306763554458 ], [ -2.177025747369044, 52.620668697520159 ], [ -2.177025747369044, 52.619392565451562 ], [ -2.173900830326602, 52.617478367348667 ], [ -2.172859191312455, 52.618116433382966 ], [ -2.172859191312455, 52.619392565451562 ], [ -2.174942469340749, 52.620668697520159 ], [ -2.174942469340749, 52.623220961657353 ], [ -2.173900830326602, 52.623859027691651 ], [ -2.169734274270013, 52.623859027691651 ], [ -2.166609357227571, 52.621944829588756 ], [ -2.166609357227571, 52.620668697520159 ], [ -2.168692635255866, 52.619392565451562 ], [ -2.168692635255866, 52.618116433382966 ], [ -2.167650996241719, 52.617478367348667 ], [ -2.16348444018513, 52.617478367348667 ], [ -2.162442801170982, 52.616840301314369 ], [ -2.16348444018513, 52.61620223528007 ], [ -2.169734274270013, 52.61620223528007 ], [ -2.172859191312455, 52.614288037177175 ], [ -2.17077591328416, 52.613011905108579 ], [ -2.17077591328416, 52.610459640971385 ], [ -2.169734274270013, 52.609821574937087 ], [ -2.167650996241719, 52.609821574937087 ], [ -2.166609357227571, 52.609183508902788 ], [ -2.166609357227571, 52.607907376834191 ], [ -2.168692635255866, 52.606631244765595 ], [ -2.166609357227571, 52.605355112696998 ], [ -2.166609357227571, 52.604078980628401 ], [ -2.168692635255866, 52.602802848559804 ], [ -2.166609357227571, 52.601526716491207 ], [ -2.169734274270013, 52.599612518388312 ], [ -2.173900830326602, 52.602164782525506 ], [ -2.174942469340749, 52.601526716491207 ], [ -2.172859191312455, 52.600250584422611 ], [ -2.172859191312455, 52.598974452354014 ], [ -2.171817552298307, 52.598336386319716 ], [ -2.169734274270013, 52.598336386319716 ], [ -2.166609357227571, 52.59642218821682 ], [ -2.166609357227571, 52.595146056148224 ], [ -2.179109025397338, 52.587489263736643 ], [ -2.172859191312455, 52.583660867530853 ], [ -2.172859191312455, 52.581108603393659 ], [ -2.169734274270013, 52.579194405290764 ], [ -2.167650996241719, 52.579194405290764 ], [ -2.164526079199277, 52.577280207187869 ], [ -2.166609357227571, 52.576004075119272 ], [ -2.164526079199277, 52.574727943050675 ], [ -2.164526079199277, 52.573451810982078 ], [ -2.166609357227571, 52.572175678913482 ], [ -2.166609357227571, 52.564518886501901 ], [ -2.168692635255866, 52.563242754433304 ], [ -2.168692635255866, 52.560690490296111 ], [ -2.169734274270013, 52.560052424261812 ], [ -2.171817552298307, 52.560052424261812 ], [ -2.172859191312455, 52.559414358227514 ], [ -2.172859191312455, 52.558138226158917 ], [ -2.173900830326602, 52.557500160124619 ], [ -2.178067386383191, 52.557500160124619 ], [ -2.181192303425632, 52.555585962021723 ], [ -2.180150664411485, 52.554947895987425 ], [ -2.178067386383191, 52.554947895987425 ], [ -2.175984108354896, 52.553671763918828 ], [ -2.173900830326602, 52.553671763918828 ], [ -2.172859191312455, 52.55303369788453 ], [ -2.172859191312455, 52.551757565815933 ], [ -2.17077591328416, 52.550481433747336 ], [ -2.17077591328416, 52.549205301678739 ], [ -2.169734274270013, 52.548567235644441 ], [ -2.168692635255866, 52.549205301678739 ], [ -2.168692635255866, 52.550481433747336 ], [ -2.17077591328416, 52.551757565815933 ], [ -2.17077591328416, 52.55303369788453 ], [ -2.169734274270013, 52.553671763918828 ], [ -2.161401162156835, 52.553671763918828 ], [ -2.159317884128541, 52.552395631850231 ], [ -2.157234606100246, 52.552395631850231 ], [ -2.154109689057805, 52.550481433747336 ], [ -2.154109689057805, 52.549205301678739 ], [ -2.15202641102951, 52.547929169610143 ], [ -2.15202641102951, 52.542824641335756 ], [ -2.154109689057805, 52.541548509267159 ], [ -2.154109689057805, 52.540272377198562 ], [ -2.15202641102951, 52.538996245129965 ], [ -2.15202641102951, 52.535167848924175 ], [ -2.150984772015363, 52.534529782889877 ], [ -2.142651659902185, 52.534529782889877 ], [ -2.140568381873891, 52.535805914958473 ], [ -2.138485103845596, 52.535805914958473 ], [ -2.137443464831449, 52.535167848924175 ], [ -2.149943133001216, 52.527511056512594 ], [ -2.148901493987069, 52.526872990478296 ], [ -2.146818215958774, 52.528149122546893 ], [ -2.14473493793048, 52.528149122546893 ], [ -2.142651659902185, 52.526872990478296 ], [ -2.141610020888038, 52.527511056512594 ], [ -2.141610020888038, 52.531339452718385 ], [ -2.140568381873891, 52.531977518752683 ], [ -2.134318547789007, 52.531977518752683 ], [ -2.13327690877486, 52.531339452718385 ], [ -2.13327690877486, 52.530063320649788 ], [ -2.132235269760713, 52.529425254615489 ], [ -2.128068713704124, 52.531977518752683 ], [ -2.12598543567583, 52.531977518752683 ], [ -2.124943796661682, 52.531339452718385 ], [ -2.124943796661682, 52.530063320649788 ], [ -2.127027074689977, 52.528787188581191 ], [ -2.127027074689977, 52.526234924443997 ], [ -2.129110352718271, 52.524958792375401 ], [ -2.129110352718271, 52.523682660306804 ], [ -2.127027074689977, 52.522406528238207 ], [ -2.127027074689977, 52.52113039616961 ], [ -2.124943796661682, 52.519854264101014 ], [ -2.127027074689977, 52.518578132032417 ], [ -2.127027074689977, 52.51730199996382 ], [ -2.122860518633388, 52.514749735826626 ], [ -2.122860518633388, 52.51347360375803 ], [ -2.121818879619241, 52.512835537723731 ], [ -2.117652323562652, 52.512835537723731 ], [ -2.116610684548505, 52.51347360375803 ], [ -2.116610684548505, 52.514749735826626 ], [ -2.11452740652021, 52.516025867895223 ], [ -2.11452740652021, 52.51730199996382 ], [ -2.113485767506063, 52.517940065998118 ], [ -2.111402489477769, 52.517940065998118 ], [ -2.110360850463621, 52.518578132032417 ], [ -2.110360850463621, 52.519854264101014 ], [ -2.109319211449474, 52.520492330135312 ], [ -2.106194294407032, 52.518578132032417 ], [ -2.108277572435327, 52.51730199996382 ], [ -2.105152655392885, 52.515387801860925 ], [ -2.100986099336296, 52.515387801860925 ], [ -2.099944460322149, 52.514749735826626 ], [ -2.099944460322149, 52.51347360375803 ], [ -2.098902821308002, 52.512835537723731 ], [ -2.096819543279707, 52.512835537723731 ], [ -2.09577790426556, 52.512197471689433 ], [ -2.097861182293855, 52.510921339620836 ], [ -2.097861182293855, 52.508369075483643 ], [ -2.098902821308002, 52.507731009449344 ], [ -2.100986099336296, 52.507731009449344 ], [ -2.108277572435327, 52.503264547209255 ], [ -2.108277572435327, 52.496883886866271 ], [ -2.104111016378738, 52.494331622729078 ], [ -2.104111016378738, 52.493055490660481 ], [ -2.106194294407032, 52.491779358591884 ], [ -2.106194294407032, 52.4853986982489 ], [ -2.105152655392885, 52.484760632214602 ], [ -2.102027738350444, 52.486674830317497 ], [ -2.102027738350444, 52.487950962386094 ], [ -2.099944460322149, 52.489227094454691 ], [ -2.099944460322149, 52.490503226523288 ], [ -2.096819543279707, 52.492417424626183 ], [ -2.094736265251413, 52.492417424626183 ], [ -2.093694626237266, 52.491779358591884 ], [ -2.093694626237266, 52.487950962386094 ], [ -2.092652987223119, 52.487312896351796 ], [ -2.090569709194824, 52.488589028420392 ], [ -2.087444792152382, 52.486674830317497 ], [ -2.089528070180677, 52.4853986982489 ], [ -2.08848643116653, 52.484760632214602 ], [ -2.086403153138235, 52.484760632214602 ], [ -2.085361514124088, 52.4853986982489 ], [ -2.085361514124088, 52.486674830317497 ], [ -2.084319875109941, 52.487312896351796 ], [ -2.082236597081646, 52.487312896351796 ], [ -2.081194958067499, 52.487950962386094 ], [ -2.081194958067499, 52.489227094454691 ], [ -2.080153319053352, 52.489865160488989 ], [ -2.078070041025057, 52.488589028420392 ], [ -2.075986762996763, 52.489865160488989 ], [ -2.073903484968469, 52.489865160488989 ], [ -2.072861845954321, 52.490503226523288 ], [ -2.074945123982616, 52.491779358591884 ], [ -2.074945123982616, 52.493055490660481 ], [ -2.073903484968469, 52.49369355669478 ], [ -2.071820206940174, 52.49369355669478 ], [ -2.06973692891188, 52.494969688763376 ], [ -2.067653650883585, 52.494969688763376 ], [ -2.066612011869438, 52.494331622729078 ], [ -2.066612011869438, 52.489227094454691 ], [ -2.064528733841144, 52.487950962386094 ], [ -2.065570372855291, 52.487312896351796 ], [ -2.067653650883585, 52.487312896351796 ], [ -2.068695289897732, 52.486674830317497 ], [ -2.066612011869438, 52.4853986982489 ], [ -2.066612011869438, 52.484122566180304 ], [ -2.064528733841144, 52.482846434111707 ], [ -2.065570372855291, 52.482208368077409 ], [ -2.067653650883585, 52.482208368077409 ], [ -2.070778567926027, 52.480294169974513 ], [ -2.068695289897732, 52.479018037905917 ], [ -2.068695289897732, 52.47774190583732 ], [ -2.065570372855291, 52.475827707734425 ], [ -2.063487094826996, 52.475827707734425 ], [ -2.062445455812849, 52.475189641700126 ], [ -2.062445455812849, 52.470085113425739 ], [ -2.064528733841144, 52.468808981357142 ], [ -2.063487094826996, 52.468170915322844 ], [ -2.061403816798702, 52.468170915322844 ], [ -2.059320538770407, 52.466894783254247 ], [ -2.057237260742113, 52.466894783254247 ], [ -2.056195621727966, 52.467532849288546 ], [ -2.056195621727966, 52.468808981357142 ], [ -2.055153982713819, 52.469447047391441 ], [ -2.054112343699671, 52.468808981357142 ], [ -2.054112343699671, 52.466256717219949 ], [ -2.055153982713819, 52.46561865118565 ], [ -2.057237260742113, 52.46561865118565 ], [ -2.05827889975626, 52.464980585151352 ], [ -2.056195621727966, 52.463704453082755 ], [ -2.056195621727966, 52.459876056876965 ], [ -2.059320538770407, 52.45796185877407 ], [ -2.061403816798702, 52.459237990842666 ], [ -2.063487094826996, 52.459237990842666 ], [ -2.064528733841144, 52.458599924808368 ], [ -2.063487094826996, 52.45796185877407 ], [ -2.061403816798702, 52.45796185877407 ], [ -2.060362177784555, 52.457323792739771 ], [ -2.061403816798702, 52.456685726705473 ], [ -2.063487094826996, 52.456685726705473 ], [ -2.065570372855291, 52.455409594636876 ], [ -2.073903484968469, 52.455409594636876 ], [ -2.074945123982616, 52.454771528602578 ], [ -2.073903484968469, 52.454133462568279 ], [ -2.071820206940174, 52.454133462568279 ], [ -2.070778567926027, 52.453495396533981 ], [ -2.071820206940174, 52.452857330499683 ], [ -2.073903484968469, 52.452857330499683 ], [ -2.074945123982616, 52.452219264465384 ], [ -2.074945123982616, 52.450943132396787 ], [ -2.075986762996763, 52.450305066362489 ], [ -2.078070041025057, 52.450305066362489 ], [ -2.079111680039205, 52.449667000328191 ], [ -2.079111680039205, 52.448390868259594 ], [ -2.081194958067499, 52.447114736190997 ], [ -2.081194958067499, 52.444562472053804 ], [ -2.083278236095794, 52.443286339985207 ], [ -2.083278236095794, 52.440734075848013 ], [ -2.084319875109941, 52.440096009813715 ], [ -2.085361514124088, 52.440734075848013 ], [ -2.085361514124088, 52.443286339985207 ], [ -2.087444792152382, 52.444562472053804 ], [ -2.087444792152382, 52.4458386041224 ], [ -2.08848643116653, 52.446476670156699 ], [ -2.090569709194824, 52.446476670156699 ], [ -2.091611348208971, 52.4458386041224 ], [ -2.091611348208971, 52.444562472053804 ], [ -2.090569709194824, 52.443924406019505 ], [ -2.08848643116653, 52.443924406019505 ], [ -2.087444792152382, 52.443286339985207 ], [ -2.087444792152382, 52.44201020791661 ], [ -2.089528070180677, 52.440734075848013 ], [ -2.087444792152382, 52.439457943779416 ], [ -2.087444792152382, 52.43818181171082 ], [ -2.090569709194824, 52.436267613607924 ], [ -2.092652987223119, 52.436267613607924 ], [ -2.094736265251413, 52.434991481539328 ], [ -2.096819543279707, 52.434991481539328 ], [ -2.098902821308002, 52.433715349470731 ], [ -2.103069377364591, 52.433715349470731 ], [ -2.10723593342118, 52.431163085333537 ], [ -2.109319211449474, 52.431163085333537 ], [ -2.111402489477769, 52.432439217402134 ], [ -2.112444128491916, 52.431801151367836 ], [ -2.112444128491916, 52.427972755162045 ], [ -2.111402489477769, 52.427334689127747 ], [ -2.109319211449474, 52.428610821196344 ], [ -2.105152655392885, 52.428610821196344 ], [ -2.103069377364591, 52.427334689127747 ], [ -2.100986099336296, 52.428610821196344 ], [ -2.098902821308002, 52.428610821196344 ], [ -2.097861182293855, 52.429248887230642 ], [ -2.097861182293855, 52.430525019299239 ], [ -2.096819543279707, 52.431163085333537 ], [ -2.092652987223119, 52.431163085333537 ], [ -2.091611348208971, 52.430525019299239 ], [ -2.093694626237266, 52.429248887230642 ], [ -2.093694626237266, 52.427972755162045 ], [ -2.092652987223119, 52.427334689127747 ], [ -2.090569709194824, 52.427334689127747 ], [ -2.089528070180677, 52.427972755162045 ], [ -2.089528070180677, 52.429248887230642 ], [ -2.086403153138235, 52.431163085333537 ], [ -2.084319875109941, 52.431163085333537 ], [ -2.083278236095794, 52.430525019299239 ], [ -2.083278236095794, 52.429248887230642 ], [ -2.085361514124088, 52.427972755162045 ], [ -2.084319875109941, 52.427334689127747 ], [ -2.082236597081646, 52.427334689127747 ], [ -2.081194958067499, 52.426696623093449 ], [ -2.081194958067499, 52.425420491024852 ], [ -2.082236597081646, 52.424782424990553 ], [ -2.084319875109941, 52.424782424990553 ], [ -2.085361514124088, 52.424144358956255 ], [ -2.083278236095794, 52.422868226887658 ], [ -2.085361514124088, 52.421592094819061 ], [ -2.084319875109941, 52.420954028784763 ], [ -2.080153319053352, 52.423506292921957 ], [ -2.078070041025057, 52.423506292921957 ], [ -2.07702840201091, 52.424144358956255 ], [ -2.07702840201091, 52.425420491024852 ], [ -2.074945123982616, 52.426696623093449 ], [ -2.074945123982616, 52.429248887230642 ], [ -2.068695289897732, 52.433077283436432 ], [ -2.068695289897732, 52.435629547573626 ], [ -2.065570372855291, 52.437543745676521 ], [ -2.061403816798702, 52.437543745676521 ], [ -2.059320538770407, 52.436267613607924 ], [ -2.057237260742113, 52.436267613607924 ], [ -2.055153982713819, 52.437543745676521 ], [ -2.053070704685524, 52.437543745676521 ], [ -2.052029065671377, 52.436905679642223 ], [ -2.052029065671377, 52.431801151367836 ], [ -2.053070704685524, 52.431163085333537 ], [ -2.055153982713819, 52.431163085333537 ], [ -2.056195621727966, 52.430525019299239 ], [ -2.056195621727966, 52.426696623093449 ], [ -2.054112343699671, 52.425420491024852 ], [ -2.056195621727966, 52.424144358956255 ], [ -2.056195621727966, 52.420315962750465 ], [ -2.057237260742113, 52.419677896716166 ], [ -2.061403816798702, 52.419677896716166 ], [ -2.062445455812849, 52.419039830681868 ], [ -2.062445455812849, 52.413935302407481 ], [ -2.061403816798702, 52.413297236373182 ], [ -2.059320538770407, 52.413297236373182 ], [ -2.057237260742113, 52.412021104304586 ], [ -2.056195621727966, 52.412659170338884 ], [ -2.056195621727966, 52.415211434476078 ], [ -2.054112343699671, 52.416487566544674 ], [ -2.054112343699671, 52.417763698613271 ], [ -2.049945787643082, 52.420315962750465 ], [ -2.049945787643082, 52.426696623093449 ], [ -2.048904148628935, 52.427334689127747 ], [ -2.046820870600641, 52.427334689127747 ], [ -2.044737592572346, 52.428610821196344 ], [ -2.042654314544052, 52.428610821196344 ], [ -2.041612675529905, 52.429248887230642 ], [ -2.041612675529905, 52.433077283436432 ], [ -2.040571036515757, 52.433715349470731 ], [ -2.038487758487463, 52.433715349470731 ], [ -2.036404480459169, 52.432439217402134 ], [ -2.03223792440258, 52.432439217402134 ], [ -2.031196285388432, 52.431801151367836 ], [ -2.031196285388432, 52.429248887230642 ], [ -2.029113007360138, 52.427972755162045 ], [ -2.029113007360138, 52.426696623093449 ], [ -2.028071368345991, 52.42605855705915 ], [ -2.021821534261107, 52.42605855705915 ], [ -2.02077989524696, 52.426696623093449 ], [ -2.02077989524696, 52.427972755162045 ], [ -2.022863173275255, 52.429248887230642 ], [ -2.022863173275255, 52.433077283436432 ], [ -2.021821534261107, 52.433715349470731 ], [ -2.02077989524696, 52.433077283436432 ], [ -2.02077989524696, 52.431801151367836 ], [ -2.018696617218666, 52.430525019299239 ], [ -2.018696617218666, 52.424144358956255 ], [ -2.019738256232813, 52.423506292921957 ], [ -2.021821534261107, 52.423506292921957 ], [ -2.023904812289402, 52.42223016085336 ], [ -2.025988090317696, 52.42223016085336 ], [ -2.030154646374285, 52.424782424990553 ], [ -2.031196285388432, 52.424144358956255 ], [ -2.031196285388432, 52.422868226887658 ], [ -2.03223792440258, 52.42223016085336 ], [ -2.034321202430874, 52.42223016085336 ], [ -2.037446119473316, 52.420315962750465 ], [ -2.037446119473316, 52.412659170338884 ], [ -2.035362841445021, 52.411383038270287 ], [ -2.035362841445021, 52.41010690620169 ], [ -2.03952939750161, 52.407554642064497 ], [ -2.03952939750161, 52.4062785099959 ], [ -2.041612675529905, 52.405002377927303 ], [ -2.040571036515757, 52.404364311893005 ], [ -2.03223792440258, 52.409468840167392 ], [ -2.028071368345991, 52.409468840167392 ], [ -2.025988090317696, 52.410744972235989 ], [ -2.02077989524696, 52.407554642064497 ], [ -2.021821534261107, 52.406916576030198 ], [ -2.028071368345991, 52.406916576030198 ], [ -2.031196285388432, 52.405002377927303 ], [ -2.031196285388432, 52.403726245858707 ], [ -2.033279563416727, 52.40245011379011 ], [ -2.03223792440258, 52.401812047755811 ], [ -2.030154646374285, 52.401812047755811 ], [ -2.028071368345991, 52.403088179824408 ], [ -2.021821534261107, 52.403088179824408 ], [ -2.019738256232813, 52.404364311893005 ], [ -2.015571700176224, 52.401812047755811 ], [ -2.01348842214793, 52.403088179824408 ], [ -2.009321866091341, 52.403088179824408 ], [ -2.008280227077194, 52.40245011379011 ], [ -2.008280227077194, 52.401173981721513 ], [ -2.007238588063046, 52.400535915687215 ], [ -2.003072032006457, 52.400535915687215 ], [ -1.999947114964016, 52.40245011379011 ], [ -1.999947114964016, 52.403726245858707 ], [ -1.998905475949869, 52.404364311893005 ], [ -1.992655641864985, 52.404364311893005 ], [ -1.990572363836691, 52.403088179824408 ], [ -1.987447446794249, 52.405002377927303 ], [ -1.989530724822544, 52.4062785099959 ], [ -1.989530724822544, 52.407554642064497 ], [ -1.985364168765955, 52.41010690620169 ], [ -1.985364168765955, 52.411383038270287 ], [ -1.98328089073766, 52.412659170338884 ], [ -1.98328089073766, 52.413935302407481 ], [ -1.986405807780102, 52.415849500510376 ], [ -1.988489085808396, 52.414573368441779 ], [ -1.992655641864985, 52.414573368441779 ], [ -1.99473891989328, 52.413297236373182 ], [ -2.003072032006457, 52.413297236373182 ], [ -2.008280227077194, 52.416487566544674 ], [ -2.008280227077194, 52.417763698613271 ], [ -2.007238588063046, 52.41840176464757 ], [ -2.003072032006457, 52.41840176464757 ], [ -2.00203039299231, 52.419039830681868 ], [ -2.00203039299231, 52.420315962750465 ], [ -2.000988753978163, 52.420954028784763 ], [ -1.999686705210479, 52.421592094819061 ], [ -1.997603427182185, 52.422868226887658 ], [ -1.99473891989328, 52.422389677361934 ], [ -1.996040968660964, 52.421592094819061 ], [ -1.996822197921574, 52.419677896716166 ], [ -1.997863836935721, 52.419039830681868 ], [ -1.997863836935721, 52.417763698613271 ], [ -1.996822197921574, 52.417125632578973 ], [ -1.99473891989328, 52.41840176464757 ], [ -1.990572363836691, 52.41840176464757 ], [ -1.989530724822544, 52.419039830681868 ], [ -1.989530724822544, 52.420315962750465 ], [ -1.988489085808396, 52.420954028784763 ], [ -1.987447446794249, 52.420315962750465 ], [ -1.987447446794249, 52.419039830681868 ], [ -1.984322529751807, 52.417125632578973 ], [ -1.982239251723513, 52.417125632578973 ], [ -1.980155973695219, 52.415849500510376 ], [ -1.979114334681071, 52.416487566544674 ], [ -1.981197612709366, 52.417763698613271 ], [ -1.979114334681071, 52.419039830681868 ], [ -1.981197612709366, 52.420315962750465 ], [ -1.981197612709366, 52.421592094819061 ], [ -1.980155973695219, 52.42223016085336 ], [ -1.978072695666924, 52.42223016085336 ], [ -1.977031056652777, 52.421592094819061 ], [ -1.977031056652777, 52.419039830681868 ], [ -1.97598941763863, 52.41840176464757 ], [ -1.968697944539599, 52.422868226887658 ], [ -1.972864500596188, 52.425420491024852 ], [ -1.972864500596188, 52.426696623093449 ], [ -1.974947778624482, 52.427972755162045 ], [ -1.974947778624482, 52.433077283436432 ], [ -1.972864500596188, 52.434353415505029 ], [ -1.972864500596188, 52.436905679642223 ], [ -1.970781222567894, 52.43818181171082 ], [ -1.971822861582041, 52.438819877745118 ], [ -1.97598941763863, 52.438819877745118 ], [ -1.978072695666924, 52.440096009813715 ], [ -1.980155973695219, 52.440096009813715 ], [ -1.981197612709366, 52.440734075848013 ], [ -1.979114334681071, 52.44201020791661 ], [ -1.981197612709366, 52.443286339985207 ], [ -1.980155973695219, 52.443924406019505 ], [ -1.978072695666924, 52.443924406019505 ], [ -1.977031056652777, 52.444562472053804 ], [ -1.977031056652777, 52.4458386041224 ], [ -1.978072695666924, 52.446476670156699 ], [ -1.982239251723513, 52.446476670156699 ], [ -1.984322529751807, 52.445200538088102 ], [ -1.985364168765955, 52.4458386041224 ], [ -1.985364168765955, 52.447114736190997 ], [ -1.986405807780102, 52.447752802225295 ], [ -1.992655641864985, 52.447752802225295 ], [ -1.995780558907427, 52.449667000328191 ], [ -1.99473891989328, 52.450305066362489 ], [ -1.990572363836691, 52.450305066362489 ], [ -1.988489085808396, 52.449028934293892 ], [ -1.986405807780102, 52.450305066362489 ], [ -1.980155973695219, 52.450305066362489 ], [ -1.978072695666924, 52.449028934293892 ], [ -1.974947778624482, 52.450943132396787 ], [ -1.974947778624482, 52.452219264465384 ], [ -1.97598941763863, 52.452857330499683 ], [ -1.978072695666924, 52.451581198431086 ], [ -1.979114334681071, 52.452219264465384 ], [ -1.979114334681071, 52.454771528602578 ], [ -1.97598941763863, 52.456685726705473 ], [ -1.973906139610335, 52.456685726705473 ], [ -1.971822861582041, 52.455409594636876 ], [ -1.969739583553746, 52.455409594636876 ], [ -1.968697944539599, 52.456047660671175 ], [ -1.972864500596188, 52.458599924808368 ], [ -1.971822861582041, 52.459237990842666 ], [ -1.963489749468863, 52.459237990842666 ], [ -1.962448110454716, 52.459876056876965 ], [ -1.963489749468863, 52.460514122911263 ], [ -1.967656305525452, 52.460514122911263 ], [ -1.970781222567894, 52.462428321014158 ], [ -1.967656305525452, 52.464342519117054 ], [ -1.961406471440569, 52.464342519117054 ], [ -1.960364832426421, 52.464980585151352 ], [ -1.961406471440569, 52.46561865118565 ], [ -1.965573027497157, 52.46561865118565 ], [ -1.966614666511305, 52.466256717219949 ], [ -1.966614666511305, 52.467532849288546 ], [ -1.968697944539599, 52.468808981357142 ], [ -1.968697944539599, 52.470085113425739 ], [ -1.967656305525452, 52.470723179460037 ], [ -1.965573027497157, 52.470723179460037 ], [ -1.963489749468863, 52.471999311528634 ], [ -1.953073359327391, 52.471999311528634 ], [ -1.952031720313244, 52.471361245494336 ], [ -1.952031720313244, 52.470085113425739 ], [ -1.950990081299096, 52.469447047391441 ], [ -1.948906803270802, 52.470723179460037 ], [ -1.944740247214213, 52.470723179460037 ], [ -1.943698608200066, 52.470085113425739 ], [ -1.94578188622836, 52.468808981357142 ], [ -1.942656969185919, 52.466894783254247 ], [ -1.941615330171771, 52.467532849288546 ], [ -1.943698608200066, 52.468808981357142 ], [ -1.942656969185919, 52.469447047391441 ], [ -1.940573691157624, 52.469447047391441 ], [ -1.939532052143477, 52.468808981357142 ], [ -1.939532052143477, 52.466256717219949 ], [ -1.941615330171771, 52.464980585151352 ], [ -1.941615330171771, 52.462428321014158 ], [ -1.940573691157624, 52.46179025497986 ], [ -1.93849041312933, 52.46179025497986 ], [ -1.937448774115182, 52.461152188945562 ], [ -1.937448774115182, 52.459876056876965 ], [ -1.939532052143477, 52.458599924808368 ], [ -1.93849041312933, 52.45796185877407 ], [ -1.936407135101035, 52.45796185877407 ], [ -1.935365496086888, 52.457323792739771 ], [ -1.935365496086888, 52.456047660671175 ], [ -1.934323857072741, 52.455409594636876 ], [ -1.930157301016152, 52.455409594636876 ], [ -1.929115662002005, 52.454771528602578 ], [ -1.929115662002005, 52.453495396533981 ], [ -1.931198940030299, 52.452219264465384 ], [ -1.929115662002005, 52.450943132396787 ], [ -1.929115662002005, 52.448390868259594 ], [ -1.930157301016152, 52.447752802225295 ], [ -1.932240579044446, 52.447752802225295 ], [ -1.933282218058594, 52.447114736190997 ], [ -1.933282218058594, 52.4458386041224 ], [ -1.932240579044446, 52.445200538088102 ], [ -1.930157301016152, 52.445200538088102 ], [ -1.928074022987857, 52.443924406019505 ], [ -1.925990744959563, 52.443924406019505 ], [ -1.921824188902974, 52.441372141882312 ], [ -1.91974091087468, 52.441372141882312 ], [ -1.917657632846385, 52.440096009813715 ], [ -1.915574354818091, 52.440096009813715 ], [ -1.914532715803944, 52.440734075848013 ], [ -1.914532715803944, 52.44201020791661 ], [ -1.912449437775649, 52.443286339985207 ], [ -1.912449437775649, 52.444562472053804 ], [ -1.910366159747355, 52.4458386041224 ], [ -1.910366159747355, 52.447114736190997 ], [ -1.907241242704913, 52.449028934293892 ], [ -1.903074686648324, 52.449028934293892 ], [ -1.90099140862003, 52.450305066362489 ], [ -1.898908130591735, 52.450305066362489 ], [ -1.897866491577588, 52.450943132396787 ], [ -1.897866491577588, 52.452219264465384 ], [ -1.896824852563441, 52.452857330499683 ], [ -1.890575018478557, 52.452857330499683 ], [ -1.88953337946441, 52.452219264465384 ], [ -1.88953337946441, 52.447114736190997 ], [ -1.888491740450263, 52.446476670156699 ], [ -1.885366823407821, 52.448390868259594 ], [ -1.887450101436116, 52.449667000328191 ], [ -1.884325184393674, 52.451581198431086 ], [ -1.88224190636538, 52.450305066362489 ], [ -1.880158628337085, 52.450305066362489 ], [ -1.879116989322938, 52.450943132396787 ], [ -1.879116989322938, 52.452219264465384 ], [ -1.878075350308791, 52.452857330499683 ], [ -1.873908794252202, 52.452857330499683 ], [ -1.871825516223907, 52.454133462568279 ], [ -1.867658960167319, 52.454133462568279 ], [ -1.865575682139024, 52.455409594636876 ], [ -1.859325848054141, 52.455409594636876 ], [ -1.853076013969257, 52.459237990842666 ], [ -1.846826179884374, 52.459237990842666 ], [ -1.84474290185608, 52.460514122911263 ], [ -1.840576345799491, 52.460514122911263 ], [ -1.839534706785344, 52.461152188945562 ], [ -1.839534706785344, 52.462428321014158 ], [ -1.838493067771196, 52.463066387048457 ], [ -1.836409789742902, 52.463066387048457 ], [ -1.835368150728755, 52.463704453082755 ], [ -1.837451428757049, 52.464980585151352 ], [ -1.837451428757049, 52.466256717219949 ], [ -1.838493067771196, 52.466894783254247 ], [ -1.840576345799491, 52.466894783254247 ], [ -1.842659623827785, 52.46561865118565 ], [ -1.84474290185608, 52.466894783254247 ], [ -1.846826179884374, 52.466894783254247 ], [ -1.847867818898521, 52.466256717219949 ], [ -1.847867818898521, 52.463704453082755 ], [ -1.850992735940963, 52.46179025497986 ], [ -1.853076013969257, 52.46179025497986 ], [ -1.854117652983405, 52.462428321014158 ], [ -1.854117652983405, 52.466256717219949 ], [ -1.853076013969257, 52.466894783254247 ], [ -1.850992735940963, 52.466894783254247 ], [ -1.849951096926816, 52.467532849288546 ], [ -1.85203437495511, 52.468808981357142 ], [ -1.850992735940963, 52.469447047391441 ], [ -1.848909457912669, 52.469447047391441 ], [ -1.847867818898521, 52.470085113425739 ], [ -1.847867818898521, 52.471361245494336 ], [ -1.846826179884374, 52.471999311528634 ], [ -1.842659623827785, 52.471999311528634 ], [ -1.841617984813638, 52.472637377562933 ], [ -1.843701262841932, 52.473913509631529 ], [ -1.842659623827785, 52.474551575665828 ], [ -1.840576345799491, 52.474551575665828 ], [ -1.838493067771196, 52.473275443597231 ], [ -1.837451428757049, 52.473913509631529 ], [ -1.837451428757049, 52.476465773768723 ], [ -1.838493067771196, 52.477103839803021 ], [ -1.840576345799491, 52.477103839803021 ], [ -1.841617984813638, 52.47774190583732 ], [ -1.839534706785344, 52.479018037905917 ], [ -1.840576345799491, 52.479656103940215 ], [ -1.842659623827785, 52.479656103940215 ], [ -1.84474290185608, 52.480932236008812 ], [ -1.846826179884374, 52.480932236008812 ], [ -1.847867818898521, 52.48157030204311 ], [ -1.84474290185608, 52.483484500146005 ], [ -1.842659623827785, 52.483484500146005 ], [ -1.840576345799491, 52.484760632214602 ], [ -1.838493067771196, 52.484760632214602 ], [ -1.836409789742902, 52.486036764283199 ], [ -1.834326511714607, 52.486036764283199 ], [ -1.831201594672166, 52.487950962386094 ], [ -1.831201594672166, 52.489227094454691 ], [ -1.830159955658019, 52.489865160488989 ], [ -1.823910121573135, 52.489865160488989 ], [ -1.821826843544841, 52.491141292557586 ], [ -1.817660287488252, 52.491141292557586 ], [ -1.81453537044581, 52.493055490660481 ], [ -1.81453537044581, 52.494331622729078 ], [ -1.811410453403369, 52.496245820831973 ], [ -1.80724389734678, 52.496245820831973 ], [ -1.806202258332632, 52.496883886866271 ], [ -1.806202258332632, 52.499436151003465 ], [ -1.810368814389221, 52.501988415140659 ], [ -1.80724389734678, 52.503902613243554 ], [ -1.803077341290191, 52.503902613243554 ], [ -1.800994063261896, 52.505178745312151 ], [ -1.799952424247749, 52.504540679277852 ], [ -1.799952424247749, 52.503264547209255 ], [ -1.798910785233602, 52.502626481174957 ], [ -1.797869146219455, 52.503264547209255 ], [ -1.797869146219455, 52.504540679277852 ], [ -1.796827507205307, 52.505178745312151 ], [ -1.794744229177013, 52.505178745312151 ], [ -1.793702590162866, 52.505816811346449 ], [ -1.793702590162866, 52.507092943415046 ], [ -1.790577673120424, 52.509007141517941 ], [ -1.78849439509213, 52.507731009449344 ], [ -1.786411117063835, 52.507731009449344 ], [ -1.785369478049688, 52.508369075483643 ], [ -1.786411117063835, 52.509007141517941 ], [ -1.78849439509213, 52.509007141517941 ], [ -1.789536034106277, 52.509645207552239 ], [ -1.78849439509213, 52.510283273586538 ], [ -1.786411117063835, 52.510283273586538 ], [ -1.785369478049688, 52.510921339620836 ], [ -1.785369478049688, 52.51347360375803 ], [ -1.783286200021394, 52.514749735826626 ], [ -1.783286200021394, 52.523682660306804 ], [ -1.782244561007246, 52.524320726341102 ], [ -1.780161282978952, 52.523044594272505 ], [ -1.773911448894069, 52.523044594272505 ], [ -1.768703253823332, 52.526234924443997 ], [ -1.768703253823332, 52.528787188581191 ], [ -1.766619975795038, 52.530063320649788 ], [ -1.766619975795038, 52.532615584786981 ], [ -1.767661614809185, 52.53325365082128 ], [ -1.771828170865774, 52.53325365082128 ], [ -1.773911448894069, 52.531977518752683 ], [ -1.775994726922363, 52.531977518752683 ], [ -1.77703636593651, 52.532615584786981 ], [ -1.77703636593651, 52.535167848924175 ], [ -1.775994726922363, 52.535805914958473 ], [ -1.773911448894069, 52.535805914958473 ], [ -1.772869809879921, 52.536443980992772 ], [ -1.773911448894069, 52.53708204702707 ], [ -1.778078004950657, 52.53708204702707 ], [ -1.779119643964805, 52.536443980992772 ], [ -1.779119643964805, 52.533891716855578 ], [ -1.780161282978952, 52.53325365082128 ], [ -1.782244561007246, 52.53325365082128 ], [ -1.784327839035541, 52.534529782889877 ], [ -1.785369478049688, 52.533891716855578 ], [ -1.785369478049688, 52.532615584786981 ], [ -1.78849439509213, 52.530701386684086 ], [ -1.794744229177013, 52.530701386684086 ], [ -1.79578586819116, 52.531339452718385 ], [ -1.79578586819116, 52.535167848924175 ], [ -1.798910785233602, 52.53708204702707 ], [ -1.802035702276044, 52.535167848924175 ], [ -1.802035702276044, 52.531339452718385 ], [ -1.799952424247749, 52.530063320649788 ], [ -1.800994063261896, 52.529425254615489 ], [ -1.803077341290191, 52.529425254615489 ], [ -1.804118980304338, 52.528787188581191 ], [ -1.804118980304338, 52.527511056512594 ], [ -1.804379390057875, 52.526234924443997 ], [ -1.806202258332632, 52.527511056512594 ], [ -1.809327175375074, 52.529425254615489 ], [ -1.813493731431663, 52.529425254615489 ], [ -1.81453537044581, 52.530063320649788 ], [ -1.81453537044581, 52.536443980992772 ], [ -1.815577009459957, 52.53708204702707 ], [ -1.819743565516546, 52.53708204702707 ], [ -1.820785204530694, 52.537720113061368 ], [ -1.820785204530694, 52.540272377198562 ], [ -1.822868482558988, 52.541548509267159 ], [ -1.822868482558988, 52.542824641335756 ], [ -1.817660287488252, 52.546014971507248 ], [ -1.811410453403369, 52.546014971507248 ], [ -1.810368814389221, 52.546653037541546 ], [ -1.811410453403369, 52.547291103575844 ], [ -1.813493731431663, 52.547291103575844 ], [ -1.816618648474105, 52.549205301678739 ], [ -1.81453537044581, 52.550481433747336 ], [ -1.815577009459957, 52.551119499781635 ], [ -1.817660287488252, 52.551119499781635 ], [ -1.818701926502399, 52.551757565815933 ], [ -1.818701926502399, 52.55303369788453 ], [ -1.817660287488252, 52.553671763918828 ], [ -1.815577009459957, 52.552395631850231 ], [ -1.81453537044581, 52.55303369788453 ], [ -1.81453537044581, 52.558138226158917 ], [ -1.818701926502399, 52.560690490296111 ], [ -1.816618648474105, 52.561966622364707 ], [ -1.817660287488252, 52.562604688399006 ], [ -1.819743565516546, 52.561328556330409 ], [ -1.822868482558988, 52.563242754433304 ], [ -1.822868482558988, 52.564518886501901 ], [ -1.820785204530694, 52.565795018570498 ], [ -1.820785204530694, 52.568347282707691 ], [ -1.822868482558988, 52.569623414776288 ], [ -1.822868482558988, 52.570899546844885 ], [ -1.821826843544841, 52.571537612879183 ], [ -1.819743565516546, 52.571537612879183 ], [ -1.818701926502399, 52.572175678913482 ], [ -1.820785204530694, 52.573451810982078 ], [ -1.820785204530694, 52.574727943050675 ], [ -1.822868482558988, 52.576004075119272 ], [ -1.822868482558988, 52.578556339256465 ], [ -1.820785204530694, 52.579832471325062 ], [ -1.822868482558988, 52.581108603393659 ], [ -1.818701926502399, 52.583660867530853 ], [ -1.818701926502399, 52.586213131668046 ], [ -1.820785204530694, 52.587489263736643 ], [ -1.820785204530694, 52.591317659942433 ], [ -1.823910121573135, 52.593231858045328 ], [ -1.828076677629724, 52.593231858045328 ], [ -1.835368150728755, 52.597698320285417 ], [ -1.835368150728755, 52.598974452354014 ], [ -1.837451428757049, 52.600250584422611 ], [ -1.837451428757049, 52.605355112696998 ], [ -1.834326511714607, 52.607269310799893 ], [ -1.832243233686313, 52.607269310799893 ], [ -1.831201594672166, 52.607907376834191 ], [ -1.83328487270046, 52.609183508902788 ], [ -1.83328487270046, 52.610459640971385 ], [ -1.837451428757049, 52.613011905108579 ], [ -1.837451428757049, 52.619392565451562 ], [ -1.838493067771196, 52.620030631485861 ], [ -1.839534706785344, 52.619392565451562 ], [ -1.839534706785344, 52.616840301314369 ], [ -1.841617984813638, 52.615564169245772 ], [ -1.839534706785344, 52.614288037177175 ], [ -1.839534706785344, 52.610459640971385 ], [ -1.84474290185608, 52.607269310799893 ], [ -1.846826179884374, 52.607269310799893 ], [ -1.848909457912669, 52.60854544286849 ], [ -1.850992735940963, 52.60854544286849 ], [ -1.853076013969257, 52.607269310799893 ], [ -1.857242570025846, 52.607269310799893 ], [ -1.858284209039994, 52.607907376834191 ], [ -1.858284209039994, 52.610459640971385 ], [ -1.860367487068288, 52.611735773039982 ], [ -1.860367487068288, 52.614288037177175 ], [ -1.86349240411073, 52.61620223528007 ], [ -1.867658960167319, 52.61620223528007 ], [ -1.868700599181466, 52.616840301314369 ], [ -1.868700599181466, 52.621944829588756 ], [ -1.869742238195613, 52.622582895623054 ], [ -1.871825516223907, 52.622582895623054 ], [ -1.872867155238055, 52.621944829588756 ], [ -1.872867155238055, 52.619392565451562 ], [ -1.875992072280496, 52.617478367348667 ], [ -1.880158628337085, 52.617478367348667 ], [ -1.881200267351232, 52.618116433382966 ], [ -1.881200267351232, 52.619392565451562 ], [ -1.879116989322938, 52.620668697520159 ], [ -1.879116989322938, 52.621944829588756 ], [ -1.880158628337085, 52.622582895623054 ], [ -1.88224190636538, 52.622582895623054 ], [ -1.883283545379527, 52.623220961657353 ], [ -1.883283545379527, 52.625773225794546 ], [ -1.880158628337085, 52.627687423897441 ], [ -1.878075350308791, 52.627687423897441 ], [ -1.877033711294644, 52.62832548993174 ], [ -1.878075350308791, 52.628963555966038 ], [ -1.88224190636538, 52.628963555966038 ], [ -1.884325184393674, 52.627687423897441 ], [ -1.888491740450263, 52.627687423897441 ], [ -1.88953337946441, 52.62832548993174 ], [ -1.88953337946441, 52.634706150274724 ], [ -1.890575018478557, 52.635344216309022 ], [ -1.892658296506852, 52.635344216309022 ], [ -1.894741574535146, 52.636620348377619 ], [ -1.897866491577588, 52.634706150274724 ], [ -1.897866491577588, 52.633430018206127 ], [ -1.898908130591735, 52.632791952171829 ], [ -1.90099140862003, 52.632791952171829 ], [ -1.903074686648324, 52.631515820103232 ], [ -1.907241242704913, 52.631515820103232 ], [ -1.90828288171906, 52.63215388613753 ], [ -1.90828288171906, 52.633430018206127 ], [ -1.912449437775649, 52.635982282343321 ], [ -1.912449437775649, 52.637258414411917 ], [ -1.911407798761502, 52.637896480446216 ], [ -1.909324520733207, 52.637896480446216 ], [ -1.90828288171906, 52.638534546480514 ], [ -1.90828288171906, 52.641086810617708 ], [ -1.907241242704913, 52.641724876652006 ], [ -1.90099140862003, 52.641724876652006 ], [ -1.899949769605882, 52.642362942686304 ], [ -1.899949769605882, 52.644915206823498 ], [ -1.90099140862003, 52.645553272857796 ], [ -1.903074686648324, 52.645553272857796 ], [ -1.907241242704913, 52.643001008720603 ], [ -1.909324520733207, 52.6442771407892 ], [ -1.911407798761502, 52.6442771407892 ], [ -1.914532715803944, 52.642362942686304 ], [ -1.913491076789796, 52.641724876652006 ], [ -1.911407798761502, 52.641724876652006 ], [ -1.910366159747355, 52.641086810617708 ], [ -1.915574354818091, 52.637896480446216 ], [ -1.916615993832238, 52.638534546480514 ], [ -1.916615993832238, 52.639810678549111 ], [ -1.917657632846385, 52.640448744583409 ], [ -1.91974091087468, 52.640448744583409 ], [ -1.921824188902974, 52.641724876652006 ], [ -1.923907466931269, 52.641724876652006 ], [ -1.92703238397371, 52.643639074754901 ], [ -1.92703238397371, 52.644915206823498 ], [ -1.923907466931269, 52.646829404926393 ], [ -1.921824188902974, 52.645553272857796 ], [ -1.920782549888827, 52.646191338892095 ], [ -1.920782549888827, 52.647467470960692 ], [ -1.916615993832238, 52.650019735097885 ], [ -1.916615993832238, 52.651295867166482 ], [ -1.915574354818091, 52.65193393320078 ], [ -1.909324520733207, 52.65193393320078 ], [ -1.907241242704913, 52.650657801132184 ], [ -1.906199603690766, 52.651295867166482 ], [ -1.906199603690766, 52.653848131303675 ], [ -1.904116325662471, 52.655124263372272 ], [ -1.904116325662471, 52.657676527509466 ], [ -1.905157964676619, 52.658314593543764 ], [ -1.909324520733207, 52.658314593543764 ], [ -1.911407798761502, 52.659590725612361 ], [ -1.913491076789796, 52.659590725612361 ], [ -1.915574354818091, 52.658314593543764 ], [ -1.916615993832238, 52.658952659578063 ], [ -1.916615993832238, 52.660228791646659 ], [ -1.915574354818091, 52.660866857680958 ], [ -1.911407798761502, 52.660866857680958 ], [ -1.90828288171906, 52.662781055783853 ], [ -1.909324520733207, 52.663419121818151 ], [ -1.911407798761502, 52.662142989749555 ], [ -1.913491076789796, 52.662142989749555 ], [ -1.914532715803944, 52.662781055783853 ], [ -1.914532715803944, 52.66405718785245 ], [ -1.916615993832238, 52.665333319921046 ], [ -1.916615993832238, 52.669161716126837 ], [ -1.914532715803944, 52.670437848195434 ], [ -1.914532715803944, 52.672990112332627 ], [ -1.913491076789796, 52.673628178366926 ], [ -1.909324520733207, 52.673628178366926 ], [ -1.90828288171906, 52.674266244401224 ], [ -1.90828288171906, 52.675542376469821 ], [ -1.909324520733207, 52.676180442504119 ], [ -1.911407798761502, 52.674904310435522 ], [ -1.913491076789796, 52.674904310435522 ], [ -1.917657632846385, 52.672352046298329 ], [ -1.91974091087468, 52.672352046298329 ], [ -1.921824188902974, 52.673628178366926 ], [ -1.923907466931269, 52.672352046298329 ], [ -1.925990744959563, 52.672352046298329 ], [ -1.92703238397371, 52.67171398026403 ], [ -1.924949105945416, 52.670437848195434 ], [ -1.924949105945416, 52.669161716126837 ], [ -1.925990744959563, 52.668523650092538 ], [ -1.930157301016152, 52.668523650092538 ], [ -1.933282218058594, 52.670437848195434 ], [ -1.933282218058594, 52.67171398026403 ], [ -1.934323857072741, 52.672352046298329 ], [ -1.935365496086888, 52.67171398026403 ], [ -1.935365496086888, 52.669161716126837 ], [ -1.934323857072741, 52.668523650092538 ], [ -1.932240579044446, 52.668523650092538 ], [ -1.931198940030299, 52.66788558405824 ], [ -1.931198940030299, 52.666609451989643 ], [ -1.932240579044446, 52.665971385955345 ], [ -1.934323857072741, 52.665971385955345 ], [ -1.936407135101035, 52.667247518023942 ], [ -1.93849041312933, 52.667247518023942 ], [ -1.939532052143477, 52.66788558405824 ], [ -1.939532052143477, 52.669161716126837 ], [ -1.937448774115182, 52.670437848195434 ], [ -1.93849041312933, 52.671075914229732 ], [ -1.940573691157624, 52.671075914229732 ], [ -1.941615330171771, 52.67171398026403 ], [ -1.939532052143477, 52.672990112332627 ], [ -1.939532052143477, 52.675542376469821 ], [ -1.937448774115182, 52.676818508538418 ], [ -1.937448774115182, 52.680646904744208 ], [ -1.93849041312933, 52.681284970778506 ], [ -1.944740247214213, 52.681284970778506 ], [ -1.94578188622836, 52.680646904744208 ], [ -1.94578188622836, 52.678094640607014 ], [ -1.946823525242507, 52.677456574572716 ], [ -1.948906803270802, 52.678732706641313 ], [ -1.950990081299096, 52.678732706641313 ], [ -1.952031720313244, 52.678094640607014 ], [ -1.950990081299096, 52.677456574572716 ], [ -1.948906803270802, 52.677456574572716 ], [ -1.947865164256655, 52.676818508538418 ], [ -1.949948442284949, 52.675542376469821 ], [ -1.948906803270802, 52.674904310435522 ], [ -1.946823525242507, 52.674904310435522 ], [ -1.943698608200066, 52.672990112332627 ], [ -1.943698608200066, 52.67171398026403 ], [ -1.944740247214213, 52.671075914229732 ], [ -1.946042295981897, 52.670437848195434 ], [ -1.947604754503118, 52.670437848195434 ], [ -1.948906803270802, 52.671075914229732 ], [ -1.949948442284949, 52.670437848195434 ], [ -1.948906803270802, 52.669640265652561 ], [ -1.946823525242507, 52.668364133583964 ], [ -1.943959017953603, 52.66788558405824 ], [ -1.942656969185919, 52.667088001515367 ], [ -1.941875739925308, 52.665333319921046 ], [ -1.940573691157624, 52.663419121818151 ], [ -1.942656969185919, 52.662142989749555 ], [ -1.946823525242507, 52.662142989749555 ], [ -1.948906803270802, 52.660866857680958 ], [ -1.953073359327391, 52.660866857680958 ], [ -1.954114998341538, 52.661504923715256 ], [ -1.954114998341538, 52.66405718785245 ], [ -1.956198276369832, 52.665333319921046 ], [ -1.956198276369832, 52.666609451989643 ], [ -1.958281554398127, 52.66788558405824 ], [ -1.958281554398127, 52.67171398026403 ], [ -1.960364832426421, 52.672990112332627 ], [ -1.960364832426421, 52.674266244401224 ], [ -1.961406471440569, 52.675063826944097 ], [ -1.961406471440569, 52.677297058064141 ], [ -1.960364832426421, 52.678094640607014 ], [ -1.960364832426421, 52.680646904744208 ], [ -1.961406471440569, 52.681284970778506 ], [ -1.963489749468863, 52.680008838709909 ], [ -1.965573027497157, 52.680008838709909 ], [ -1.967656305525452, 52.678732706641313 ], [ -1.969739583553746, 52.678732706641313 ], [ -1.970781222567894, 52.679370772675611 ], [ -1.970781222567894, 52.680646904744208 ], [ -1.972864500596188, 52.681923036812805 ], [ -1.972864500596188, 52.683199168881401 ], [ -1.971822861582041, 52.6838372349157 ], [ -1.969739583553746, 52.682561102847103 ], [ -1.967656305525452, 52.6838372349157 ], [ -1.965573027497157, 52.6838372349157 ], [ -1.96453138848301, 52.684475300949998 ], [ -1.96453138848301, 52.687027565087192 ], [ -1.965573027497157, 52.68766563112149 ], [ -1.973906139610335, 52.68766563112149 ], [ -1.974947778624482, 52.688303697155789 ], [ -1.974947778624482, 52.697236621635966 ], [ -1.977031056652777, 52.698512753704563 ], [ -1.974947778624482, 52.69978888577316 ], [ -1.974947778624482, 52.702341149910353 ], [ -1.977031056652777, 52.70361728197895 ], [ -1.97598941763863, 52.704255348013248 ], [ -1.973906139610335, 52.704255348013248 ], [ -1.969739583553746, 52.706807612150442 ], [ -1.967656305525452, 52.706807612150442 ], [ -1.965573027497157, 52.708083744219039 ], [ -1.963489749468863, 52.706807612150442 ], [ -1.962448110454716, 52.70744567818474 ], [ -1.96453138848301, 52.708721810253337 ], [ -1.96453138848301, 52.709997942321934 ], [ -1.965573027497157, 52.710636008356232 ], [ -1.967656305525452, 52.710636008356232 ], [ -1.969739583553746, 52.711912140424829 ], [ -1.973906139610335, 52.711912140424829 ], [ -1.974947778624482, 52.712550206459127 ], [ -1.972864500596188, 52.713826338527724 ], [ -1.973906139610335, 52.714464404562023 ], [ -1.978072695666924, 52.714464404562023 ], [ -1.985364168765955, 52.718930866802111 ], [ -1.985364168765955, 52.720206998870708 ], [ -1.98328089073766, 52.721483130939305 ], [ -1.98328089073766, 52.722759263007902 ], [ -1.982239251723513, 52.7233973290422 ], [ -1.980155973695219, 52.7233973290422 ], [ -1.977031056652777, 52.725311527145095 ], [ -1.977031056652777, 52.726587659213692 ], [ -1.97598941763863, 52.72722572524799 ], [ -1.973906139610335, 52.725949593179394 ], [ -1.968697944539599, 52.729139923350886 ], [ -1.968697944539599, 52.730416055419482 ], [ -1.969739583553746, 52.731054121453781 ], [ -1.973906139610335, 52.728501857316587 ], [ -1.97598941763863, 52.728501857316587 ], [ -1.978072695666924, 52.72722572524799 ], [ -1.980155973695219, 52.72722572524799 ], [ -1.982239251723513, 52.725949593179394 ], [ -1.99473891989328, 52.725949593179394 ], [ -1.995780558907427, 52.725311527145095 ], [ -1.995780558907427, 52.721483130939305 ], [ -1.998905475949869, 52.71956893283641 ], [ -2.000988753978163, 52.720845064905006 ], [ -2.003072032006457, 52.720845064905006 ], [ -2.007238588063046, 52.7233973290422 ], [ -2.009321866091341, 52.7233973290422 ], [ -2.011405144119635, 52.724673461110797 ], [ -2.01348842214793, 52.724673461110797 ], [ -2.015571700176224, 52.725949593179394 ], [ -2.017654978204519, 52.725949593179394 ], [ -2.018696617218666, 52.725311527145095 ], [ -2.015571700176224, 52.7233973290422 ], [ -2.01348842214793, 52.7233973290422 ], [ -2.012446783133782, 52.722759263007902 ], [ -2.012446783133782, 52.713826338527724 ], [ -2.010363505105488, 52.712550206459127 ], [ -2.011405144119635, 52.711912140424829 ], [ -2.015571700176224, 52.711912140424829 ], [ -2.016613339190371, 52.712550206459127 ], [ -2.016613339190371, 52.713826338527724 ], [ -2.014530061162077, 52.715102470596321 ], [ -2.014530061162077, 52.716378602664918 ], [ -2.015571700176224, 52.717016668699216 ], [ -2.017654978204519, 52.717016668699216 ], [ -2.018696617218666, 52.716378602664918 ], [ -2.018696617218666, 52.715102470596321 ], [ -2.019738256232813, 52.714464404562023 ], [ -2.025988090317696, 52.714464404562023 ], [ -2.028071368345991, 52.715740536630619 ], [ -2.031196285388432, 52.713826338527724 ], [ -2.029113007360138, 52.712550206459127 ], [ -2.029113007360138, 52.708721810253337 ], [ -2.031196285388432, 52.70744567818474 ], [ -2.031196285388432, 52.706169546116143 ], [ -2.03223792440258, 52.705531480081845 ], [ -2.034321202430874, 52.705531480081845 ], [ -2.035362841445021, 52.706169546116143 ], [ -2.033279563416727, 52.70744567818474 ], [ -2.033279563416727, 52.708721810253337 ], [ -2.040571036515757, 52.713188272493426 ], [ -2.044737592572346, 52.713188272493426 ], [ -2.045779231586494, 52.712550206459127 ], [ -2.045779231586494, 52.711274074390531 ], [ -2.043695953558199, 52.709997942321934 ], [ -2.043695953558199, 52.708721810253337 ], [ -2.041612675529905, 52.70744567818474 ], [ -2.041612675529905, 52.706169546116143 ], [ -2.043695953558199, 52.704893414047547 ], [ -2.041612675529905, 52.70361728197895 ], [ -2.041612675529905, 52.702341149910353 ], [ -2.03952939750161, 52.701065017841756 ], [ -2.03952939750161, 52.69978888577316 ], [ -2.040571036515757, 52.699150819738861 ], [ -2.048904148628935, 52.699150819738861 ], [ -2.054112343699671, 52.702341149910353 ], [ -2.054112343699671, 52.70361728197895 ], [ -2.049945787643082, 52.706169546116143 ], [ -2.049945787643082, 52.711274074390531 ], [ -2.047862509614788, 52.712550206459127 ], [ -2.047862509614788, 52.713826338527724 ], [ -2.048904148628935, 52.714464404562023 ], [ -2.053070704685524, 52.714464404562023 ], [ -2.056195621727966, 52.712550206459127 ], [ -2.054112343699671, 52.711274074390531 ], [ -2.054112343699671, 52.708721810253337 ], [ -2.059320538770407, 52.705531480081845 ], [ -2.060362177784555, 52.706169546116143 ], [ -2.060362177784555, 52.70744567818474 ], [ -2.05827889975626, 52.708721810253337 ], [ -2.05827889975626, 52.712550206459127 ], [ -2.059320538770407, 52.713188272493426 ], [ -2.071820206940174, 52.713188272493426 ], [ -2.072861845954321, 52.713826338527724 ], [ -2.070778567926027, 52.715102470596321 ], [ -2.073903484968469, 52.717016668699216 ], [ -2.078070041025057, 52.717016668699216 ], [ -2.081194958067499, 52.718930866802111 ], [ -2.078070041025057, 52.720845064905006 ], [ -2.075986762996763, 52.71956893283641 ], [ -2.073903484968469, 52.71956893283641 ], [ -2.072861845954321, 52.720206998870708 ], [ -2.072861845954321, 52.724035395076498 ], [ -2.073903484968469, 52.724673461110797 ], [ -2.086403153138235, 52.724673461110797 ], [ -2.087444792152382, 52.725311527145095 ], [ -2.087444792152382, 52.726587659213692 ], [ -2.08848643116653, 52.72722572524799 ], [ -2.092652987223119, 52.72722572524799 ], [ -2.093694626237266, 52.726587659213692 ], [ -2.093694626237266, 52.725311527145095 ], [ -2.094736265251413, 52.724673461110797 ], [ -2.097861182293855, 52.726587659213692 ], [ -2.09577790426556, 52.727863791282289 ], [ -2.09577790426556, 52.729139923350886 ], [ -2.093694626237266, 52.730416055419482 ], [ -2.09577790426556, 52.731692187488079 ], [ -2.09577790426556, 52.732968319556676 ], [ -2.094736265251413, 52.733606385590974 ], [ -2.090569709194824, 52.733606385590974 ], [ -2.089528070180677, 52.734244451625273 ], [ -2.089528070180677, 52.735520583693869 ], [ -2.090569709194824, 52.736158649728168 ], [ -2.092652987223119, 52.736158649728168 ], [ -2.093694626237266, 52.736796715762466 ], [ -2.093694626237266, 52.73934897989966 ], [ -2.091611348208971, 52.740625111968257 ], [ -2.093694626237266, 52.741901244036853 ], [ -2.091611348208971, 52.74317737610545 ], [ -2.091611348208971, 52.745729640242644 ], [ -2.092652987223119, 52.746367706276942 ], [ -2.093694626237266, 52.745729640242644 ], [ -2.093694626237266, 52.74317737610545 ], [ -2.094736265251413, 52.742539310071152 ], [ -2.096819543279707, 52.743815442139748 ], [ -2.103069377364591, 52.743815442139748 ], [ -2.104111016378738, 52.744453508174047 ], [ -2.104111016378738, 52.74700577231124 ], [ -2.102027738350444, 52.748281904379837 ], [ -2.102027738350444, 52.749558036448434 ], [ -2.104111016378738, 52.750834168517031 ], [ -2.102027738350444, 52.752110300585628 ], [ -2.104111016378738, 52.753386432654224 ], [ -2.102027738350444, 52.754662564722821 ], [ -2.102027738350444, 52.755938696791418 ], [ -2.104111016378738, 52.757214828860015 ], [ -2.104111016378738, 52.758490960928611 ], [ -2.102027738350444, 52.759767092997208 ], [ -2.102027738350444, 52.762319357134402 ], [ -2.100986099336296, 52.7629574231687 ], [ -2.099944460322149, 52.762319357134402 ], [ -2.099944460322149, 52.759767092997208 ], [ -2.097861182293855, 52.758490960928611 ], [ -2.097861182293855, 52.757214828860015 ], [ -2.09577790426556, 52.755938696791418 ], [ -2.09577790426556, 52.754662564722821 ], [ -2.094736265251413, 52.754024498688523 ], [ -2.093694626237266, 52.754662564722821 ], [ -2.093694626237266, 52.757214828860015 ], [ -2.091611348208971, 52.758490960928611 ], [ -2.091611348208971, 52.761043225065805 ], [ -2.089528070180677, 52.762319357134402 ], [ -2.089528070180677, 52.764871621271595 ], [ -2.087444792152382, 52.766147753340192 ], [ -2.08848643116653, 52.766785819374491 ], [ -2.090569709194824, 52.766785819374491 ], [ -2.092652987223119, 52.765509687305894 ], [ -2.096819543279707, 52.765509687305894 ], [ -2.097861182293855, 52.766147753340192 ], [ -2.097861182293855, 52.771252281614579 ], [ -2.09577790426556, 52.772528413683176 ], [ -2.09577790426556, 52.773804545751773 ], [ -2.096819543279707, 52.774442611786071 ], [ -2.098902821308002, 52.774442611786071 ], [ -2.100986099336296, 52.773166479717474 ], [ -2.103069377364591, 52.773166479717474 ], [ -2.108277572435327, 52.776356809888966 ], [ -2.108277572435327, 52.777632941957563 ], [ -2.110360850463621, 52.77890907402616 ], [ -2.110360850463621, 52.780185206094757 ], [ -2.109319211449474, 52.780823272129055 ], [ -2.105152655392885, 52.780823272129055 ], [ -2.104111016378738, 52.781461338163354 ], [ -2.104111016378738, 52.784013602300547 ], [ -2.106194294407032, 52.785289734369144 ], [ -2.104111016378738, 52.786565866437741 ], [ -2.104111016378738, 52.789118130574934 ], [ -2.105152655392885, 52.789756196609233 ], [ -2.10723593342118, 52.788480064540636 ], [ -2.109319211449474, 52.788480064540636 ], [ -2.112444128491916, 52.790394262643531 ], [ -2.112444128491916, 52.791670394712128 ], [ -2.113485767506063, 52.792308460746426 ], [ -2.117652323562652, 52.789756196609233 ], [ -2.118693962576799, 52.790394262643531 ], [ -2.118693962576799, 52.792946526780725 ], [ -2.117652323562652, 52.793584592815023 ], [ -2.115569045534357, 52.793584592815023 ], [ -2.11452740652021, 52.794222658849321 ], [ -2.116610684548505, 52.795498790917918 ], [ -2.116610684548505, 52.796774922986515 ], [ -2.117652323562652, 52.797412989020813 ], [ -2.118693962576799, 52.796774922986515 ], [ -2.118693962576799, 52.794222658849321 ], [ -2.119735601590946, 52.793584592815023 ], [ -2.121818879619241, 52.793584592815023 ], [ -2.124943796661682, 52.791670394712128 ], [ -2.124943796661682, 52.790394262643531 ], [ -2.122860518633388, 52.789118130574934 ], [ -2.124943796661682, 52.787841998506337 ], [ -2.124943796661682, 52.786565866437741 ], [ -2.12598543567583, 52.785927800403442 ], [ -2.128068713704124, 52.785927800403442 ], [ -2.129110352718271, 52.785289734369144 ], [ -2.127027074689977, 52.784013602300547 ], [ -2.128068713704124, 52.783375536266249 ], [ -2.130151991732419, 52.783375536266249 ], [ -2.131193630746566, 52.78273747023195 ], [ -2.129110352718271, 52.781461338163354 ], [ -2.129110352718271, 52.780185206094757 ], [ -2.12598543567583, 52.778271007991862 ], [ -2.123902157647535, 52.778271007991862 ], [ -2.120777240605094, 52.776356809888966 ], [ -2.120777240605094, 52.773804545751773 ], [ -2.124943796661682, 52.771252281614579 ], [ -2.123902157647535, 52.770614215580281 ], [ -2.121818879619241, 52.770614215580281 ], [ -2.119735601590946, 52.769338083511684 ], [ -2.113485767506063, 52.769338083511684 ], [ -2.112444128491916, 52.768700017477386 ], [ -2.112444128491916, 52.761043225065805 ], [ -2.113485767506063, 52.760405159031507 ], [ -2.115569045534357, 52.760405159031507 ], [ -2.119735601590946, 52.757852894894313 ], [ -2.121818879619241, 52.757852894894313 ], [ -2.122860518633388, 52.757214828860015 ], [ -2.122860518633388, 52.755938696791418 ], [ -2.123902157647535, 52.75530063075712 ], [ -2.128068713704124, 52.75530063075712 ], [ -2.130151991732419, 52.756576762825716 ], [ -2.131193630746566, 52.755938696791418 ], [ -2.127027074689977, 52.753386432654224 ], [ -2.127027074689977, 52.752110300585628 ], [ -2.129110352718271, 52.750834168517031 ], [ -2.128068713704124, 52.750196102482732 ], [ -2.12598543567583, 52.751472234551329 ], [ -2.123902157647535, 52.751472234551329 ], [ -2.117652323562652, 52.75530063075712 ], [ -2.115569045534357, 52.75530063075712 ], [ -2.113485767506063, 52.754024498688523 ], [ -2.111402489477769, 52.754024498688523 ], [ -2.110360850463621, 52.753386432654224 ], [ -2.110360850463621, 52.750834168517031 ], [ -2.111402489477769, 52.750196102482732 ], [ -2.113485767506063, 52.750196102482732 ], [ -2.11452740652021, 52.749558036448434 ], [ -2.11452740652021, 52.74700577231124 ], [ -2.112444128491916, 52.745729640242644 ], [ -2.112444128491916, 52.74317737610545 ], [ -2.115569045534357, 52.741263178002555 ], [ -2.117652323562652, 52.741263178002555 ], [ -2.118693962576799, 52.740625111968257 ], [ -2.118693962576799, 52.73934897989966 ], [ -2.119735601590946, 52.738710913865361 ], [ -2.123902157647535, 52.738710913865361 ], [ -2.124943796661682, 52.73934897989966 ], [ -2.124943796661682, 52.740625111968257 ], [ -2.12598543567583, 52.741263178002555 ], [ -2.128068713704124, 52.741263178002555 ], [ -2.129110352718271, 52.740625111968257 ], [ -2.129110352718271, 52.73934897989966 ], [ -2.130151991732419, 52.738710913865361 ], [ -2.136401825817302, 52.738710913865361 ], [ -2.138485103845596, 52.739987045933958 ], [ -2.140568381873891, 52.739987045933958 ], [ -2.141610020888038, 52.73934897989966 ], [ -2.141610020888038, 52.736796715762466 ], [ -2.140568381873891, 52.736158649728168 ], [ -2.138485103845596, 52.737434781796765 ], [ -2.136401825817302, 52.736158649728168 ], [ -2.132235269760713, 52.736158649728168 ], [ -2.131193630746566, 52.735520583693869 ], [ -2.131193630746566, 52.734244451625273 ], [ -2.130151991732419, 52.733606385590974 ], [ -2.128068713704124, 52.733606385590974 ], [ -2.127027074689977, 52.732968319556676 ], [ -2.129110352718271, 52.731692187488079 ], [ -2.127027074689977, 52.730416055419482 ], [ -2.127027074689977, 52.729139923350886 ], [ -2.128068713704124, 52.728501857316587 ], [ -2.130151991732419, 52.728501857316587 ], [ -2.132235269760713, 52.72722572524799 ], [ -2.136401825817302, 52.72722572524799 ], [ -2.138485103845596, 52.728501857316587 ], [ -2.140568381873891, 52.72722572524799 ], [ -2.142651659902185, 52.728501857316587 ], [ -2.143693298916332, 52.727863791282289 ], [ -2.143693298916332, 52.726587659213692 ], [ -2.14473493793048, 52.725949593179394 ], [ -2.146818215958774, 52.725949593179394 ], [ -2.147859854972921, 52.726587659213692 ], [ -2.145776576944627, 52.727863791282289 ], [ -2.145776576944627, 52.729139923350886 ], [ -2.146818215958774, 52.729777989385184 ], [ -2.148901493987069, 52.729777989385184 ], [ -2.149943133001216, 52.729139923350886 ], [ -2.147859854972921, 52.727863791282289 ], [ -2.148901493987069, 52.72722572524799 ], [ -2.157234606100246, 52.72722572524799 ], [ -2.159317884128541, 52.728501857316587 ], [ -2.160359523142688, 52.727863791282289 ], [ -2.160359523142688, 52.725311527145095 ], [ -2.159317884128541, 52.724673461110797 ], [ -2.157234606100246, 52.725949593179394 ], [ -2.155151328071952, 52.724673461110797 ], [ -2.150984772015363, 52.724673461110797 ], [ -2.148901493987069, 52.7233973290422 ], [ -2.146818215958774, 52.7233973290422 ], [ -2.14473493793048, 52.722121196973603 ], [ -2.142651659902185, 52.722121196973603 ], [ -2.141610020888038, 52.721483130939305 ], [ -2.141610020888038, 52.720206998870708 ], [ -2.142651659902185, 52.71956893283641 ], [ -2.14473493793048, 52.71956893283641 ], [ -2.145776576944627, 52.718930866802111 ], [ -2.145776576944627, 52.715102470596321 ], [ -2.146818215958774, 52.714464404562023 ], [ -2.148901493987069, 52.714464404562023 ], [ -2.153068050043657, 52.717016668699216 ], [ -2.155151328071952, 52.717016668699216 ], [ -2.156192967086099, 52.716378602664918 ], [ -2.156192967086099, 52.715102470596321 ], [ -2.157234606100246, 52.714464404562023 ], [ -2.160359523142688, 52.716378602664918 ], [ -2.160359523142688, 52.717654734733514 ], [ -2.16348444018513, 52.71956893283641 ], [ -2.165567718213424, 52.71956893283641 ], [ -2.166609357227571, 52.718930866802111 ], [ -2.164526079199277, 52.717654734733514 ], [ -2.164526079199277, 52.713826338527724 ], [ -2.162442801170982, 52.712550206459127 ], [ -2.162442801170982, 52.711274074390531 ], [ -2.160359523142688, 52.709997942321934 ], [ -2.160359523142688, 52.704893414047547 ], [ -2.161401162156835, 52.704255348013248 ], [ -2.165567718213424, 52.706807612150442 ], [ -2.167650996241719, 52.706807612150442 ], [ -2.171817552298307, 52.709359876287635 ], [ -2.173900830326602, 52.709359876287635 ], [ -2.178067386383191, 52.706807612150442 ], [ -2.180150664411485, 52.706807612150442 ], [ -2.181192303425632, 52.70744567818474 ], [ -2.181192303425632, 52.708721810253337 ], [ -2.18223394243978, 52.709359876287635 ], [ -2.184317220468074, 52.709359876287635 ], [ -2.186400498496369, 52.710636008356232 ], [ -2.188483776524663, 52.710636008356232 ], [ -2.18952541553881, 52.711274074390531 ], [ -2.188483776524663, 52.711912140424829 ], [ -2.186400498496369, 52.711912140424829 ], [ -2.185358859482221, 52.712550206459127 ], [ -2.185358859482221, 52.713826338527724 ], [ -2.181192303425632, 52.716378602664918 ], [ -2.18223394243978, 52.717016668699216 ], [ -2.184317220468074, 52.715740536630619 ], [ -2.186400498496369, 52.717016668699216 ], [ -2.187442137510516, 52.716378602664918 ], [ -2.187442137510516, 52.715102470596321 ], [ -2.188483776524663, 52.714464404562023 ], [ -2.190567054552957, 52.714464404562023 ], [ -2.192650332581252, 52.713188272493426 ], [ -2.193691971595399, 52.713826338527724 ], [ -2.193691971595399, 52.715102470596321 ], [ -2.194733610609546, 52.715740536630619 ], [ -2.196816888637841, 52.715740536630619 ], [ -2.198900166666135, 52.717016668699216 ], [ -2.199941805680282, 52.716378602664918 ], [ -2.199941805680282, 52.715102470596321 ], [ -2.197858527651988, 52.713826338527724 ], [ -2.197858527651988, 52.712550206459127 ], [ -2.195775249623694, 52.711274074390531 ], [ -2.197858527651988, 52.709997942321934 ], [ -2.197858527651988, 52.708721810253337 ], [ -2.196816888637841, 52.708083744219039 ], [ -2.195775249623694, 52.708721810253337 ], [ -2.195775249623694, 52.709997942321934 ], [ -2.194733610609546, 52.710636008356232 ], [ -2.186400498496369, 52.705531480081845 ], [ -2.184317220468074, 52.705531480081845 ], [ -2.183275581453927, 52.704893414047547 ], [ -2.183275581453927, 52.70361728197895 ], [ -2.177025747369044, 52.69978888577316 ], [ -2.180150664411485, 52.697874687670264 ], [ -2.192650332581252, 52.697874687670264 ], [ -2.194733610609546, 52.696598555601668 ], [ -2.211399834835902, 52.696598555601668 ], [ -2.213483112864196, 52.695322423533071 ], [ -2.216608029906638, 52.697236621635966 ], [ -2.216608029906638, 52.698512753704563 ], [ -2.214524751878344, 52.69978888577316 ], [ -2.215566390892491, 52.700426951807458 ], [ -2.217649668920785, 52.700426951807458 ], [ -2.218691307934932, 52.69978888577316 ], [ -2.218691307934932, 52.698512753704563 ], [ -2.21973294694908, 52.697874687670264 ], [ -2.221816224977374, 52.697874687670264 ], [ -2.222857863991521, 52.697236621635966 ], [ -2.222857863991521, 52.695960489567369 ], [ -2.223899503005669, 52.695322423533071 ], [ -2.225982781033963, 52.695322423533071 ], [ -2.228066059062257, 52.696598555601668 ], [ -2.230149337090552, 52.695322423533071 ], [ -2.23848244920373, 52.695322423533071 ], [ -2.240565727232024, 52.696598555601668 ], [ -2.242649005260319, 52.695322423533071 ], [ -2.246815561316907, 52.697874687670264 ], [ -2.247857200331055, 52.697236621635966 ], [ -2.247857200331055, 52.694684357498772 ], [ -2.249940478359349, 52.693408225430176 ], [ -2.248898839345202, 52.692770159395877 ], [ -2.246815561316907, 52.692770159395877 ], [ -2.244732283288613, 52.69149402732728 ], [ -2.242649005260319, 52.692770159395877 ], [ -2.225982781033963, 52.692770159395877 ], [ -2.223899503005669, 52.69149402732728 ], [ -2.221816224977374, 52.69149402732728 ], [ -2.21973294694908, 52.692770159395877 ], [ -2.217649668920785, 52.69149402732728 ], [ -2.211399834835902, 52.69149402732728 ] ], [ [ -2.108277572435327, 52.70361728197895 ], [ -2.108277572435327, 52.704893414047547 ], [ -2.10723593342118, 52.705531480081845 ], [ -2.105152655392885, 52.705531480081845 ], [ -2.103069377364591, 52.704255348013248 ], [ -2.100986099336296, 52.704255348013248 ], [ -2.098902821308002, 52.702979215944652 ], [ -2.096819543279707, 52.702979215944652 ], [ -2.094736265251413, 52.701703083876055 ], [ -2.092652987223119, 52.701703083876055 ], [ -2.091611348208971, 52.702341149910353 ], [ -2.091611348208971, 52.704893414047547 ], [ -2.094736265251413, 52.706807612150442 ], [ -2.096819543279707, 52.706807612150442 ], [ -2.097861182293855, 52.70744567818474 ], [ -2.097861182293855, 52.708721810253337 ], [ -2.099944460322149, 52.709997942321934 ], [ -2.099944460322149, 52.712550206459127 ], [ -2.098902821308002, 52.713188272493426 ], [ -2.094736265251413, 52.713188272493426 ], [ -2.092652987223119, 52.711912140424829 ], [ -2.090569709194824, 52.711912140424829 ], [ -2.089528070180677, 52.712550206459127 ], [ -2.089528070180677, 52.713826338527724 ], [ -2.08848643116653, 52.714464404562023 ], [ -2.085361514124088, 52.712550206459127 ], [ -2.085361514124088, 52.709997942321934 ], [ -2.084319875109941, 52.709359876287635 ], [ -2.081194958067499, 52.711274074390531 ], [ -2.083278236095794, 52.712550206459127 ], [ -2.081194958067499, 52.713826338527724 ], [ -2.083278236095794, 52.715102470596321 ], [ -2.080153319053352, 52.717016668699216 ], [ -2.079111680039205, 52.716378602664918 ], [ -2.079111680039205, 52.715102470596321 ], [ -2.075986762996763, 52.713188272493426 ], [ -2.073903484968469, 52.713188272493426 ], [ -2.072861845954321, 52.712550206459127 ], [ -2.072861845954321, 52.711274074390531 ], [ -2.070778567926027, 52.709997942321934 ], [ -2.070778567926027, 52.708721810253337 ], [ -2.068695289897732, 52.70744567818474 ], [ -2.068695289897732, 52.704893414047547 ], [ -2.06973692891188, 52.704255348013248 ], [ -2.073903484968469, 52.704255348013248 ], [ -2.07702840201091, 52.702341149910353 ], [ -2.07702840201091, 52.701065017841756 ], [ -2.075986762996763, 52.700426951807458 ], [ -2.073903484968469, 52.700426951807458 ], [ -2.072861845954321, 52.69978888577316 ], [ -2.073903484968469, 52.699150819738861 ], [ -2.078070041025057, 52.699150819738861 ], [ -2.079111680039205, 52.69978888577316 ], [ -2.079111680039205, 52.702341149910353 ], [ -2.080153319053352, 52.702979215944652 ], [ -2.082236597081646, 52.702979215944652 ], [ -2.083278236095794, 52.702341149910353 ], [ -2.083278236095794, 52.701065017841756 ], [ -2.081194958067499, 52.69978888577316 ], [ -2.083278236095794, 52.698512753704563 ], [ -2.080153319053352, 52.696598555601668 ], [ -2.075986762996763, 52.696598555601668 ], [ -2.073903484968469, 52.695322423533071 ], [ -2.06973692891188, 52.695322423533071 ], [ -2.068695289897732, 52.694684357498772 ], [ -2.068695289897732, 52.693408225430176 ], [ -2.06973692891188, 52.692770159395877 ], [ -2.073903484968469, 52.692770159395877 ], [ -2.075986762996763, 52.694046291464474 ], [ -2.084319875109941, 52.694046291464474 ], [ -2.086403153138235, 52.695322423533071 ], [ -2.08848643116653, 52.695322423533071 ], [ -2.089528070180677, 52.695960489567369 ], [ -2.089528070180677, 52.697236621635966 ], [ -2.090569709194824, 52.697874687670264 ], [ -2.092652987223119, 52.697874687670264 ], [ -2.094736265251413, 52.699150819738861 ], [ -2.098902821308002, 52.699150819738861 ], [ -2.103069377364591, 52.701703083876055 ], [ -2.10723593342118, 52.701703083876055 ], [ -2.111402489477769, 52.699150819738861 ], [ -2.112444128491916, 52.69978888577316 ], [ -2.112444128491916, 52.701065017841756 ], [ -2.111402489477769, 52.701703083876055 ], [ -2.108277572435327, 52.70361728197895 ] ], [ [ -2.008280227077194, 52.644915206823498 ], [ -2.004113671020605, 52.647467470960692 ], [ -2.004113671020605, 52.648743603029288 ], [ -2.000988753978163, 52.650657801132184 ], [ -1.998905475949869, 52.650657801132184 ], [ -1.99473891989328, 52.653210065269377 ], [ -1.990572363836691, 52.653210065269377 ], [ -1.989530724822544, 52.652571999235079 ], [ -1.989530724822544, 52.651295867166482 ], [ -1.987447446794249, 52.650019735097885 ], [ -1.987447446794249, 52.647467470960692 ], [ -1.986405807780102, 52.646829404926393 ], [ -1.982239251723513, 52.646829404926393 ], [ -1.981197612709366, 52.646191338892095 ], [ -1.986405807780102, 52.643001008720603 ], [ -1.988489085808396, 52.643001008720603 ], [ -1.991614002850838, 52.641086810617708 ], [ -1.991614002850838, 52.639810678549111 ], [ -1.993697280879132, 52.638534546480514 ], [ -1.993697280879132, 52.637258414411917 ], [ -1.997863836935721, 52.634706150274724 ], [ -1.997863836935721, 52.633430018206127 ], [ -1.998905475949869, 52.632791952171829 ], [ -1.999947114964016, 52.633430018206127 ], [ -1.999947114964016, 52.634706150274724 ], [ -2.003072032006457, 52.636620348377619 ], [ -2.005155310034752, 52.636620348377619 ], [ -2.006196949048899, 52.637258414411917 ], [ -2.004113671020605, 52.638534546480514 ], [ -2.004113671020605, 52.641086810617708 ], [ -2.008280227077194, 52.643639074754901 ], [ -2.008280227077194, 52.644915206823498 ] ], [ [ -1.988489085808396, 52.631515820103232 ], [ -1.989530724822544, 52.63215388613753 ], [ -1.989530724822544, 52.635982282343321 ], [ -1.987447446794249, 52.637258414411917 ], [ -1.987447446794249, 52.638534546480514 ], [ -1.985364168765955, 52.639810678549111 ], [ -1.985364168765955, 52.641086810617708 ], [ -1.984322529751807, 52.641724876652006 ], [ -1.982239251723513, 52.641724876652006 ], [ -1.981197612709366, 52.642362942686304 ], [ -1.98328089073766, 52.643639074754901 ], [ -1.980155973695219, 52.645553272857796 ], [ -1.973906139610335, 52.645553272857796 ], [ -1.970781222567894, 52.643639074754901 ], [ -1.970781222567894, 52.639810678549111 ], [ -1.968697944539599, 52.638534546480514 ], [ -1.969739583553746, 52.637896480446216 ], [ -1.971822861582041, 52.637896480446216 ], [ -1.973906139610335, 52.636620348377619 ], [ -1.97598941763863, 52.636620348377619 ], [ -1.980155973695219, 52.639172612514812 ], [ -1.98328089073766, 52.637258414411917 ], [ -1.98328089073766, 52.633430018206127 ], [ -1.986405807780102, 52.631515820103232 ], [ -1.988489085808396, 52.631515820103232 ] ], [ [ -1.948906803270802, 52.653210065269377 ], [ -1.947865164256655, 52.653848131303675 ], [ -1.947865164256655, 52.655124263372272 ], [ -1.946823525242507, 52.655762329406571 ], [ -1.94578188622836, 52.655124263372272 ], [ -1.94578188622836, 52.652571999235079 ], [ -1.948906803270802, 52.650657801132184 ], [ -1.950990081299096, 52.650657801132184 ], [ -1.952031720313244, 52.650019735097885 ], [ -1.952031720313244, 52.648743603029288 ], [ -1.949948442284949, 52.647467470960692 ], [ -1.949948442284949, 52.643639074754901 ], [ -1.950990081299096, 52.643001008720603 ], [ -1.955156637355685, 52.643001008720603 ], [ -1.959323193412274, 52.640448744583409 ], [ -1.961406471440569, 52.640448744583409 ], [ -1.963489749468863, 52.639172612514812 ], [ -1.96453138848301, 52.639810678549111 ], [ -1.96453138848301, 52.642362942686304 ], [ -1.966614666511305, 52.643639074754901 ], [ -1.96453138848301, 52.644915206823498 ], [ -1.96453138848301, 52.647467470960692 ], [ -1.966614666511305, 52.648743603029288 ], [ -1.966614666511305, 52.653848131303675 ], [ -1.965573027497157, 52.654486197337974 ], [ -1.963489749468863, 52.654486197337974 ], [ -1.961406471440569, 52.653210065269377 ], [ -1.955156637355685, 52.653210065269377 ], [ -1.948906803270802, 52.653210065269377 ] ], [ [ -1.953073359327391, 52.627687423897441 ], [ -1.955156637355685, 52.626411291828845 ], [ -1.959323193412274, 52.626411291828845 ], [ -1.960364832426421, 52.627049357863143 ], [ -1.958281554398127, 52.62832548993174 ], [ -1.958281554398127, 52.634706150274724 ], [ -1.956198276369832, 52.635982282343321 ], [ -1.956198276369832, 52.639810678549111 ], [ -1.953073359327391, 52.641724876652006 ], [ -1.950990081299096, 52.641724876652006 ], [ -1.948906803270802, 52.643001008720603 ], [ -1.946823525242507, 52.643001008720603 ], [ -1.94578188622836, 52.642362942686304 ], [ -1.94578188622836, 52.641086810617708 ], [ -1.93849041312933, 52.636620348377619 ], [ -1.937448774115182, 52.637258414411917 ], [ -1.937448774115182, 52.638534546480514 ], [ -1.936407135101035, 52.639172612514812 ], [ -1.934323857072741, 52.63805599695479 ], [ -1.935365496086888, 52.637258414411917 ], [ -1.935365496086888, 52.634706150274724 ], [ -1.93849041312933, 52.632791952171829 ], [ -1.940573691157624, 52.632791952171829 ], [ -1.942656969185919, 52.631515820103232 ], [ -1.948906803270802, 52.631515820103232 ], [ -1.949948442284949, 52.630877754068933 ], [ -1.949948442284949, 52.62832548993174 ], [ -1.950990081299096, 52.627687423897441 ], [ -1.953073359327391, 52.627687423897441 ] ], [ [ -1.846826179884374, 52.584298933565151 ], [ -1.845784540870227, 52.583660867530853 ], [ -1.845784540870227, 52.581108603393659 ], [ -1.846826179884374, 52.580470537359361 ], [ -1.850992735940963, 52.580470537359361 ], [ -1.852294784708647, 52.579832471325062 ], [ -1.85203437495511, 52.578556339256465 ], [ -1.850992735940963, 52.577918273222167 ], [ -1.848909457912669, 52.577918273222167 ], [ -1.841617984813638, 52.573451810982078 ], [ -1.841617984813638, 52.572175678913482 ], [ -1.840576345799491, 52.571537612879183 ], [ -1.838493067771196, 52.57281374494778 ], [ -1.836409789742902, 52.57281374494778 ], [ -1.835368150728755, 52.572175678913482 ], [ -1.835368150728755, 52.568347282707691 ], [ -1.837451428757049, 52.567071150639094 ], [ -1.835368150728755, 52.565795018570498 ], [ -1.835368150728755, 52.563242754433304 ], [ -1.836409789742902, 52.562604688399006 ], [ -1.838493067771196, 52.562604688399006 ], [ -1.839534706785344, 52.561966622364707 ], [ -1.839534706785344, 52.559414358227514 ], [ -1.840576345799491, 52.558776292193215 ], [ -1.841617984813638, 52.559414358227514 ], [ -1.841617984813638, 52.560690490296111 ], [ -1.842659623827785, 52.561328556330409 ], [ -1.84474290185608, 52.561328556330409 ], [ -1.845784540870227, 52.561966622364707 ], [ -1.845784540870227, 52.563242754433304 ], [ -1.848909457912669, 52.565156952536199 ], [ -1.850992735940963, 52.563880820467602 ], [ -1.853076013969257, 52.563880820467602 ], [ -1.854117652983405, 52.563242754433304 ], [ -1.854117652983405, 52.560690490296111 ], [ -1.855159291997552, 52.560052424261812 ], [ -1.856200931011699, 52.560690490296111 ], [ -1.856200931011699, 52.561966622364707 ], [ -1.859325848054141, 52.563880820467602 ], [ -1.861409126082435, 52.563880820467602 ], [ -1.86349240411073, 52.562604688399006 ], [ -1.867658960167319, 52.562604688399006 ], [ -1.868700599181466, 52.563242754433304 ], [ -1.868700599181466, 52.565795018570498 ], [ -1.872867155238055, 52.568347282707691 ], [ -1.87078387720976, 52.569623414776288 ], [ -1.872867155238055, 52.570899546844885 ], [ -1.872867155238055, 52.573451810982078 ], [ -1.871825516223907, 52.574089877016377 ], [ -1.867658960167319, 52.574089877016377 ], [ -1.861409126082435, 52.570261480810586 ], [ -1.855159291997552, 52.570261480810586 ], [ -1.854117652983405, 52.570899546844885 ], [ -1.854117652983405, 52.573451810982078 ], [ -1.856200931011699, 52.574727943050675 ], [ -1.856200931011699, 52.579832471325062 ], [ -1.857242570025846, 52.580630053867935 ], [ -1.858284209039994, 52.582384735462256 ], [ -1.859325848054141, 52.583022801496554 ], [ -1.86349240411073, 52.583022801496554 ], [ -1.864534043124877, 52.583660867530853 ], [ -1.86349240411073, 52.584298933565151 ], [ -1.861409126082435, 52.584298933565151 ], [ -1.846826179884374, 52.584298933565151 ] ] ], [ [ [ -2.290564399911091, 52.641724876652006 ], [ -2.286397843854502, 52.641724876652006 ], [ -2.284314565826207, 52.640448744583409 ], [ -2.280148009769619, 52.643001008720603 ], [ -2.279106370755471, 52.642362942686304 ], [ -2.279106370755471, 52.641086810617708 ], [ -2.278064731741324, 52.640448744583409 ], [ -2.273898175684735, 52.640448744583409 ], [ -2.272856536670588, 52.639810678549111 ], [ -2.272856536670588, 52.638534546480514 ], [ -2.274939814698882, 52.637258414411917 ], [ -2.273898175684735, 52.636620348377619 ], [ -2.271814897656441, 52.636620348377619 ], [ -2.268689980613999, 52.638534546480514 ], [ -2.272856536670588, 52.641086810617708 ], [ -2.272856536670588, 52.642362942686304 ], [ -2.273898175684735, 52.643001008720603 ], [ -2.27598145371303, 52.641724876652006 ], [ -2.277023092727177, 52.642362942686304 ], [ -2.277023092727177, 52.646191338892095 ], [ -2.278064731741324, 52.646829404926393 ], [ -2.279106370755471, 52.646191338892095 ], [ -2.279106370755471, 52.644915206823498 ], [ -2.280148009769619, 52.6442771407892 ], [ -2.282231287797913, 52.6442771407892 ], [ -2.28327292681206, 52.644915206823498 ], [ -2.28327292681206, 52.646191338892095 ], [ -2.284314565826207, 52.646829404926393 ], [ -2.286397843854502, 52.645553272857796 ], [ -2.289522760896944, 52.647467470960692 ], [ -2.287439482868649, 52.648743603029288 ], [ -2.287439482868649, 52.650019735097885 ], [ -2.286397843854502, 52.650657801132184 ], [ -2.284314565826207, 52.650657801132184 ], [ -2.28327292681206, 52.651295867166482 ], [ -2.286397843854502, 52.653210065269377 ], [ -2.288481121882796, 52.65193393320078 ], [ -2.292647677939385, 52.65193393320078 ], [ -2.293689316953532, 52.652571999235079 ], [ -2.293689316953532, 52.656400395440869 ], [ -2.292647677939385, 52.657038461475167 ], [ -2.288481121882796, 52.657038461475167 ], [ -2.287439482868649, 52.657676527509466 ], [ -2.290564399911091, 52.659590725612361 ], [ -2.296814233995974, 52.659590725612361 ], [ -2.297855873010121, 52.660228791646659 ], [ -2.297855873010121, 52.665333319921046 ], [ -2.296814233995974, 52.665971385955345 ], [ -2.29473095596768, 52.665971385955345 ], [ -2.293689316953532, 52.666609451989643 ], [ -2.296814233995974, 52.668523650092538 ], [ -2.298897512024269, 52.667247518023942 ], [ -2.300980790052563, 52.667247518023942 ], [ -2.30202242906671, 52.66788558405824 ], [ -2.30202242906671, 52.669161716126837 ], [ -2.299939151038416, 52.670437848195434 ], [ -2.299939151038416, 52.67171398026403 ], [ -2.300980790052563, 52.672352046298329 ], [ -2.307230624137446, 52.672352046298329 ], [ -2.308272263151594, 52.672990112332627 ], [ -2.308272263151594, 52.674266244401224 ], [ -2.306188985123299, 52.675542376469821 ], [ -2.308272263151594, 52.676818508538418 ], [ -2.308272263151594, 52.679370772675611 ], [ -2.310355541179888, 52.680646904744208 ], [ -2.310355541179888, 52.685751433018595 ], [ -2.311397180194035, 52.686389499052893 ], [ -2.31348045822233, 52.686389499052893 ], [ -2.316605375264771, 52.684475300949998 ], [ -2.315563736250624, 52.6838372349157 ], [ -2.31348045822233, 52.6838372349157 ], [ -2.312438819208182, 52.683199168881401 ], [ -2.314522097236477, 52.681923036812805 ], [ -2.314522097236477, 52.680646904744208 ], [ -2.312438819208182, 52.679370772675611 ], [ -2.312438819208182, 52.675542376469821 ], [ -2.310355541179888, 52.674266244401224 ], [ -2.312438819208182, 52.672990112332627 ], [ -2.310355541179888, 52.67171398026403 ], [ -2.312438819208182, 52.670437848195434 ], [ -2.310355541179888, 52.669161716126837 ], [ -2.311397180194035, 52.668523650092538 ], [ -2.31348045822233, 52.668523650092538 ], [ -2.314522097236477, 52.66788558405824 ], [ -2.314522097236477, 52.665333319921046 ], [ -2.31348045822233, 52.664695253886748 ], [ -2.309313902165741, 52.664695253886748 ], [ -2.308272263151594, 52.66405718785245 ], [ -2.308272263151594, 52.662781055783853 ], [ -2.307230624137446, 52.662142989749555 ], [ -2.305147346109152, 52.66198347324098 ], [ -2.304105707095005, 52.658952659578063 ], [ -2.304105707095005, 52.657676527509466 ], [ -2.299939151038416, 52.655124263372272 ], [ -2.300980790052563, 52.654486197337974 ], [ -2.303064068080857, 52.654486197337974 ], [ -2.304105707095005, 52.653848131303675 ], [ -2.304105707095005, 52.652571999235079 ], [ -2.305147346109152, 52.65193393320078 ], [ -2.311397180194035, 52.655762329406571 ], [ -2.312438819208182, 52.655124263372272 ], [ -2.312438819208182, 52.653848131303675 ], [ -2.314522097236477, 52.652571999235079 ], [ -2.31348045822233, 52.65193393320078 ], [ -2.311397180194035, 52.65193393320078 ], [ -2.310355541179888, 52.651295867166482 ], [ -2.312438819208182, 52.650019735097885 ], [ -2.312438819208182, 52.648743603029288 ], [ -2.311397180194035, 52.64810553699499 ], [ -2.310355541179888, 52.647467470960692 ], [ -2.310355541179888, 52.644915206823498 ], [ -2.309313902165741, 52.6442771407892 ], [ -2.298897512024269, 52.6442771407892 ], [ -2.296814233995974, 52.645553272857796 ], [ -2.29473095596768, 52.6442771407892 ], [ -2.290564399911091, 52.6442771407892 ], [ -2.289522760896944, 52.643639074754901 ], [ -2.291606038925238, 52.642362942686304 ], [ -2.290564399911091, 52.641724876652006 ] ] ], [ [ [ -2.116610684548505, 52.427972755162045 ], [ -2.116610684548505, 52.429248887230642 ], [ -2.117652323562652, 52.429886953264941 ], [ -2.119735601590946, 52.429886953264941 ], [ -2.121818879619241, 52.431163085333537 ], [ -2.122860518633388, 52.430525019299239 ], [ -2.122860518633388, 52.429248887230642 ], [ -2.123902157647535, 52.428610821196344 ], [ -2.12598543567583, 52.429886953264941 ], [ -2.128068713704124, 52.429886953264941 ], [ -2.129110352718271, 52.430525019299239 ], [ -2.129110352718271, 52.431801151367836 ], [ -2.131193630746566, 52.433077283436432 ], [ -2.131193630746566, 52.435629547573626 ], [ -2.132235269760713, 52.436267613607924 ], [ -2.13327690877486, 52.435629547573626 ], [ -2.13327690877486, 52.433077283436432 ], [ -2.131193630746566, 52.431801151367836 ], [ -2.131193630746566, 52.430525019299239 ], [ -2.130151991732419, 52.429886953264941 ], [ -2.129110352718271, 52.429248887230642 ], [ -2.129110352718271, 52.424144358956255 ], [ -2.128068713704124, 52.423506292921957 ], [ -2.123902157647535, 52.423506292921957 ], [ -2.122860518633388, 52.424144358956255 ], [ -2.122860518633388, 52.425420491024852 ], [ -2.119735601590946, 52.427334689127747 ], [ -2.117652323562652, 52.427334689127747 ], [ -2.116610684548505, 52.427972755162045 ] ] ], [ [ [ -2.05098742665723, 52.378841670521069 ], [ -2.047862509614788, 52.376927472418174 ], [ -2.047862509614788, 52.374375208280981 ], [ -2.049945787643082, 52.373099076212384 ], [ -2.049945787643082, 52.37054681207519 ], [ -2.053070704685524, 52.368632613972295 ], [ -2.055153982713819, 52.368632613972295 ], [ -2.056195621727966, 52.367994547937997 ], [ -2.056195621727966, 52.3667184158694 ], [ -2.055153982713819, 52.366080349835102 ], [ -2.053070704685524, 52.366080349835102 ], [ -2.052029065671377, 52.365442283800803 ], [ -2.053070704685524, 52.364804217766505 ], [ -2.055153982713819, 52.364804217766505 ], [ -2.056195621727966, 52.364166151732206 ], [ -2.053070704685524, 52.362251953629311 ], [ -2.05098742665723, 52.362251953629311 ], [ -2.047862509614788, 52.360337755526416 ], [ -2.047862509614788, 52.356509359320626 ], [ -2.046820870600641, 52.355871293286327 ], [ -2.045779231586494, 52.356509359320626 ], [ -2.045779231586494, 52.359061623457819 ], [ -2.043695953558199, 52.360337755526416 ], [ -2.043695953558199, 52.36289001966361 ], [ -2.041612675529905, 52.364166151732206 ], [ -2.043695953558199, 52.365442283800803 ], [ -2.043695953558199, 52.367994547937997 ], [ -2.041612675529905, 52.369270680006593 ], [ -2.041612675529905, 52.373099076212384 ], [ -2.040571036515757, 52.373737142246682 ], [ -2.038487758487463, 52.373737142246682 ], [ -2.037446119473316, 52.374375208280981 ], [ -2.03952939750161, 52.375651340349577 ], [ -2.03952939750161, 52.378203604486771 ], [ -2.040571036515757, 52.378841670521069 ], [ -2.042654314544052, 52.378841670521069 ], [ -2.043695953558199, 52.379479736555368 ], [ -2.041612675529905, 52.380755868623964 ], [ -2.042654314544052, 52.381393934658263 ], [ -2.044737592572346, 52.380117802589666 ], [ -2.048904148628935, 52.38267006672686 ], [ -2.053070704685524, 52.38267006672686 ], [ -2.055153982713819, 52.383946198795456 ], [ -2.065570372855291, 52.383946198795456 ], [ -2.066612011869438, 52.383308132761158 ], [ -2.066612011869438, 52.382032000692561 ], [ -2.065570372855291, 52.381393934658263 ], [ -2.064528733841144, 52.380755868623964 ], [ -2.064528733841144, 52.379479736555368 ], [ -2.063487094826996, 52.378841670521069 ], [ -2.061403816798702, 52.380117802589666 ], [ -2.055153982713819, 52.380117802589666 ], [ -2.054112343699671, 52.379479736555368 ], [ -2.056195621727966, 52.378203604486771 ], [ -2.055153982713819, 52.377565538452473 ], [ -2.053070704685524, 52.378841670521069 ], [ -2.05098742665723, 52.378841670521069 ] ] ], [ [ [ -2.031196285388432, 52.390964925172739 ], [ -2.033279563416727, 52.389688793104142 ], [ -2.03223792440258, 52.389050727069844 ], [ -2.030154646374285, 52.389050727069844 ], [ -2.028071368345991, 52.39032685913844 ], [ -2.025988090317696, 52.39032685913844 ], [ -2.024946451303549, 52.390964925172739 ], [ -2.027029729331844, 52.392241057241336 ], [ -2.027029729331844, 52.394793321378529 ], [ -2.028071368345991, 52.395431387412827 ], [ -2.03223792440258, 52.395431387412827 ], [ -2.033279563416727, 52.394793321378529 ], [ -2.031196285388432, 52.393517189309932 ], [ -2.033279563416727, 52.392241057241336 ], [ -2.031196285388432, 52.390964925172739 ] ] ], [ [ [ -1.722871137200855, 52.538996245129965 ], [ -1.72078785917256, 52.540272377198562 ], [ -1.721829498186707, 52.54091044323286 ], [ -1.725996054243296, 52.54091044323286 ], [ -1.727037693257444, 52.541548509267159 ], [ -1.727037693257444, 52.542824641335756 ], [ -1.728079332271591, 52.543462707370054 ], [ -1.729120971285738, 52.542824641335756 ], [ -1.729120971285738, 52.540272377198562 ], [ -1.730162610299885, 52.539634311164264 ], [ -1.73224588832818, 52.539634311164264 ], [ -1.738495722413063, 52.535805914958473 ], [ -1.740579000441357, 52.535805914958473 ], [ -1.741620639455505, 52.535167848924175 ], [ -1.741620639455505, 52.533891716855578 ], [ -1.740579000441357, 52.53325365082128 ], [ -1.738495722413063, 52.53325365082128 ], [ -1.734329166356474, 52.535805914958473 ], [ -1.73224588832818, 52.534529782889877 ], [ -1.728079332271591, 52.53708204702707 ], [ -1.725996054243296, 52.53708204702707 ], [ -1.724954415229149, 52.536443980992772 ], [ -1.724954415229149, 52.535167848924175 ], [ -1.723912776215002, 52.534529782889877 ], [ -1.722871137200855, 52.535167848924175 ], [ -1.722871137200855, 52.538996245129965 ] ] ], [ [ [ -1.717662942130119, 52.475827707734425 ], [ -1.715579664101824, 52.475827707734425 ], [ -1.71349638607353, 52.477103839803021 ], [ -1.711413108045235, 52.477103839803021 ], [ -1.710371469031088, 52.476465773768723 ], [ -1.710371469031088, 52.475189641700126 ], [ -1.709329830016941, 52.474551575665828 ], [ -1.707246551988646, 52.475827707734425 ], [ -1.706204912974499, 52.475189641700126 ], [ -1.706204912974499, 52.473913509631529 ], [ -1.708288191002794, 52.472637377562933 ], [ -1.708288191002794, 52.471361245494336 ], [ -1.706204912974499, 52.470085113425739 ], [ -1.706204912974499, 52.467532849288546 ], [ -1.707246551988646, 52.466894783254247 ], [ -1.711413108045235, 52.466894783254247 ], [ -1.712454747059382, 52.466256717219949 ], [ -1.706204912974499, 52.462428321014158 ], [ -1.706204912974499, 52.459876056876965 ], [ -1.708288191002794, 52.458599924808368 ], [ -1.707246551988646, 52.45796185877407 ], [ -1.705163273960352, 52.45796185877407 ], [ -1.704121634946205, 52.458599924808368 ], [ -1.704121634946205, 52.463704453082755 ], [ -1.703079995932057, 52.464342519117054 ], [ -1.700996717903763, 52.464342519117054 ], [ -1.699955078889616, 52.464980585151352 ], [ -1.699955078889616, 52.466256717219949 ], [ -1.698913439875469, 52.466894783254247 ], [ -1.696830161847174, 52.466894783254247 ], [ -1.695788522833027, 52.467532849288546 ], [ -1.696830161847174, 52.468170915322844 ], [ -1.700996717903763, 52.468170915322844 ], [ -1.70203835691791, 52.468808981357142 ], [ -1.70203835691791, 52.470085113425739 ], [ -1.704121634946205, 52.471361245494336 ], [ -1.704121634946205, 52.475189641700126 ], [ -1.70203835691791, 52.476465773768723 ], [ -1.70203835691791, 52.47774190583732 ], [ -1.704121634946205, 52.479018037905917 ], [ -1.704121634946205, 52.482846434111707 ], [ -1.703079995932057, 52.483484500146005 ], [ -1.698913439875469, 52.483484500146005 ], [ -1.697871800861321, 52.484122566180304 ], [ -1.70203835691791, 52.486674830317497 ], [ -1.700996717903763, 52.487312896351796 ], [ -1.698913439875469, 52.487312896351796 ], [ -1.697871800861321, 52.487950962386094 ], [ -1.698913439875469, 52.488589028420392 ], [ -1.700996717903763, 52.488589028420392 ], [ -1.70203835691791, 52.489227094454691 ], [ -1.70203835691791, 52.494331622729078 ], [ -1.704121634946205, 52.495607754797675 ], [ -1.70203835691791, 52.496883886866271 ], [ -1.703079995932057, 52.49752195290057 ], [ -1.705163273960352, 52.49752195290057 ], [ -1.708288191002794, 52.499436151003465 ], [ -1.708288191002794, 52.500712283072062 ], [ -1.710371469031088, 52.501988415140659 ], [ -1.710371469031088, 52.503264547209255 ], [ -1.708288191002794, 52.504540679277852 ], [ -1.708288191002794, 52.505816811346449 ], [ -1.709329830016941, 52.506454877380747 ], [ -1.711413108045235, 52.505178745312151 ], [ -1.71349638607353, 52.506454877380747 ], [ -1.714538025087677, 52.505816811346449 ], [ -1.712454747059382, 52.504540679277852 ], [ -1.712454747059382, 52.503264547209255 ], [ -1.714538025087677, 52.501988415140659 ], [ -1.714538025087677, 52.496883886866271 ], [ -1.718704581144266, 52.494331622729078 ], [ -1.718704581144266, 52.493055490660481 ], [ -1.717662942130119, 52.492417424626183 ], [ -1.716621303115971, 52.493055490660481 ], [ -1.716621303115971, 52.494331622729078 ], [ -1.715579664101824, 52.494969688763376 ], [ -1.71349638607353, 52.494969688763376 ], [ -1.712454747059382, 52.494331622729078 ], [ -1.712454747059382, 52.487950962386094 ], [ -1.710371469031088, 52.486674830317497 ], [ -1.710371469031088, 52.4853986982489 ], [ -1.712454747059382, 52.484122566180304 ], [ -1.710371469031088, 52.482846434111707 ], [ -1.715579664101824, 52.479656103940215 ], [ -1.717662942130119, 52.479656103940215 ], [ -1.725996054243296, 52.484760632214602 ], [ -1.727037693257444, 52.484122566180304 ], [ -1.727037693257444, 52.482846434111707 ], [ -1.724954415229149, 52.48157030204311 ], [ -1.724954415229149, 52.476465773768723 ], [ -1.722871137200855, 52.475189641700126 ], [ -1.722871137200855, 52.473913509631529 ], [ -1.724954415229149, 52.472637377562933 ], [ -1.723912776215002, 52.471999311528634 ], [ -1.717662942130119, 52.475827707734425 ] ] ] ] } },
{ "type": "Feature", "properties": { "search_id": "Search 1", "FundAsset": "Moorfield - Frome" }, "geometry": { "type": "MultiPolygon", "coordinates": [ [ [ [ -2.541305181861389, 51.168463906273246 ], [ -2.541305181861389, 51.167529074882623 ], [ -2.542789589089807, 51.166594243492 ], [ -2.542789589089807, 51.163789749320131 ], [ -2.543531792704016, 51.163322333624819 ], [ -2.545016199932434, 51.163322333624819 ], [ -2.545758403546643, 51.162854917929508 ], [ -2.545016199932434, 51.162387502234196 ], [ -2.543531792704016, 51.162387502234196 ], [ -2.542789589089807, 51.161920086538885 ], [ -2.542789589089807, 51.160985255148262 ], [ -2.544273996318225, 51.160050423757639 ], [ -2.542789589089807, 51.159115592367016 ], [ -2.542789589089807, 51.158180760976393 ], [ -2.543531792704016, 51.157713345281081 ], [ -2.545016199932434, 51.157713345281081 ], [ -2.545758403546643, 51.15724592958577 ], [ -2.544273996318225, 51.156311098195147 ], [ -2.545016199932434, 51.155843682499835 ], [ -2.546500607160851, 51.155843682499835 ], [ -2.54724281077506, 51.155376266804524 ], [ -2.545758403546643, 51.154441435413901 ], [ -2.545758403546643, 51.153506604023278 ], [ -2.54724281077506, 51.152571772632655 ], [ -2.545758403546643, 51.151636941242032 ], [ -2.545758403546643, 51.150702109851409 ], [ -2.54724281077506, 51.149767278460786 ], [ -2.54724281077506, 51.146027952898294 ], [ -2.548727218003478, 51.145093121507671 ], [ -2.547985014389269, 51.144625705812359 ], [ -2.546500607160851, 51.144625705812359 ], [ -2.545758403546643, 51.145093121507671 ], [ -2.545758403546643, 51.148832447070163 ], [ -2.541305181861389, 51.151636941242032 ], [ -2.542789589089807, 51.152571772632655 ], [ -2.542047385475598, 51.153039188327966 ], [ -2.539078571018763, 51.153039188327966 ], [ -2.538336367404554, 51.153506604023278 ], [ -2.539078571018763, 51.153974019718589 ], [ -2.540562978247181, 51.153974019718589 ], [ -2.541305181861389, 51.154441435413901 ], [ -2.541305181861389, 51.156311098195147 ], [ -2.539820774632972, 51.15724592958577 ], [ -2.539820774632972, 51.160050423757639 ], [ -2.538336367404554, 51.160985255148262 ], [ -2.538336367404554, 51.162854917929508 ], [ -2.537594163790345, 51.163322333624819 ], [ -2.53462534933351, 51.163322333624819 ], [ -2.533883145719301, 51.163789749320131 ], [ -2.533883145719301, 51.164724580710754 ], [ -2.533140942105092, 51.165191996406065 ], [ -2.531656534876674, 51.165191996406065 ], [ -2.530914331262466, 51.164724580710754 ], [ -2.530914331262466, 51.163789749320131 ], [ -2.530172127648257, 51.163322333624819 ], [ -2.528687720419839, 51.163322333624819 ], [ -2.527203313191421, 51.162387502234196 ], [ -2.525718905963004, 51.162387502234196 ], [ -2.524976702348795, 51.161920086538885 ], [ -2.524976702348795, 51.159115592367016 ], [ -2.523492295120377, 51.158180760976393 ], [ -2.523492295120377, 51.156311098195147 ], [ -2.522750091506168, 51.155843682499835 ], [ -2.522007887891959, 51.156311098195147 ], [ -2.522007887891959, 51.159115592367016 ], [ -2.520523480663542, 51.160050423757639 ], [ -2.520523480663542, 51.160985255148262 ], [ -2.522007887891959, 51.161920086538885 ], [ -2.522007887891959, 51.163789749320131 ], [ -2.522750091506168, 51.164257165015442 ], [ -2.524234498734586, 51.163322333624819 ], [ -2.532398738490883, 51.168463906273246 ], [ -2.531656534876674, 51.168931321968557 ], [ -2.530172127648257, 51.168931321968557 ], [ -2.529429924034048, 51.169398737663869 ], [ -2.529429924034048, 51.170333569054492 ], [ -2.528687720419839, 51.170800984749803 ], [ -2.527203313191421, 51.16986615335918 ], [ -2.525718905963004, 51.16986615335918 ], [ -2.524976702348795, 51.170333569054492 ], [ -2.524976702348795, 51.171268400445115 ], [ -2.523492295120377, 51.172203231835738 ], [ -2.524234498734586, 51.172670647531049 ], [ -2.525718905963004, 51.172670647531049 ], [ -2.527203313191421, 51.171735816140426 ], [ -2.530172127648257, 51.171735816140426 ], [ -2.530914331262466, 51.172203231835738 ], [ -2.530914331262466, 51.173138063226361 ], [ -2.52794551680563, 51.175007726007607 ], [ -2.530914331262466, 51.176877388788853 ], [ -2.530172127648257, 51.177344804484164 ], [ -2.524234498734586, 51.177344804484164 ], [ -2.523492295120377, 51.177812220179476 ], [ -2.523492295120377, 51.179681882960722 ], [ -2.522750091506168, 51.180149298656033 ], [ -2.518296869820915, 51.180149298656033 ], [ -2.516812462592497, 51.17921446726541 ], [ -2.512359240907244, 51.17921446726541 ], [ -2.511617037293036, 51.178747051570099 ], [ -2.513101444521453, 51.177812220179476 ], [ -2.513101444521453, 51.17594255739823 ], [ -2.510132630064618, 51.174072894616984 ], [ -2.510132630064618, 51.170333569054492 ], [ -2.510874833678827, 51.16986615335918 ], [ -2.512359240907244, 51.16986615335918 ], [ -2.513101444521453, 51.169398737663869 ], [ -2.513101444521453, 51.168463906273246 ], [ -2.512359240907244, 51.167996490577934 ], [ -2.507906019221991, 51.167996490577934 ], [ -2.507163815607782, 51.167529074882623 ], [ -2.507163815607782, 51.165659412101377 ], [ -2.506421611993574, 51.165191996406065 ], [ -2.504937204765156, 51.165191996406065 ], [ -2.504195001150947, 51.165659412101377 ], [ -2.504195001150947, 51.167529074882623 ], [ -2.503452797536738, 51.167996490577934 ], [ -2.501968390308321, 51.167996490577934 ], [ -2.501226186694112, 51.168463906273246 ], [ -2.501968390308321, 51.168931321968557 ], [ -2.503452797536738, 51.168931321968557 ], [ -2.504195001150947, 51.169398737663869 ], [ -2.504195001150947, 51.170333569054492 ], [ -2.502710593922529, 51.171268400445115 ], [ -2.504195001150947, 51.172203231835738 ], [ -2.504195001150947, 51.175007726007607 ], [ -2.501968390308321, 51.176409973093541 ], [ -2.494546354166232, 51.176409973093541 ], [ -2.490835336095188, 51.174072894616984 ], [ -2.490835336095188, 51.170333569054492 ], [ -2.487866521638352, 51.168463906273246 ], [ -2.487866521638352, 51.167529074882623 ], [ -2.490835336095188, 51.165659412101377 ], [ -2.490835336095188, 51.164724580710754 ], [ -2.492319743323606, 51.163789749320131 ], [ -2.491577539709397, 51.163322333624819 ], [ -2.490093132480979, 51.163322333624819 ], [ -2.487866521638352, 51.164724580710754 ], [ -2.487866521638352, 51.166594243492 ], [ -2.487124318024144, 51.167061659187311 ], [ -2.485639910795726, 51.167061659187311 ], [ -2.484155503567308, 51.167996490577934 ], [ -2.481186689110473, 51.167996490577934 ], [ -2.478217874653637, 51.166126827796688 ], [ -2.477475671039429, 51.166594243492 ], [ -2.477475671039429, 51.171268400445115 ], [ -2.478960078267846, 51.172203231835738 ], [ -2.478960078267846, 51.176877388788853 ], [ -2.478217874653637, 51.177344804484164 ], [ -2.475249060196802, 51.177344804484164 ], [ -2.474506856582593, 51.176877388788853 ], [ -2.474506856582593, 51.175007726007607 ], [ -2.47005363489734, 51.172203231835738 ], [ -2.47005363489734, 51.171268400445115 ], [ -2.46337380236946, 51.167061659187311 ], [ -2.461889395141043, 51.167061659187311 ], [ -2.459662784298416, 51.165659412101377 ], [ -2.459662784298416, 51.164724580710754 ], [ -2.45743617345579, 51.163322333624819 ], [ -2.456693969841581, 51.163789749320131 ], [ -2.458178377069999, 51.164724580710754 ], [ -2.458178377069999, 51.165659412101377 ], [ -2.456693969841581, 51.166594243492 ], [ -2.458178377069999, 51.167529074882623 ], [ -2.458178377069999, 51.169398737663869 ], [ -2.460404987912625, 51.170800984749803 ], [ -2.464858209597878, 51.170800984749803 ], [ -2.465600413212087, 51.171268400445115 ], [ -2.464116005983669, 51.172203231835738 ], [ -2.464116005983669, 51.173138063226361 ], [ -2.465600413212087, 51.174072894616984 ], [ -2.465600413212087, 51.175007726007607 ], [ -2.467084820440505, 51.17594255739823 ], [ -2.466342616826296, 51.176409973093541 ], [ -2.464858209597878, 51.176409973093541 ], [ -2.46337380236946, 51.175475141702918 ], [ -2.460404987912625, 51.175475141702918 ], [ -2.458920580684207, 51.176409973093541 ], [ -2.45743617345579, 51.176409973093541 ], [ -2.455951766227372, 51.175475141702918 ], [ -2.452982951770537, 51.175475141702918 ], [ -2.451498544542119, 51.174540310312295 ], [ -2.448529730085284, 51.174540310312295 ], [ -2.447045322856866, 51.175475141702918 ], [ -2.44407650840003, 51.175475141702918 ], [ -2.443334304785822, 51.175007726007607 ], [ -2.443334304785822, 51.174072894616984 ], [ -2.44407650840003, 51.173605478921672 ], [ -2.448529730085284, 51.173605478921672 ], [ -2.453725155384745, 51.170333569054492 ], [ -2.453725155384745, 51.168463906273246 ], [ -2.45075634092791, 51.166594243492 ], [ -2.45075634092791, 51.165659412101377 ], [ -2.452240748156328, 51.164724580710754 ], [ -2.45075634092791, 51.163789749320131 ], [ -2.45075634092791, 51.160985255148262 ], [ -2.452240748156328, 51.160050423757639 ], [ -2.452240748156328, 51.159115592367016 ], [ -2.45075634092791, 51.158180760976393 ], [ -2.45075634092791, 51.15724592958577 ], [ -2.451498544542119, 51.156778513890458 ], [ -2.453725155384745, 51.158180760976393 ], [ -2.453725155384745, 51.159115592367016 ], [ -2.454467358998954, 51.159583008062327 ], [ -2.455209562613163, 51.159115592367016 ], [ -2.455209562613163, 51.152571772632655 ], [ -2.455951766227372, 51.152104356937343 ], [ -2.45743617345579, 51.152104356937343 ], [ -2.458920580684207, 51.153039188327966 ], [ -2.460404987912625, 51.153039188327966 ], [ -2.462631598755252, 51.151636941242032 ], [ -2.462631598755252, 51.150702109851409 ], [ -2.460404987912625, 51.149299862765474 ], [ -2.455951766227372, 51.149299862765474 ], [ -2.453725155384745, 51.14789761567954 ], [ -2.455209562613163, 51.146962784288917 ], [ -2.455209562613163, 51.145093121507671 ], [ -2.452982951770537, 51.143690874421736 ], [ -2.45075634092791, 51.145093121507671 ], [ -2.452240748156328, 51.146027952898294 ], [ -2.451498544542119, 51.146495368593605 ], [ -2.450014137313701, 51.146495368593605 ], [ -2.449271933699492, 51.146027952898294 ], [ -2.449271933699492, 51.143223458726425 ], [ -2.447787526471075, 51.142288627335802 ], [ -2.448529730085284, 51.14182121164049 ], [ -2.450014137313701, 51.14182121164049 ], [ -2.451498544542119, 51.142756043031113 ], [ -2.452240748156328, 51.142288627335802 ], [ -2.452240748156328, 51.141353795945179 ], [ -2.451498544542119, 51.140886380249867 ], [ -2.448529730085284, 51.140886380249867 ], [ -2.447045322856866, 51.14182121164049 ], [ -2.445560915628448, 51.14182121164049 ], [ -2.444818712014239, 51.142288627335802 ], [ -2.444818712014239, 51.143223458726425 ], [ -2.44407650840003, 51.143690874421736 ], [ -2.441849897557404, 51.142288627335802 ], [ -2.441849897557404, 51.140418964554556 ], [ -2.441107693943195, 51.139951548859244 ], [ -2.439623286714777, 51.139951548859244 ], [ -2.438881083100569, 51.140418964554556 ], [ -2.438881083100569, 51.143223458726425 ], [ -2.43813887948636, 51.143690874421736 ], [ -2.437396675872151, 51.143223458726425 ], [ -2.437396675872151, 51.142288627335802 ], [ -2.436654472257942, 51.14182121164049 ], [ -2.435170065029524, 51.14182121164049 ], [ -2.434427861415315, 51.141353795945179 ], [ -2.434427861415315, 51.139484133163933 ], [ -2.435170065029524, 51.139016717468621 ], [ -2.436654472257942, 51.139951548859244 ], [ -2.43813887948636, 51.139016717468621 ], [ -2.442592101171613, 51.139016717468621 ], [ -2.44407650840003, 51.138081886077998 ], [ -2.447045322856866, 51.138081886077998 ], [ -2.450014137313701, 51.136212223296752 ], [ -2.451498544542119, 51.136212223296752 ], [ -2.452982951770537, 51.137147054687375 ], [ -2.455209562613163, 51.135744807601441 ], [ -2.455209562613163, 51.133875144820195 ], [ -2.456693969841581, 51.132940313429572 ], [ -2.455951766227372, 51.13247289773426 ], [ -2.454467358998954, 51.13247289773426 ], [ -2.452982951770537, 51.133407729124883 ], [ -2.448529730085284, 51.133407729124883 ], [ -2.447045322856866, 51.13247289773426 ], [ -2.44407650840003, 51.13247289773426 ], [ -2.443334304785822, 51.132940313429572 ], [ -2.443334304785822, 51.133875144820195 ], [ -2.442592101171613, 51.134342560515506 ], [ -2.435170065029524, 51.134342560515506 ], [ -2.434427861415315, 51.133875144820195 ], [ -2.434427861415315, 51.132940313429572 ], [ -2.435170065029524, 51.13247289773426 ], [ -2.43813887948636, 51.13247289773426 ], [ -2.440365490328986, 51.131070650648326 ], [ -2.440365490328986, 51.130135819257703 ], [ -2.441849897557404, 51.12920098786708 ], [ -2.441849897557404, 51.124526830913965 ], [ -2.442592101171613, 51.124059415218653 ], [ -2.44407650840003, 51.124059415218653 ], [ -2.445560915628448, 51.12312458382803 ], [ -2.448529730085284, 51.12312458382803 ], [ -2.45075634092791, 51.121722336742096 ], [ -2.45075634092791, 51.116113348398358 ], [ -2.451498544542119, 51.115645932703046 ], [ -2.452982951770537, 51.115645932703046 ], [ -2.453725155384745, 51.115178517007735 ], [ -2.453725155384745, 51.114243685617112 ], [ -2.454467358998954, 51.1137762699218 ], [ -2.455951766227372, 51.1137762699218 ], [ -2.458178377069999, 51.112374022835866 ], [ -2.458178377069999, 51.111439191445243 ], [ -2.45743617345579, 51.110971775749931 ], [ -2.454467358998954, 51.112841438531177 ], [ -2.453725155384745, 51.112374022835866 ], [ -2.453725155384745, 51.111439191445243 ], [ -2.452982951770537, 51.110971775749931 ], [ -2.451498544542119, 51.110971775749931 ], [ -2.450014137313701, 51.110036944359308 ], [ -2.449271933699492, 51.11050436005462 ], [ -2.449271933699492, 51.112374022835866 ], [ -2.448529730085284, 51.112841438531177 ], [ -2.447045322856866, 51.112841438531177 ], [ -2.445560915628448, 51.1137762699218 ], [ -2.442592101171613, 51.1137762699218 ], [ -2.440365490328986, 51.115178517007735 ], [ -2.441107693943195, 51.115645932703046 ], [ -2.44407650840003, 51.115645932703046 ], [ -2.444818712014239, 51.116113348398358 ], [ -2.444818712014239, 51.118917842570227 ], [ -2.442592101171613, 51.120320089656161 ], [ -2.441107693943195, 51.120320089656161 ], [ -2.439623286714777, 51.121254921046784 ], [ -2.43813887948636, 51.121254921046784 ], [ -2.437396675872151, 51.121722336742096 ], [ -2.437396675872151, 51.122657168132719 ], [ -2.435170065029524, 51.124059415218653 ], [ -2.433685657801107, 51.124059415218653 ], [ -2.43145904695848, 51.125461662304588 ], [ -2.43145904695848, 51.127331325085834 ], [ -2.428490232501645, 51.12920098786708 ], [ -2.428490232501645, 51.130135819257703 ], [ -2.427005825273227, 51.131070650648326 ], [ -2.427005825273227, 51.132005482038949 ], [ -2.424037010816392, 51.133875144820195 ], [ -2.425521418044809, 51.134809976210818 ], [ -2.423294807202183, 51.136212223296752 ], [ -2.420325992745347, 51.136212223296752 ], [ -2.41884158551693, 51.135277391906129 ], [ -2.417357178288512, 51.136212223296752 ], [ -2.415130567445885, 51.134809976210818 ], [ -2.418099381902721, 51.132940313429572 ], [ -2.418099381902721, 51.131070650648326 ], [ -2.419583789131138, 51.130135819257703 ], [ -2.419583789131138, 51.12920098786708 ], [ -2.421068196359556, 51.128266156476457 ], [ -2.420325992745347, 51.127798740781145 ], [ -2.41884158551693, 51.127798740781145 ], [ -2.418099381902721, 51.128266156476457 ], [ -2.418099381902721, 51.12920098786708 ], [ -2.409935142146423, 51.134342560515506 ], [ -2.408450734918006, 51.134342560515506 ], [ -2.407708531303797, 51.134809976210818 ], [ -2.407708531303797, 51.136679638992064 ], [ -2.406966327689588, 51.137147054687375 ], [ -2.403997513232753, 51.137147054687375 ], [ -2.400286495161708, 51.134809976210818 ], [ -2.400286495161708, 51.131070650648326 ], [ -2.3995442915475, 51.130603234953014 ], [ -2.397317680704873, 51.132005482038949 ], [ -2.398802087933291, 51.132940313429572 ], [ -2.398802087933291, 51.133875144820195 ], [ -2.397317680704873, 51.134809976210818 ], [ -2.398802087933291, 51.135744807601441 ], [ -2.398802087933291, 51.136679638992064 ], [ -2.403255309618544, 51.139484133163933 ], [ -2.403255309618544, 51.140418964554556 ], [ -2.404739716846962, 51.141353795945179 ], [ -2.404739716846962, 51.142288627335802 ], [ -2.40548192046117, 51.142756043031113 ], [ -2.408450734918006, 51.142756043031113 ], [ -2.409192938532215, 51.142288627335802 ], [ -2.408450734918006, 51.14182121164049 ], [ -2.406966327689588, 51.14182121164049 ], [ -2.406224124075379, 51.141353795945179 ], [ -2.406224124075379, 51.140418964554556 ], [ -2.406966327689588, 51.139951548859244 ], [ -2.408450734918006, 51.139951548859244 ], [ -2.411419549374841, 51.14182121164049 ], [ -2.412903956603259, 51.140886380249867 ], [ -2.417357178288512, 51.140886380249867 ], [ -2.418099381902721, 51.141353795945179 ], [ -2.418099381902721, 51.142288627335802 ], [ -2.416614974674303, 51.143223458726425 ], [ -2.416614974674303, 51.144158290117048 ], [ -2.418099381902721, 51.145093121507671 ], [ -2.416614974674303, 51.146027952898294 ], [ -2.416614974674303, 51.146962784288917 ], [ -2.415872771060094, 51.147430199984228 ], [ -2.406966327689588, 51.147430199984228 ], [ -2.40548192046117, 51.146495368593605 ], [ -2.403997513232753, 51.146495368593605 ], [ -2.402513106004335, 51.147430199984228 ], [ -2.401028698775917, 51.147430199984228 ], [ -2.3995442915475, 51.146495368593605 ], [ -2.396575477090664, 51.146495368593605 ], [ -2.393606662633829, 51.144625705812359 ], [ -2.392122255405411, 51.144625705812359 ], [ -2.391380051791202, 51.145093121507671 ], [ -2.391380051791202, 51.146027952898294 ], [ -2.390637848176993, 51.146495368593605 ], [ -2.389153440948576, 51.146495368593605 ], [ -2.384700219263323, 51.143690874421736 ], [ -2.383215812034905, 51.143690874421736 ], [ -2.381731404806487, 51.142756043031113 ], [ -2.38024699757807, 51.142756043031113 ], [ -2.379504793963861, 51.143223458726425 ], [ -2.383958015649114, 51.146027952898294 ], [ -2.383958015649114, 51.146962784288917 ], [ -2.384700219263323, 51.147430199984228 ], [ -2.38618462649174, 51.147430199984228 ], [ -2.386926830105949, 51.14789761567954 ], [ -2.385442422877531, 51.148832447070163 ], [ -2.385442422877531, 51.149767278460786 ], [ -2.383958015649114, 51.150702109851409 ], [ -2.386926830105949, 51.152571772632655 ], [ -2.386926830105949, 51.154441435413901 ], [ -2.387669033720158, 51.154908851109212 ], [ -2.388411237334367, 51.154441435413901 ], [ -2.388411237334367, 51.153506604023278 ], [ -2.389895644562785, 51.152571772632655 ], [ -2.389895644562785, 51.150702109851409 ], [ -2.392122255405411, 51.149299862765474 ], [ -2.394348866248038, 51.150702109851409 ], [ -2.394348866248038, 51.152571772632655 ], [ -2.384700219263323, 51.158648176671704 ], [ -2.383215812034905, 51.158648176671704 ], [ -2.38024699757807, 51.156778513890458 ], [ -2.372824961435981, 51.156778513890458 ], [ -2.371340554207563, 51.157713345281081 ], [ -2.36688733252231, 51.157713345281081 ], [ -2.365402925293893, 51.158648176671704 ], [ -2.363918518065475, 51.158648176671704 ], [ -2.363176314451266, 51.158180760976393 ], [ -2.366145128908101, 51.156311098195147 ], [ -2.361691907222848, 51.153506604023278 ], [ -2.363176314451266, 51.152571772632655 ], [ -2.361691907222848, 51.151636941242032 ], [ -2.363918518065475, 51.150234694156097 ], [ -2.365402925293893, 51.150234694156097 ], [ -2.366145128908101, 51.149767278460786 ], [ -2.366145128908101, 51.14789761567954 ], [ -2.365402925293893, 51.147430199984228 ], [ -2.363918518065475, 51.147430199984228 ], [ -2.363176314451266, 51.14789761567954 ], [ -2.363176314451266, 51.149767278460786 ], [ -2.362434110837057, 51.150234694156097 ], [ -2.361691907222848, 51.149767278460786 ], [ -2.361691907222848, 51.14789761567954 ], [ -2.36094970360864, 51.147430199984228 ], [ -2.359465296380222, 51.148365031374851 ], [ -2.353527667466551, 51.148365031374851 ], [ -2.352785463852342, 51.14789761567954 ], [ -2.352785463852342, 51.146962784288917 ], [ -2.352043260238133, 51.146495368593605 ], [ -2.350558853009716, 51.146495368593605 ], [ -2.349816649395507, 51.146962784288917 ], [ -2.355754278309178, 51.150702109851409 ], [ -2.355754278309178, 51.151636941242032 ], [ -2.356496481923386, 51.152104356937343 ], [ -2.357980889151804, 51.152104356937343 ], [ -2.358723092766013, 51.152571772632655 ], [ -2.357238685537595, 51.153506604023278 ], [ -2.357238685537595, 51.154441435413901 ], [ -2.356496481923386, 51.154908851109212 ], [ -2.355012074694969, 51.154908851109212 ], [ -2.35426987108076, 51.155376266804524 ], [ -2.35426987108076, 51.15724592958577 ], [ -2.355012074694969, 51.157713345281081 ], [ -2.356496481923386, 51.157713345281081 ], [ -2.357238685537595, 51.158180760976393 ], [ -2.357238685537595, 51.159115592367016 ], [ -2.358723092766013, 51.160050423757639 ], [ -2.357238685537595, 51.160985255148262 ], [ -2.357238685537595, 51.162854917929508 ], [ -2.360207499994431, 51.164724580710754 ], [ -2.359465296380222, 51.165191996406065 ], [ -2.356496481923386, 51.165191996406065 ], [ -2.35426987108076, 51.166594243492 ], [ -2.35426987108076, 51.170333569054492 ], [ -2.353527667466551, 51.170800984749803 ], [ -2.351301056623925, 51.169398737663869 ], [ -2.351301056623925, 51.165659412101377 ], [ -2.348332242167089, 51.163789749320131 ], [ -2.348332242167089, 51.162854917929508 ], [ -2.346105631324463, 51.161452670843573 ], [ -2.34165240963921, 51.161452670843573 ], [ -2.340168002410792, 51.162387502234196 ], [ -2.338683595182374, 51.162387502234196 ], [ -2.337199187953956, 51.163322333624819 ], [ -2.335714780725539, 51.163322333624819 ], [ -2.334230373497121, 51.162387502234196 ], [ -2.332745966268703, 51.162387502234196 ], [ -2.329777151811868, 51.16051783945295 ], [ -2.32829274458345, 51.16051783945295 ], [ -2.327550540969241, 51.160050423757639 ], [ -2.327550540969241, 51.159115592367016 ], [ -2.326808337355033, 51.158648176671704 ], [ -2.325323930126615, 51.158648176671704 ], [ -2.324581726512406, 51.158180760976393 ], [ -2.326066133740824, 51.15724592958577 ], [ -2.326066133740824, 51.155376266804524 ], [ -2.326808337355033, 51.154908851109212 ], [ -2.329777151811868, 51.156778513890458 ], [ -2.332745966268703, 51.156778513890458 ], [ -2.334230373497121, 51.155843682499835 ], [ -2.335714780725539, 51.155843682499835 ], [ -2.336456984339748, 51.155376266804524 ], [ -2.336456984339748, 51.152571772632655 ], [ -2.333488169882912, 51.150702109851409 ], [ -2.333488169882912, 51.145093121507671 ], [ -2.33497257711133, 51.144158290117048 ], [ -2.333488169882912, 51.143223458726425 ], [ -2.33497257711133, 51.142288627335802 ], [ -2.33497257711133, 51.140418964554556 ], [ -2.335714780725539, 51.139951548859244 ], [ -2.337199187953956, 51.139951548859244 ], [ -2.340168002410792, 51.14182121164049 ], [ -2.34165240963921, 51.14182121164049 ], [ -2.342394613253418, 51.142288627335802 ], [ -2.342394613253418, 51.143223458726425 ], [ -2.343136816867627, 51.143690874421736 ], [ -2.346105631324463, 51.143690874421736 ], [ -2.346847834938671, 51.144158290117048 ], [ -2.346847834938671, 51.145093121507671 ], [ -2.34759003855288, 51.145560537202982 ], [ -2.348332242167089, 51.145093121507671 ], [ -2.348332242167089, 51.144158290117048 ], [ -2.346847834938671, 51.143223458726425 ], [ -2.346847834938671, 51.142288627335802 ], [ -2.345363427710254, 51.141353795945179 ], [ -2.348332242167089, 51.139484133163933 ], [ -2.346105631324463, 51.138081886077998 ], [ -2.343136816867627, 51.138081886077998 ], [ -2.342394613253418, 51.137614470382687 ], [ -2.342394613253418, 51.136679638992064 ], [ -2.343136816867627, 51.136212223296752 ], [ -2.344621224096045, 51.136212223296752 ], [ -2.346105631324463, 51.135277391906129 ], [ -2.34759003855288, 51.135277391906129 ], [ -2.349074445781298, 51.134342560515506 ], [ -2.359465296380222, 51.134342560515506 ], [ -2.360207499994431, 51.133875144820195 ], [ -2.360207499994431, 51.130135819257703 ], [ -2.361691907222848, 51.12920098786708 ], [ -2.36094970360864, 51.128733572171768 ], [ -2.357980889151804, 51.130603234953014 ], [ -2.355012074694969, 51.130603234953014 ], [ -2.353527667466551, 51.131538066343637 ], [ -2.346105631324463, 51.131538066343637 ], [ -2.344621224096045, 51.13247289773426 ], [ -2.34165240963921, 51.13247289773426 ], [ -2.340168002410792, 51.133407729124883 ], [ -2.338683595182374, 51.133407729124883 ], [ -2.337199187953956, 51.134342560515506 ], [ -2.335714780725539, 51.134342560515506 ], [ -2.33497257711133, 51.133875144820195 ], [ -2.33497257711133, 51.132940313429572 ], [ -2.333488169882912, 51.132005482038949 ], [ -2.33497257711133, 51.131070650648326 ], [ -2.33497257711133, 51.12920098786708 ], [ -2.334230373497121, 51.128733572171768 ], [ -2.332745966268703, 51.128733572171768 ], [ -2.332003762654494, 51.128266156476457 ], [ -2.332003762654494, 51.126396493695211 ], [ -2.330519355426077, 51.125461662304588 ], [ -2.330519355426077, 51.123591999523342 ], [ -2.329034948197659, 51.122657168132719 ], [ -2.329034948197659, 51.11985267396085 ], [ -2.329777151811868, 51.119385258265538 ], [ -2.331261559040286, 51.119385258265538 ], [ -2.332003762654494, 51.118917842570227 ], [ -2.331261559040286, 51.118450426874915 ], [ -2.32829274458345, 51.118450426874915 ], [ -2.326066133740824, 51.117048179788981 ], [ -2.326066133740824, 51.116113348398358 ], [ -2.324581726512406, 51.115178517007735 ], [ -2.327550540969241, 51.113308854226489 ], [ -2.325323930126615, 51.111906607140554 ], [ -2.323839522898197, 51.112841438531177 ], [ -2.322355115669779, 51.112841438531177 ], [ -2.320128504827153, 51.111439191445243 ], [ -2.320128504827153, 51.11050436005462 ], [ -2.319386301212944, 51.110036944359308 ], [ -2.316417486756109, 51.110036944359308 ], [ -2.3156752831419, 51.109569528663997 ], [ -2.3156752831419, 51.107699865882751 ], [ -2.316417486756109, 51.107232450187439 ], [ -2.317901893984526, 51.107232450187439 ], [ -2.319386301212944, 51.106297618796816 ], [ -2.320870708441362, 51.106297618796816 ], [ -2.323839522898197, 51.10442795601557 ], [ -2.325323930126615, 51.10442795601557 ], [ -2.327550540969241, 51.103025708929636 ], [ -2.326808337355033, 51.102558293234324 ], [ -2.323839522898197, 51.102558293234324 ], [ -2.323097319283988, 51.103025708929636 ], [ -2.323097319283988, 51.103960540320259 ], [ -2.322355115669779, 51.10442795601557 ], [ -2.321612912055571, 51.103960540320259 ], [ -2.321612912055571, 51.103025708929636 ], [ -2.320870708441362, 51.102558293234324 ], [ -2.316417486756109, 51.102558293234324 ], [ -2.3156752831419, 51.102090877539013 ], [ -2.317159690370318, 51.10115604614839 ], [ -2.314933079527691, 51.099753799062455 ], [ -2.312706468685064, 51.10115604614839 ], [ -2.314190875913482, 51.102090877539013 ], [ -2.311964265070856, 51.103493124624947 ], [ -2.309737654228229, 51.102090877539013 ], [ -2.309737654228229, 51.10115604614839 ], [ -2.308253246999811, 51.100221214757767 ], [ -2.308253246999811, 51.097416720585898 ], [ -2.309737654228229, 51.096481889195275 ], [ -2.30899545061402, 51.096014473499963 ], [ -2.307511043385603, 51.096014473499963 ], [ -2.306768839771394, 51.095547057804652 ], [ -2.306768839771394, 51.094612226414029 ], [ -2.306026636157185, 51.094144810718717 ], [ -2.304542228928767, 51.094144810718717 ], [ -2.303800025314558, 51.094612226414029 ], [ -2.303800025314558, 51.095547057804652 ], [ -2.305284432542976, 51.096481889195275 ], [ -2.305284432542976, 51.102090877539013 ], [ -2.306768839771394, 51.103025708929636 ], [ -2.306768839771394, 51.104895371710882 ], [ -2.306026636157185, 51.105362787406193 ], [ -2.303057821700349, 51.105362787406193 ], [ -2.302315618086141, 51.105830203101505 ], [ -2.302315618086141, 51.106765034492128 ], [ -2.301573414471932, 51.107232450187439 ], [ -2.298604600015096, 51.107232450187439 ], [ -2.297862396400888, 51.107699865882751 ], [ -2.298604600015096, 51.108167281578062 ], [ -2.301573414471932, 51.108167281578062 ], [ -2.303057821700349, 51.107232450187439 ], [ -2.304542228928767, 51.107232450187439 ], [ -2.306026636157185, 51.106297618796816 ], [ -2.307511043385603, 51.107232450187439 ], [ -2.310479857842438, 51.107232450187439 ], [ -2.311222061456647, 51.107699865882751 ], [ -2.309737654228229, 51.108634697273374 ], [ -2.309737654228229, 51.109569528663997 ], [ -2.308253246999811, 51.11050436005462 ], [ -2.308253246999811, 51.111439191445243 ], [ -2.306026636157185, 51.112841438531177 ], [ -2.304542228928767, 51.112841438531177 ], [ -2.303057821700349, 51.1137762699218 ], [ -2.298604600015096, 51.1137762699218 ], [ -2.297120192786679, 51.112841438531177 ], [ -2.28969815664459, 51.112841438531177 ], [ -2.287471545801964, 51.114243685617112 ], [ -2.28969815664459, 51.115645932703046 ], [ -2.292666971101426, 51.115645932703046 ], [ -2.294151378329843, 51.116580764093669 ], [ -2.297120192786679, 51.116580764093669 ], [ -2.297862396400888, 51.117048179788981 ], [ -2.297862396400888, 51.118917842570227 ], [ -2.29637798917247, 51.11985267396085 ], [ -2.29637798917247, 51.123591999523342 ], [ -2.295635785558261, 51.124059415218653 ], [ -2.294151378329843, 51.124059415218653 ], [ -2.292666971101426, 51.124994246609276 ], [ -2.291182563873008, 51.124059415218653 ], [ -2.28969815664459, 51.124059415218653 ], [ -2.288955953030381, 51.124526830913965 ], [ -2.288955953030381, 51.125461662304588 ], [ -2.288213749416173, 51.125929077999899 ], [ -2.282276120502502, 51.125929077999899 ], [ -2.277822898817249, 51.12312458382803 ], [ -2.276338491588831, 51.12312458382803 ], [ -2.274111880746204, 51.124526830913965 ], [ -2.275596287974622, 51.125461662304588 ], [ -2.275596287974622, 51.127331325085834 ], [ -2.278565102431457, 51.12920098786708 ], [ -2.278565102431457, 51.130135819257703 ], [ -2.279307306045666, 51.130603234953014 ], [ -2.288213749416173, 51.130603234953014 ], [ -2.288955953030381, 51.131070650648326 ], [ -2.285244934959337, 51.133407729124883 ], [ -2.279307306045666, 51.133407729124883 ], [ -2.278565102431457, 51.132940313429572 ], [ -2.278565102431457, 51.132005482038949 ], [ -2.27708069520304, 51.131070650648326 ], [ -2.27708069520304, 51.130135819257703 ], [ -2.274111880746204, 51.128266156476457 ], [ -2.274111880746204, 51.127331325085834 ], [ -2.273369677131996, 51.126863909390522 ], [ -2.271885269903578, 51.126863909390522 ], [ -2.268916455446742, 51.124994246609276 ], [ -2.265947640989907, 51.124994246609276 ], [ -2.262236622918863, 51.127331325085834 ], [ -2.262236622918863, 51.12920098786708 ], [ -2.262978826533072, 51.129668403562391 ], [ -2.264463233761489, 51.129668403562391 ], [ -2.265947640989907, 51.130603234953014 ], [ -2.267432048218325, 51.130603234953014 ], [ -2.268174251832534, 51.131070650648326 ], [ -2.266689844604116, 51.132005482038949 ], [ -2.268174251832534, 51.132940313429572 ], [ -2.268174251832534, 51.133875144820195 ], [ -2.269658659060951, 51.134809976210818 ], [ -2.269658659060951, 51.136679638992064 ], [ -2.271143066289369, 51.137614470382687 ], [ -2.271143066289369, 51.139484133163933 ], [ -2.273369677131996, 51.140886380249867 ], [ -2.274854084360413, 51.140886380249867 ], [ -2.275596287974622, 51.141353795945179 ], [ -2.274854084360413, 51.14182121164049 ], [ -2.267432048218325, 51.14182121164049 ], [ -2.266689844604116, 51.141353795945179 ], [ -2.266689844604116, 51.139484133163933 ], [ -2.264463233761489, 51.138081886077998 ], [ -2.262978826533072, 51.138081886077998 ], [ -2.261494419304654, 51.137147054687375 ], [ -2.260010012076236, 51.137147054687375 ], [ -2.258525604847819, 51.138081886077998 ], [ -2.257041197619401, 51.138081886077998 ], [ -2.255556790390983, 51.139016717468621 ], [ -2.254072383162566, 51.138081886077998 ], [ -2.25110356870573, 51.138081886077998 ], [ -2.248876957863104, 51.136679638992064 ], [ -2.248876957863104, 51.133875144820195 ], [ -2.246650347020477, 51.13247289773426 ], [ -2.243681532563642, 51.13247289773426 ], [ -2.240712718106806, 51.134342560515506 ], [ -2.236259496421553, 51.134342560515506 ], [ -2.234775089193135, 51.135277391906129 ], [ -2.230321867507882, 51.135277391906129 ], [ -2.228837460279465, 51.134342560515506 ], [ -2.227353053051047, 51.134342560515506 ], [ -2.226610849436838, 51.133875144820195 ], [ -2.227353053051047, 51.133407729124883 ], [ -2.228837460279465, 51.133407729124883 ], [ -2.229579663893674, 51.132940313429572 ], [ -2.229579663893674, 51.132005482038949 ], [ -2.228095256665256, 51.131070650648326 ], [ -2.228095256665256, 51.130135819257703 ], [ -2.227353053051047, 51.129668403562391 ], [ -2.225868645822629, 51.129668403562391 ], [ -2.224384238594212, 51.130603234953014 ], [ -2.222899831365794, 51.130603234953014 ], [ -2.222157627751585, 51.130135819257703 ], [ -2.222157627751585, 51.128266156476457 ], [ -2.223642034980003, 51.127331325085834 ], [ -2.223642034980003, 51.126396493695211 ], [ -2.22512644220842, 51.125461662304588 ], [ -2.224384238594212, 51.124994246609276 ], [ -2.222157627751585, 51.126396493695211 ], [ -2.222157627751585, 51.127331325085834 ], [ -2.221415424137376, 51.127798740781145 ], [ -2.219931016908959, 51.127798740781145 ], [ -2.21918881329475, 51.128266156476457 ], [ -2.21918881329475, 51.131070650648326 ], [ -2.218446609680541, 51.131538066343637 ], [ -2.21250898076687, 51.131538066343637 ], [ -2.211024573538452, 51.13247289773426 ], [ -2.209540166310035, 51.13247289773426 ], [ -2.208055759081617, 51.133407729124883 ], [ -2.207313555467408, 51.132940313429572 ], [ -2.207313555467408, 51.131070650648326 ], [ -2.206571351853199, 51.130603234953014 ], [ -2.200633722939529, 51.130603234953014 ], [ -2.19989151932532, 51.131070650648326 ], [ -2.19989151932532, 51.132940313429572 ], [ -2.198407112096902, 51.133875144820195 ], [ -2.200633722939529, 51.135277391906129 ], [ -2.202118130167946, 51.134342560515506 ], [ -2.202860333782155, 51.134809976210818 ], [ -2.202860333782155, 51.137614470382687 ], [ -2.201375926553737, 51.13854930177331 ], [ -2.201375926553737, 51.139484133163933 ], [ -2.196180501254275, 51.142756043031113 ], [ -2.194696094025858, 51.142756043031113 ], [ -2.193953890411649, 51.143223458726425 ], [ -2.193953890411649, 51.144158290117048 ], [ -2.195438297640067, 51.145093121507671 ], [ -2.194696094025858, 51.145560537202982 ], [ -2.19321168679744, 51.145560537202982 ], [ -2.190985075954814, 51.146962784288917 ], [ -2.190985075954814, 51.149767278460786 ], [ -2.192469483183231, 51.150702109851409 ], [ -2.191727279569022, 51.15116952554672 ], [ -2.190242872340605, 51.15116952554672 ], [ -2.189500668726396, 51.151636941242032 ], [ -2.189500668726396, 51.152571772632655 ], [ -2.188016261497978, 51.153506604023278 ], [ -2.188016261497978, 51.155376266804524 ], [ -2.187274057883769, 51.155843682499835 ], [ -2.185789650655352, 51.155843682499835 ], [ -2.184305243426934, 51.156778513890458 ], [ -2.182820836198516, 51.156778513890458 ], [ -2.182078632584307, 51.156311098195147 ], [ -2.182078632584307, 51.155376266804524 ], [ -2.181336428970098, 51.154908851109212 ], [ -2.179852021741681, 51.154908851109212 ], [ -2.176883207284845, 51.153039188327966 ], [ -2.175398800056428, 51.153039188327966 ], [ -2.174656596442219, 51.152571772632655 ], [ -2.174656596442219, 51.151636941242032 ], [ -2.171687781985383, 51.149767278460786 ], [ -2.171687781985383, 51.148832447070163 ], [ -2.170945578371175, 51.148365031374851 ], [ -2.169461171142757, 51.148365031374851 ], [ -2.168718967528548, 51.14789761567954 ], [ -2.168718967528548, 51.146962784288917 ], [ -2.167976763914339, 51.146495368593605 ], [ -2.166492356685922, 51.146495368593605 ], [ -2.164265745843295, 51.145093121507671 ], [ -2.165750153071713, 51.144158290117048 ], [ -2.165750153071713, 51.139484133163933 ], [ -2.16723456030013, 51.13854930177331 ], [ -2.165750153071713, 51.137614470382687 ], [ -2.165750153071713, 51.12920098786708 ], [ -2.166492356685922, 51.128733572171768 ], [ -2.167976763914339, 51.129668403562391 ], [ -2.169461171142757, 51.129668403562391 ], [ -2.171687781985383, 51.128266156476457 ], [ -2.171687781985383, 51.126396493695211 ], [ -2.170945578371175, 51.125929077999899 ], [ -2.166492356685922, 51.125929077999899 ], [ -2.165750153071713, 51.125461662304588 ], [ -2.16723456030013, 51.124526830913965 ], [ -2.16723456030013, 51.123591999523342 ], [ -2.168718967528548, 51.122657168132719 ], [ -2.168718967528548, 51.121722336742096 ], [ -2.170945578371175, 51.120320089656161 ], [ -2.17391439282801, 51.120320089656161 ], [ -2.174656596442219, 51.11985267396085 ], [ -2.174656596442219, 51.118917842570227 ], [ -2.17391439282801, 51.118450426874915 ], [ -2.172429985599592, 51.118450426874915 ], [ -2.171687781985383, 51.117983011179604 ], [ -2.171687781985383, 51.112374022835866 ], [ -2.170203374756966, 51.111439191445243 ], [ -2.171687781985383, 51.11050436005462 ], [ -2.170203374756966, 51.109569528663997 ], [ -2.170203374756966, 51.107699865882751 ], [ -2.168718967528548, 51.106765034492128 ], [ -2.168718967528548, 51.105830203101505 ], [ -2.170203374756966, 51.104895371710882 ], [ -2.169461171142757, 51.10442795601557 ], [ -2.162039135000668, 51.10442795601557 ], [ -2.16129693138646, 51.104895371710882 ], [ -2.16129693138646, 51.105830203101505 ], [ -2.162039135000668, 51.106297618796816 ], [ -2.163523542229086, 51.106297618796816 ], [ -2.165750153071713, 51.107699865882751 ], [ -2.165750153071713, 51.108634697273374 ], [ -2.16723456030013, 51.109569528663997 ], [ -2.16723456030013, 51.113308854226489 ], [ -2.165750153071713, 51.114243685617112 ], [ -2.165750153071713, 51.116113348398358 ], [ -2.16723456030013, 51.117048179788981 ], [ -2.16723456030013, 51.117983011179604 ], [ -2.162039135000668, 51.121254921046784 ], [ -2.157585913315415, 51.121254921046784 ], [ -2.156843709701207, 51.121722336742096 ], [ -2.157585913315415, 51.122189752437407 ], [ -2.159070320543833, 51.122189752437407 ], [ -2.16129693138646, 51.123591999523342 ], [ -2.16129693138646, 51.124526830913965 ], [ -2.159812524158042, 51.125461662304588 ], [ -2.159812524158042, 51.12920098786708 ], [ -2.158328116929624, 51.130135819257703 ], [ -2.158328116929624, 51.140418964554556 ], [ -2.156843709701207, 51.141353795945179 ], [ -2.158328116929624, 51.142288627335802 ], [ -2.157585913315415, 51.142756043031113 ], [ -2.156101506086998, 51.142756043031113 ], [ -2.15461709885858, 51.143690874421736 ], [ -2.153132691630162, 51.143690874421736 ], [ -2.150906080787536, 51.145093121507671 ], [ -2.150906080787536, 51.146027952898294 ], [ -2.152390488015953, 51.146962784288917 ], [ -2.152390488015953, 51.149767278460786 ], [ -2.153874895244371, 51.150702109851409 ], [ -2.153874895244371, 51.152571772632655 ], [ -2.15461709885858, 51.153039188327966 ], [ -2.156101506086998, 51.153039188327966 ], [ -2.158328116929624, 51.151636941242032 ], [ -2.156843709701207, 51.150702109851409 ], [ -2.156843709701207, 51.14789761567954 ], [ -2.157585913315415, 51.147430199984228 ], [ -2.158328116929624, 51.14789761567954 ], [ -2.158328116929624, 51.148832447070163 ], [ -2.159070320543833, 51.149299862765474 ], [ -2.160554727772251, 51.149299862765474 ], [ -2.162039135000668, 51.150234694156097 ], [ -2.163523542229086, 51.150234694156097 ], [ -2.164265745843295, 51.150702109851409 ], [ -2.164265745843295, 51.151636941242032 ], [ -2.165750153071713, 51.152571772632655 ], [ -2.165750153071713, 51.156311098195147 ], [ -2.16723456030013, 51.15724592958577 ], [ -2.16723456030013, 51.158180760976393 ], [ -2.168718967528548, 51.159115592367016 ], [ -2.168718967528548, 51.160050423757639 ], [ -2.169461171142757, 51.16051783945295 ], [ -2.170945578371175, 51.16051783945295 ], [ -2.172429985599592, 51.161452670843573 ], [ -2.17391439282801, 51.161452670843573 ], [ -2.174656596442219, 51.161920086538885 ], [ -2.173172189213801, 51.162854917929508 ], [ -2.174656596442219, 51.163789749320131 ], [ -2.174656596442219, 51.165659412101377 ], [ -2.176141003670637, 51.166594243492 ], [ -2.176141003670637, 51.167529074882623 ], [ -2.175398800056428, 51.167996490577934 ], [ -2.17391439282801, 51.167996490577934 ], [ -2.173172189213801, 51.168463906273246 ], [ -2.174656596442219, 51.169398737663869 ], [ -2.17391439282801, 51.16986615335918 ], [ -2.172429985599592, 51.16986615335918 ], [ -2.170945578371175, 51.168931321968557 ], [ -2.166492356685922, 51.168931321968557 ], [ -2.165750153071713, 51.169398737663869 ], [ -2.165750153071713, 51.170333569054492 ], [ -2.165007949457504, 51.170800984749803 ], [ -2.159070320543833, 51.170800984749803 ], [ -2.157585913315415, 51.171735816140426 ], [ -2.156101506086998, 51.171735816140426 ], [ -2.15461709885858, 51.172670647531049 ], [ -2.151648284401745, 51.172670647531049 ], [ -2.148679469944909, 51.174540310312295 ], [ -2.145710655488074, 51.174540310312295 ], [ -2.144968451873865, 51.174072894616984 ], [ -2.144968451873865, 51.173138063226361 ], [ -2.146452859102283, 51.172203231835738 ], [ -2.146452859102283, 51.169398737663869 ], [ -2.144226248259656, 51.167996490577934 ], [ -2.14199963741703, 51.169398737663869 ], [ -2.143484044645447, 51.170333569054492 ], [ -2.141257433802821, 51.171735816140426 ], [ -2.140515230188612, 51.171268400445115 ], [ -2.140515230188612, 51.169398737663869 ], [ -2.139773026574403, 51.168931321968557 ], [ -2.138288619345985, 51.168931321968557 ], [ -2.136804212117568, 51.16986615335918 ], [ -2.133835397660732, 51.16986615335918 ], [ -2.132350990432315, 51.168931321968557 ], [ -2.130866583203897, 51.168931321968557 ], [ -2.130124379589688, 51.169398737663869 ], [ -2.130866583203897, 51.16986615335918 ], [ -2.132350990432315, 51.16986615335918 ], [ -2.133093194046523, 51.170333569054492 ], [ -2.133093194046523, 51.171268400445115 ], [ -2.134577601274941, 51.172203231835738 ], [ -2.133835397660732, 51.172670647531049 ], [ -2.132350990432315, 51.172670647531049 ], [ -2.131608786818106, 51.173138063226361 ], [ -2.131608786818106, 51.176877388788853 ], [ -2.132350990432315, 51.177344804484164 ], [ -2.133093194046523, 51.176877388788853 ], [ -2.133093194046523, 51.17594255739823 ], [ -2.133835397660732, 51.175475141702918 ], [ -2.13531980488915, 51.175475141702918 ], [ -2.136804212117568, 51.174540310312295 ], [ -2.138288619345985, 51.174540310312295 ], [ -2.139030822960194, 51.175007726007607 ], [ -2.139030822960194, 51.178747051570099 ], [ -2.136804212117568, 51.180149298656033 ], [ -2.13531980488915, 51.180149298656033 ], [ -2.133835397660732, 51.181084130046656 ], [ -2.132350990432315, 51.181084130046656 ], [ -2.131608786818106, 51.180616714351345 ], [ -2.131608786818106, 51.179681882960722 ], [ -2.130866583203897, 51.17921446726541 ], [ -2.127897768747061, 51.17921446726541 ], [ -2.126413361518644, 51.180149298656033 ], [ -2.124928954290226, 51.180149298656033 ], [ -2.121960139833391, 51.182018961437279 ], [ -2.117506918148138, 51.182018961437279 ], [ -2.116764714533929, 51.181551545741968 ], [ -2.116764714533929, 51.180616714351345 ], [ -2.11602251091972, 51.180149298656033 ], [ -2.111569289234467, 51.180149298656033 ], [ -2.110084882006049, 51.17921446726541 ], [ -2.108600474777631, 51.17921446726541 ], [ -2.107858271163423, 51.178747051570099 ], [ -2.108600474777631, 51.178279635874787 ], [ -2.110084882006049, 51.178279635874787 ], [ -2.112311492848676, 51.176877388788853 ], [ -2.110084882006049, 51.175475141702918 ], [ -2.107116067549214, 51.177344804484164 ], [ -2.099694031407125, 51.177344804484164 ], [ -2.09672521695029, 51.17921446726541 ], [ -2.095240809721872, 51.17921446726541 ], [ -2.093014198879246, 51.177812220179476 ], [ -2.093014198879246, 51.175007726007607 ], [ -2.092271995265037, 51.174540310312295 ], [ -2.090787588036619, 51.174540310312295 ], [ -2.089303180808201, 51.173605478921672 ], [ -2.086334366351366, 51.173605478921672 ], [ -2.081881144666113, 51.170800984749803 ], [ -2.080396737437695, 51.170800984749803 ], [ -2.079654533823486, 51.170333569054492 ], [ -2.079654533823486, 51.168463906273246 ], [ -2.081138941051904, 51.167529074882623 ], [ -2.079654533823486, 51.166594243492 ], [ -2.079654533823486, 51.165659412101377 ], [ -2.078912330209278, 51.165191996406065 ], [ -2.078170126595069, 51.165659412101377 ], [ -2.078170126595069, 51.166594243492 ], [ -2.079654533823486, 51.167529074882623 ], [ -2.078912330209278, 51.167996490577934 ], [ -2.07742792298086, 51.167996490577934 ], [ -2.075201312138233, 51.169398737663869 ], [ -2.075201312138233, 51.170333569054492 ], [ -2.07742792298086, 51.171735816140426 ], [ -2.078912330209278, 51.171735816140426 ], [ -2.082623348280322, 51.174072894616984 ], [ -2.082623348280322, 51.177812220179476 ], [ -2.081138941051904, 51.178747051570099 ], [ -2.081138941051904, 51.180616714351345 ], [ -2.082623348280322, 51.181551545741968 ], [ -2.082623348280322, 51.184356039913837 ], [ -2.083365551894531, 51.184823455609148 ], [ -2.087818773579784, 51.184823455609148 ], [ -2.089303180808201, 51.185758286999771 ], [ -2.090787588036619, 51.185758286999771 ], [ -2.093756402493455, 51.183888624218525 ], [ -2.095240809721872, 51.183888624218525 ], [ -2.095983013336081, 51.184356039913837 ], [ -2.095983013336081, 51.18529087130446 ], [ -2.098951827792916, 51.187160534085706 ], [ -2.098951827792916, 51.188095365476329 ], [ -2.100436235021334, 51.189030196866952 ], [ -2.100436235021334, 51.189965028257575 ], [ -2.101920642249752, 51.190899859648198 ], [ -2.101178438635543, 51.191367275343509 ], [ -2.099694031407125, 51.191367275343509 ], [ -2.097467420564499, 51.192769522429444 ], [ -2.097467420564499, 51.193704353820067 ], [ -2.098209624178708, 51.194171769515378 ], [ -2.099694031407125, 51.194171769515378 ], [ -2.101920642249752, 51.192769522429444 ], [ -2.101920642249752, 51.191834691038821 ], [ -2.102662845863961, 51.191367275343509 ], [ -2.104147253092378, 51.191367275343509 ], [ -2.104889456706587, 51.190899859648198 ], [ -2.104889456706587, 51.189030196866952 ], [ -2.10340504947817, 51.188095365476329 ], [ -2.10340504947817, 51.187160534085706 ], [ -2.104147253092378, 51.186693118390394 ], [ -2.111569289234467, 51.186693118390394 ], [ -2.113053696462885, 51.187627949781017 ], [ -2.117506918148138, 51.187627949781017 ], [ -2.118249121762346, 51.188095365476329 ], [ -2.118249121762346, 51.189030196866952 ], [ -2.118991325376555, 51.189497612562263 ], [ -2.120475732604973, 51.189497612562263 ], [ -2.123444547061808, 51.191367275343509 ], [ -2.124928954290226, 51.191367275343509 ], [ -2.127897768747061, 51.193236938124755 ], [ -2.129382175975479, 51.193236938124755 ], [ -2.130124379589688, 51.193704353820067 ], [ -2.130124379589688, 51.198378510773182 ], [ -2.132350990432315, 51.199780757859116 ], [ -2.133835397660732, 51.198845926468493 ], [ -2.136804212117568, 51.198845926468493 ], [ -2.139773026574403, 51.196976263687247 ], [ -2.141257433802821, 51.196976263687247 ], [ -2.14199963741703, 51.197443679382559 ], [ -2.14199963741703, 51.199313342163805 ], [ -2.142741841031238, 51.199780757859116 ], [ -2.145710655488074, 51.19791109507787 ], [ -2.1479372663307, 51.199313342163805 ], [ -2.1479372663307, 51.200248173554428 ], [ -2.148679469944909, 51.200715589249739 ], [ -2.150163877173327, 51.200715589249739 ], [ -2.150906080787536, 51.201183004945051 ], [ -2.148679469944909, 51.202585252030985 ], [ -2.147195062716492, 51.202585252030985 ], [ -2.145710655488074, 51.201650420640362 ], [ -2.144226248259656, 51.201650420640362 ], [ -2.142741841031238, 51.200715589249739 ], [ -2.141257433802821, 51.200715589249739 ], [ -2.139773026574403, 51.199780757859116 ], [ -2.137546415731777, 51.201183004945051 ], [ -2.137546415731777, 51.202117836335674 ], [ -2.136804212117568, 51.202585252030985 ], [ -2.13531980488915, 51.202585252030985 ], [ -2.134577601274941, 51.203052667726297 ], [ -2.134577601274941, 51.20398749911692 ], [ -2.136062008503359, 51.204922330507543 ], [ -2.13531980488915, 51.205389746202854 ], [ -2.133835397660732, 51.205389746202854 ], [ -2.133093194046523, 51.205857161898166 ], [ -2.133093194046523, 51.206791993288789 ], [ -2.133835397660732, 51.2072594089841 ], [ -2.139773026574403, 51.203520083421608 ], [ -2.141257433802821, 51.204454914812231 ], [ -2.142741841031238, 51.204454914812231 ], [ -2.143484044645447, 51.204922330507543 ], [ -2.143484044645447, 51.205857161898166 ], [ -2.144226248259656, 51.206324577593477 ], [ -2.145710655488074, 51.206324577593477 ], [ -2.147195062716492, 51.2072594089841 ], [ -2.150163877173327, 51.2072594089841 ], [ -2.150906080787536, 51.207726824679412 ], [ -2.150906080787536, 51.208661656070035 ], [ -2.147195062716492, 51.210998734546592 ], [ -2.145710655488074, 51.210998734546592 ], [ -2.144226248259656, 51.211933565937215 ], [ -2.142741841031238, 51.211933565937215 ], [ -2.14199963741703, 51.212400981632527 ], [ -2.14199963741703, 51.21333581302315 ], [ -2.139030822960194, 51.215205475804396 ], [ -2.139030822960194, 51.219879632757511 ], [ -2.140515230188612, 51.220814464148134 ], [ -2.140515230188612, 51.22268412692938 ], [ -2.142741841031238, 51.224086374015315 ], [ -2.144226248259656, 51.224086374015315 ], [ -2.144968451873865, 51.224553789710626 ], [ -2.144968451873865, 51.227358283882495 ], [ -2.146452859102283, 51.228293115273118 ], [ -2.145710655488074, 51.22876053096843 ], [ -2.144226248259656, 51.22876053096843 ], [ -2.143484044645447, 51.229227946663741 ], [ -2.143484044645447, 51.231097609444987 ], [ -2.144226248259656, 51.231565025140299 ], [ -2.145710655488074, 51.231565025140299 ], [ -2.150163877173327, 51.22876053096843 ], [ -2.151648284401745, 51.229695362359053 ], [ -2.15461709885858, 51.229695362359053 ], [ -2.156101506086998, 51.22876053096843 ], [ -2.156843709701207, 51.229227946663741 ], [ -2.156843709701207, 51.230162778054364 ], [ -2.155359302472789, 51.231097609444987 ], [ -2.155359302472789, 51.23203244083561 ], [ -2.157585913315415, 51.233434687921545 ], [ -2.160554727772251, 51.233434687921545 ], [ -2.16129693138646, 51.233902103616856 ], [ -2.159812524158042, 51.234836935007479 ], [ -2.159812524158042, 51.235771766398102 ], [ -2.16129693138646, 51.236706597788725 ], [ -2.16129693138646, 51.237641429179348 ], [ -2.159812524158042, 51.238576260569971 ], [ -2.159812524158042, 51.240445923351217 ], [ -2.16129693138646, 51.24138075474184 ], [ -2.16129693138646, 51.243250417523086 ], [ -2.163523542229086, 51.244652664609021 ], [ -2.164265745843295, 51.244185248913709 ], [ -2.164265745843295, 51.242315586132463 ], [ -2.165750153071713, 51.24138075474184 ], [ -2.164265745843295, 51.240445923351217 ], [ -2.164265745843295, 51.239511091960594 ], [ -2.165750153071713, 51.238576260569971 ], [ -2.165750153071713, 51.236706597788725 ], [ -2.16723456030013, 51.235771766398102 ], [ -2.16723456030013, 51.23203244083561 ], [ -2.165750153071713, 51.231097609444987 ], [ -2.165750153071713, 51.229227946663741 ], [ -2.16723456030013, 51.228293115273118 ], [ -2.16723456030013, 51.226423452491872 ], [ -2.168718967528548, 51.225488621101249 ], [ -2.168718967528548, 51.224553789710626 ], [ -2.170203374756966, 51.223618958320003 ], [ -2.170203374756966, 51.22268412692938 ], [ -2.173172189213801, 51.220814464148134 ], [ -2.173172189213801, 51.219879632757511 ], [ -2.17391439282801, 51.219412217062199 ], [ -2.176883207284845, 51.219412217062199 ], [ -2.177625410899054, 51.219879632757511 ], [ -2.176141003670637, 51.220814464148134 ], [ -2.176141003670637, 51.221749295538757 ], [ -2.174656596442219, 51.22268412692938 ], [ -2.174656596442219, 51.224553789710626 ], [ -2.177625410899054, 51.226423452491872 ], [ -2.177625410899054, 51.228293115273118 ], [ -2.174656596442219, 51.230162778054364 ], [ -2.174656596442219, 51.234836935007479 ], [ -2.176141003670637, 51.235771766398102 ], [ -2.176141003670637, 51.238576260569971 ], [ -2.179109818127472, 51.240445923351217 ], [ -2.179109818127472, 51.24138075474184 ], [ -2.182078632584307, 51.243250417523086 ], [ -2.181336428970098, 51.243717833218398 ], [ -2.176883207284845, 51.243717833218398 ], [ -2.175398800056428, 51.244652664609021 ], [ -2.17391439282801, 51.244652664609021 ], [ -2.170203374756966, 51.246989743085578 ], [ -2.170203374756966, 51.25072906864807 ], [ -2.171687781985383, 51.251663900038693 ], [ -2.171687781985383, 51.252598731429316 ], [ -2.172429985599592, 51.253066147124628 ], [ -2.17391439282801, 51.253066147124628 ], [ -2.174656596442219, 51.253533562819939 ], [ -2.17391439282801, 51.254000978515251 ], [ -2.170945578371175, 51.254000978515251 ], [ -2.169461171142757, 51.253066147124628 ], [ -2.165007949457504, 51.253066147124628 ], [ -2.162039135000668, 51.254935809905874 ], [ -2.153132691630162, 51.254935809905874 ], [ -2.152390488015953, 51.255403225601185 ], [ -2.152390488015953, 51.256338056991808 ], [ -2.150163877173327, 51.257740304077743 ], [ -2.148679469944909, 51.257740304077743 ], [ -2.145710655488074, 51.259609966858989 ], [ -2.142741841031238, 51.259609966858989 ], [ -2.140515230188612, 51.261012213944923 ], [ -2.140515230188612, 51.262881876726169 ], [ -2.138288619345985, 51.264284123812104 ], [ -2.136804212117568, 51.264284123812104 ], [ -2.13531980488915, 51.265218955202727 ], [ -2.132350990432315, 51.265218955202727 ], [ -2.130866583203897, 51.26615378659335 ], [ -2.129382175975479, 51.26615378659335 ], [ -2.127897768747061, 51.265218955202727 ], [ -2.126413361518644, 51.265218955202727 ], [ -2.124928954290226, 51.26615378659335 ], [ -2.123444547061808, 51.26615378659335 ], [ -2.121960139833391, 51.267088617983973 ], [ -2.11602251091972, 51.267088617983973 ], [ -2.113053696462885, 51.265218955202727 ], [ -2.112311492848676, 51.265686370898038 ], [ -2.118249121762346, 51.26942569646053 ], [ -2.118249121762346, 51.270360527851153 ], [ -2.113053696462885, 51.273632437718334 ], [ -2.111569289234467, 51.273632437718334 ], [ -2.110084882006049, 51.274567269108957 ], [ -2.108600474777631, 51.274567269108957 ], [ -2.105631660320796, 51.276436931890203 ], [ -2.104147253092378, 51.276436931890203 ], [ -2.10340504947817, 51.276904347585514 ], [ -2.104147253092378, 51.277371763280826 ], [ -2.105631660320796, 51.277371763280826 ], [ -2.106373863935005, 51.277839178976137 ], [ -2.106373863935005, 51.27877401036676 ], [ -2.107116067549214, 51.279241426062072 ], [ -2.107858271163423, 51.27877401036676 ], [ -2.107858271163423, 51.277839178976137 ], [ -2.108600474777631, 51.277371763280826 ], [ -2.110084882006049, 51.278306594671449 ], [ -2.114538103691302, 51.278306594671449 ], [ -2.115280307305511, 51.277839178976137 ], [ -2.114538103691302, 51.277371763280826 ], [ -2.113053696462885, 51.277371763280826 ], [ -2.112311492848676, 51.276904347585514 ], [ -2.112311492848676, 51.275969516194891 ], [ -2.11602251091972, 51.273632437718334 ], [ -2.118991325376555, 51.273632437718334 ], [ -2.120475732604973, 51.274567269108957 ], [ -2.126413361518644, 51.274567269108957 ], [ -2.127897768747061, 51.27550210049958 ], [ -2.129382175975479, 51.27550210049958 ], [ -2.130124379589688, 51.275969516194891 ], [ -2.130124379589688, 51.276904347585514 ], [ -2.127155565132853, 51.27877401036676 ], [ -2.129382175975479, 51.280176257452695 ], [ -2.130866583203897, 51.280176257452695 ], [ -2.131608786818106, 51.279708841757383 ], [ -2.131608786818106, 51.276904347585514 ], [ -2.133093194046523, 51.275969516194891 ], [ -2.133093194046523, 51.275034684804268 ], [ -2.133835397660732, 51.274567269108957 ], [ -2.13531980488915, 51.274567269108957 ], [ -2.136804212117568, 51.273632437718334 ], [ -2.139773026574403, 51.273632437718334 ], [ -2.141257433802821, 51.272697606327711 ], [ -2.142741841031238, 51.272697606327711 ], [ -2.144226248259656, 51.271762774937088 ], [ -2.145710655488074, 51.272697606327711 ], [ -2.147195062716492, 51.272697606327711 ], [ -2.1479372663307, 51.272230190632399 ], [ -2.1479372663307, 51.271295359241776 ], [ -2.148679469944909, 51.270827943546465 ], [ -2.150163877173327, 51.270827943546465 ], [ -2.150906080787536, 51.270360527851153 ], [ -2.150906080787536, 51.268490865069907 ], [ -2.151648284401745, 51.268023449374596 ], [ -2.153132691630162, 51.268023449374596 ], [ -2.153874895244371, 51.268490865069907 ], [ -2.152390488015953, 51.26942569646053 ], [ -2.153132691630162, 51.269893112155842 ], [ -2.15461709885858, 51.269893112155842 ], [ -2.155359302472789, 51.26942569646053 ], [ -2.155359302472789, 51.268490865069907 ], [ -2.156101506086998, 51.268023449374596 ], [ -2.156843709701207, 51.268490865069907 ], [ -2.156843709701207, 51.26942569646053 ], [ -2.157585913315415, 51.269893112155842 ], [ -2.159070320543833, 51.269893112155842 ], [ -2.160554727772251, 51.268958280765219 ], [ -2.16129693138646, 51.26942569646053 ], [ -2.16129693138646, 51.270360527851153 ], [ -2.160554727772251, 51.270827943546465 ], [ -2.159070320543833, 51.270827943546465 ], [ -2.158328116929624, 51.271295359241776 ], [ -2.158328116929624, 51.273165022023022 ], [ -2.159070320543833, 51.273632437718334 ], [ -2.160554727772251, 51.273632437718334 ], [ -2.16129693138646, 51.274099853413645 ], [ -2.16129693138646, 51.275034684804268 ], [ -2.161111380482907, 51.275969516194891 ], [ -2.162039135000668, 51.276553785814031 ], [ -2.160554727772251, 51.278189740747621 ], [ -2.157585913315415, 51.278306594671449 ], [ -2.156101506086998, 51.278306594671449 ], [ -2.155359302472789, 51.277839178976137 ], [ -2.155359302472789, 51.276904347585514 ], [ -2.153132691630162, 51.27550210049958 ], [ -2.151648284401745, 51.27550210049958 ], [ -2.150906080787536, 51.275969516194891 ], [ -2.150906080787536, 51.276904347585514 ], [ -2.152390488015953, 51.277839178976137 ], [ -2.152390488015953, 51.27877401036676 ], [ -2.151648284401745, 51.279241426062072 ], [ -2.150163877173327, 51.279241426062072 ], [ -2.148679469944909, 51.280176257452695 ], [ -2.145710655488074, 51.280176257452695 ], [ -2.144968451873865, 51.280643673148006 ], [ -2.145710655488074, 51.281111088843318 ], [ -2.156101506086998, 51.281111088843318 ], [ -2.157585913315415, 51.282045920233941 ], [ -2.162039135000668, 51.282045920233941 ], [ -2.165007949457504, 51.283915583015187 ], [ -2.167976763914339, 51.283915583015187 ], [ -2.170945578371175, 51.282045920233941 ], [ -2.172429985599592, 51.282045920233941 ], [ -2.173172189213801, 51.282513335929252 ], [ -2.173172189213801, 51.286252661491744 ], [ -2.176141003670637, 51.28812232427299 ], [ -2.176141003670637, 51.289057155663613 ], [ -2.174656596442219, 51.289991987054236 ], [ -2.174656596442219, 51.292796481226105 ], [ -2.17391439282801, 51.293263896921417 ], [ -2.169461171142757, 51.290459402749548 ], [ -2.165007949457504, 51.290459402749548 ], [ -2.163523542229086, 51.289524571358925 ], [ -2.162039135000668, 51.289524571358925 ], [ -2.16129693138646, 51.289057155663613 ], [ -2.16129693138646, 51.28812232427299 ], [ -2.157585913315415, 51.285785245796433 ], [ -2.15461709885858, 51.285785245796433 ], [ -2.153132691630162, 51.286720077187056 ], [ -2.151648284401745, 51.286720077187056 ], [ -2.150906080787536, 51.287187492882367 ], [ -2.150906080787536, 51.289057155663613 ], [ -2.151648284401745, 51.289524571358925 ], [ -2.153132691630162, 51.289524571358925 ], [ -2.153874895244371, 51.289991987054236 ], [ -2.153874895244371, 51.290926818444859 ], [ -2.155359302472789, 51.291861649835482 ], [ -2.155359302472789, 51.295600975397974 ], [ -2.156843709701207, 51.296535806788597 ], [ -2.156843709701207, 51.29747063817922 ], [ -2.152390488015953, 51.300275132351089 ], [ -2.152390488015953, 51.301209963741712 ], [ -2.155359302472789, 51.303079626522958 ], [ -2.155359302472789, 51.304014457913581 ], [ -2.153874895244371, 51.304949289304204 ], [ -2.153874895244371, 51.305884120694827 ], [ -2.158328116929624, 51.308688614866696 ], [ -2.158328116929624, 51.310558277647942 ], [ -2.159070320543833, 51.311025693343254 ], [ -2.160554727772251, 51.311025693343254 ], [ -2.16129693138646, 51.310558277647942 ], [ -2.161482482290012, 51.309623446257319 ], [ -2.162039135000668, 51.309272884485836 ], [ -2.163523542229086, 51.308221199171385 ], [ -2.167976763914339, 51.305416704999516 ], [ -2.168718967528548, 51.305884120694827 ], [ -2.168718967528548, 51.30681895208545 ], [ -2.16723456030013, 51.307753783476073 ], [ -2.16723456030013, 51.308688614866696 ], [ -2.165750153071713, 51.309623446257319 ], [ -2.165750153071713, 51.310558277647942 ], [ -2.164265745843295, 51.311493109038565 ], [ -2.164265745843295, 51.313362771819811 ], [ -2.162781338614877, 51.314297603210434 ], [ -2.162781338614877, 51.315232434601057 ], [ -2.159070320543833, 51.317569513077615 ], [ -2.156101506086998, 51.317569513077615 ], [ -2.155359302472789, 51.318036928772926 ], [ -2.156843709701207, 51.318971760163549 ], [ -2.156101506086998, 51.319439175858861 ], [ -2.150163877173327, 51.319439175858861 ], [ -2.148679469944909, 51.320374007249484 ], [ -2.1479372663307, 51.319906591554172 ], [ -2.1479372663307, 51.318971760163549 ], [ -2.145710655488074, 51.317569513077615 ], [ -2.144226248259656, 51.317569513077615 ], [ -2.143484044645447, 51.317102097382303 ], [ -2.144968451873865, 51.31616726599168 ], [ -2.142741841031238, 51.314765018905746 ], [ -2.141257433802821, 51.314765018905746 ], [ -2.140515230188612, 51.314297603210434 ], [ -2.140515230188612, 51.312427940429188 ], [ -2.138288619345985, 51.311025693343254 ], [ -2.136804212117568, 51.311025693343254 ], [ -2.13531980488915, 51.310090861952631 ], [ -2.134577601274941, 51.310558277647942 ], [ -2.134577601274941, 51.312427940429188 ], [ -2.140515230188612, 51.31616726599168 ], [ -2.140515230188612, 51.319906591554172 ], [ -2.141257433802821, 51.320374007249484 ], [ -2.142741841031238, 51.320374007249484 ], [ -2.144226248259656, 51.321308838640107 ], [ -2.145710655488074, 51.321308838640107 ], [ -2.146452859102283, 51.321776254335418 ], [ -2.144968451873865, 51.322711085726041 ], [ -2.144968451873865, 51.326450411288533 ], [ -2.144226248259656, 51.326917826983845 ], [ -2.138288619345985, 51.326917826983845 ], [ -2.136804212117568, 51.325982995593222 ], [ -2.136062008503359, 51.326450411288533 ], [ -2.136062008503359, 51.327385242679156 ], [ -2.136804212117568, 51.327852658374468 ], [ -2.138288619345985, 51.327852658374468 ], [ -2.139773026574403, 51.328787489765091 ], [ -2.144226248259656, 51.328787489765091 ], [ -2.145710655488074, 51.327852658374468 ], [ -2.147195062716492, 51.327852658374468 ], [ -2.1479372663307, 51.328320074069779 ], [ -2.1479372663307, 51.331124568241648 ], [ -2.146452859102283, 51.332059399632271 ], [ -2.1479372663307, 51.332994231022894 ], [ -2.1479372663307, 51.333929062413517 ], [ -2.147195062716492, 51.334396478108829 ], [ -2.141257433802821, 51.334396478108829 ], [ -2.140515230188612, 51.33486389380414 ], [ -2.141257433802821, 51.335331309499452 ], [ -2.144226248259656, 51.335331309499452 ], [ -2.144968451873865, 51.335798725194763 ], [ -2.144968451873865, 51.337668387976009 ], [ -2.145710655488074, 51.338135803671321 ], [ -2.147195062716492, 51.337200972280698 ], [ -2.1479372663307, 51.337668387976009 ], [ -2.1479372663307, 51.339538050757255 ], [ -2.146452859102283, 51.340472882147878 ], [ -2.1479372663307, 51.341407713538501 ], [ -2.1479372663307, 51.342342544929124 ], [ -2.150163877173327, 51.343744792015059 ], [ -2.150906080787536, 51.343277376319747 ], [ -2.150906080787536, 51.342342544929124 ], [ -2.149421673559118, 51.341407713538501 ], [ -2.151648284401745, 51.340005466452567 ], [ -2.153132691630162, 51.340005466452567 ], [ -2.15461709885858, 51.339070635061944 ], [ -2.156101506086998, 51.339070635061944 ], [ -2.157585913315415, 51.338135803671321 ], [ -2.158328116929624, 51.338603219366632 ], [ -2.158328116929624, 51.339538050757255 ], [ -2.159070320543833, 51.340005466452567 ], [ -2.160554727772251, 51.340005466452567 ], [ -2.16129693138646, 51.339538050757255 ], [ -2.16129693138646, 51.337668387976009 ], [ -2.162039135000668, 51.337200972280698 ], [ -2.163523542229086, 51.337200972280698 ], [ -2.165007949457504, 51.336266140890075 ], [ -2.166492356685922, 51.336266140890075 ], [ -2.169461171142757, 51.334396478108829 ], [ -2.170945578371175, 51.334396478108829 ], [ -2.172429985599592, 51.333461646718206 ], [ -2.17391439282801, 51.333461646718206 ], [ -2.176883207284845, 51.33159198393696 ], [ -2.179852021741681, 51.33159198393696 ], [ -2.18059422535589, 51.332059399632271 ], [ -2.18059422535589, 51.333929062413517 ], [ -2.177625410899054, 51.335798725194763 ], [ -2.177625410899054, 51.336733556585386 ], [ -2.174656596442219, 51.338603219366632 ], [ -2.175398800056428, 51.339070635061944 ], [ -2.176883207284845, 51.339070635061944 ], [ -2.178367614513263, 51.340005466452567 ], [ -2.179109818127472, 51.339538050757255 ], [ -2.179109818127472, 51.337668387976009 ], [ -2.179852021741681, 51.337200972280698 ], [ -2.184305243426934, 51.337200972280698 ], [ -2.185789650655352, 51.338135803671321 ], [ -2.187274057883769, 51.338135803671321 ], [ -2.189500668726396, 51.339538050757255 ], [ -2.188016261497978, 51.340472882147878 ], [ -2.188016261497978, 51.341407713538501 ], [ -2.188758465112187, 51.341875129233813 ], [ -2.191727279569022, 51.341875129233813 ], [ -2.19321168679744, 51.34094029784319 ], [ -2.196180501254275, 51.34094029784319 ], [ -2.196922704868484, 51.341407713538501 ], [ -2.196922704868484, 51.342342544929124 ], [ -2.197664908482693, 51.342809960624436 ], [ -2.202118130167946, 51.342809960624436 ], [ -2.203602537396364, 51.343744792015059 ], [ -2.205086944624782, 51.343744792015059 ], [ -2.20582914823899, 51.34421220771037 ], [ -2.20582914823899, 51.345147039100993 ], [ -2.207313555467408, 51.346081870491616 ], [ -2.207313555467408, 51.347951533272862 ], [ -2.208055759081617, 51.348418948968174 ], [ -2.208797962695826, 51.347951533272862 ], [ -2.208797962695826, 51.347016701882239 ], [ -2.210282369924244, 51.346081870491616 ], [ -2.208797962695826, 51.345147039100993 ], [ -2.208797962695826, 51.342342544929124 ], [ -2.213251184381079, 51.339538050757255 ], [ -2.213251184381079, 51.337668387976009 ], [ -2.211766777152661, 51.336733556585386 ], [ -2.211766777152661, 51.33486389380414 ], [ -2.21250898076687, 51.334396478108829 ], [ -2.215477795223705, 51.334396478108829 ], [ -2.218446609680541, 51.332526815327583 ], [ -2.221415424137376, 51.332526815327583 ], [ -2.222899831365794, 51.33159198393696 ], [ -2.224384238594212, 51.33159198393696 ], [ -2.22512644220842, 51.332059399632271 ], [ -2.22512644220842, 51.332994231022894 ], [ -2.228837460279465, 51.335331309499452 ], [ -2.230321867507882, 51.335331309499452 ], [ -2.231064071122091, 51.335798725194763 ], [ -2.231064071122091, 51.336733556585386 ], [ -2.234032885578927, 51.338603219366632 ], [ -2.234032885578927, 51.339538050757255 ], [ -2.232548478350509, 51.340472882147878 ], [ -2.232548478350509, 51.342342544929124 ], [ -2.233290681964718, 51.342809960624436 ], [ -2.234775089193135, 51.345614454796305 ], [ -2.233290681964718, 51.346549286186928 ], [ -2.2318062747363, 51.346549286186928 ], [ -2.230321867507882, 51.345614454796305 ], [ -2.227353053051047, 51.347484117577551 ], [ -2.225868645822629, 51.347484117577551 ], [ -2.224384238594212, 51.348418948968174 ], [ -2.215477795223705, 51.348418948968174 ], [ -2.214735591609497, 51.348886364663485 ], [ -2.215477795223705, 51.349353780358797 ], [ -2.216962202452123, 51.349353780358797 ], [ -2.218446609680541, 51.35028861174942 ], [ -2.224384238594212, 51.35028861174942 ], [ -2.225868645822629, 51.349353780358797 ], [ -2.227353053051047, 51.35028861174942 ], [ -2.228837460279465, 51.35028861174942 ], [ -2.230321867507882, 51.349353780358797 ], [ -2.234775089193135, 51.349353780358797 ], [ -2.235517292807344, 51.349821196054108 ], [ -2.235517292807344, 51.350756027444731 ], [ -2.233290681964718, 51.352158274530666 ], [ -2.227353053051047, 51.352158274530666 ], [ -2.225868645822629, 51.351223443140043 ], [ -2.22512644220842, 51.351690858835354 ], [ -2.226610849436838, 51.352625690225977 ], [ -2.226610849436838, 51.354495353007223 ], [ -2.227353053051047, 51.354962768702535 ], [ -2.228095256665256, 51.354495353007223 ], [ -2.228095256665256, 51.3535605216166 ], [ -2.228837460279465, 51.353093105921289 ], [ -2.233290681964718, 51.355897600093158 ], [ -2.237743903649971, 51.355897600093158 ], [ -2.23848610726418, 51.355430184397846 ], [ -2.23848610726418, 51.3535605216166 ], [ -2.239228310878389, 51.353093105921289 ], [ -2.242197125335224, 51.353093105921289 ], [ -2.242939328949433, 51.3535605216166 ], [ -2.242939328949433, 51.354495353007223 ], [ -2.241454921721015, 51.355430184397846 ], [ -2.241454921721015, 51.356365015788469 ], [ -2.242197125335224, 51.356832431483781 ], [ -2.243681532563642, 51.356832431483781 ], [ -2.246650347020477, 51.354962768702535 ], [ -2.247392550634686, 51.355430184397846 ], [ -2.247392550634686, 51.356365015788469 ], [ -2.245908143406268, 51.357299847179092 ], [ -2.245908143406268, 51.358234678569715 ], [ -2.247392550634686, 51.359169509960338 ], [ -2.247392550634686, 51.361039172741584 ], [ -2.248134754248895, 51.361506588436896 ], [ -2.248876957863104, 51.361039172741584 ], [ -2.248876957863104, 51.360104341350961 ], [ -2.250361365091521, 51.359169509960338 ], [ -2.250361365091521, 51.356365015788469 ], [ -2.25110356870573, 51.355897600093158 ], [ -2.253330179548357, 51.357299847179092 ], [ -2.251845772319939, 51.358234678569715 ], [ -2.251845772319939, 51.359169509960338 ], [ -2.253330179548357, 51.360104341350961 ], [ -2.253330179548357, 51.36290883552283 ], [ -2.254072383162566, 51.363376251218142 ], [ -2.260010012076236, 51.363376251218142 ], [ -2.260752215690445, 51.363843666913453 ], [ -2.258525604847819, 51.365245913999388 ], [ -2.257041197619401, 51.365245913999388 ], [ -2.256298994005192, 51.365713329694699 ], [ -2.256298994005192, 51.367582992475946 ], [ -2.258525604847819, 51.36898523956188 ], [ -2.260010012076236, 51.36898523956188 ], [ -2.261494419304654, 51.369920070952503 ], [ -2.265947640989907, 51.367115576780634 ], [ -2.269658659060951, 51.369452655257192 ], [ -2.269658659060951, 51.370387486647815 ], [ -2.27040086267516, 51.370854902343126 ], [ -2.271885269903578, 51.370854902343126 ], [ -2.272627473517787, 51.371322318038438 ], [ -2.272627473517787, 51.372257149429061 ], [ -2.271143066289369, 51.373191980819684 ], [ -2.271143066289369, 51.37506164360093 ], [ -2.271885269903578, 51.375529059296241 ], [ -2.272627473517787, 51.37506164360093 ], [ -2.272627473517787, 51.374126812210307 ], [ -2.273369677131996, 51.373659396514995 ], [ -2.276338491588831, 51.373659396514995 ], [ -2.27708069520304, 51.373191980819684 ], [ -2.272627473517787, 51.370387486647815 ], [ -2.274111880746204, 51.369452655257192 ], [ -2.271143066289369, 51.367582992475946 ], [ -2.271143066289369, 51.366648161085322 ], [ -2.27040086267516, 51.366180745390011 ], [ -2.268916455446742, 51.366180745390011 ], [ -2.268174251832534, 51.365713329694699 ], [ -2.27040086267516, 51.364311082608765 ], [ -2.274854084360413, 51.364311082608765 ], [ -2.276338491588831, 51.363376251218142 ], [ -2.279307306045666, 51.363376251218142 ], [ -2.280049509659875, 51.363843666913453 ], [ -2.280049509659875, 51.365713329694699 ], [ -2.282276120502502, 51.367115576780634 ], [ -2.285244934959337, 51.367115576780634 ], [ -2.288213749416173, 51.365245913999388 ], [ -2.28969815664459, 51.365245913999388 ], [ -2.290440360258799, 51.365713329694699 ], [ -2.290440360258799, 51.367582992475946 ], [ -2.288955953030381, 51.368517823866569 ], [ -2.288955953030381, 51.372257149429061 ], [ -2.28969815664459, 51.372724565124372 ], [ -2.291182563873008, 51.372724565124372 ], [ -2.291924767487217, 51.373191980819684 ], [ -2.291924767487217, 51.374126812210307 ], [ -2.294893581944052, 51.375996474991553 ], [ -2.294893581944052, 51.377866137772799 ], [ -2.295635785558261, 51.37833355346811 ], [ -2.297120192786679, 51.37833355346811 ], [ -2.297862396400888, 51.377866137772799 ], [ -2.297862396400888, 51.376931306382176 ], [ -2.298604600015096, 51.376463890686864 ], [ -2.299346803629305, 51.376931306382176 ], [ -2.299346803629305, 51.378800969163422 ], [ -2.297862396400888, 51.379735800554045 ], [ -2.297862396400888, 51.380670631944668 ], [ -2.298604600015096, 51.381138047639979 ], [ -2.299346803629305, 51.380670631944668 ], [ -2.299346803629305, 51.379735800554045 ], [ -2.300089007243514, 51.379268384858733 ], [ -2.301573414471932, 51.380203216249356 ], [ -2.303057821700349, 51.380203216249356 ], [ -2.303800025314558, 51.380670631944668 ], [ -2.303800025314558, 51.381605463335291 ], [ -2.311222061456647, 51.386279620288406 ], [ -2.311222061456647, 51.388149283069652 ], [ -2.314190875913482, 51.390018945850898 ], [ -2.309737654228229, 51.392823440022767 ], [ -2.309737654228229, 51.397497596975882 ], [ -2.313448672299273, 51.399834675452439 ], [ -2.314933079527691, 51.399834675452439 ], [ -2.316417486756109, 51.398899844061816 ], [ -2.320870708441362, 51.398899844061816 ], [ -2.321612912055571, 51.399367259757128 ], [ -2.321612912055571, 51.401236922538374 ], [ -2.322355115669779, 51.401704338233685 ], [ -2.323839522898197, 51.401704338233685 ], [ -2.324581726512406, 51.402171753928997 ], [ -2.322355115669779, 51.403574001014931 ], [ -2.320870708441362, 51.403574001014931 ], [ -2.320128504827153, 51.404041416710243 ], [ -2.320128504827153, 51.404976248100866 ], [ -2.319386301212944, 51.405443663796177 ], [ -2.317901893984526, 51.404508832405554 ], [ -2.316417486756109, 51.404508832405554 ], [ -2.314933079527691, 51.403574001014931 ], [ -2.313448672299273, 51.403574001014931 ], [ -2.311222061456647, 51.404976248100866 ], [ -2.311222061456647, 51.405911079491489 ], [ -2.311964265070856, 51.4063784951868 ], [ -2.314933079527691, 51.4063784951868 ], [ -2.3156752831419, 51.406845910882112 ], [ -2.3156752831419, 51.408715573663358 ], [ -2.316417486756109, 51.409182989358669 ], [ -2.317901893984526, 51.409182989358669 ], [ -2.318644097598735, 51.409650405053981 ], [ -2.318644097598735, 51.410585236444604 ], [ -2.319386301212944, 51.411052652139915 ], [ -2.322355115669779, 51.411052652139915 ], [ -2.323097319283988, 51.410585236444604 ], [ -2.323097319283988, 51.409650405053981 ], [ -2.321612912055571, 51.408715573663358 ], [ -2.322355115669779, 51.408248157968046 ], [ -2.323839522898197, 51.408248157968046 ], [ -2.324581726512406, 51.407780742272735 ], [ -2.324581726512406, 51.405911079491489 ], [ -2.325323930126615, 51.405443663796177 ], [ -2.326808337355033, 51.405443663796177 ], [ -2.32829274458345, 51.404508832405554 ], [ -2.335714780725539, 51.404508832405554 ], [ -2.337199187953956, 51.403574001014931 ], [ -2.340168002410792, 51.403574001014931 ], [ -2.34165240963921, 51.404508832405554 ], [ -2.342394613253418, 51.404041416710243 ], [ -2.342394613253418, 51.40310658531962 ], [ -2.343136816867627, 51.402639169624308 ], [ -2.344621224096045, 51.402639169624308 ], [ -2.345363427710254, 51.402171753928997 ], [ -2.345363427710254, 51.401236922538374 ], [ -2.34759003855288, 51.399834675452439 ], [ -2.349074445781298, 51.400769506843062 ], [ -2.349816649395507, 51.400302091147751 ], [ -2.349816649395507, 51.399367259757128 ], [ -2.350558853009716, 51.398899844061816 ], [ -2.352043260238133, 51.398899844061816 ], [ -2.352785463852342, 51.399367259757128 ], [ -2.351301056623925, 51.400302091147751 ], [ -2.352043260238133, 51.400769506843062 ], [ -2.353527667466551, 51.399834675452439 ], [ -2.355012074694969, 51.399834675452439 ], [ -2.356496481923386, 51.400769506843062 ], [ -2.357980889151804, 51.399834675452439 ], [ -2.36094970360864, 51.399834675452439 ], [ -2.361691907222848, 51.399367259757128 ], [ -2.361691907222848, 51.398432428366505 ], [ -2.360207499994431, 51.397497596975882 ], [ -2.360207499994431, 51.396562765585259 ], [ -2.358723092766013, 51.395627934194636 ], [ -2.358723092766013, 51.394693102804013 ], [ -2.359465296380222, 51.394225687108701 ], [ -2.363918518065475, 51.39703018128057 ], [ -2.365402925293893, 51.396095349889947 ], [ -2.36688733252231, 51.39703018128057 ], [ -2.367629536136519, 51.396562765585259 ], [ -2.366145128908101, 51.395627934194636 ], [ -2.366145128908101, 51.394693102804013 ], [ -2.36688733252231, 51.394225687108701 ], [ -2.368371739750728, 51.394225687108701 ], [ -2.370598350593355, 51.392823440022767 ], [ -2.369856146979146, 51.392356024327455 ], [ -2.368371739750728, 51.392356024327455 ], [ -2.367629536136519, 51.391888608632144 ], [ -2.367629536136519, 51.390953777241521 ], [ -2.368371739750728, 51.390486361546209 ], [ -2.369856146979146, 51.391421192936832 ], [ -2.370598350593355, 51.390953777241521 ], [ -2.367629536136519, 51.389084114460275 ], [ -2.367629536136519, 51.388149283069652 ], [ -2.369113943364937, 51.387214451679029 ], [ -2.363918518065475, 51.383942541811848 ], [ -2.362434110837057, 51.383942541811848 ], [ -2.361691907222848, 51.383475126116537 ], [ -2.363176314451266, 51.382540294725914 ], [ -2.363176314451266, 51.381605463335291 ], [ -2.362434110837057, 51.381138047639979 ], [ -2.359465296380222, 51.381138047639979 ], [ -2.358723092766013, 51.380670631944668 ], [ -2.358723092766013, 51.377866137772799 ], [ -2.359465296380222, 51.377398722077487 ], [ -2.36094970360864, 51.37833355346811 ], [ -2.365402925293893, 51.37833355346811 ], [ -2.36688733252231, 51.379268384858733 ], [ -2.368371739750728, 51.379268384858733 ], [ -2.369856146979146, 51.380203216249356 ], [ -2.371340554207563, 51.380203216249356 ], [ -2.372082757821772, 51.379735800554045 ], [ -2.371340554207563, 51.379268384858733 ], [ -2.369856146979146, 51.379268384858733 ], [ -2.369113943364937, 51.378800969163422 ], [ -2.369113943364937, 51.377866137772799 ], [ -2.368371739750728, 51.377398722077487 ], [ -2.365402925293893, 51.377398722077487 ], [ -2.364660721679684, 51.376931306382176 ], [ -2.364660721679684, 51.37506164360093 ], [ -2.365402925293893, 51.374594227905618 ], [ -2.36688733252231, 51.374594227905618 ], [ -2.367629536136519, 51.374126812210307 ], [ -2.367629536136519, 51.371322318038438 ], [ -2.369113943364937, 51.370387486647815 ], [ -2.369113943364937, 51.369452655257192 ], [ -2.369856146979146, 51.36898523956188 ], [ -2.372824961435981, 51.36898523956188 ], [ -2.374309368664399, 51.369920070952503 ], [ -2.375051572278608, 51.369452655257192 ], [ -2.37356716505019, 51.368517823866569 ], [ -2.375051572278608, 51.367582992475946 ], [ -2.375051572278608, 51.366648161085322 ], [ -2.372824961435981, 51.365245913999388 ], [ -2.372082757821772, 51.365713329694699 ], [ -2.372082757821772, 51.366648161085322 ], [ -2.371340554207563, 51.367115576780634 ], [ -2.369113943364937, 51.365713329694699 ], [ -2.369113943364937, 51.364778498304076 ], [ -2.372082757821772, 51.36290883552283 ], [ -2.372082757821772, 51.361974004132207 ], [ -2.372824961435981, 51.361506588436896 ], [ -2.374309368664399, 51.361506588436896 ], [ -2.375051572278608, 51.361039172741584 ], [ -2.375051572278608, 51.360104341350961 ], [ -2.375793775892816, 51.35963692565565 ], [ -2.376535979507025, 51.360104341350961 ], [ -2.376535979507025, 51.361039172741584 ], [ -2.378762590349652, 51.362441419827519 ], [ -2.38024699757807, 51.361506588436896 ], [ -2.381731404806487, 51.361506588436896 ], [ -2.383958015649114, 51.360104341350961 ], [ -2.380989201192278, 51.358234678569715 ], [ -2.381731404806487, 51.357767262874404 ], [ -2.383215812034905, 51.357767262874404 ], [ -2.383958015649114, 51.357299847179092 ], [ -2.383958015649114, 51.354495353007223 ], [ -2.385442422877531, 51.3535605216166 ], [ -2.384700219263323, 51.353093105921289 ], [ -2.383215812034905, 51.354027937311912 ], [ -2.381731404806487, 51.353093105921289 ], [ -2.38024699757807, 51.354027937311912 ], [ -2.378762590349652, 51.354027937311912 ], [ -2.377278183121234, 51.354962768702535 ], [ -2.375793775892816, 51.354962768702535 ], [ -2.374309368664399, 51.355897600093158 ], [ -2.370598350593355, 51.3535605216166 ], [ -2.370598350593355, 51.352625690225977 ], [ -2.372082757821772, 51.351690858835354 ], [ -2.372082757821772, 51.349821196054108 ], [ -2.368371739750728, 51.347484117577551 ], [ -2.36688733252231, 51.347484117577551 ], [ -2.366145128908101, 51.347016701882239 ], [ -2.367629536136519, 51.346081870491616 ], [ -2.367629536136519, 51.345147039100993 ], [ -2.368371739750728, 51.344679623405682 ], [ -2.369856146979146, 51.344679623405682 ], [ -2.372824961435981, 51.342809960624436 ], [ -2.378762590349652, 51.342809960624436 ], [ -2.38024699757807, 51.341875129233813 ], [ -2.383215812034905, 51.341875129233813 ], [ -2.383958015649114, 51.341407713538501 ], [ -2.383958015649114, 51.339538050757255 ], [ -2.384700219263323, 51.339070635061944 ], [ -2.387669033720158, 51.339070635061944 ], [ -2.388411237334367, 51.339538050757255 ], [ -2.388411237334367, 51.340472882147878 ], [ -2.389153440948576, 51.34094029784319 ], [ -2.39286445901962, 51.338603219366632 ], [ -2.390637848176993, 51.337200972280698 ], [ -2.387669033720158, 51.337200972280698 ], [ -2.38618462649174, 51.336266140890075 ], [ -2.38024699757807, 51.336266140890075 ], [ -2.377278183121234, 51.338135803671321 ], [ -2.375793775892816, 51.338135803671321 ], [ -2.374309368664399, 51.337200972280698 ], [ -2.372824961435981, 51.337200972280698 ], [ -2.372082757821772, 51.337668387976009 ], [ -2.372082757821772, 51.338603219366632 ], [ -2.371340554207563, 51.339070635061944 ], [ -2.363918518065475, 51.339070635061944 ], [ -2.362434110837057, 51.338135803671321 ], [ -2.36094970360864, 51.338135803671321 ], [ -2.356496481923386, 51.34094029784319 ], [ -2.353527667466551, 51.34094029784319 ], [ -2.352785463852342, 51.340472882147878 ], [ -2.353527667466551, 51.340005466452567 ], [ -2.355012074694969, 51.340005466452567 ], [ -2.359465296380222, 51.337200972280698 ], [ -2.365402925293893, 51.337200972280698 ], [ -2.366145128908101, 51.336733556585386 ], [ -2.366145128908101, 51.335798725194763 ], [ -2.367629536136519, 51.33486389380414 ], [ -2.367629536136519, 51.333929062413517 ], [ -2.369856146979146, 51.332526815327583 ], [ -2.372824961435981, 51.332526815327583 ], [ -2.374309368664399, 51.33159198393696 ], [ -2.378762590349652, 51.33159198393696 ], [ -2.38024699757807, 51.330657152546337 ], [ -2.381731404806487, 51.330657152546337 ], [ -2.382473608420696, 51.331124568241648 ], [ -2.382473608420696, 51.332059399632271 ], [ -2.383215812034905, 51.332526815327583 ], [ -2.384700219263323, 51.332526815327583 ], [ -2.38618462649174, 51.333461646718206 ], [ -2.387669033720158, 51.333461646718206 ], [ -2.388411237334367, 51.333929062413517 ], [ -2.388411237334367, 51.33486389380414 ], [ -2.390637848176993, 51.336266140890075 ], [ -2.392122255405411, 51.336266140890075 ], [ -2.39286445901962, 51.335798725194763 ], [ -2.39286445901962, 51.333929062413517 ], [ -2.389895644562785, 51.332059399632271 ], [ -2.389895644562785, 51.331124568241648 ], [ -2.389153440948576, 51.330657152546337 ], [ -2.387669033720158, 51.330657152546337 ], [ -2.386926830105949, 51.330189736851025 ], [ -2.386926830105949, 51.329254905460402 ], [ -2.388411237334367, 51.328320074069779 ], [ -2.388411237334367, 51.326450411288533 ], [ -2.38618462649174, 51.325048164202599 ], [ -2.384700219263323, 51.325048164202599 ], [ -2.382473608420696, 51.323645917116664 ], [ -2.382473608420696, 51.322711085726041 ], [ -2.383215812034905, 51.32224367003073 ], [ -2.384700219263323, 51.32224367003073 ], [ -2.389153440948576, 51.319439175858861 ], [ -2.390637848176993, 51.319439175858861 ], [ -2.392122255405411, 51.318504344468238 ], [ -2.393606662633829, 51.318504344468238 ], [ -2.396575477090664, 51.316634681686992 ], [ -2.398059884319082, 51.316634681686992 ], [ -2.398802087933291, 51.31616726599168 ], [ -2.398802087933291, 51.315232434601057 ], [ -2.398059884319082, 51.314765018905746 ], [ -2.390637848176993, 51.314765018905746 ], [ -2.389153440948576, 51.315699850296369 ], [ -2.387669033720158, 51.315699850296369 ], [ -2.386926830105949, 51.315232434601057 ], [ -2.388411237334367, 51.314297603210434 ], [ -2.385442422877531, 51.312427940429188 ], [ -2.385442422877531, 51.311493109038565 ], [ -2.38618462649174, 51.311025693343254 ], [ -2.390637848176993, 51.311025693343254 ], [ -2.391380051791202, 51.310558277647942 ], [ -2.391380051791202, 51.309623446257319 ], [ -2.392122255405411, 51.309156030562008 ], [ -2.393606662633829, 51.309156030562008 ], [ -2.395091069862247, 51.310090861952631 ], [ -2.408450734918006, 51.310090861952631 ], [ -2.409192938532215, 51.310558277647942 ], [ -2.409192938532215, 51.311493109038565 ], [ -2.409935142146423, 51.311960524733877 ], [ -2.411419549374841, 51.311960524733877 ], [ -2.41216175298905, 51.311493109038565 ], [ -2.41216175298905, 51.308688614866696 ], [ -2.412903956603259, 51.308221199171385 ], [ -2.417357178288512, 51.308221199171385 ], [ -2.41884158551693, 51.309156030562008 ], [ -2.420325992745347, 51.309156030562008 ], [ -2.421068196359556, 51.309623446257319 ], [ -2.420325992745347, 51.310090861952631 ], [ -2.415872771060094, 51.310090861952631 ], [ -2.413646160217468, 51.311493109038565 ], [ -2.413646160217468, 51.312427940429188 ], [ -2.41216175298905, 51.313362771819811 ], [ -2.41216175298905, 51.314297603210434 ], [ -2.412903956603259, 51.314765018905746 ], [ -2.414388363831677, 51.314765018905746 ], [ -2.415872771060094, 51.315699850296369 ], [ -2.417357178288512, 51.315699850296369 ], [ -2.41884158551693, 51.316634681686992 ], [ -2.420325992745347, 51.316634681686992 ], [ -2.424037010816392, 51.314297603210434 ], [ -2.424037010816392, 51.313362771819811 ], [ -2.422552603587974, 51.312427940429188 ], [ -2.422552603587974, 51.309623446257319 ], [ -2.423294807202183, 51.309156030562008 ], [ -2.424037010816392, 51.309623446257319 ], [ -2.424037010816392, 51.310558277647942 ], [ -2.4247792144306, 51.311025693343254 ], [ -2.429232436115853, 51.311025693343254 ], [ -2.430716843344271, 51.311960524733877 ], [ -2.432201250572689, 51.311960524733877 ], [ -2.435170065029524, 51.313830187515123 ], [ -2.436654472257942, 51.313830187515123 ], [ -2.437396675872151, 51.313362771819811 ], [ -2.435912268643733, 51.312427940429188 ], [ -2.439623286714777, 51.310090861952631 ], [ -2.441107693943195, 51.310090861952631 ], [ -2.44407650840003, 51.308221199171385 ], [ -2.445560915628448, 51.308221199171385 ], [ -2.447045322856866, 51.309156030562008 ], [ -2.447787526471075, 51.308688614866696 ], [ -2.447787526471075, 51.30681895208545 ], [ -2.448529730085284, 51.306351536390139 ], [ -2.449271933699492, 51.30681895208545 ], [ -2.449271933699492, 51.308688614866696 ], [ -2.45075634092791, 51.309623446257319 ], [ -2.449271933699492, 51.310558277647942 ], [ -2.450014137313701, 51.311025693343254 ], [ -2.452982951770537, 51.311025693343254 ], [ -2.453725155384745, 51.310558277647942 ], [ -2.45075634092791, 51.308688614866696 ], [ -2.452240748156328, 51.307753783476073 ], [ -2.449271933699492, 51.305884120694827 ], [ -2.449271933699492, 51.304014457913581 ], [ -2.450014137313701, 51.30354704221827 ], [ -2.451498544542119, 51.304481873608893 ], [ -2.454467358998954, 51.304481873608893 ], [ -2.455209562613163, 51.304949289304204 ], [ -2.455209562613163, 51.305884120694827 ], [ -2.453725155384745, 51.30681895208545 ], [ -2.454467358998954, 51.307286367780762 ], [ -2.455951766227372, 51.306351536390139 ], [ -2.45743617345579, 51.306351536390139 ], [ -2.458920580684207, 51.307286367780762 ], [ -2.461889395141043, 51.307286367780762 ], [ -2.462631598755252, 51.30681895208545 ], [ -2.462631598755252, 51.303079626522958 ], [ -2.460404987912625, 51.301677379437024 ], [ -2.458920580684207, 51.302612210827647 ], [ -2.458178377069999, 51.302144795132335 ], [ -2.458178377069999, 51.301209963741712 ], [ -2.459662784298416, 51.300275132351089 ], [ -2.459662784298416, 51.298405469569843 ], [ -2.45743617345579, 51.297003222483909 ], [ -2.455951766227372, 51.297003222483909 ], [ -2.453725155384745, 51.295600975397974 ], [ -2.453725155384745, 51.294666144007351 ], [ -2.454467358998954, 51.29419872831204 ], [ -2.455951766227372, 51.29419872831204 ], [ -2.45743617345579, 51.293263896921417 ], [ -2.470795838511549, 51.293263896921417 ], [ -2.472280245739967, 51.292329065530794 ], [ -2.473764652968384, 51.292329065530794 ], [ -2.475249060196802, 51.291394234140171 ], [ -2.47673346742522, 51.292329065530794 ], [ -2.478217874653637, 51.292329065530794 ], [ -2.478960078267846, 51.291861649835482 ], [ -2.478960078267846, 51.290926818444859 ], [ -2.481928892724682, 51.289057155663613 ], [ -2.481928892724682, 51.286252661491744 ], [ -2.481186689110473, 51.285785245796433 ], [ -2.479702281882055, 51.285785245796433 ], [ -2.478960078267846, 51.286252661491744 ], [ -2.478960078267846, 51.287187492882367 ], [ -2.478217874653637, 51.287654908577679 ], [ -2.473764652968384, 51.287654908577679 ], [ -2.472280245739967, 51.288589739968302 ], [ -2.471538042125758, 51.28812232427299 ], [ -2.471538042125758, 51.287187492882367 ], [ -2.472280245739967, 51.286720077187056 ], [ -2.473764652968384, 51.286720077187056 ], [ -2.474506856582593, 51.286252661491744 ], [ -2.474506856582593, 51.284382998710498 ], [ -2.475991263811011, 51.283448167319875 ], [ -2.474506856582593, 51.282513335929252 ], [ -2.474506856582593, 51.281578504538629 ], [ -2.475991263811011, 51.280643673148006 ], [ -2.475991263811011, 51.27877401036676 ], [ -2.473022449354175, 51.276904347585514 ], [ -2.473022449354175, 51.275969516194891 ], [ -2.473764652968384, 51.27550210049958 ], [ -2.475249060196802, 51.276436931890203 ], [ -2.47673346742522, 51.27550210049958 ], [ -2.478217874653637, 51.276436931890203 ], [ -2.479702281882055, 51.27550210049958 ], [ -2.481186689110473, 51.27550210049958 ], [ -2.481928892724682, 51.275034684804268 ], [ -2.478217874653637, 51.272697606327711 ], [ -2.47673346742522, 51.272697606327711 ], [ -2.475991263811011, 51.273165022023022 ], [ -2.475991263811011, 51.274099853413645 ], [ -2.475249060196802, 51.274567269108957 ], [ -2.472280245739967, 51.274567269108957 ], [ -2.471538042125758, 51.275034684804268 ], [ -2.471538042125758, 51.275969516194891 ], [ -2.470795838511549, 51.276436931890203 ], [ -2.469311431283131, 51.27550210049958 ], [ -2.466342616826296, 51.27550210049958 ], [ -2.465600413212087, 51.275034684804268 ], [ -2.465600413212087, 51.274099853413645 ], [ -2.464116005983669, 51.273165022023022 ], [ -2.464116005983669, 51.272230190632399 ], [ -2.464858209597878, 51.271762774937088 ], [ -2.466342616826296, 51.271762774937088 ], [ -2.467084820440505, 51.272230190632399 ], [ -2.467084820440505, 51.273165022023022 ], [ -2.467827024054714, 51.273632437718334 ], [ -2.470795838511549, 51.273632437718334 ], [ -2.471538042125758, 51.273165022023022 ], [ -2.471538042125758, 51.272230190632399 ], [ -2.472280245739967, 51.271762774937088 ], [ -2.48267109633889, 51.271762774937088 ], [ -2.484155503567308, 51.270827943546465 ], [ -2.484897707181517, 51.271295359241776 ], [ -2.484897707181517, 51.272230190632399 ], [ -2.485639910795726, 51.272697606327711 ], [ -2.486382114409935, 51.272230190632399 ], [ -2.486382114409935, 51.26942569646053 ], [ -2.487866521638352, 51.268490865069907 ], [ -2.486382114409935, 51.267556033679284 ], [ -2.486382114409935, 51.263816708116792 ], [ -2.487866521638352, 51.262881876726169 ], [ -2.487866521638352, 51.261947045335546 ], [ -2.487124318024144, 51.261479629640235 ], [ -2.484897707181517, 51.262881876726169 ], [ -2.484897707181517, 51.263816708116792 ], [ -2.483413299953099, 51.264751539507415 ], [ -2.483413299953099, 51.265686370898038 ], [ -2.481928892724682, 51.266621202288661 ], [ -2.481928892724682, 51.267556033679284 ], [ -2.479702281882055, 51.268958280765219 ], [ -2.472280245739967, 51.268958280765219 ], [ -2.470795838511549, 51.268023449374596 ], [ -2.461889395141043, 51.268023449374596 ], [ -2.461147191526834, 51.267556033679284 ], [ -2.461147191526834, 51.266621202288661 ], [ -2.459662784298416, 51.265686370898038 ], [ -2.459662784298416, 51.262881876726169 ], [ -2.460404987912625, 51.262414461030858 ], [ -2.46337380236946, 51.262414461030858 ], [ -2.465600413212087, 51.261012213944923 ], [ -2.465600413212087, 51.258207719773054 ], [ -2.468569227668922, 51.256338056991808 ], [ -2.468569227668922, 51.255403225601185 ], [ -2.471538042125758, 51.253533562819939 ], [ -2.469311431283131, 51.252131315734005 ], [ -2.467084820440505, 51.253533562819939 ], [ -2.467084820440505, 51.254468394210562 ], [ -2.466342616826296, 51.254935809905874 ], [ -2.46337380236946, 51.254935809905874 ], [ -2.462631598755252, 51.255403225601185 ], [ -2.464116005983669, 51.256338056991808 ], [ -2.46337380236946, 51.25680547268712 ], [ -2.460404987912625, 51.25680547268712 ], [ -2.459662784298416, 51.256338056991808 ], [ -2.459662784298416, 51.255403225601185 ], [ -2.458920580684207, 51.254935809905874 ], [ -2.45743617345579, 51.254935809905874 ], [ -2.456693969841581, 51.255403225601185 ], [ -2.459662784298416, 51.257272888382431 ], [ -2.459662784298416, 51.258207719773054 ], [ -2.458178377069999, 51.259142551163677 ], [ -2.458178377069999, 51.2600773825543 ], [ -2.45743617345579, 51.260544798249612 ], [ -2.456693969841581, 51.2600773825543 ], [ -2.456693969841581, 51.259142551163677 ], [ -2.455951766227372, 51.258675135468366 ], [ -2.454467358998954, 51.258675135468366 ], [ -2.453725155384745, 51.258207719773054 ], [ -2.453725155384745, 51.255403225601185 ], [ -2.455951766227372, 51.254000978515251 ], [ -2.45743617345579, 51.254000978515251 ], [ -2.458178377069999, 51.253533562819939 ], [ -2.458178377069999, 51.246989743085578 ], [ -2.459662784298416, 51.246054911694955 ], [ -2.459662784298416, 51.244185248913709 ], [ -2.458178377069999, 51.243250417523086 ], [ -2.458178377069999, 51.242315586132463 ], [ -2.455951766227372, 51.240913339046529 ], [ -2.452982951770537, 51.240913339046529 ], [ -2.452240748156328, 51.240445923351217 ], [ -2.453725155384745, 51.239511091960594 ], [ -2.452240748156328, 51.238576260569971 ], [ -2.452982951770537, 51.23810884487466 ], [ -2.454467358998954, 51.23810884487466 ], [ -2.455951766227372, 51.237174013484037 ], [ -2.45743617345579, 51.237174013484037 ], [ -2.458178377069999, 51.236706597788725 ], [ -2.45743617345579, 51.236239182093414 ], [ -2.455951766227372, 51.236239182093414 ], [ -2.454467358998954, 51.235304350702791 ], [ -2.448529730085284, 51.235304350702791 ], [ -2.447787526471075, 51.234836935007479 ], [ -2.447787526471075, 51.233902103616856 ], [ -2.444818712014239, 51.23203244083561 ], [ -2.445560915628448, 51.231565025140299 ], [ -2.452982951770537, 51.231565025140299 ], [ -2.453725155384745, 51.23203244083561 ], [ -2.453725155384745, 51.232967272226233 ], [ -2.454467358998954, 51.233434687921545 ], [ -2.455951766227372, 51.233434687921545 ], [ -2.456693969841581, 51.232967272226233 ], [ -2.456693969841581, 51.23203244083561 ], [ -2.45743617345579, 51.231565025140299 ], [ -2.458920580684207, 51.231565025140299 ], [ -2.460404987912625, 51.232499856530922 ], [ -2.461889395141043, 51.232499856530922 ], [ -2.46337380236946, 51.233434687921545 ], [ -2.464858209597878, 51.233434687921545 ], [ -2.465600413212087, 51.232967272226233 ], [ -2.465600413212087, 51.23203244083561 ], [ -2.464858209597878, 51.231565025140299 ], [ -2.46337380236946, 51.231565025140299 ], [ -2.460404987912625, 51.229695362359053 ], [ -2.45743617345579, 51.229695362359053 ], [ -2.455951766227372, 51.22876053096843 ], [ -2.454467358998954, 51.22876053096843 ], [ -2.453725155384745, 51.228293115273118 ], [ -2.453725155384745, 51.227358283882495 ], [ -2.454467358998954, 51.226890868187184 ], [ -2.455951766227372, 51.226890868187184 ], [ -2.456693969841581, 51.226423452491872 ], [ -2.456693969841581, 51.225488621101249 ], [ -2.45743617345579, 51.225021205405938 ], [ -2.458920580684207, 51.225021205405938 ], [ -2.460404987912625, 51.224086374015315 ], [ -2.46337380236946, 51.224086374015315 ], [ -2.464858209597878, 51.223151542624692 ], [ -2.466342616826296, 51.223151542624692 ], [ -2.467084820440505, 51.22268412692938 ], [ -2.464858209597878, 51.221281879843445 ], [ -2.461889395141043, 51.221281879843445 ], [ -2.461147191526834, 51.220814464148134 ], [ -2.461147191526834, 51.219879632757511 ], [ -2.459662784298416, 51.218944801366888 ], [ -2.460404987912625, 51.218477385671576 ], [ -2.461889395141043, 51.218477385671576 ], [ -2.46337380236946, 51.219412217062199 ], [ -2.466342616826296, 51.219412217062199 ], [ -2.467827024054714, 51.220347048452822 ], [ -2.470795838511549, 51.220347048452822 ], [ -2.471538042125758, 51.220814464148134 ], [ -2.471538042125758, 51.221749295538757 ], [ -2.472280245739967, 51.222216711234068 ], [ -2.473764652968384, 51.221281879843445 ], [ -2.475249060196802, 51.221281879843445 ], [ -2.477475671039429, 51.219879632757511 ], [ -2.47673346742522, 51.219412217062199 ], [ -2.475249060196802, 51.219412217062199 ], [ -2.473764652968384, 51.220347048452822 ], [ -2.473022449354175, 51.219879632757511 ], [ -2.473022449354175, 51.218009969976265 ], [ -2.472280245739967, 51.217542554280953 ], [ -2.470795838511549, 51.218477385671576 ], [ -2.467827024054714, 51.218477385671576 ], [ -2.467084820440505, 51.218009969976265 ], [ -2.467084820440505, 51.217075138585642 ], [ -2.466342616826296, 51.21660772289033 ], [ -2.464858209597878, 51.21660772289033 ], [ -2.464116005983669, 51.216140307195019 ], [ -2.467084820440505, 51.214270644413773 ], [ -2.467084820440505, 51.21333581302315 ], [ -2.467827024054714, 51.212868397327838 ], [ -2.472280245739967, 51.212868397327838 ], [ -2.475249060196802, 51.214738060109084 ], [ -2.475991263811011, 51.214270644413773 ], [ -2.475991263811011, 51.212400981632527 ], [ -2.475249060196802, 51.211933565937215 ], [ -2.473764652968384, 51.212868397327838 ], [ -2.473022449354175, 51.212400981632527 ], [ -2.473022449354175, 51.211466150241904 ], [ -2.475249060196802, 51.210063903155969 ], [ -2.478217874653637, 51.210063903155969 ], [ -2.479702281882055, 51.209129071765346 ], [ -2.481186689110473, 51.209129071765346 ], [ -2.483413299953099, 51.210531318851281 ], [ -2.483413299953099, 51.21333581302315 ], [ -2.481928892724682, 51.214270644413773 ], [ -2.481928892724682, 51.215205475804396 ], [ -2.481186689110473, 51.215672891499707 ], [ -2.478217874653637, 51.213803228718461 ], [ -2.477475671039429, 51.214270644413773 ], [ -2.477475671039429, 51.217075138585642 ], [ -2.478960078267846, 51.218009969976265 ], [ -2.478960078267846, 51.220814464148134 ], [ -2.47673346742522, 51.222216711234068 ], [ -2.475249060196802, 51.222216711234068 ], [ -2.474506856582593, 51.22268412692938 ], [ -2.475249060196802, 51.223151542624692 ], [ -2.47673346742522, 51.223151542624692 ], [ -2.478217874653637, 51.222216711234068 ], [ -2.478960078267846, 51.22268412692938 ], [ -2.478960078267846, 51.226423452491872 ], [ -2.477475671039429, 51.227358283882495 ], [ -2.478217874653637, 51.227825699577807 ], [ -2.480444485496264, 51.226423452491872 ], [ -2.480444485496264, 51.225488621101249 ], [ -2.481928892724682, 51.224553789710626 ], [ -2.481928892724682, 51.223618958320003 ], [ -2.48267109633889, 51.223151542624692 ], [ -2.487124318024144, 51.223151542624692 ], [ -2.488608725252561, 51.222216711234068 ], [ -2.493061946937814, 51.222216711234068 ], [ -2.493804150552023, 51.221749295538757 ], [ -2.493061946937814, 51.221281879843445 ], [ -2.491577539709397, 51.221281879843445 ], [ -2.490093132480979, 51.220347048452822 ], [ -2.487124318024144, 51.220347048452822 ], [ -2.485639910795726, 51.219412217062199 ], [ -2.484155503567308, 51.219412217062199 ], [ -2.483413299953099, 51.218944801366888 ], [ -2.487866521638352, 51.216140307195019 ], [ -2.487866521638352, 51.215205475804396 ], [ -2.48935092886677, 51.214270644413773 ], [ -2.48935092886677, 51.212400981632527 ], [ -2.490835336095188, 51.211466150241904 ], [ -2.490835336095188, 51.210531318851281 ], [ -2.492319743323606, 51.209596487460658 ], [ -2.490835336095188, 51.208661656070035 ], [ -2.491577539709397, 51.208194240374723 ], [ -2.493061946937814, 51.208194240374723 ], [ -2.494546354166232, 51.209129071765346 ], [ -2.498999575851485, 51.209129071765346 ], [ -2.499741779465694, 51.209596487460658 ], [ -2.498257372237276, 51.210531318851281 ], [ -2.498257372237276, 51.21333581302315 ], [ -2.498999575851485, 51.213803228718461 ], [ -2.501968390308321, 51.213803228718461 ], [ -2.502710593922529, 51.21333581302315 ], [ -2.502710593922529, 51.212400981632527 ], [ -2.504937204765156, 51.210998734546592 ], [ -2.507906019221991, 51.210998734546592 ], [ -2.509390426450409, 51.211933565937215 ], [ -2.512359240907244, 51.211933565937215 ], [ -2.513101444521453, 51.211466150241904 ], [ -2.513101444521453, 51.209596487460658 ], [ -2.512359240907244, 51.209129071765346 ], [ -2.509390426450409, 51.209129071765346 ], [ -2.507906019221991, 51.210063903155969 ], [ -2.507163815607782, 51.209596487460658 ], [ -2.507163815607782, 51.208661656070035 ], [ -2.507906019221991, 51.208194240374723 ], [ -2.509390426450409, 51.208194240374723 ], [ -2.510132630064618, 51.207726824679412 ], [ -2.510132630064618, 51.205857161898166 ], [ -2.509390426450409, 51.205389746202854 ], [ -2.507906019221991, 51.205389746202854 ], [ -2.507163815607782, 51.204922330507543 ], [ -2.507163815607782, 51.203052667726297 ], [ -2.5086482228362, 51.202117836335674 ], [ -2.5086482228362, 51.197443679382559 ], [ -2.509390426450409, 51.196976263687247 ], [ -2.510874833678827, 51.196976263687247 ], [ -2.511617037293036, 51.196508847991936 ], [ -2.511617037293036, 51.195574016601313 ], [ -2.512359240907244, 51.195106600906001 ], [ -2.513101444521453, 51.195574016601313 ], [ -2.513101444521453, 51.197443679382559 ], [ -2.514585851749871, 51.198378510773182 ], [ -2.514585851749871, 51.199313342163805 ], [ -2.516812462592497, 51.200715589249739 ], [ -2.518296869820915, 51.200715589249739 ], [ -2.519039073435124, 51.200248173554428 ], [ -2.519039073435124, 51.198378510773182 ], [ -2.520523480663542, 51.197443679382559 ], [ -2.520523480663542, 51.195574016601313 ], [ -2.522750091506168, 51.194171769515378 ], [ -2.528687720419839, 51.194171769515378 ], [ -2.530914331262466, 51.192769522429444 ], [ -2.530914331262466, 51.190899859648198 ], [ -2.531656534876674, 51.190432443952886 ], [ -2.533883145719301, 51.191834691038821 ], [ -2.533883145719301, 51.19463918521069 ], [ -2.535367552947719, 51.195574016601313 ], [ -2.535367552947719, 51.198378510773182 ], [ -2.536851960176136, 51.199313342163805 ], [ -2.536851960176136, 51.20398749911692 ], [ -2.538336367404554, 51.204922330507543 ], [ -2.538336367404554, 51.205857161898166 ], [ -2.537594163790345, 51.206324577593477 ], [ -2.53462534933351, 51.206324577593477 ], [ -2.533883145719301, 51.206791993288789 ], [ -2.533883145719301, 51.207726824679412 ], [ -2.53462534933351, 51.208194240374723 ], [ -2.537594163790345, 51.208194240374723 ], [ -2.539078571018763, 51.209129071765346 ], [ -2.541305181861389, 51.207726824679412 ], [ -2.541305181861389, 51.203052667726297 ], [ -2.542047385475598, 51.202585252030985 ], [ -2.543531792704016, 51.202585252030985 ], [ -2.545758403546643, 51.201183004945051 ], [ -2.545758403546643, 51.199313342163805 ], [ -2.543531792704016, 51.19791109507787 ], [ -2.542047385475598, 51.198845926468493 ], [ -2.540562978247181, 51.198845926468493 ], [ -2.539820774632972, 51.198378510773182 ], [ -2.539820774632972, 51.19463918521069 ], [ -2.540562978247181, 51.194171769515378 ], [ -2.542047385475598, 51.195106600906001 ], [ -2.542789589089807, 51.19463918521069 ], [ -2.542789589089807, 51.192769522429444 ], [ -2.543531792704016, 51.192302106734132 ], [ -2.544273996318225, 51.192769522429444 ], [ -2.544273996318225, 51.193704353820067 ], [ -2.546500607160851, 51.195106600906001 ], [ -2.547985014389269, 51.194171769515378 ], [ -2.558375864988193, 51.194171769515378 ], [ -2.559118068602402, 51.193704353820067 ], [ -2.558375864988193, 51.193236938124755 ], [ -2.556891457759775, 51.193236938124755 ], [ -2.555407050531358, 51.192302106734132 ], [ -2.55392264330294, 51.192302106734132 ], [ -2.553180439688731, 51.191834691038821 ], [ -2.553180439688731, 51.190899859648198 ], [ -2.551696032460313, 51.189965028257575 ], [ -2.551696032460313, 51.189030196866952 ], [ -2.550953828846104, 51.18856278117164 ], [ -2.549469421617687, 51.189497612562263 ], [ -2.548727218003478, 51.189030196866952 ], [ -2.548727218003478, 51.187160534085706 ], [ -2.550211625231896, 51.186225702695083 ], [ -2.550211625231896, 51.184356039913837 ], [ -2.551696032460313, 51.183421208523214 ], [ -2.550953828846104, 51.182953792827902 ], [ -2.549469421617687, 51.183888624218525 ], [ -2.547985014389269, 51.183888624218525 ], [ -2.546500607160851, 51.184823455609148 ], [ -2.545016199932434, 51.184823455609148 ], [ -2.544273996318225, 51.184356039913837 ], [ -2.544273996318225, 51.183421208523214 ], [ -2.542789589089807, 51.182486377132591 ], [ -2.542789589089807, 51.179681882960722 ], [ -2.541305181861389, 51.178747051570099 ], [ -2.543531792704016, 51.177344804484164 ], [ -2.545016199932434, 51.178279635874787 ], [ -2.546500607160851, 51.178279635874787 ], [ -2.54724281077506, 51.177812220179476 ], [ -2.54724281077506, 51.176877388788853 ], [ -2.546500607160851, 51.176409973093541 ], [ -2.545016199932434, 51.176409973093541 ], [ -2.543531792704016, 51.175475141702918 ], [ -2.540562978247181, 51.175475141702918 ], [ -2.538336367404554, 51.174072894616984 ], [ -2.538336367404554, 51.172203231835738 ], [ -2.539078571018763, 51.171735816140426 ], [ -2.540562978247181, 51.171735816140426 ], [ -2.542047385475598, 51.170800984749803 ], [ -2.545016199932434, 51.172670647531049 ], [ -2.552438236074522, 51.172670647531049 ], [ -2.55392264330294, 51.171735816140426 ], [ -2.558375864988193, 51.171735816140426 ], [ -2.559860272216611, 51.170800984749803 ], [ -2.564313493901864, 51.170800984749803 ], [ -2.565055697516073, 51.170333569054492 ], [ -2.565055697516073, 51.169398737663869 ], [ -2.564313493901864, 51.168931321968557 ], [ -2.561344679445028, 51.168931321968557 ], [ -2.559860272216611, 51.167996490577934 ], [ -2.556891457759775, 51.167996490577934 ], [ -2.555407050531358, 51.167061659187311 ], [ -2.55392264330294, 51.167061659187311 ], [ -2.553180439688731, 51.167529074882623 ], [ -2.553180439688731, 51.168463906273246 ], [ -2.552438236074522, 51.168931321968557 ], [ -2.542047385475598, 51.168931321968557 ], [ -2.541305181861389, 51.168463906273246 ] ], [ [ -2.475991263811011, 51.20398749911692 ], [ -2.477475671039429, 51.204922330507543 ], [ -2.477475671039429, 51.205857161898166 ], [ -2.47673346742522, 51.206324577593477 ], [ -2.475249060196802, 51.206324577593477 ], [ -2.473764652968384, 51.2072594089841 ], [ -2.472280245739967, 51.2072594089841 ], [ -2.471538042125758, 51.207726824679412 ], [ -2.471538042125758, 51.208661656070035 ], [ -2.470795838511549, 51.209129071765346 ], [ -2.469311431283131, 51.209129071765346 ], [ -2.467084820440505, 51.210531318851281 ], [ -2.467084820440505, 51.211466150241904 ], [ -2.466342616826296, 51.211933565937215 ], [ -2.46337380236946, 51.211933565937215 ], [ -2.461889395141043, 51.212868397327838 ], [ -2.45743617345579, 51.212868397327838 ], [ -2.455951766227372, 51.213803228718461 ], [ -2.451498544542119, 51.213803228718461 ], [ -2.45075634092791, 51.21333581302315 ], [ -2.45075634092791, 51.211466150241904 ], [ -2.452240748156328, 51.210531318851281 ], [ -2.452240748156328, 51.206791993288789 ], [ -2.45075634092791, 51.205857161898166 ], [ -2.452982951770537, 51.204454914812231 ], [ -2.454467358998954, 51.204454914812231 ], [ -2.458920580684207, 51.201650420640362 ], [ -2.461889395141043, 51.201650420640362 ], [ -2.46337380236946, 51.202585252030985 ], [ -2.464858209597878, 51.202585252030985 ], [ -2.466342616826296, 51.201650420640362 ], [ -2.472280245739967, 51.201650420640362 ], [ -2.473764652968384, 51.202585252030985 ], [ -2.475249060196802, 51.202585252030985 ], [ -2.475991263811011, 51.203052667726297 ], [ -2.475991263811011, 51.20398749911692 ] ], [ [ -2.43813887948636, 51.166126827796688 ], [ -2.436654472257942, 51.166126827796688 ], [ -2.435912268643733, 51.166594243492 ], [ -2.435912268643733, 51.167529074882623 ], [ -2.434427861415315, 51.168463906273246 ], [ -2.434427861415315, 51.170333569054492 ], [ -2.432943454186898, 51.171268400445115 ], [ -2.434427861415315, 51.172203231835738 ], [ -2.433685657801107, 51.172670647531049 ], [ -2.429232436115853, 51.172670647531049 ], [ -2.428490232501645, 51.172203231835738 ], [ -2.428490232501645, 51.171268400445115 ], [ -2.427748028887436, 51.170800984749803 ], [ -2.4247792144306, 51.170800984749803 ], [ -2.424037010816392, 51.170333569054492 ], [ -2.424037010816392, 51.169398737663869 ], [ -2.423294807202183, 51.168931321968557 ], [ -2.421810399973765, 51.168931321968557 ], [ -2.421068196359556, 51.168463906273246 ], [ -2.424037010816392, 51.166594243492 ], [ -2.422552603587974, 51.165659412101377 ], [ -2.422552603587974, 51.163789749320131 ], [ -2.425521418044809, 51.161920086538885 ], [ -2.424037010816392, 51.160985255148262 ], [ -2.4247792144306, 51.16051783945295 ], [ -2.429232436115853, 51.16051783945295 ], [ -2.430716843344271, 51.159583008062327 ], [ -2.432201250572689, 51.159583008062327 ], [ -2.432943454186898, 51.160050423757639 ], [ -2.432943454186898, 51.160985255148262 ], [ -2.433685657801107, 51.161452670843573 ], [ -2.43813887948636, 51.161452670843573 ], [ -2.438881083100569, 51.160985255148262 ], [ -2.438881083100569, 51.160050423757639 ], [ -2.440365490328986, 51.159115592367016 ], [ -2.440365490328986, 51.15724592958577 ], [ -2.441849897557404, 51.156311098195147 ], [ -2.441849897557404, 51.154441435413901 ], [ -2.442592101171613, 51.153974019718589 ], [ -2.445560915628448, 51.153974019718589 ], [ -2.446303119242657, 51.153506604023278 ], [ -2.446303119242657, 51.152571772632655 ], [ -2.447045322856866, 51.152104356937343 ], [ -2.447787526471075, 51.152571772632655 ], [ -2.447787526471075, 51.154441435413901 ], [ -2.446303119242657, 51.155376266804524 ], [ -2.446303119242657, 51.158180760976393 ], [ -2.444818712014239, 51.159115592367016 ], [ -2.444818712014239, 51.160050423757639 ], [ -2.443334304785822, 51.160985255148262 ], [ -2.443334304785822, 51.162854917929508 ], [ -2.441849897557404, 51.163789749320131 ], [ -2.441849897557404, 51.164724580710754 ], [ -2.441107693943195, 51.165191996406065 ], [ -2.439623286714777, 51.165191996406065 ], [ -2.43813887948636, 51.166126827796688 ] ], [ [ -2.406966327689588, 51.162387502234196 ], [ -2.401028698775917, 51.162387502234196 ], [ -2.395833273476455, 51.165659412101377 ], [ -2.395833273476455, 51.169398737663869 ], [ -2.397317680704873, 51.170333569054492 ], [ -2.397317680704873, 51.172203231835738 ], [ -2.395833273476455, 51.173138063226361 ], [ -2.395833273476455, 51.17594255739823 ], [ -2.395091069862247, 51.176409973093541 ], [ -2.393606662633829, 51.176409973093541 ], [ -2.392122255405411, 51.177344804484164 ], [ -2.390637848176993, 51.177344804484164 ], [ -2.389153440948576, 51.178279635874787 ], [ -2.387669033720158, 51.178279635874787 ], [ -2.386926830105949, 51.178747051570099 ], [ -2.386926830105949, 51.179681882960722 ], [ -2.38618462649174, 51.180149298656033 ], [ -2.384700219263323, 51.180149298656033 ], [ -2.380989201192278, 51.182486377132591 ], [ -2.380989201192278, 51.183421208523214 ], [ -2.378020386735443, 51.18529087130446 ], [ -2.378020386735443, 51.186225702695083 ], [ -2.376535979507025, 51.187160534085706 ], [ -2.376535979507025, 51.188095365476329 ], [ -2.375793775892816, 51.18856278117164 ], [ -2.374309368664399, 51.187627949781017 ], [ -2.372824961435981, 51.187627949781017 ], [ -2.371340554207563, 51.186693118390394 ], [ -2.369856146979146, 51.186693118390394 ], [ -2.367629536136519, 51.18529087130446 ], [ -2.367629536136519, 51.183421208523214 ], [ -2.368371739750728, 51.182953792827902 ], [ -2.369856146979146, 51.182953792827902 ], [ -2.371340554207563, 51.183888624218525 ], [ -2.372824961435981, 51.182953792827902 ], [ -2.374309368664399, 51.182953792827902 ], [ -2.377278183121234, 51.181084130046656 ], [ -2.378762590349652, 51.181084130046656 ], [ -2.382473608420696, 51.178747051570099 ], [ -2.382473608420696, 51.17594255739823 ], [ -2.38024699757807, 51.174540310312295 ], [ -2.378762590349652, 51.174540310312295 ], [ -2.377278183121234, 51.173605478921672 ], [ -2.372824961435981, 51.173605478921672 ], [ -2.372082757821772, 51.173138063226361 ], [ -2.372082757821772, 51.171268400445115 ], [ -2.37356716505019, 51.170333569054492 ], [ -2.37356716505019, 51.169398737663869 ], [ -2.372082757821772, 51.168463906273246 ], [ -2.372082757821772, 51.167529074882623 ], [ -2.375051572278608, 51.165659412101377 ], [ -2.375051572278608, 51.163789749320131 ], [ -2.37356716505019, 51.162854917929508 ], [ -2.37356716505019, 51.161920086538885 ], [ -2.374309368664399, 51.161452670843573 ], [ -2.375793775892816, 51.161452670843573 ], [ -2.377278183121234, 51.16051783945295 ], [ -2.378762590349652, 51.161452670843573 ], [ -2.38024699757807, 51.161452670843573 ], [ -2.381731404806487, 51.162387502234196 ], [ -2.384700219263323, 51.162387502234196 ], [ -2.385442422877531, 51.161920086538885 ], [ -2.385442422877531, 51.160985255148262 ], [ -2.389153440948576, 51.158648176671704 ], [ -2.390637848176993, 51.158648176671704 ], [ -2.392122255405411, 51.157713345281081 ], [ -2.393606662633829, 51.157713345281081 ], [ -2.395091069862247, 51.156778513890458 ], [ -2.398059884319082, 51.156778513890458 ], [ -2.398802087933291, 51.156311098195147 ], [ -2.398802087933291, 51.155376266804524 ], [ -2.3995442915475, 51.154908851109212 ], [ -2.401028698775917, 51.154908851109212 ], [ -2.401770902390126, 51.155376266804524 ], [ -2.401770902390126, 51.15724592958577 ], [ -2.400286495161708, 51.158180760976393 ], [ -2.400286495161708, 51.159115592367016 ], [ -2.403997513232753, 51.161452670843573 ], [ -2.408450734918006, 51.161452670843573 ], [ -2.409935142146423, 51.16051783945295 ], [ -2.410677345760632, 51.160985255148262 ], [ -2.410677345760632, 51.162854917929508 ], [ -2.409935142146423, 51.163322333624819 ], [ -2.408450734918006, 51.163322333624819 ], [ -2.406966327689588, 51.162387502234196 ] ], [ [ -2.422552603587974, 51.203052667726297 ], [ -2.423294807202183, 51.202585252030985 ], [ -2.424037010816392, 51.203052667726297 ], [ -2.424037010816392, 51.204922330507543 ], [ -2.426263621659018, 51.206324577593477 ], [ -2.429232436115853, 51.206324577593477 ], [ -2.430716843344271, 51.205389746202854 ], [ -2.435170065029524, 51.205389746202854 ], [ -2.437396675872151, 51.20398749911692 ], [ -2.437396675872151, 51.201183004945051 ], [ -2.441107693943195, 51.198845926468493 ], [ -2.44407650840003, 51.198845926468493 ], [ -2.444818712014239, 51.199313342163805 ], [ -2.441849897557404, 51.201183004945051 ], [ -2.444818712014239, 51.203052667726297 ], [ -2.44407650840003, 51.203520083421608 ], [ -2.442592101171613, 51.203520083421608 ], [ -2.440365490328986, 51.204922330507543 ], [ -2.440365490328986, 51.205857161898166 ], [ -2.441849897557404, 51.206791993288789 ], [ -2.439623286714777, 51.208194240374723 ], [ -2.43813887948636, 51.2072594089841 ], [ -2.430716843344271, 51.2072594089841 ], [ -2.429974639730062, 51.207726824679412 ], [ -2.429974639730062, 51.210531318851281 ], [ -2.43145904695848, 51.211466150241904 ], [ -2.43145904695848, 51.215205475804396 ], [ -2.430716843344271, 51.215672891499707 ], [ -2.429232436115853, 51.214738060109084 ], [ -2.426263621659018, 51.214738060109084 ], [ -2.4247792144306, 51.215672891499707 ], [ -2.421810399973765, 51.215672891499707 ], [ -2.421068196359556, 51.215205475804396 ], [ -2.421068196359556, 51.214270644413773 ], [ -2.414388363831677, 51.210063903155969 ], [ -2.412903956603259, 51.210063903155969 ], [ -2.409935142146423, 51.208194240374723 ], [ -2.406966327689588, 51.208194240374723 ], [ -2.406224124075379, 51.207726824679412 ], [ -2.406966327689588, 51.2072594089841 ], [ -2.411419549374841, 51.2072594089841 ], [ -2.412903956603259, 51.206324577593477 ], [ -2.41884158551693, 51.206324577593477 ], [ -2.420325992745347, 51.205389746202854 ], [ -2.422552603587974, 51.20398749911692 ], [ -2.422552603587974, 51.203052667726297 ] ], [ [ -2.321612912055571, 51.132005482038949 ], [ -2.320870708441362, 51.13247289773426 ], [ -2.316417486756109, 51.13247289773426 ], [ -2.3156752831419, 51.132940313429572 ], [ -2.3156752831419, 51.135744807601441 ], [ -2.317159690370318, 51.136679638992064 ], [ -2.317159690370318, 51.137614470382687 ], [ -2.316417486756109, 51.138081886077998 ], [ -2.313448672299273, 51.138081886077998 ], [ -2.311964265070856, 51.139016717468621 ], [ -2.310479857842438, 51.139016717468621 ], [ -2.30899545061402, 51.139951548859244 ], [ -2.307511043385603, 51.139951548859244 ], [ -2.306026636157185, 51.140886380249867 ], [ -2.303057821700349, 51.140886380249867 ], [ -2.298604600015096, 51.143690874421736 ], [ -2.297862396400888, 51.143223458726425 ], [ -2.297862396400888, 51.142288627335802 ], [ -2.295635785558261, 51.140886380249867 ], [ -2.294151378329843, 51.140886380249867 ], [ -2.293409174715634, 51.140418964554556 ], [ -2.293409174715634, 51.139484133163933 ], [ -2.297120192786679, 51.137147054687375 ], [ -2.300089007243514, 51.137147054687375 ], [ -2.304542228928767, 51.134342560515506 ], [ -2.306026636157185, 51.134342560515506 ], [ -2.306768839771394, 51.133875144820195 ], [ -2.306768839771394, 51.130135819257703 ], [ -2.308253246999811, 51.12920098786708 ], [ -2.308253246999811, 51.126396493695211 ], [ -2.306768839771394, 51.125461662304588 ], [ -2.306768839771394, 51.124526830913965 ], [ -2.305284432542976, 51.123591999523342 ], [ -2.306026636157185, 51.12312458382803 ], [ -2.307511043385603, 51.12312458382803 ], [ -2.30899545061402, 51.124059415218653 ], [ -2.310479857842438, 51.124059415218653 ], [ -2.311964265070856, 51.124994246609276 ], [ -2.313448672299273, 51.124059415218653 ], [ -2.317901893984526, 51.124059415218653 ], [ -2.320870708441362, 51.125929077999899 ], [ -2.323839522898197, 51.125929077999899 ], [ -2.324581726512406, 51.126396493695211 ], [ -2.324581726512406, 51.128266156476457 ], [ -2.323839522898197, 51.128733572171768 ], [ -2.322355115669779, 51.128733572171768 ], [ -2.321612912055571, 51.12920098786708 ], [ -2.321612912055571, 51.132005482038949 ] ], [ [ -2.435170065029524, 51.311025693343254 ], [ -2.432201250572689, 51.311025693343254 ], [ -2.43145904695848, 51.310558277647942 ], [ -2.43145904695848, 51.309623446257319 ], [ -2.430716843344271, 51.309156030562008 ], [ -2.429232436115853, 51.310090861952631 ], [ -2.427748028887436, 51.310090861952631 ], [ -2.425521418044809, 51.308688614866696 ], [ -2.425521418044809, 51.307753783476073 ], [ -2.426263621659018, 51.307286367780762 ], [ -2.429232436115853, 51.307286367780762 ], [ -2.434427861415315, 51.304014457913581 ], [ -2.434427861415315, 51.303079626522958 ], [ -2.433685657801107, 51.302612210827647 ], [ -2.432201250572689, 51.30354704221827 ], [ -2.430716843344271, 51.30354704221827 ], [ -2.429974639730062, 51.303079626522958 ], [ -2.429974639730062, 51.301209963741712 ], [ -2.428490232501645, 51.300275132351089 ], [ -2.429232436115853, 51.299807716655778 ], [ -2.430716843344271, 51.299807716655778 ], [ -2.43145904695848, 51.299340300960466 ], [ -2.43145904695848, 51.298405469569843 ], [ -2.432201250572689, 51.297938053874532 ], [ -2.433685657801107, 51.298872885265155 ], [ -2.435170065029524, 51.297938053874532 ], [ -2.43813887948636, 51.297938053874532 ], [ -2.438881083100569, 51.298405469569843 ], [ -2.438881083100569, 51.299340300960466 ], [ -2.439623286714777, 51.299807716655778 ], [ -2.44407650840003, 51.299807716655778 ], [ -2.444818712014239, 51.300275132351089 ], [ -2.444818712014239, 51.304949289304204 ], [ -2.435170065029524, 51.311025693343254 ] ], [ [ -2.254072383162566, 51.153974019718589 ], [ -2.253330179548357, 51.154441435413901 ], [ -2.253330179548357, 51.155376266804524 ], [ -2.251845772319939, 51.156311098195147 ], [ -2.251845772319939, 51.15724592958577 ], [ -2.25110356870573, 51.157713345281081 ], [ -2.249619161477312, 51.157713345281081 ], [ -2.248876957863104, 51.158180760976393 ], [ -2.248876957863104, 51.159115592367016 ], [ -2.248134754248895, 51.159583008062327 ], [ -2.243681532563642, 51.159583008062327 ], [ -2.242197125335224, 51.16051783945295 ], [ -2.241454921721015, 51.160050423757639 ], [ -2.241454921721015, 51.159115592367016 ], [ -2.240712718106806, 51.158648176671704 ], [ -2.239228310878389, 51.158648176671704 ], [ -2.237743903649971, 51.157713345281081 ], [ -2.236259496421553, 51.157713345281081 ], [ -2.234775089193135, 51.158648176671704 ], [ -2.233290681964718, 51.158648176671704 ], [ -2.232548478350509, 51.159115592367016 ], [ -2.232548478350509, 51.160050423757639 ], [ -2.2318062747363, 51.16051783945295 ], [ -2.230321867507882, 51.16051783945295 ], [ -2.228837460279465, 51.161452670843573 ], [ -2.227353053051047, 51.16051783945295 ], [ -2.224384238594212, 51.16051783945295 ], [ -2.222899831365794, 51.161452670843573 ], [ -2.221415424137376, 51.161452670843573 ], [ -2.220673220523167, 51.160985255148262 ], [ -2.220673220523167, 51.160050423757639 ], [ -2.218446609680541, 51.158648176671704 ], [ -2.216962202452123, 51.158648176671704 ], [ -2.213993387995288, 51.16051783945295 ], [ -2.21250898076687, 51.16051783945295 ], [ -2.211024573538452, 51.161452670843573 ], [ -2.209540166310035, 51.161452670843573 ], [ -2.208055759081617, 51.16051783945295 ], [ -2.202118130167946, 51.16051783945295 ], [ -2.200633722939529, 51.161452670843573 ], [ -2.197664908482693, 51.161452670843573 ], [ -2.196922704868484, 51.160985255148262 ], [ -2.196922704868484, 51.160050423757639 ], [ -2.19989151932532, 51.158180760976393 ], [ -2.19989151932532, 51.15724592958577 ], [ -2.201375926553737, 51.156311098195147 ], [ -2.19989151932532, 51.155376266804524 ], [ -2.19989151932532, 51.154441435413901 ], [ -2.200633722939529, 51.153974019718589 ], [ -2.205086944624782, 51.153974019718589 ], [ -2.207313555467408, 51.152571772632655 ], [ -2.207313555467408, 51.149767278460786 ], [ -2.204344741010573, 51.14789761567954 ], [ -2.204344741010573, 51.146962784288917 ], [ -2.207313555467408, 51.145093121507671 ], [ -2.207313555467408, 51.143223458726425 ], [ -2.208797962695826, 51.142288627335802 ], [ -2.208797962695826, 51.141353795945179 ], [ -2.207313555467408, 51.140418964554556 ], [ -2.208797962695826, 51.139484133163933 ], [ -2.208797962695826, 51.13854930177331 ], [ -2.210282369924244, 51.137614470382687 ], [ -2.210282369924244, 51.135744807601441 ], [ -2.211024573538452, 51.135277391906129 ], [ -2.21250898076687, 51.135277391906129 ], [ -2.215477795223705, 51.137147054687375 ], [ -2.218446609680541, 51.137147054687375 ], [ -2.219931016908959, 51.138081886077998 ], [ -2.224384238594212, 51.138081886077998 ], [ -2.225868645822629, 51.139016717468621 ], [ -2.230321867507882, 51.139016717468621 ], [ -2.2318062747363, 51.139951548859244 ], [ -2.239228310878389, 51.139951548859244 ], [ -2.239970514492597, 51.140418964554556 ], [ -2.239970514492597, 51.141353795945179 ], [ -2.240712718106806, 51.14182121164049 ], [ -2.243681532563642, 51.14182121164049 ], [ -2.244423736177851, 51.142288627335802 ], [ -2.244423736177851, 51.143223458726425 ], [ -2.245165939792059, 51.143690874421736 ], [ -2.248134754248895, 51.143690874421736 ], [ -2.248876957863104, 51.144158290117048 ], [ -2.248876957863104, 51.145093121507671 ], [ -2.249619161477312, 51.145560537202982 ], [ -2.25110356870573, 51.145560537202982 ], [ -2.255556790390983, 51.148365031374851 ], [ -2.257041197619401, 51.148365031374851 ], [ -2.260752215690445, 51.150702109851409 ], [ -2.260752215690445, 51.151636941242032 ], [ -2.257041197619401, 51.153974019718589 ], [ -2.254072383162566, 51.153974019718589 ] ], [ [ -2.169461171142757, 51.327852658374468 ], [ -2.167976763914339, 51.326917826983845 ], [ -2.166492356685922, 51.326917826983845 ], [ -2.165750153071713, 51.327385242679156 ], [ -2.165750153071713, 51.333929062413517 ], [ -2.163523542229086, 51.335331309499452 ], [ -2.162039135000668, 51.335331309499452 ], [ -2.160554727772251, 51.336266140890075 ], [ -2.151648284401745, 51.336266140890075 ], [ -2.150906080787536, 51.335798725194763 ], [ -2.150906080787536, 51.333929062413517 ], [ -2.152390488015953, 51.332994231022894 ], [ -2.152390488015953, 51.331124568241648 ], [ -2.15461709885858, 51.329722321155714 ], [ -2.156101506086998, 51.329722321155714 ], [ -2.156843709701207, 51.329254905460402 ], [ -2.156843709701207, 51.328320074069779 ], [ -2.155359302472789, 51.327385242679156 ], [ -2.155359302472789, 51.326450411288533 ], [ -2.156101506086998, 51.325982995593222 ], [ -2.159070320543833, 51.325982995593222 ], [ -2.162039135000668, 51.324113332811976 ], [ -2.166492356685922, 51.324113332811976 ], [ -2.167976763914339, 51.323178501421353 ], [ -2.169461171142757, 51.323178501421353 ], [ -2.172429985599592, 51.325048164202599 ], [ -2.17391439282801, 51.325048164202599 ], [ -2.174656596442219, 51.32551557989791 ], [ -2.174656596442219, 51.326450411288533 ], [ -2.17391439282801, 51.326917826983845 ], [ -2.172429985599592, 51.326917826983845 ], [ -2.170945578371175, 51.327852658374468 ], [ -2.169461171142757, 51.327852658374468 ] ] ], [ [ [ -2.149421673559118, 51.286252661491744 ], [ -2.148679469944909, 51.285785245796433 ], [ -2.144226248259656, 51.285785245796433 ], [ -2.142741841031238, 51.28485041440581 ], [ -2.141257433802821, 51.285785245796433 ], [ -2.139773026574403, 51.28485041440581 ], [ -2.139030822960194, 51.285317830101121 ], [ -2.139030822960194, 51.28812232427299 ], [ -2.139773026574403, 51.288589739968302 ], [ -2.141257433802821, 51.287654908577679 ], [ -2.144226248259656, 51.287654908577679 ], [ -2.147195062716492, 51.289524571358925 ], [ -2.148679469944909, 51.289524571358925 ], [ -2.149421673559118, 51.289057155663613 ], [ -2.149421673559118, 51.286252661491744 ] ] ] ] } },
{ "type": "Feature", "properties": { "search_id": "Search 2", "FundAsset": "Moorfield - Banbury" }, "geometry": { "type": "MultiPolygon", "coordinates": [ [ [ [ -1.614587712043431, 52.253268642933108 ], [ -1.613644611788914, 52.252684448554646 ], [ -1.612701511534397, 52.253268642933108 ], [ -1.612701511534397, 52.256773809203878 ], [ -1.61175841127988, 52.25735800358234 ], [ -1.609872210770845, 52.25735800358234 ], [ -1.608929110516328, 52.257942197960801 ], [ -1.610815311025362, 52.259110586717725 ], [ -1.610815311025362, 52.260278975474648 ], [ -1.613644611788914, 52.262031558610033 ], [ -1.617417012806982, 52.262031558610033 ], [ -1.618360113061499, 52.261447364231572 ], [ -1.618360113061499, 52.260278975474648 ], [ -1.625904915097635, 52.255605420446955 ], [ -1.624961814843118, 52.255021226068493 ], [ -1.624018714588601, 52.255605420446955 ], [ -1.623075614334084, 52.256189614825416 ], [ -1.62118941382505, 52.256189614825416 ], [ -1.620246313570533, 52.256773809203878 ], [ -1.620246313570533, 52.257942197960801 ], [ -1.619303213316016, 52.258526392339263 ], [ -1.615530812297948, 52.258526392339263 ], [ -1.614587712043431, 52.257942197960801 ], [ -1.614587712043431, 52.253268642933108 ] ] ], [ [ [ -1.568375799572095, 52.235158617200796 ], [ -1.569318899826612, 52.234574422822334 ], [ -1.569318899826612, 52.232237645308487 ], [ -1.571205100335646, 52.231069256551564 ], [ -1.570262000081129, 52.230485062173102 ], [ -1.566489599063061, 52.232821839686949 ], [ -1.56366029829951, 52.231069256551564 ], [ -1.56366029829951, 52.22990086779464 ], [ -1.565546498808544, 52.228732479037717 ], [ -1.565546498808544, 52.225227312766947 ], [ -1.567432699317578, 52.224058924010023 ], [ -1.567432699317578, 52.221722146496177 ], [ -1.569318899826612, 52.220553757739253 ], [ -1.568375799572095, 52.219969563360792 ], [ -1.566489599063061, 52.219969563360792 ], [ -1.565546498808544, 52.220553757739253 ], [ -1.565546498808544, 52.221722146496177 ], [ -1.56366029829951, 52.2228905352531 ], [ -1.56366029829951, 52.224058924010023 ], [ -1.562717198044993, 52.224643118388485 ], [ -1.560830997535959, 52.224643118388485 ], [ -1.558001696772408, 52.22639570152387 ], [ -1.558944797026925, 52.226979895902332 ], [ -1.560830997535959, 52.225811507145409 ], [ -1.561774097790476, 52.22639570152387 ], [ -1.561774097790476, 52.227564090280794 ], [ -1.560830997535959, 52.228148284659255 ], [ -1.558944797026925, 52.228148284659255 ], [ -1.558001696772408, 52.228732479037717 ], [ -1.558001696772408, 52.231069256551564 ], [ -1.555172396008857, 52.232821839686949 ], [ -1.552343095245305, 52.231069256551564 ], [ -1.552343095245305, 52.22990086779464 ], [ -1.550456894736271, 52.228732479037717 ], [ -1.550456894736271, 52.225227312766947 ], [ -1.552343095245305, 52.224058924010023 ], [ -1.551399994990788, 52.223474729631562 ], [ -1.549513794481754, 52.223474729631562 ], [ -1.54762759397272, 52.222306340874638 ], [ -1.543855192954652, 52.222306340874638 ], [ -1.542912092700135, 52.221722146496177 ], [ -1.542912092700135, 52.21938536898233 ], [ -1.541968992445618, 52.218801174603868 ], [ -1.541025892191101, 52.21938536898233 ], [ -1.541025892191101, 52.2228905352531 ], [ -1.540082791936584, 52.223474729631562 ], [ -1.53819659142755, 52.223474729631562 ], [ -1.537253491173033, 52.224058924010023 ], [ -1.537253491173033, 52.225227312766947 ], [ -1.536310390918516, 52.225811507145409 ], [ -1.534424190409482, 52.224643118388485 ], [ -1.526879388373345, 52.224643118388485 ], [ -1.524993187864311, 52.223474729631562 ], [ -1.523106987355277, 52.223474729631562 ], [ -1.52216388710076, 52.224058924010023 ], [ -1.526879388373345, 52.226979895902332 ], [ -1.528765588882379, 52.226979895902332 ], [ -1.530651789391413, 52.225811507145409 ], [ -1.532537989900447, 52.226979895902332 ], [ -1.534424190409482, 52.226979895902332 ], [ -1.535367290663999, 52.227564090280794 ], [ -1.535367290663999, 52.228732479037717 ], [ -1.536310390918516, 52.229316673416179 ], [ -1.53819659142755, 52.229316673416179 ], [ -1.539139691682067, 52.22990086779464 ], [ -1.539139691682067, 52.231069256551564 ], [ -1.541025892191101, 52.232237645308487 ], [ -1.541025892191101, 52.23340603406541 ], [ -1.541968992445618, 52.233990228443872 ], [ -1.543855192954652, 52.233990228443872 ], [ -1.546684493718203, 52.235742811579257 ], [ -1.544798293209169, 52.236911200336181 ], [ -1.544798293209169, 52.238079589093104 ], [ -1.542912092700135, 52.239247977850027 ], [ -1.542912092700135, 52.242753144120798 ], [ -1.540082791936584, 52.244505727256183 ], [ -1.539139691682067, 52.243921532877721 ], [ -1.539139691682067, 52.242753144120798 ], [ -1.53819659142755, 52.242168949742336 ], [ -1.537253491173033, 52.242753144120798 ], [ -1.537253491173033, 52.245089921634644 ], [ -1.535367290663999, 52.246258310391568 ], [ -1.536310390918516, 52.246842504770029 ], [ -1.53819659142755, 52.246842504770029 ], [ -1.541025892191101, 52.248595087905414 ], [ -1.539139691682067, 52.249763476662338 ], [ -1.539139691682067, 52.250931865419261 ], [ -1.537253491173033, 52.252100254176185 ], [ -1.537253491173033, 52.253268642933108 ], [ -1.535367290663999, 52.254437031690031 ], [ -1.536310390918516, 52.255021226068493 ], [ -1.541968992445618, 52.251516059797723 ], [ -1.549513794481754, 52.251516059797723 ], [ -1.551399994990788, 52.252684448554646 ], [ -1.553286195499822, 52.251516059797723 ], [ -1.55422929575434, 52.252100254176185 ], [ -1.55422929575434, 52.253268642933108 ], [ -1.552343095245305, 52.254437031690031 ], [ -1.55422929575434, 52.255605420446955 ], [ -1.55422929575434, 52.256773809203878 ], [ -1.555172396008857, 52.25735800358234 ], [ -1.558944797026925, 52.25735800358234 ], [ -1.561774097790476, 52.259110586717725 ], [ -1.559887897281442, 52.260278975474648 ], [ -1.559887897281442, 52.261447364231572 ], [ -1.558001696772408, 52.262615752988495 ], [ -1.558944797026925, 52.263199947366957 ], [ -1.560830997535959, 52.263199947366957 ], [ -1.561774097790476, 52.262615752988495 ], [ -1.561774097790476, 52.260278975474648 ], [ -1.562717198044993, 52.259694781096186 ], [ -1.564603398554027, 52.26086316985311 ], [ -1.568375799572095, 52.26086316985311 ], [ -1.569318899826612, 52.261447364231572 ], [ -1.569318899826612, 52.263784141745418 ], [ -1.570262000081129, 52.26436833612388 ], [ -1.572148200590163, 52.26436833612388 ], [ -1.574977501353715, 52.262615752988495 ], [ -1.573091300844681, 52.261447364231572 ], [ -1.573091300844681, 52.259110586717725 ], [ -1.574034401099198, 52.258526392339263 ], [ -1.577806802117266, 52.258526392339263 ], [ -1.580636102880817, 52.256773809203878 ], [ -1.5796930026263, 52.256189614825416 ], [ -1.575920601608232, 52.256189614825416 ], [ -1.574034401099198, 52.255021226068493 ], [ -1.568375799572095, 52.255021226068493 ], [ -1.566489599063061, 52.25385283731157 ], [ -1.564603398554027, 52.25385283731157 ], [ -1.56366029829951, 52.253268642933108 ], [ -1.56366029829951, 52.250931865419261 ], [ -1.565546498808544, 52.249763476662338 ], [ -1.565546498808544, 52.248595087905414 ], [ -1.559887897281442, 52.245089921634644 ], [ -1.560830997535959, 52.244505727256183 ], [ -1.562717198044993, 52.244505727256183 ], [ -1.564603398554027, 52.243337338499259 ], [ -1.566489599063061, 52.243337338499259 ], [ -1.568375799572095, 52.242168949742336 ], [ -1.570262000081129, 52.242168949742336 ], [ -1.572148200590163, 52.241000560985412 ], [ -1.574034401099198, 52.241000560985412 ], [ -1.574977501353715, 52.241584755363874 ], [ -1.574977501353715, 52.242753144120798 ], [ -1.575920601608232, 52.243337338499259 ], [ -1.578749902371783, 52.241584755363874 ], [ -1.578749902371783, 52.240416366606951 ], [ -1.577806802117266, 52.239832172228489 ], [ -1.575920601608232, 52.239832172228489 ], [ -1.574034401099198, 52.238663783471566 ], [ -1.572148200590163, 52.237495394714642 ], [ -1.570262000081129, 52.237495394714642 ], [ -1.566489599063061, 52.239832172228489 ], [ -1.562717198044993, 52.239832172228489 ], [ -1.561774097790476, 52.239247977850027 ], [ -1.56366029829951, 52.238079589093104 ], [ -1.56366029829951, 52.235742811579257 ], [ -1.564603398554027, 52.235158617200796 ], [ -1.568375799572095, 52.235158617200796 ] ] ], [ [ [ -1.500472581246868, 52.217632785846945 ], [ -1.501415681501385, 52.218216980225407 ], [ -1.501415681501385, 52.21938536898233 ], [ -1.504244982264936, 52.221137952117715 ], [ -1.50613118277397, 52.219969563360792 ], [ -1.507074283028487, 52.220553757739253 ], [ -1.507074283028487, 52.221722146496177 ], [ -1.508017383283004, 52.222306340874638 ], [ -1.508960483537521, 52.221722146496177 ], [ -1.508960483537521, 52.220553757739253 ], [ -1.507074283028487, 52.21938536898233 ], [ -1.510846684046555, 52.217048591468483 ], [ -1.504244982264936, 52.212959230819251 ], [ -1.500472581246868, 52.212959230819251 ], [ -1.499529480992351, 52.213543425197713 ], [ -1.499529480992351, 52.214711813954636 ], [ -1.497643280483317, 52.21588020271156 ], [ -1.497643280483317, 52.217048591468483 ], [ -1.498586380737834, 52.217632785846945 ], [ -1.500472581246868, 52.217632785846945 ] ] ], [ [ [ -1.500472581246868, 52.16388690302847 ], [ -1.498586380737834, 52.16388690302847 ], [ -1.4967001802288, 52.162718514271546 ], [ -1.492927779210731, 52.162718514271546 ], [ -1.491984678956214, 52.163302708650008 ], [ -1.491984678956214, 52.164471097406931 ], [ -1.493870879465248, 52.165639486163855 ], [ -1.493870879465248, 52.166807874920778 ], [ -1.492927779210731, 52.16739206929924 ], [ -1.489155378192663, 52.16739206929924 ], [ -1.487269177683629, 52.166223680542316 ], [ -1.485382977174595, 52.166223680542316 ], [ -1.483496776665561, 52.165055291785393 ], [ -1.481610576156527, 52.165055291785393 ], [ -1.476895074883942, 52.162134319893084 ], [ -1.476895074883942, 52.160965931136161 ], [ -1.478781275392976, 52.159797542379238 ], [ -1.477838175138459, 52.159213348000776 ], [ -1.475951974629425, 52.160381736757699 ], [ -1.47406577412039, 52.160381736757699 ], [ -1.473122673865873, 52.160965931136161 ], [ -1.473122673865873, 52.162134319893084 ], [ -1.476895074883942, 52.164471097406931 ], [ -1.476895074883942, 52.165639486163855 ], [ -1.477838175138459, 52.166223680542316 ], [ -1.479724375647493, 52.166223680542316 ], [ -1.48066747590201, 52.166807874920778 ], [ -1.48066747590201, 52.167976263677701 ], [ -1.482553676411044, 52.169144652434625 ], [ -1.482553676411044, 52.170313041191548 ], [ -1.486326077429112, 52.172649818705395 ], [ -1.485382977174595, 52.173234013083857 ], [ -1.479724375647493, 52.173234013083857 ], [ -1.477838175138459, 52.172065624326933 ], [ -1.47406577412039, 52.172065624326933 ], [ -1.471236473356839, 52.173818207462318 ], [ -1.471236473356839, 52.176154984976165 ], [ -1.470293373102322, 52.176739179354627 ], [ -1.46463477157522, 52.176739179354627 ], [ -1.463691671320703, 52.176154984976165 ], [ -1.463691671320703, 52.174986596219242 ], [ -1.457089969539084, 52.17089723557001 ], [ -1.455203769030049, 52.17089723557001 ], [ -1.453317568521015, 52.169728846813086 ], [ -1.451431368011981, 52.169728846813086 ], [ -1.450488267757464, 52.169144652434625 ], [ -1.450488267757464, 52.164471097406931 ], [ -1.453317568521015, 52.162718514271546 ], [ -1.455203769030049, 52.162718514271546 ], [ -1.456146869284566, 52.162134319893084 ], [ -1.454260668775532, 52.160965931136161 ], [ -1.454260668775532, 52.159797542379238 ], [ -1.453317568521015, 52.159213348000776 ], [ -1.449545167502947, 52.161550125514623 ], [ -1.445772766484879, 52.161550125514623 ], [ -1.444829666230362, 52.160965931136161 ], [ -1.444829666230362, 52.158629153622314 ], [ -1.443886565975845, 52.158044959243853 ], [ -1.442000365466811, 52.158044959243853 ], [ -1.441057265212294, 52.157460764865391 ], [ -1.441057265212294, 52.156292376108468 ], [ -1.440114164957777, 52.155708181730006 ], [ -1.438227964448743, 52.155708181730006 ], [ -1.436341763939708, 52.156876570486929 ], [ -1.433512463176157, 52.155123987351544 ], [ -1.433512463176157, 52.153955598594621 ], [ -1.431626262667123, 52.152787209837697 ], [ -1.431626262667123, 52.149282043566927 ], [ -1.43256936292164, 52.148697849188466 ], [ -1.434455563430674, 52.148697849188466 ], [ -1.435398663685191, 52.148113654810004 ], [ -1.435398663685191, 52.145776877296157 ], [ -1.434455563430674, 52.145192682917695 ], [ -1.43256936292164, 52.145192682917695 ], [ -1.428796961903572, 52.147529460431542 ], [ -1.425024560885504, 52.147529460431542 ], [ -1.424081460630987, 52.146945266053081 ], [ -1.424081460630987, 52.13993493351154 ], [ -1.42313836037647, 52.139350739133079 ], [ -1.421252159867436, 52.139350739133079 ], [ -1.420309059612919, 52.138766544754617 ], [ -1.420309059612919, 52.137598155997694 ], [ -1.421252159867436, 52.137013961619232 ], [ -1.42313836037647, 52.137013961619232 ], [ -1.425024560885504, 52.138182350376155 ], [ -1.426910761394538, 52.138182350376155 ], [ -1.428796961903572, 52.137013961619232 ], [ -1.434455563430674, 52.137013961619232 ], [ -1.436341763939708, 52.138182350376155 ], [ -1.438227964448743, 52.138182350376155 ], [ -1.43917106470326, 52.137598155997694 ], [ -1.43917106470326, 52.135261378483847 ], [ -1.440114164957777, 52.134677184105385 ], [ -1.443886565975845, 52.137013961619232 ], [ -1.445772766484879, 52.137013961619232 ], [ -1.446715866739396, 52.137598155997694 ], [ -1.446715866739396, 52.138766544754617 ], [ -1.444829666230362, 52.13993493351154 ], [ -1.445772766484879, 52.140519127890002 ], [ -1.447658966993913, 52.140519127890002 ], [ -1.449545167502947, 52.139350739133079 ], [ -1.451431368011981, 52.139350739133079 ], [ -1.452374468266498, 52.138766544754617 ], [ -1.450488267757464, 52.137598155997694 ], [ -1.450488267757464, 52.13642976724077 ], [ -1.453317568521015, 52.134677184105385 ], [ -1.455203769030049, 52.134677184105385 ], [ -1.459919270302635, 52.131756212213077 ], [ -1.458976170048118, 52.131172017834615 ], [ -1.455203769030049, 52.131172017834615 ], [ -1.454260668775532, 52.131756212213077 ], [ -1.456146869284566, 52.13292460097 ], [ -1.455203769030049, 52.133508795348462 ], [ -1.453317568521015, 52.133508795348462 ], [ -1.451431368011981, 52.134677184105385 ], [ -1.449545167502947, 52.134677184105385 ], [ -1.446715866739396, 52.13292460097 ], [ -1.44860206724843, 52.131756212213077 ], [ -1.44860206724843, 52.12941943469923 ], [ -1.452374468266498, 52.127082657185383 ], [ -1.452374468266498, 52.124745879671536 ], [ -1.449545167502947, 52.122993296536151 ], [ -1.443886565975845, 52.122993296536151 ], [ -1.442000365466811, 52.121824907779228 ], [ -1.43917106470326, 52.123577490914613 ], [ -1.444829666230362, 52.127082657185383 ], [ -1.444829666230362, 52.128251045942307 ], [ -1.442000365466811, 52.130003629077692 ], [ -1.434455563430674, 52.130003629077692 ], [ -1.428796961903572, 52.126498462806921 ], [ -1.426910761394538, 52.126498462806921 ], [ -1.425024560885504, 52.125330074049998 ], [ -1.42313836037647, 52.125330074049998 ], [ -1.419365959358402, 52.122993296536151 ], [ -1.417479758849367, 52.122993296536151 ], [ -1.41653665859485, 52.12240910215769 ], [ -1.41653665859485, 52.118903935886919 ], [ -1.418422859103885, 52.117735547129996 ], [ -1.413707357831299, 52.114814575237688 ], [ -1.406162555795163, 52.114814575237688 ], [ -1.405219455540646, 52.114230380859226 ], [ -1.405219455540646, 52.110725214588456 ], [ -1.402390154777095, 52.108972631453071 ], [ -1.400503954268061, 52.108972631453071 ], [ -1.399560854013544, 52.108388437074609 ], [ -1.401447054522578, 52.107220048317686 ], [ -1.400503954268061, 52.106635853939224 ], [ -1.398617753759027, 52.106635853939224 ], [ -1.397674653504509, 52.106051659560762 ], [ -1.397674653504509, 52.104883270803839 ], [ -1.396731553249992, 52.104299076425377 ], [ -1.394845352740958, 52.104299076425377 ], [ -1.393902252486441, 52.103714882046916 ], [ -1.393902252486441, 52.102546493289992 ], [ -1.392016051977407, 52.101378104533069 ], [ -1.392959152231924, 52.100793910154607 ], [ -1.396731553249992, 52.100793910154607 ], [ -1.397674653504509, 52.101378104533069 ], [ -1.397674653504509, 52.102546493289992 ], [ -1.400503954268061, 52.104299076425377 ], [ -1.404276355286129, 52.104299076425377 ], [ -1.411821157322265, 52.108972631453071 ], [ -1.415593558340333, 52.108972631453071 ], [ -1.41653665859485, 52.108388437074609 ], [ -1.41653665859485, 52.107220048317686 ], [ -1.417479758849367, 52.106635853939224 ], [ -1.419365959358402, 52.107804242696147 ], [ -1.421252159867436, 52.107804242696147 ], [ -1.42313836037647, 52.108972631453071 ], [ -1.426910761394538, 52.108972631453071 ], [ -1.427853861649055, 52.109556825831532 ], [ -1.427853861649055, 52.110725214588456 ], [ -1.429740062158089, 52.111893603345379 ], [ -1.429740062158089, 52.113061992102303 ], [ -1.430683162412606, 52.113646186480764 ], [ -1.43256936292164, 52.113646186480764 ], [ -1.435398663685191, 52.111893603345379 ], [ -1.433512463176157, 52.110725214588456 ], [ -1.434455563430674, 52.110141020209994 ], [ -1.438227964448743, 52.110141020209994 ], [ -1.440114164957777, 52.108972631453071 ], [ -1.441057265212294, 52.109556825831532 ], [ -1.441057265212294, 52.110725214588456 ], [ -1.43917106470326, 52.111893603345379 ], [ -1.43917106470326, 52.113061992102303 ], [ -1.440114164957777, 52.113646186480764 ], [ -1.441057265212294, 52.113061992102303 ], [ -1.441057265212294, 52.111893603345379 ], [ -1.442000365466811, 52.111309408966918 ], [ -1.443886565975845, 52.111309408966918 ], [ -1.445772766484879, 52.110141020209994 ], [ -1.447658966993913, 52.110141020209994 ], [ -1.449545167502947, 52.111309408966918 ], [ -1.451431368011981, 52.111309408966918 ], [ -1.458033069793601, 52.115398769616149 ], [ -1.458033069793601, 52.116567158373073 ], [ -1.458976170048118, 52.117151352751534 ], [ -1.459919270302635, 52.116567158373073 ], [ -1.459919270302635, 52.115398769616149 ], [ -1.462748571066186, 52.113646186480764 ], [ -1.463691671320703, 52.114230380859226 ], [ -1.463691671320703, 52.115398769616149 ], [ -1.46463477157522, 52.115982963994611 ], [ -1.465577871829737, 52.115398769616149 ], [ -1.465577871829737, 52.114230380859226 ], [ -1.472179573611356, 52.110141020209994 ], [ -1.475951974629425, 52.112477797723841 ], [ -1.476895074883942, 52.111893603345379 ], [ -1.476895074883942, 52.108388437074609 ], [ -1.47406577412039, 52.106635853939224 ], [ -1.472179573611356, 52.106635853939224 ], [ -1.471236473356839, 52.107220048317686 ], [ -1.473122673865873, 52.108388437074609 ], [ -1.472179573611356, 52.108972631453071 ], [ -1.468407172593288, 52.108972631453071 ], [ -1.466520972084254, 52.110141020209994 ], [ -1.465577871829737, 52.109556825831532 ], [ -1.465577871829737, 52.108388437074609 ], [ -1.46463477157522, 52.107804242696147 ], [ -1.460862370557152, 52.107804242696147 ], [ -1.459919270302635, 52.107220048317686 ], [ -1.459919270302635, 52.106051659560762 ], [ -1.458976170048118, 52.105467465182301 ], [ -1.457089969539084, 52.106635853939224 ], [ -1.456146869284566, 52.106051659560762 ], [ -1.456146869284566, 52.101378104533069 ], [ -1.458033069793601, 52.100209715776145 ], [ -1.456146869284566, 52.099041327019222 ], [ -1.456146869284566, 52.095536160748452 ], [ -1.455203769030049, 52.09495196636999 ], [ -1.453317568521015, 52.09495196636999 ], [ -1.452374468266498, 52.094367771991529 ], [ -1.456146869284566, 52.092030994477682 ], [ -1.456146869284566, 52.090862605720758 ], [ -1.455203769030049, 52.090278411342297 ], [ -1.451431368011981, 52.090278411342297 ], [ -1.450488267757464, 52.089694216963835 ], [ -1.450488267757464, 52.088525828206912 ], [ -1.44860206724843, 52.087357439449988 ], [ -1.449545167502947, 52.086773245071527 ], [ -1.453317568521015, 52.086773245071527 ], [ -1.454260668775532, 52.086189050693065 ], [ -1.454260668775532, 52.085020661936142 ], [ -1.455203769030049, 52.08443646755768 ], [ -1.458976170048118, 52.08443646755768 ], [ -1.460862370557152, 52.085604856314603 ], [ -1.46463477157522, 52.085604856314603 ], [ -1.465577871829737, 52.085020661936142 ], [ -1.465577871829737, 52.079178718151525 ], [ -1.46463477157522, 52.078594523773063 ], [ -1.460862370557152, 52.078594523773063 ], [ -1.458976170048118, 52.07742613501614 ], [ -1.455203769030049, 52.079762912529986 ], [ -1.453317568521015, 52.078594523773063 ], [ -1.449545167502947, 52.078594523773063 ], [ -1.44860206724843, 52.078010329394601 ], [ -1.44860206724843, 52.076841940637678 ], [ -1.446715866739396, 52.075673551880755 ], [ -1.446715866739396, 52.073336774366908 ], [ -1.444829666230362, 52.072168385609984 ], [ -1.444829666230362, 52.067494830582291 ], [ -1.442000365466811, 52.065742247446906 ], [ -1.440114164957777, 52.065742247446906 ], [ -1.43917106470326, 52.065158053068444 ], [ -1.440114164957777, 52.064573858689982 ], [ -1.442000365466811, 52.064573858689982 ], [ -1.443886565975845, 52.063405469933059 ], [ -1.453317568521015, 52.063405469933059 ], [ -1.456146869284566, 52.065158053068444 ], [ -1.455203769030049, 52.065742247446906 ], [ -1.449545167502947, 52.065742247446906 ], [ -1.44860206724843, 52.066326441825368 ], [ -1.44860206724843, 52.067494830582291 ], [ -1.449545167502947, 52.068079024960753 ], [ -1.455203769030049, 52.068079024960753 ], [ -1.456146869284566, 52.067494830582291 ], [ -1.456146869284566, 52.066326441825368 ], [ -1.457089969539084, 52.065742247446906 ], [ -1.460862370557152, 52.065742247446906 ], [ -1.46463477157522, 52.068079024960753 ], [ -1.47406577412039, 52.068079024960753 ], [ -1.475008874374907, 52.067494830582291 ], [ -1.47406577412039, 52.066910636203829 ], [ -1.472179573611356, 52.066910636203829 ], [ -1.471236473356839, 52.066326441825368 ], [ -1.475008874374907, 52.063989664311521 ], [ -1.475008874374907, 52.062821275554597 ], [ -1.476895074883942, 52.061652886797674 ], [ -1.476895074883942, 52.060484498040751 ], [ -1.475951974629425, 52.059900303662289 ], [ -1.473122673865873, 52.061652886797674 ], [ -1.473122673865873, 52.062821275554597 ], [ -1.472179573611356, 52.063405469933059 ], [ -1.470293373102322, 52.063405469933059 ], [ -1.468407172593288, 52.064573858689982 ], [ -1.466520972084254, 52.063405469933059 ], [ -1.46463477157522, 52.063405469933059 ], [ -1.462748571066186, 52.062237081176136 ], [ -1.460862370557152, 52.062237081176136 ], [ -1.454260668775532, 52.058147720526904 ], [ -1.454260668775532, 52.055810943013057 ], [ -1.457089969539084, 52.054058359877672 ], [ -1.460862370557152, 52.054058359877672 ], [ -1.463691671320703, 52.052305776742287 ], [ -1.461805470811669, 52.051137387985364 ], [ -1.461805470811669, 52.04996899922844 ], [ -1.462748571066186, 52.049384804849979 ], [ -1.46463477157522, 52.049384804849979 ], [ -1.465577871829737, 52.04996899922844 ], [ -1.465577871829737, 52.051137387985364 ], [ -1.466520972084254, 52.051721582363825 ], [ -1.468407172593288, 52.051721582363825 ], [ -1.469350272847805, 52.051137387985364 ], [ -1.469350272847805, 52.04996899922844 ], [ -1.466520972084254, 52.048216416093055 ], [ -1.46463477157522, 52.048216416093055 ], [ -1.463691671320703, 52.047632221714593 ], [ -1.46463477157522, 52.047048027336132 ], [ -1.466520972084254, 52.047048027336132 ], [ -1.467464072338771, 52.04646383295767 ], [ -1.467464072338771, 52.045295444200747 ], [ -1.465577871829737, 52.044127055443823 ], [ -1.465577871829737, 52.0429586666869 ], [ -1.46463477157522, 52.042374472308438 ], [ -1.460862370557152, 52.042374472308438 ], [ -1.458033069793601, 52.044127055443823 ], [ -1.458976170048118, 52.044711249822285 ], [ -1.460862370557152, 52.044711249822285 ], [ -1.461805470811669, 52.045295444200747 ], [ -1.461805470811669, 52.04646383295767 ], [ -1.460862370557152, 52.047048027336132 ], [ -1.458976170048118, 52.047048027336132 ], [ -1.457089969539084, 52.048216416093055 ], [ -1.455203769030049, 52.048216416093055 ], [ -1.450488267757464, 52.051137387985364 ], [ -1.450488267757464, 52.052305776742287 ], [ -1.447658966993913, 52.054058359877672 ], [ -1.446715866739396, 52.05347416549921 ], [ -1.446715866739396, 52.052305776742287 ], [ -1.443886565975845, 52.050553193606902 ], [ -1.442000365466811, 52.050553193606902 ], [ -1.43917106470326, 52.052305776742287 ], [ -1.43917106470326, 52.05347416549921 ], [ -1.438227964448743, 52.054058359877672 ], [ -1.436341763939708, 52.054058359877672 ], [ -1.434455563430674, 52.055226748634595 ], [ -1.431626262667123, 52.05347416549921 ], [ -1.43256936292164, 52.052889971120749 ], [ -1.434455563430674, 52.052889971120749 ], [ -1.437284864194226, 52.051137387985364 ], [ -1.437284864194226, 52.047632221714593 ], [ -1.443886565975845, 52.043542861065362 ], [ -1.445772766484879, 52.043542861065362 ], [ -1.449545167502947, 52.041206083551515 ], [ -1.457089969539084, 52.041206083551515 ], [ -1.458976170048118, 52.040037694794592 ], [ -1.46463477157522, 52.040037694794592 ], [ -1.468407172593288, 52.042374472308438 ], [ -1.470293373102322, 52.042374472308438 ], [ -1.472179573611356, 52.043542861065362 ], [ -1.47406577412039, 52.043542861065362 ], [ -1.475008874374907, 52.044127055443823 ], [ -1.475008874374907, 52.045295444200747 ], [ -1.475951974629425, 52.045879638579208 ], [ -1.477838175138459, 52.045879638579208 ], [ -1.481610576156527, 52.048216416093055 ], [ -1.482553676411044, 52.047632221714593 ], [ -1.482553676411044, 52.04646383295767 ], [ -1.479724375647493, 52.044711249822285 ], [ -1.477838175138459, 52.044711249822285 ], [ -1.475008874374907, 52.0429586666869 ], [ -1.475008874374907, 52.041790277929977 ], [ -1.479724375647493, 52.038869306037668 ], [ -1.487269177683629, 52.038869306037668 ], [ -1.488212277938146, 52.038285111659206 ], [ -1.487269177683629, 52.037700917280745 ], [ -1.485382977174595, 52.037700917280745 ], [ -1.48066747590201, 52.034779945388436 ], [ -1.481610576156527, 52.034195751009975 ], [ -1.483496776665561, 52.034195751009975 ], [ -1.486326077429112, 52.03244316787459 ], [ -1.481610576156527, 52.029522195982281 ], [ -1.478781275392976, 52.031274779117666 ], [ -1.478781275392976, 52.03244316787459 ], [ -1.477838175138459, 52.033027362253051 ], [ -1.472179573611356, 52.033027362253051 ], [ -1.468407172593288, 52.030690584739204 ], [ -1.466520972084254, 52.030690584739204 ], [ -1.46463477157522, 52.029522195982281 ], [ -1.462748571066186, 52.029522195982281 ], [ -1.461805470811669, 52.030106390360743 ], [ -1.461805470811669, 52.031274779117666 ], [ -1.462748571066186, 52.031858973496128 ], [ -1.46463477157522, 52.031858973496128 ], [ -1.465577871829737, 52.03244316787459 ], [ -1.465577871829737, 52.033611556631513 ], [ -1.462748571066186, 52.035364139766898 ], [ -1.460862370557152, 52.035364139766898 ], [ -1.458976170048118, 52.036532528523821 ], [ -1.457089969539084, 52.036532528523821 ], [ -1.456146869284566, 52.03594833414536 ], [ -1.459919270302635, 52.033611556631513 ], [ -1.459919270302635, 52.028938001603819 ], [ -1.458976170048118, 52.028353807225358 ], [ -1.455203769030049, 52.028353807225358 ], [ -1.454260668775532, 52.027769612846896 ], [ -1.454260668775532, 52.025432835333049 ], [ -1.452374468266498, 52.024264446576126 ], [ -1.456146869284566, 52.021927669062279 ], [ -1.456146869284566, 52.020759280305356 ], [ -1.455203769030049, 52.020175085926894 ], [ -1.453317568521015, 52.020175085926894 ], [ -1.451431368011981, 52.021343474683817 ], [ -1.449545167502947, 52.021343474683817 ], [ -1.446715866739396, 52.019590891548432 ], [ -1.446715866739396, 52.018422502791509 ], [ -1.444829666230362, 52.017254114034586 ], [ -1.444829666230362, 52.016085725277662 ], [ -1.447658966993913, 52.014333142142277 ], [ -1.457089969539084, 52.014333142142277 ], [ -1.458976170048118, 52.013164753385354 ], [ -1.462748571066186, 52.013164753385354 ], [ -1.463691671320703, 52.012580559006892 ], [ -1.463691671320703, 52.011412170249969 ], [ -1.462748571066186, 52.010827975871507 ], [ -1.455203769030049, 52.010827975871507 ], [ -1.451431368011981, 52.00849119835766 ], [ -1.44860206724843, 52.010243781493045 ], [ -1.44860206724843, 52.011412170249969 ], [ -1.447658966993913, 52.01199636462843 ], [ -1.444829666230362, 52.010243781493045 ], [ -1.444829666230362, 52.009075392736122 ], [ -1.442943465721328, 52.007907003979199 ], [ -1.442943465721328, 52.005570226465352 ], [ -1.443886565975845, 52.00498603208689 ], [ -1.447658966993913, 52.00498603208689 ], [ -1.450488267757464, 52.003233448951505 ], [ -1.447658966993913, 52.00148086581612 ], [ -1.445772766484879, 52.002649254573043 ], [ -1.443886565975845, 52.002649254573043 ], [ -1.442943465721328, 52.002065060194582 ], [ -1.442943465721328, 52.000896671437658 ], [ -1.442000365466811, 52.000312477059197 ], [ -1.438227964448743, 52.000312477059197 ], [ -1.437284864194226, 52.000896671437658 ], [ -1.437284864194226, 52.002065060194582 ], [ -1.436341763939708, 52.002649254573043 ], [ -1.434455563430674, 52.002649254573043 ], [ -1.43256936292164, 52.00148086581612 ], [ -1.421252159867436, 52.00148086581612 ], [ -1.417479758849367, 52.003817643329967 ], [ -1.415593558340333, 52.003817643329967 ], [ -1.413707357831299, 52.002649254573043 ], [ -1.409934956813231, 52.002649254573043 ], [ -1.408991856558714, 52.003233448951505 ], [ -1.408991856558714, 52.004401837708429 ], [ -1.408048756304197, 52.00498603208689 ], [ -1.406162555795163, 52.00498603208689 ], [ -1.405219455540646, 52.004401837708429 ], [ -1.405219455540646, 52.003233448951505 ], [ -1.409934956813231, 52.000312477059197 ], [ -1.411821157322265, 52.000312477059197 ], [ -1.412764257576782, 51.999728282680735 ], [ -1.412764257576782, 51.998559893923812 ], [ -1.413707357831299, 51.99797569954535 ], [ -1.415593558340333, 51.99797569954535 ], [ -1.417479758849367, 51.996807310788427 ], [ -1.421252159867436, 51.996807310788427 ], [ -1.42313836037647, 51.995638922031503 ], [ -1.425024560885504, 51.995638922031503 ], [ -1.425967661140021, 51.995054727653041 ], [ -1.425967661140021, 51.993886338896118 ], [ -1.426910761394538, 51.993302144517656 ], [ -1.427853861649055, 51.993886338896118 ], [ -1.427853861649055, 51.995054727653041 ], [ -1.428796961903572, 51.995638922031503 ], [ -1.430683162412606, 51.995638922031503 ], [ -1.436341763939708, 51.999144088302273 ], [ -1.438227964448743, 51.999144088302273 ], [ -1.43917106470326, 51.998559893923812 ], [ -1.438227964448743, 51.99797569954535 ], [ -1.436341763939708, 51.99797569954535 ], [ -1.431626262667123, 51.995054727653041 ], [ -1.431626262667123, 51.991549561382271 ], [ -1.430683162412606, 51.99096536700381 ], [ -1.428796961903572, 51.992133755760733 ], [ -1.426910761394538, 51.992133755760733 ], [ -1.42313836037647, 51.99447053327458 ], [ -1.421252159867436, 51.993302144517656 ], [ -1.419365959358402, 51.99447053327458 ], [ -1.418422859103885, 51.993886338896118 ], [ -1.418422859103885, 51.992717950139195 ], [ -1.419365959358402, 51.992133755760733 ], [ -1.421252159867436, 51.992133755760733 ], [ -1.422195260121953, 51.991549561382271 ], [ -1.422195260121953, 51.990381172625348 ], [ -1.42313836037647, 51.989796978246886 ], [ -1.426910761394538, 51.989796978246886 ], [ -1.427853861649055, 51.989212783868425 ], [ -1.427853861649055, 51.988044395111501 ], [ -1.425967661140021, 51.986876006354578 ], [ -1.427853861649055, 51.985707617597654 ], [ -1.427853861649055, 51.983370840083808 ], [ -1.428796961903572, 51.982786645705346 ], [ -1.430683162412606, 51.982786645705346 ], [ -1.431626262667123, 51.982202451326884 ], [ -1.431626262667123, 51.981034062569961 ], [ -1.430683162412606, 51.980449868191499 ], [ -1.425967661140021, 51.983370840083808 ], [ -1.425967661140021, 51.984539228840731 ], [ -1.425024560885504, 51.985123423219193 ], [ -1.421252159867436, 51.985123423219193 ], [ -1.420309059612919, 51.985707617597654 ], [ -1.420309059612919, 51.988044395111501 ], [ -1.413707357831299, 51.992133755760733 ], [ -1.408048756304197, 51.992133755760733 ], [ -1.406162555795163, 51.993302144517656 ], [ -1.404276355286129, 51.992133755760733 ], [ -1.398617753759027, 51.992133755760733 ], [ -1.394845352740958, 51.989796978246886 ], [ -1.392016051977407, 51.991549561382271 ], [ -1.392959152231924, 51.992133755760733 ], [ -1.394845352740958, 51.992133755760733 ], [ -1.397674653504509, 51.993886338896118 ], [ -1.397674653504509, 51.995054727653041 ], [ -1.398617753759027, 51.995638922031503 ], [ -1.400503954268061, 51.995638922031503 ], [ -1.401447054522578, 51.996223116409965 ], [ -1.399560854013544, 51.997391505166888 ], [ -1.399560854013544, 51.998559893923812 ], [ -1.398617753759027, 51.999144088302273 ], [ -1.39107295172289, 51.999144088302273 ], [ -1.390129851468373, 51.999728282680735 ], [ -1.390129851468373, 52.000896671437658 ], [ -1.389186751213856, 52.00148086581612 ], [ -1.385414350195788, 52.00148086581612 ], [ -1.382585049432237, 52.003233448951505 ], [ -1.382585049432237, 52.006738615222275 ], [ -1.38164194917772, 52.007322809600737 ], [ -1.379755748668686, 52.007322809600737 ], [ -1.376926447905134, 52.005570226465352 ], [ -1.380698848923203, 52.003233448951505 ], [ -1.380698848923203, 52.002065060194582 ], [ -1.379755748668686, 52.00148086581612 ], [ -1.377869548159651, 52.00148086581612 ], [ -1.375983347650617, 52.000312477059197 ], [ -1.374097147141583, 52.000312477059197 ], [ -1.369381645868998, 51.997391505166888 ], [ -1.369381645868998, 51.995054727653041 ], [ -1.367495445359964, 51.993886338896118 ], [ -1.367495445359964, 51.992717950139195 ], [ -1.368438545614481, 51.992133755760733 ], [ -1.375983347650617, 51.992133755760733 ], [ -1.376926447905134, 51.991549561382271 ], [ -1.374097147141583, 51.989796978246886 ], [ -1.372210946632549, 51.989796978246886 ], [ -1.368438545614481, 51.98746020073304 ], [ -1.364666144596413, 51.98746020073304 ], [ -1.363723044341896, 51.986876006354578 ], [ -1.363723044341896, 51.985707617597654 ], [ -1.362779944087379, 51.985123423219193 ], [ -1.360893743578345, 51.985123423219193 ], [ -1.35900754306931, 51.983955034462269 ], [ -1.358064442814793, 51.984539228840731 ], [ -1.361836843832862, 51.986876006354578 ], [ -1.361836843832862, 51.988044395111501 ], [ -1.35900754306931, 51.989796978246886 ], [ -1.357121342560276, 51.989796978246886 ], [ -1.356178242305759, 51.990381172625348 ], [ -1.356178242305759, 51.991549561382271 ], [ -1.357121342560276, 51.992133755760733 ], [ -1.360893743578345, 51.992133755760733 ], [ -1.361836843832862, 51.992717950139195 ], [ -1.360893743578345, 51.993302144517656 ], [ -1.35900754306931, 51.993302144517656 ], [ -1.358064442814793, 51.993886338896118 ], [ -1.358064442814793, 51.995054727653041 ], [ -1.359950643323828, 51.996223116409965 ], [ -1.35900754306931, 51.996807310788427 ], [ -1.355235142051242, 51.996807310788427 ], [ -1.352405841287691, 51.998559893923812 ], [ -1.355235142051242, 52.000312477059197 ], [ -1.35900754306931, 52.000312477059197 ], [ -1.360893743578345, 52.00148086581612 ], [ -1.362779944087379, 52.00148086581612 ], [ -1.366552345105447, 52.003817643329967 ], [ -1.368438545614481, 52.003817643329967 ], [ -1.371267846378032, 52.005570226465352 ], [ -1.369381645868998, 52.006738615222275 ], [ -1.369381645868998, 52.009075392736122 ], [ -1.368438545614481, 52.009659587114584 ], [ -1.366552345105447, 52.009659587114584 ], [ -1.364666144596413, 52.010827975871507 ], [ -1.360893743578345, 52.010827975871507 ], [ -1.35900754306931, 52.009659587114584 ], [ -1.357121342560276, 52.009659587114584 ], [ -1.355235142051242, 52.00849119835766 ], [ -1.353348941542208, 52.009659587114584 ], [ -1.34957654052414, 52.009659587114584 ], [ -1.346747239760589, 52.007907003979199 ], [ -1.34957654052414, 52.006154420843814 ], [ -1.351462741033174, 52.006154420843814 ], [ -1.352405841287691, 52.005570226465352 ], [ -1.350519640778657, 52.004401837708429 ], [ -1.350519640778657, 52.002065060194582 ], [ -1.352405841287691, 52.000896671437658 ], [ -1.351462741033174, 52.000312477059197 ], [ -1.34957654052414, 52.000312477059197 ], [ -1.345804139506072, 52.002649254573043 ], [ -1.344861039251555, 52.002065060194582 ], [ -1.344861039251555, 52.000896671437658 ], [ -1.343917938997038, 52.000312477059197 ], [ -1.342031738488004, 52.000312477059197 ], [ -1.341088638233487, 51.999728282680735 ], [ -1.341088638233487, 51.997391505166888 ], [ -1.34014553797897, 51.996807310788427 ], [ -1.338259337469935, 51.99797569954535 ], [ -1.336373136960901, 51.996807310788427 ], [ -1.332600735942833, 51.996807310788427 ], [ -1.331657635688316, 51.996223116409965 ], [ -1.331657635688316, 51.993886338896118 ], [ -1.332600735942833, 51.993302144517656 ], [ -1.334486936451867, 51.993302144517656 ], [ -1.335430036706384, 51.992717950139195 ], [ -1.334486936451867, 51.992133755760733 ], [ -1.328828334924765, 51.992133755760733 ], [ -1.326942134415731, 51.993302144517656 ], [ -1.325999034161214, 51.992717950139195 ], [ -1.325999034161214, 51.988044395111501 ], [ -1.330714535433799, 51.985123423219193 ], [ -1.332600735942833, 51.985123423219193 ], [ -1.334486936451867, 51.983955034462269 ], [ -1.336373136960901, 51.983955034462269 ], [ -1.338259337469935, 51.985123423219193 ], [ -1.34014553797897, 51.983955034462269 ], [ -1.343917938997038, 51.983955034462269 ], [ -1.344861039251555, 51.983370840083808 ], [ -1.343917938997038, 51.982786645705346 ], [ -1.34014553797897, 51.982786645705346 ], [ -1.338259337469935, 51.981618256948423 ], [ -1.334486936451867, 51.981618256948423 ], [ -1.330714535433799, 51.979281479434576 ], [ -1.326942134415731, 51.979281479434576 ], [ -1.325055933906697, 51.978113090677653 ], [ -1.323169733397663, 51.978113090677653 ], [ -1.320340432634111, 51.976360507542267 ], [ -1.320340432634111, 51.970518563757651 ], [ -1.322226633143146, 51.969350175000727 ], [ -1.321283532888629, 51.968765980622265 ], [ -1.319397332379594, 51.968765980622265 ], [ -1.318454232125077, 51.969350175000727 ], [ -1.318454232125077, 51.970518563757651 ], [ -1.316568031616043, 51.971686952514574 ], [ -1.316568031616043, 51.979865673813038 ], [ -1.313738730852492, 51.981618256948423 ], [ -1.304307728307322, 51.981618256948423 ], [ -1.303364628052805, 51.982202451326884 ], [ -1.304307728307322, 51.982786645705346 ], [ -1.30808012932539, 51.982786645705346 ], [ -1.309023229579907, 51.983370840083808 ], [ -1.309023229579907, 51.984539228840731 ], [ -1.309966329834424, 51.985123423219193 ], [ -1.311852530343458, 51.985123423219193 ], [ -1.313738730852492, 51.983955034462269 ], [ -1.315624931361526, 51.985123423219193 ], [ -1.31751113187056, 51.985123423219193 ], [ -1.318454232125077, 51.985707617597654 ], [ -1.318454232125077, 51.986876006354578 ], [ -1.316568031616043, 51.988044395111501 ], [ -1.316568031616043, 51.997391505166888 ], [ -1.315624931361526, 51.99797569954535 ], [ -1.313738730852492, 51.99797569954535 ], [ -1.311852530343458, 51.996807310788427 ], [ -1.30808012932539, 51.996807310788427 ], [ -1.306193928816356, 51.995638922031503 ], [ -1.302421527798288, 51.995638922031503 ], [ -1.301478427543771, 51.996223116409965 ], [ -1.301478427543771, 51.998559893923812 ], [ -1.303364628052805, 51.999728282680735 ], [ -1.303364628052805, 52.000896671437658 ], [ -1.304307728307322, 52.00148086581612 ], [ -1.306193928816356, 52.00148086581612 ], [ -1.30808012932539, 52.002649254573043 ], [ -1.309966329834424, 52.002649254573043 ], [ -1.310909430088941, 52.003233448951505 ], [ -1.309966329834424, 52.003817643329967 ], [ -1.30808012932539, 52.003817643329967 ], [ -1.304307728307322, 52.006154420843814 ], [ -1.298649126780219, 52.006154420843814 ], [ -1.297706026525702, 52.005570226465352 ], [ -1.297706026525702, 52.003233448951505 ], [ -1.296762926271185, 52.002649254573043 ], [ -1.292990525253117, 52.002649254573043 ], [ -1.291104324744083, 52.00148086581612 ], [ -1.289218124235049, 52.002649254573043 ], [ -1.285445723216981, 52.002649254573043 ], [ -1.28261642245343, 52.000896671437658 ], [ -1.28261642245343, 51.997391505166888 ], [ -1.281673322198913, 51.996807310788427 ], [ -1.27601472067181, 51.996807310788427 ], [ -1.274128520162776, 51.99797569954535 ], [ -1.272242319653742, 51.99797569954535 ], [ -1.270356119144708, 51.996807310788427 ], [ -1.268469918635674, 51.996807310788427 ], [ -1.26658371812664, 51.995638922031503 ], [ -1.262811317108572, 51.995638922031503 ], [ -1.261868216854054, 51.995054727653041 ], [ -1.261868216854054, 51.992717950139195 ], [ -1.260925116599537, 51.992133755760733 ], [ -1.259038916090503, 51.992133755760733 ], [ -1.257152715581469, 51.993302144517656 ], [ -1.255266515072435, 51.993302144517656 ], [ -1.253380314563401, 51.992133755760733 ], [ -1.251494114054367, 51.992133755760733 ], [ -1.249607913545333, 51.993302144517656 ], [ -1.245835512527265, 51.993302144517656 ], [ -1.243949312018231, 51.99447053327458 ], [ -1.242063111509196, 51.99447053327458 ], [ -1.241120011254679, 51.993886338896118 ], [ -1.241120011254679, 51.992717950139195 ], [ -1.244892412272748, 51.990381172625348 ], [ -1.241120011254679, 51.988044395111501 ], [ -1.241120011254679, 51.983370840083808 ], [ -1.242063111509196, 51.982786645705346 ], [ -1.245835512527265, 51.982786645705346 ], [ -1.247721713036299, 51.981618256948423 ], [ -1.251494114054367, 51.981618256948423 ], [ -1.253380314563401, 51.980449868191499 ], [ -1.255266515072435, 51.980449868191499 ], [ -1.256209615326952, 51.979865673813038 ], [ -1.256209615326952, 51.978697285056114 ], [ -1.255266515072435, 51.978113090677653 ], [ -1.253380314563401, 51.978113090677653 ], [ -1.252437214308884, 51.977528896299191 ], [ -1.254323414817918, 51.976360507542267 ], [ -1.254323414817918, 51.975192118785344 ], [ -1.253380314563401, 51.974607924406882 ], [ -1.251494114054367, 51.975776313163806 ], [ -1.243949312018231, 51.975776313163806 ], [ -1.243006211763714, 51.975192118785344 ], [ -1.243006211763714, 51.970518563757651 ], [ -1.243949312018231, 51.969934369379189 ], [ -1.245835512527265, 51.969934369379189 ], [ -1.246778612781782, 51.969350175000727 ], [ -1.246778612781782, 51.968181786243804 ], [ -1.248664813290816, 51.96701339748688 ], [ -1.248664813290816, 51.965845008729957 ], [ -1.247721713036299, 51.965260814351495 ], [ -1.245835512527265, 51.965260814351495 ], [ -1.243949312018231, 51.966429203108419 ], [ -1.242063111509196, 51.966429203108419 ], [ -1.240176911000162, 51.967597591865342 ], [ -1.239233810745645, 51.96701339748688 ], [ -1.239233810745645, 51.964676619973034 ], [ -1.240176911000162, 51.964092425594572 ], [ -1.242063111509196, 51.964092425594572 ], [ -1.243949312018231, 51.962924036837649 ], [ -1.247721713036299, 51.962924036837649 ], [ -1.25055101379985, 51.961171453702264 ], [ -1.25055101379985, 51.96000306494534 ], [ -1.251494114054367, 51.959418870566878 ], [ -1.255266515072435, 51.961755648080725 ], [ -1.256209615326952, 51.961171453702264 ], [ -1.256209615326952, 51.96000306494534 ], [ -1.258095815835986, 51.958834676188417 ], [ -1.258095815835986, 51.95649789867457 ], [ -1.257152715581469, 51.955913704296108 ], [ -1.253380314563401, 51.955913704296108 ], [ -1.251494114054367, 51.957082093053032 ], [ -1.245835512527265, 51.957082093053032 ], [ -1.243949312018231, 51.958250481809955 ], [ -1.242063111509196, 51.958250481809955 ], [ -1.241120011254679, 51.957666287431493 ], [ -1.241120011254679, 51.95649789867457 ], [ -1.239233810745645, 51.955329509917647 ], [ -1.239233810745645, 51.954161121160723 ], [ -1.237347610236611, 51.9529927324038 ], [ -1.237347610236611, 51.94948756613303 ], [ -1.238290710491128, 51.948903371754568 ], [ -1.243949312018231, 51.948903371754568 ], [ -1.245835512527265, 51.950071760511491 ], [ -1.255266515072435, 51.950071760511491 ], [ -1.256209615326952, 51.94948756613303 ], [ -1.256209615326952, 51.948319177376106 ], [ -1.255266515072435, 51.947734982997645 ], [ -1.253380314563401, 51.947734982997645 ], [ -1.251494114054367, 51.946566594240721 ], [ -1.249607913545333, 51.946566594240721 ], [ -1.247721713036299, 51.945398205483798 ], [ -1.242063111509196, 51.945398205483798 ], [ -1.240176911000162, 51.944229816726875 ], [ -1.238290710491128, 51.944229816726875 ], [ -1.237347610236611, 51.943645622348413 ], [ -1.237347610236611, 51.938972067320719 ], [ -1.236404509982094, 51.938387872942258 ], [ -1.235461409727577, 51.938972067320719 ], [ -1.235461409727577, 51.941308844834566 ], [ -1.232632108964026, 51.943061427969951 ], [ -1.22508730692789, 51.943061427969951 ], [ -1.224144206673373, 51.942477233591489 ], [ -1.224144206673373, 51.941308844834566 ], [ -1.222258006164338, 51.940140456077643 ], [ -1.222258006164338, 51.936635289806873 ], [ -1.221314905909821, 51.936051095428411 ], [ -1.219428705400787, 51.936051095428411 ], [ -1.21848560514627, 51.935466901049949 ], [ -1.219428705400787, 51.934882706671488 ], [ -1.223201106418855, 51.934882706671488 ], [ -1.226030407182407, 51.933130123536102 ], [ -1.226030407182407, 51.931961734779179 ], [ -1.226973507436924, 51.931377540400717 ], [ -1.228859707945958, 51.931377540400717 ], [ -1.232632108964026, 51.929040762886871 ], [ -1.23451830947306, 51.930209151643794 ], [ -1.238290710491128, 51.930209151643794 ], [ -1.240176911000162, 51.931377540400717 ], [ -1.241120011254679, 51.930793346022256 ], [ -1.241120011254679, 51.929624957265332 ], [ -1.242063111509196, 51.929040762886871 ], [ -1.243949312018231, 51.929040762886871 ], [ -1.244892412272748, 51.929624957265332 ], [ -1.244892412272748, 51.931961734779179 ], [ -1.245835512527265, 51.932545929157641 ], [ -1.247721713036299, 51.931377540400717 ], [ -1.249607913545333, 51.931377540400717 ], [ -1.251494114054367, 51.930209151643794 ], [ -1.255266515072435, 51.930209151643794 ], [ -1.256209615326952, 51.929624957265332 ], [ -1.256209615326952, 51.927288179751486 ], [ -1.258095815835986, 51.926119790994562 ], [ -1.258095815835986, 51.924951402237639 ], [ -1.257152715581469, 51.924367207859177 ], [ -1.253380314563401, 51.924367207859177 ], [ -1.251494114054367, 51.925535596616101 ], [ -1.25055101379985, 51.924951402237639 ], [ -1.25055101379985, 51.923783013480715 ], [ -1.249607913545333, 51.923198819102254 ], [ -1.245835512527265, 51.925535596616101 ], [ -1.243949312018231, 51.925535596616101 ], [ -1.243006211763714, 51.924951402237639 ], [ -1.243006211763714, 51.921446235966869 ], [ -1.241120011254679, 51.920277847209945 ], [ -1.241120011254679, 51.919109458453022 ], [ -1.239233810745645, 51.917941069696099 ], [ -1.239233810745645, 51.915604292182252 ], [ -1.236404509982094, 51.913851709046867 ], [ -1.235461409727577, 51.914435903425328 ], [ -1.237347610236611, 51.915604292182252 ], [ -1.237347610236611, 51.917941069696099 ], [ -1.239233810745645, 51.919109458453022 ], [ -1.239233810745645, 51.924951402237639 ], [ -1.238290710491128, 51.925535596616101 ], [ -1.228859707945958, 51.925535596616101 ], [ -1.224144206673373, 51.922614624723792 ], [ -1.226030407182407, 51.921446235966869 ], [ -1.226030407182407, 51.919109458453022 ], [ -1.226973507436924, 51.91852526407456 ], [ -1.228859707945958, 51.919693652831484 ], [ -1.230745908454992, 51.919693652831484 ], [ -1.231689008709509, 51.919109458453022 ], [ -1.231689008709509, 51.917941069696099 ], [ -1.229802808200475, 51.916772680939175 ], [ -1.231689008709509, 51.915604292182252 ], [ -1.227916607691441, 51.913267514668405 ], [ -1.227916607691441, 51.910930737154558 ], [ -1.228859707945958, 51.910346542776097 ], [ -1.230745908454992, 51.910346542776097 ], [ -1.231689008709509, 51.910930737154558 ], [ -1.231689008709509, 51.912099125911482 ], [ -1.232632108964026, 51.912683320289943 ], [ -1.23451830947306, 51.912683320289943 ], [ -1.235461409727577, 51.912099125911482 ], [ -1.231689008709509, 51.909762348397635 ], [ -1.231689008709509, 51.907425570883788 ], [ -1.229802808200475, 51.906257182126865 ], [ -1.229802808200475, 51.905088793369941 ], [ -1.228859707945958, 51.90450459899148 ], [ -1.226973507436924, 51.905672987748403 ], [ -1.226030407182407, 51.905088793369941 ], [ -1.226030407182407, 51.903920404613018 ], [ -1.22508730692789, 51.903336210234556 ], [ -1.223201106418855, 51.903336210234556 ], [ -1.222258006164338, 51.903920404613018 ], [ -1.222258006164338, 51.905088793369941 ], [ -1.221314905909821, 51.905672987748403 ], [ -1.217542504891753, 51.905672987748403 ], [ -1.214713204128202, 51.907425570883788 ], [ -1.217542504891753, 51.909178154019173 ], [ -1.219428705400787, 51.909178154019173 ], [ -1.222258006164338, 51.910930737154558 ], [ -1.220371805655304, 51.912099125911482 ], [ -1.220371805655304, 51.916772680939175 ], [ -1.219428705400787, 51.917356875317637 ], [ -1.217542504891753, 51.917356875317637 ], [ -1.209997702855617, 51.92203043034533 ], [ -1.208111502346583, 51.92203043034533 ], [ -1.207168402092066, 51.922614624723792 ], [ -1.207168402092066, 51.926119790994562 ], [ -1.205282201583032, 51.927288179751486 ], [ -1.205282201583032, 51.931961734779179 ], [ -1.208111502346583, 51.933714317914564 ], [ -1.209997702855617, 51.933714317914564 ], [ -1.210940803110134, 51.934298512293026 ], [ -1.209997702855617, 51.934882706671488 ], [ -1.206225301837549, 51.934882706671488 ], [ -1.204339101328515, 51.936051095428411 ], [ -1.203396001073997, 51.935466901049949 ], [ -1.203396001073997, 51.934298512293026 ], [ -1.201509800564963, 51.933130123536102 ], [ -1.201509800564963, 51.931961734779179 ], [ -1.193964998528827, 51.927288179751486 ], [ -1.195851199037861, 51.926119790994562 ], [ -1.195851199037861, 51.923783013480715 ], [ -1.196794299292378, 51.923198819102254 ], [ -1.200566700310446, 51.923198819102254 ], [ -1.201509800564963, 51.922614624723792 ], [ -1.201509800564963, 51.919109458453022 ], [ -1.20245290081948, 51.91852526407456 ], [ -1.204339101328515, 51.91852526407456 ], [ -1.205282201583032, 51.917941069696099 ], [ -1.205282201583032, 51.916772680939175 ], [ -1.204339101328515, 51.916188486560713 ], [ -1.20245290081948, 51.917356875317637 ], [ -1.200566700310446, 51.917356875317637 ], [ -1.195851199037861, 51.920277847209945 ], [ -1.195851199037861, 51.921446235966869 ], [ -1.194908098783344, 51.92203043034533 ], [ -1.19302189827431, 51.92203043034533 ], [ -1.192078798019793, 51.921446235966869 ], [ -1.193964998528827, 51.920277847209945 ], [ -1.193964998528827, 51.919109458453022 ], [ -1.191135697765276, 51.917356875317637 ], [ -1.189249497256242, 51.917356875317637 ], [ -1.188306397001725, 51.916772680939175 ], [ -1.190192597510759, 51.915604292182252 ], [ -1.189249497256242, 51.91502009780379 ], [ -1.186420196492691, 51.916772680939175 ], [ -1.186420196492691, 51.917941069696099 ], [ -1.188306397001725, 51.919109458453022 ], [ -1.188306397001725, 51.920277847209945 ], [ -1.187363296747208, 51.920862041588407 ], [ -1.185477096238174, 51.920862041588407 ], [ -1.184533995983656, 51.920277847209945 ], [ -1.184533995983656, 51.919109458453022 ], [ -1.183590895729139, 51.91852526407456 ], [ -1.179818494711071, 51.91852526407456 ], [ -1.178875394456554, 51.917941069696099 ], [ -1.180761594965588, 51.916772680939175 ], [ -1.179818494711071, 51.916188486560713 ], [ -1.177932294202037, 51.916188486560713 ], [ -1.17698919394752, 51.915604292182252 ], [ -1.17698919394752, 51.914435903425328 ], [ -1.176046093693003, 51.913851709046867 ], [ -1.174159893183969, 51.913851709046867 ], [ -1.173216792929452, 51.914435903425328 ], [ -1.173216792929452, 51.916772680939175 ], [ -1.176046093693003, 51.91852526407456 ], [ -1.177932294202037, 51.91852526407456 ], [ -1.178875394456554, 51.919109458453022 ], [ -1.178875394456554, 51.920277847209945 ], [ -1.181704695220105, 51.92203043034533 ], [ -1.183590895729139, 51.92203043034533 ], [ -1.184533995983656, 51.922614624723792 ], [ -1.184533995983656, 51.923783013480715 ], [ -1.181704695220105, 51.925535596616101 ], [ -1.177932294202037, 51.925535596616101 ], [ -1.176046093693003, 51.926703985373024 ], [ -1.174159893183969, 51.926703985373024 ], [ -1.172273692674935, 51.925535596616101 ], [ -1.170387492165901, 51.926703985373024 ], [ -1.166615091147833, 51.926703985373024 ], [ -1.165671990893316, 51.926119790994562 ], [ -1.16755819140235, 51.924951402237639 ], [ -1.16755819140235, 51.923783013480715 ], [ -1.164728890638798, 51.92203043034533 ], [ -1.16095648962073, 51.92203043034533 ], [ -1.160013389366213, 51.921446235966869 ], [ -1.160013389366213, 51.920277847209945 ], [ -1.161899589875247, 51.919109458453022 ], [ -1.155297888093628, 51.91502009780379 ], [ -1.153411687584594, 51.91502009780379 ], [ -1.152468587330077, 51.915604292182252 ], [ -1.152468587330077, 51.916772680939175 ], [ -1.154354787839111, 51.917941069696099 ], [ -1.153411687584594, 51.91852526407456 ], [ -1.15152548707556, 51.91852526407456 ], [ -1.149639286566526, 51.917356875317637 ], [ -1.145866885548458, 51.917356875317637 ], [ -1.14492378529394, 51.917941069696099 ], [ -1.14492378529394, 51.919109458453022 ], [ -1.146809985802975, 51.920277847209945 ], [ -1.14492378529394, 51.921446235966869 ], [ -1.145866885548458, 51.92203043034533 ], [ -1.153411687584594, 51.92203043034533 ], [ -1.154354787839111, 51.922614624723792 ], [ -1.154354787839111, 51.923783013480715 ], [ -1.157184088602662, 51.925535596616101 ], [ -1.159070289111696, 51.925535596616101 ], [ -1.160013389366213, 51.926119790994562 ], [ -1.160013389366213, 51.929624957265332 ], [ -1.161899589875247, 51.930793346022256 ], [ -1.161899589875247, 51.933130123536102 ], [ -1.16095648962073, 51.933714317914564 ], [ -1.159070289111696, 51.933714317914564 ], [ -1.158127188857179, 51.934298512293026 ], [ -1.158127188857179, 51.935466901049949 ], [ -1.157184088602662, 51.936051095428411 ], [ -1.155297888093628, 51.936051095428411 ], [ -1.154354787839111, 51.936635289806873 ], [ -1.154354787839111, 51.940140456077643 ], [ -1.152468587330077, 51.941308844834566 ], [ -1.152468587330077, 51.942477233591489 ], [ -1.15152548707556, 51.943061427969951 ], [ -1.149639286566526, 51.941893039213028 ], [ -1.147753086057492, 51.941893039213028 ], [ -1.145866885548458, 51.940724650456104 ], [ -1.143980685039423, 51.940724650456104 ], [ -1.141151384275872, 51.942477233591489 ], [ -1.143980685039423, 51.944229816726875 ], [ -1.145866885548458, 51.943061427969951 ], [ -1.147753086057492, 51.943061427969951 ], [ -1.148696186312009, 51.943645622348413 ], [ -1.148696186312009, 51.944814011105336 ], [ -1.15152548707556, 51.946566594240721 ], [ -1.153411687584594, 51.946566594240721 ], [ -1.157184088602662, 51.948903371754568 ], [ -1.162842690129764, 51.948903371754568 ], [ -1.164728890638798, 51.950071760511491 ], [ -1.166615091147833, 51.950071760511491 ], [ -1.168501291656867, 51.951240149268415 ], [ -1.170387492165901, 51.951240149268415 ], [ -1.171330592420418, 51.951824343646877 ], [ -1.171330592420418, 51.95649789867457 ], [ -1.172273692674935, 51.957082093053032 ], [ -1.174159893183969, 51.957082093053032 ], [ -1.175102993438486, 51.957666287431493 ], [ -1.175102993438486, 51.96000306494534 ], [ -1.174159893183969, 51.960587259323802 ], [ -1.172273692674935, 51.960587259323802 ], [ -1.170387492165901, 51.961755648080725 ], [ -1.168501291656867, 51.960587259323802 ], [ -1.16095648962073, 51.960587259323802 ], [ -1.157184088602662, 51.962924036837649 ], [ -1.153411687584594, 51.962924036837649 ], [ -1.15152548707556, 51.961755648080725 ], [ -1.150582386821043, 51.962339842459187 ], [ -1.150582386821043, 51.96350823121611 ], [ -1.153411687584594, 51.965260814351495 ], [ -1.159070289111696, 51.965260814351495 ], [ -1.16095648962073, 51.964092425594572 ], [ -1.164728890638798, 51.964092425594572 ], [ -1.16755819140235, 51.965845008729957 ], [ -1.16755819140235, 51.96701339748688 ], [ -1.168501291656867, 51.967597591865342 ], [ -1.170387492165901, 51.967597591865342 ], [ -1.171330592420418, 51.968181786243804 ], [ -1.171330592420418, 51.969350175000727 ], [ -1.172273692674935, 51.969934369379189 ], [ -1.174159893183969, 51.969934369379189 ], [ -1.175102993438486, 51.970518563757651 ], [ -1.175102993438486, 51.974023730028421 ], [ -1.173216792929452, 51.975192118785344 ], [ -1.175102993438486, 51.976360507542267 ], [ -1.175102993438486, 51.977528896299191 ], [ -1.17698919394752, 51.978697285056114 ], [ -1.176046093693003, 51.979281479434576 ], [ -1.164728890638798, 51.979281479434576 ], [ -1.162842690129764, 51.978113090677653 ], [ -1.16095648962073, 51.978113090677653 ], [ -1.160013389366213, 51.978697285056114 ], [ -1.160013389366213, 51.979865673813038 ], [ -1.162842690129764, 51.981618256948423 ], [ -1.164728890638798, 51.981618256948423 ], [ -1.165671990893316, 51.982202451326884 ], [ -1.165671990893316, 51.983370840083808 ], [ -1.16755819140235, 51.984539228840731 ], [ -1.16755819140235, 51.985707617597654 ], [ -1.164728890638798, 51.98746020073304 ], [ -1.162842690129764, 51.98746020073304 ], [ -1.159070289111696, 51.985123423219193 ], [ -1.155297888093628, 51.985123423219193 ], [ -1.153411687584594, 51.983955034462269 ], [ -1.149639286566526, 51.983955034462269 ], [ -1.147753086057492, 51.982786645705346 ], [ -1.145866885548458, 51.982786645705346 ], [ -1.143980685039423, 51.981618256948423 ], [ -1.142094484530389, 51.981618256948423 ], [ -1.141151384275872, 51.981034062569961 ], [ -1.141151384275872, 51.979865673813038 ], [ -1.140208284021355, 51.979281479434576 ], [ -1.139265183766838, 51.979865673813038 ], [ -1.139265183766838, 51.982202451326884 ], [ -1.140208284021355, 51.982786645705346 ], [ -1.142094484530389, 51.982786645705346 ], [ -1.15152548707556, 51.988628589489963 ], [ -1.153411687584594, 51.988628589489963 ], [ -1.154354787839111, 51.989212783868425 ], [ -1.154354787839111, 51.991549561382271 ], [ -1.153411687584594, 51.992133755760733 ], [ -1.15152548707556, 51.992133755760733 ], [ -1.149639286566526, 51.993302144517656 ], [ -1.147753086057492, 51.993302144517656 ], [ -1.145866885548458, 51.99447053327458 ], [ -1.140208284021355, 51.99447053327458 ], [ -1.139265183766838, 51.993886338896118 ], [ -1.141151384275872, 51.992717950139195 ], [ -1.141151384275872, 51.991549561382271 ], [ -1.142094484530389, 51.99096536700381 ], [ -1.143980685039423, 51.99096536700381 ], [ -1.146809985802975, 51.989212783868425 ], [ -1.145866885548458, 51.988628589489963 ], [ -1.143980685039423, 51.989796978246886 ], [ -1.143037584784906, 51.989212783868425 ], [ -1.143037584784906, 51.986876006354578 ], [ -1.142094484530389, 51.986291811976116 ], [ -1.141151384275872, 51.986876006354578 ], [ -1.141151384275872, 51.989212783868425 ], [ -1.137378983257804, 51.991549561382271 ], [ -1.139265183766838, 51.992717950139195 ], [ -1.138322083512321, 51.993302144517656 ], [ -1.136435883003287, 51.993302144517656 ], [ -1.134549682494253, 51.99447053327458 ], [ -1.127004880458117, 51.99447053327458 ], [ -1.125118679949082, 51.993302144517656 ], [ -1.123232479440048, 51.993302144517656 ], [ -1.122289379185531, 51.993886338896118 ], [ -1.122289379185531, 51.996223116409965 ], [ -1.123232479440048, 51.996807310788427 ], [ -1.127004880458117, 51.996807310788427 ], [ -1.130777281476185, 51.999144088302273 ], [ -1.132663481985219, 51.999144088302273 ], [ -1.134549682494253, 52.000312477059197 ], [ -1.138322083512321, 52.000312477059197 ], [ -1.139265183766838, 52.000896671437658 ], [ -1.139265183766838, 52.003233448951505 ], [ -1.138322083512321, 52.003817643329967 ], [ -1.123232479440048, 52.003817643329967 ], [ -1.121346278931014, 52.002649254573043 ], [ -1.115687677403912, 52.002649254573043 ], [ -1.114744577149395, 52.002065060194582 ], [ -1.115687677403912, 52.00148086581612 ], [ -1.117573877912946, 52.00148086581612 ], [ -1.118516978167463, 52.000896671437658 ], [ -1.118516978167463, 51.996223116409965 ], [ -1.120403178676497, 51.995054727653041 ], [ -1.120403178676497, 51.993886338896118 ], [ -1.11946007842198, 51.993302144517656 ], [ -1.111915276385844, 51.993302144517656 ], [ -1.110972176131327, 51.993886338896118 ], [ -1.110972176131327, 51.995054727653041 ], [ -1.111915276385844, 51.995638922031503 ], [ -1.115687677403912, 51.995638922031503 ], [ -1.116630777658429, 51.996223116409965 ], [ -1.116630777658429, 51.998559893923812 ], [ -1.113801476894878, 52.000312477059197 ], [ -1.11002907587681, 52.000312477059197 ], [ -1.109085975622293, 52.000896671437658 ], [ -1.11002907587681, 52.00148086581612 ], [ -1.111915276385844, 52.00148086581612 ], [ -1.112858376640361, 52.002065060194582 ], [ -1.112858376640361, 52.004401837708429 ], [ -1.115687677403912, 52.006154420843814 ], [ -1.117573877912946, 52.00498603208689 ], [ -1.11946007842198, 52.006154420843814 ], [ -1.123232479440048, 52.006154420843814 ], [ -1.127004880458117, 52.00849119835766 ], [ -1.134549682494253, 52.00849119835766 ], [ -1.137378983257804, 52.010243781493045 ], [ -1.137378983257804, 52.011412170249969 ], [ -1.139265183766838, 52.012580559006892 ], [ -1.139265183766838, 52.013748947763816 ], [ -1.137378983257804, 52.014917336520739 ], [ -1.137378983257804, 52.017254114034586 ], [ -1.136435883003287, 52.017838308413047 ], [ -1.132663481985219, 52.017838308413047 ], [ -1.130777281476185, 52.016669919656124 ], [ -1.125118679949082, 52.016669919656124 ], [ -1.123232479440048, 52.017838308413047 ], [ -1.11946007842198, 52.017838308413047 ], [ -1.117573877912946, 52.016669919656124 ], [ -1.115687677403912, 52.016669919656124 ], [ -1.112858376640361, 52.014917336520739 ], [ -1.112858376640361, 52.012580559006892 ], [ -1.110972176131327, 52.011412170249969 ], [ -1.110972176131327, 52.010243781493045 ], [ -1.11002907587681, 52.009659587114584 ], [ -1.106256674858741, 52.009659587114584 ], [ -1.105313574604224, 52.010243781493045 ], [ -1.107199775113259, 52.011412170249969 ], [ -1.107199775113259, 52.013748947763816 ], [ -1.105313574604224, 52.014917336520739 ], [ -1.107199775113259, 52.016085725277662 ], [ -1.107199775113259, 52.017254114034586 ], [ -1.106256674858741, 52.017838308413047 ], [ -1.10342737409519, 52.016085725277662 ], [ -1.10342737409519, 52.014917336520739 ], [ -1.100598073331639, 52.013164753385354 ], [ -1.091167070786469, 52.013164753385354 ], [ -1.090223970531952, 52.012580559006892 ], [ -1.090223970531952, 52.010243781493045 ], [ -1.088337770022918, 52.009075392736122 ], [ -1.088337770022918, 52.006738615222275 ], [ -1.090223970531952, 52.005570226465352 ], [ -1.089280870277435, 52.00498603208689 ], [ -1.0873946697684, 52.00498603208689 ], [ -1.086451569513883, 52.005570226465352 ], [ -1.086451569513883, 52.007907003979199 ], [ -1.085508469259366, 52.00849119835766 ], [ -1.083622268750332, 52.00849119835766 ], [ -1.082679168495815, 52.009075392736122 ], [ -1.083622268750332, 52.009659587114584 ], [ -1.085508469259366, 52.009659587114584 ], [ -1.086451569513883, 52.010243781493045 ], [ -1.086451569513883, 52.011412170249969 ], [ -1.085508469259366, 52.01199636462843 ], [ -1.081736068241298, 52.01199636462843 ], [ -1.080792967986781, 52.012580559006892 ], [ -1.080792967986781, 52.016085725277662 ], [ -1.07796366722323, 52.017838308413047 ], [ -1.074191266205162, 52.017838308413047 ], [ -1.073248165950645, 52.017254114034586 ], [ -1.073248165950645, 52.013748947763816 ], [ -1.075134366459679, 52.012580559006892 ], [ -1.074191266205162, 52.01199636462843 ], [ -1.072305065696128, 52.013164753385354 ], [ -1.070418865187094, 52.013164753385354 ], [ -1.067589564423542, 52.014917336520739 ], [ -1.069475764932577, 52.016085725277662 ], [ -1.069475764932577, 52.017254114034586 ], [ -1.06853266467806, 52.017838308413047 ], [ -1.053443060605787, 52.017838308413047 ], [ -1.05249996035127, 52.018422502791509 ], [ -1.054386160860304, 52.019590891548432 ], [ -1.054386160860304, 52.020759280305356 ], [ -1.055329261114821, 52.021343474683817 ], [ -1.057215461623855, 52.020175085926894 ], [ -1.062874063150957, 52.020175085926894 ], [ -1.063817163405474, 52.020759280305356 ], [ -1.063817163405474, 52.025432835333049 ], [ -1.066646464169025, 52.027185418468434 ], [ -1.067589564423542, 52.026601224089973 ], [ -1.067589564423542, 52.021927669062279 ], [ -1.06853266467806, 52.021343474683817 ], [ -1.069475764932577, 52.021927669062279 ], [ -1.069475764932577, 52.024264446576126 ], [ -1.070418865187094, 52.024848640954588 ], [ -1.072305065696128, 52.024848640954588 ], [ -1.074191266205162, 52.026017029711511 ], [ -1.075134366459679, 52.025432835333049 ], [ -1.075134366459679, 52.024264446576126 ], [ -1.073248165950645, 52.023096057819203 ], [ -1.074191266205162, 52.022511863440741 ], [ -1.079849867732264, 52.022511863440741 ], [ -1.081736068241298, 52.021343474683817 ], [ -1.0873946697684, 52.021343474683817 ], [ -1.088337770022918, 52.021927669062279 ], [ -1.086451569513883, 52.023096057819203 ], [ -1.088337770022918, 52.024264446576126 ], [ -1.088337770022918, 52.025432835333049 ], [ -1.086451569513883, 52.026601224089973 ], [ -1.086451569513883, 52.030106390360743 ], [ -1.084565369004849, 52.031274779117666 ], [ -1.084565369004849, 52.034779945388436 ], [ -1.085508469259366, 52.035364139766898 ], [ -1.086451569513883, 52.034779945388436 ], [ -1.086451569513883, 52.033611556631513 ], [ -1.088337770022918, 52.03244316787459 ], [ -1.088337770022918, 52.031274779117666 ], [ -1.090223970531952, 52.030106390360743 ], [ -1.090223970531952, 52.028938001603819 ], [ -1.093053271295503, 52.027185418468434 ], [ -1.094939471804537, 52.027185418468434 ], [ -1.097768772568088, 52.025432835333049 ], [ -1.095882572059054, 52.024264446576126 ], [ -1.095882572059054, 52.023096057819203 ], [ -1.096825672313571, 52.022511863440741 ], [ -1.098711872822605, 52.022511863440741 ], [ -1.099654973077122, 52.023096057819203 ], [ -1.099654973077122, 52.027769612846896 ], [ -1.100598073331639, 52.028353807225358 ], [ -1.102484273840673, 52.028353807225358 ], [ -1.108142875367776, 52.031858973496128 ], [ -1.111915276385844, 52.031858973496128 ], [ -1.112858376640361, 52.031274779117666 ], [ -1.112858376640361, 52.028938001603819 ], [ -1.113801476894878, 52.028353807225358 ], [ -1.117573877912946, 52.028353807225358 ], [ -1.118516978167463, 52.028938001603819 ], [ -1.118516978167463, 52.030106390360743 ], [ -1.117573877912946, 52.030690584739204 ], [ -1.115687677403912, 52.030690584739204 ], [ -1.114744577149395, 52.031274779117666 ], [ -1.114744577149395, 52.03244316787459 ], [ -1.111915276385844, 52.034195751009975 ], [ -1.11002907587681, 52.034195751009975 ], [ -1.108142875367776, 52.033027362253051 ], [ -1.106256674858741, 52.033027362253051 ], [ -1.105313574604224, 52.033611556631513 ], [ -1.106256674858741, 52.034195751009975 ], [ -1.108142875367776, 52.034195751009975 ], [ -1.109085975622293, 52.034779945388436 ], [ -1.106256674858741, 52.036532528523821 ], [ -1.104370474349707, 52.036532528523821 ], [ -1.10342737409519, 52.037116722902283 ], [ -1.104370474349707, 52.037700917280745 ], [ -1.106256674858741, 52.037700917280745 ], [ -1.108142875367776, 52.036532528523821 ], [ -1.109085975622293, 52.037116722902283 ], [ -1.109085975622293, 52.03945350041613 ], [ -1.107199775113259, 52.040621889173053 ], [ -1.108142875367776, 52.041206083551515 ], [ -1.115687677403912, 52.041206083551515 ], [ -1.116630777658429, 52.040621889173053 ], [ -1.116630777658429, 52.038285111659206 ], [ -1.11946007842198, 52.036532528523821 ], [ -1.120403178676497, 52.037116722902283 ], [ -1.120403178676497, 52.038285111659206 ], [ -1.123232479440048, 52.040037694794592 ], [ -1.125118679949082, 52.040037694794592 ], [ -1.129834181221668, 52.0429586666869 ], [ -1.129834181221668, 52.044127055443823 ], [ -1.125118679949082, 52.047048027336132 ], [ -1.123232479440048, 52.047048027336132 ], [ -1.11946007842198, 52.049384804849979 ], [ -1.118516978167463, 52.048800610471517 ], [ -1.118516978167463, 52.047632221714593 ], [ -1.115687677403912, 52.045879638579208 ], [ -1.113801476894878, 52.045879638579208 ], [ -1.112858376640361, 52.045295444200747 ], [ -1.112858376640361, 52.044127055443823 ], [ -1.114744577149395, 52.0429586666869 ], [ -1.113801476894878, 52.042374472308438 ], [ -1.108142875367776, 52.042374472308438 ], [ -1.106256674858741, 52.043542861065362 ], [ -1.104370474349707, 52.042374472308438 ], [ -1.102484273840673, 52.042374472308438 ], [ -1.100598073331639, 52.041206083551515 ], [ -1.099654973077122, 52.041790277929977 ], [ -1.099654973077122, 52.0429586666869 ], [ -1.098711872822605, 52.043542861065362 ], [ -1.096825672313571, 52.042374472308438 ], [ -1.091167070786469, 52.042374472308438 ], [ -1.090223970531952, 52.0429586666869 ], [ -1.090223970531952, 52.044127055443823 ], [ -1.089280870277435, 52.044711249822285 ], [ -1.0873946697684, 52.044711249822285 ], [ -1.086451569513883, 52.045295444200747 ], [ -1.0873946697684, 52.045879638579208 ], [ -1.089280870277435, 52.045879638579208 ], [ -1.091167070786469, 52.044711249822285 ], [ -1.096825672313571, 52.044711249822285 ], [ -1.099654973077122, 52.04646383295767 ], [ -1.099654973077122, 52.048800610471517 ], [ -1.100598073331639, 52.049384804849979 ], [ -1.102484273840673, 52.049384804849979 ], [ -1.105313574604224, 52.051137387985364 ], [ -1.105313574604224, 52.052305776742287 ], [ -1.106256674858741, 52.052889971120749 ], [ -1.11002907587681, 52.052889971120749 ], [ -1.110972176131327, 52.05347416549921 ], [ -1.110972176131327, 52.054642554256134 ], [ -1.112858376640361, 52.055810943013057 ], [ -1.112858376640361, 52.05697933176998 ], [ -1.113801476894878, 52.057563526148442 ], [ -1.114744577149395, 52.05697933176998 ], [ -1.114744577149395, 52.055810943013057 ], [ -1.112858376640361, 52.054642554256134 ], [ -1.113801476894878, 52.054058359877672 ], [ -1.115687677403912, 52.054058359877672 ], [ -1.116630777658429, 52.054642554256134 ], [ -1.116630777658429, 52.055810943013057 ], [ -1.117573877912946, 52.056395137391519 ], [ -1.11946007842198, 52.056395137391519 ], [ -1.121346278931014, 52.055226748634595 ], [ -1.134549682494253, 52.055226748634595 ], [ -1.13549278274877, 52.055810943013057 ], [ -1.13549278274877, 52.05697933176998 ], [ -1.139265183766838, 52.059316109283827 ], [ -1.139265183766838, 52.060484498040751 ], [ -1.142094484530389, 52.062237081176136 ], [ -1.143980685039423, 52.062237081176136 ], [ -1.14492378529394, 52.062821275554597 ], [ -1.14492378529394, 52.063989664311521 ], [ -1.143037584784906, 52.065158053068444 ], [ -1.143037584784906, 52.068663219339214 ], [ -1.14492378529394, 52.069831608096138 ], [ -1.14492378529394, 52.070999996853061 ], [ -1.143037584784906, 52.072168385609984 ], [ -1.143037584784906, 52.073336774366908 ], [ -1.140208284021355, 52.075089357502293 ], [ -1.138322083512321, 52.075089357502293 ], [ -1.136435883003287, 52.073920968745369 ], [ -1.130777281476185, 52.073920968745369 ], [ -1.128891080967151, 52.072752579988446 ], [ -1.127004880458117, 52.073920968745369 ], [ -1.125118679949082, 52.073920968745369 ], [ -1.123232479440048, 52.072752579988446 ], [ -1.11946007842198, 52.072752579988446 ], [ -1.117573877912946, 52.071584191231523 ], [ -1.113801476894878, 52.071584191231523 ], [ -1.111915276385844, 52.070415802474599 ], [ -1.11002907587681, 52.070415802474599 ], [ -1.106256674858741, 52.068079024960753 ], [ -1.104370474349707, 52.068079024960753 ], [ -1.101541173586156, 52.066326441825368 ], [ -1.101541173586156, 52.065158053068444 ], [ -1.100598073331639, 52.064573858689982 ], [ -1.096825672313571, 52.064573858689982 ], [ -1.094939471804537, 52.063405469933059 ], [ -1.093053271295503, 52.063405469933059 ], [ -1.092110171040986, 52.062821275554597 ], [ -1.094939471804537, 52.061068692419212 ], [ -1.096825672313571, 52.061068692419212 ], [ -1.097768772568088, 52.061652886797674 ], [ -1.097768772568088, 52.062821275554597 ], [ -1.098711872822605, 52.063405469933059 ], [ -1.102484273840673, 52.063405469933059 ], [ -1.10342737409519, 52.062821275554597 ], [ -1.102484273840673, 52.062237081176136 ], [ -1.100598073331639, 52.062237081176136 ], [ -1.099654973077122, 52.061652886797674 ], [ -1.099654973077122, 52.060484498040751 ], [ -1.101541173586156, 52.059316109283827 ], [ -1.098711872822605, 52.057563526148442 ], [ -1.094939471804537, 52.059900303662289 ], [ -1.091167070786469, 52.059900303662289 ], [ -1.090223970531952, 52.060484498040751 ], [ -1.090223970531952, 52.062821275554597 ], [ -1.092110171040986, 52.063989664311521 ], [ -1.091167070786469, 52.064573858689982 ], [ -1.089280870277435, 52.064573858689982 ], [ -1.088337770022918, 52.065158053068444 ], [ -1.089280870277435, 52.065742247446906 ], [ -1.091167070786469, 52.065742247446906 ], [ -1.093053271295503, 52.064573858689982 ], [ -1.094939471804537, 52.065742247446906 ], [ -1.096825672313571, 52.065742247446906 ], [ -1.097768772568088, 52.066326441825368 ], [ -1.097768772568088, 52.069831608096138 ], [ -1.100598073331639, 52.071584191231523 ], [ -1.104370474349707, 52.071584191231523 ], [ -1.106256674858741, 52.072752579988446 ], [ -1.108142875367776, 52.071584191231523 ], [ -1.109085975622293, 52.072168385609984 ], [ -1.109085975622293, 52.073336774366908 ], [ -1.11002907587681, 52.073920968745369 ], [ -1.111915276385844, 52.073920968745369 ], [ -1.113801476894878, 52.075089357502293 ], [ -1.115687677403912, 52.075089357502293 ], [ -1.117573877912946, 52.076257746259216 ], [ -1.11946007842198, 52.076257746259216 ], [ -1.120403178676497, 52.076841940637678 ], [ -1.120403178676497, 52.079178718151525 ], [ -1.121346278931014, 52.079762912529986 ], [ -1.128891080967151, 52.079762912529986 ], [ -1.129834181221668, 52.080347106908448 ], [ -1.129834181221668, 52.082683884422295 ], [ -1.132663481985219, 52.08443646755768 ], [ -1.136435883003287, 52.08443646755768 ], [ -1.139265183766838, 52.086189050693065 ], [ -1.137378983257804, 52.087357439449988 ], [ -1.137378983257804, 52.089694216963835 ], [ -1.132663481985219, 52.092615188856144 ], [ -1.127004880458117, 52.092615188856144 ], [ -1.126061780203599, 52.093199383234605 ], [ -1.126061780203599, 52.095536160748452 ], [ -1.127004880458117, 52.096120355126914 ], [ -1.128891080967151, 52.09495196636999 ], [ -1.134549682494253, 52.09495196636999 ], [ -1.136435883003287, 52.096120355126914 ], [ -1.138322083512321, 52.096120355126914 ], [ -1.140208284021355, 52.09495196636999 ], [ -1.145866885548458, 52.09495196636999 ], [ -1.147753086057492, 52.093783577613067 ], [ -1.149639286566526, 52.09495196636999 ], [ -1.15152548707556, 52.09495196636999 ], [ -1.152468587330077, 52.095536160748452 ], [ -1.152468587330077, 52.097872938262299 ], [ -1.155297888093628, 52.099625521397684 ], [ -1.157184088602662, 52.099625521397684 ], [ -1.159070289111696, 52.09845713264076 ], [ -1.16095648962073, 52.099625521397684 ], [ -1.168501291656867, 52.099625521397684 ], [ -1.169444391911384, 52.100209715776145 ], [ -1.169444391911384, 52.101378104533069 ], [ -1.170387492165901, 52.101962298911531 ], [ -1.174159893183969, 52.101962298911531 ], [ -1.175102993438486, 52.102546493289992 ], [ -1.175102993438486, 52.106051659560762 ], [ -1.17698919394752, 52.107220048317686 ], [ -1.175102993438486, 52.108388437074609 ], [ -1.175102993438486, 52.109556825831532 ], [ -1.173216792929452, 52.110725214588456 ], [ -1.173216792929452, 52.113061992102303 ], [ -1.171330592420418, 52.114230380859226 ], [ -1.171330592420418, 52.117735547129996 ], [ -1.170387492165901, 52.118319741508458 ], [ -1.168501291656867, 52.118319741508458 ], [ -1.166615091147833, 52.119488130265381 ], [ -1.164728890638798, 52.119488130265381 ], [ -1.162842690129764, 52.120656519022305 ], [ -1.157184088602662, 52.120656519022305 ], [ -1.156240988348145, 52.121240713400766 ], [ -1.156240988348145, 52.12240910215769 ], [ -1.155297888093628, 52.122993296536151 ], [ -1.15152548707556, 52.122993296536151 ], [ -1.147753086057492, 52.120656519022305 ], [ -1.145866885548458, 52.120656519022305 ], [ -1.14492378529394, 52.120072324643843 ], [ -1.14492378529394, 52.118903935886919 ], [ -1.143037584784906, 52.117735547129996 ], [ -1.143037584784906, 52.116567158373073 ], [ -1.142094484530389, 52.115982963994611 ], [ -1.136435883003287, 52.115982963994611 ], [ -1.13549278274877, 52.116567158373073 ], [ -1.13549278274877, 52.117735547129996 ], [ -1.133606582239736, 52.118903935886919 ], [ -1.134549682494253, 52.119488130265381 ], [ -1.140208284021355, 52.119488130265381 ], [ -1.141151384275872, 52.120072324643843 ], [ -1.141151384275872, 52.121240713400766 ], [ -1.148696186312009, 52.12591426842846 ], [ -1.148696186312009, 52.127082657185383 ], [ -1.146809985802975, 52.128251045942307 ], [ -1.146809985802975, 52.12941943469923 ], [ -1.14492378529394, 52.130587823456153 ], [ -1.145866885548458, 52.131172017834615 ], [ -1.147753086057492, 52.131172017834615 ], [ -1.148696186312009, 52.130587823456153 ], [ -1.148696186312009, 52.12941943469923 ], [ -1.149639286566526, 52.128835240320768 ], [ -1.15152548707556, 52.128835240320768 ], [ -1.152468587330077, 52.128251045942307 ], [ -1.152468587330077, 52.127082657185383 ], [ -1.153411687584594, 52.126498462806921 ], [ -1.157184088602662, 52.126498462806921 ], [ -1.159070289111696, 52.125330074049998 ], [ -1.168501291656867, 52.125330074049998 ], [ -1.170387492165901, 52.124161685293075 ], [ -1.179818494711071, 52.124161685293075 ], [ -1.180761594965588, 52.124745879671536 ], [ -1.180761594965588, 52.12591426842846 ], [ -1.182647795474622, 52.127082657185383 ], [ -1.181704695220105, 52.127666851563845 ], [ -1.177932294202037, 52.127666851563845 ], [ -1.176046093693003, 52.128835240320768 ], [ -1.174159893183969, 52.128835240320768 ], [ -1.171330592420418, 52.130587823456153 ], [ -1.171330592420418, 52.131756212213077 ], [ -1.166615091147833, 52.134677184105385 ], [ -1.16095648962073, 52.134677184105385 ], [ -1.159070289111696, 52.133508795348462 ], [ -1.157184088602662, 52.133508795348462 ], [ -1.155297888093628, 52.132340406591538 ], [ -1.154354787839111, 52.13292460097 ], [ -1.158127188857179, 52.135261378483847 ], [ -1.158127188857179, 52.137598155997694 ], [ -1.156240988348145, 52.138766544754617 ], [ -1.156240988348145, 52.13993493351154 ], [ -1.159070289111696, 52.141687516646925 ], [ -1.16095648962073, 52.141687516646925 ], [ -1.162842690129764, 52.140519127890002 ], [ -1.166615091147833, 52.140519127890002 ], [ -1.170387492165901, 52.138182350376155 ], [ -1.172273692674935, 52.138182350376155 ], [ -1.176046093693003, 52.135845572862308 ], [ -1.179818494711071, 52.135845572862308 ], [ -1.180761594965588, 52.13642976724077 ], [ -1.180761594965588, 52.13993493351154 ], [ -1.182647795474622, 52.141103322268464 ], [ -1.182647795474622, 52.142271711025387 ], [ -1.180761594965588, 52.14344009978231 ], [ -1.180761594965588, 52.146945266053081 ], [ -1.183590895729139, 52.148697849188466 ], [ -1.184533995983656, 52.148113654810004 ], [ -1.182647795474622, 52.146945266053081 ], [ -1.184533995983656, 52.145776877296157 ], [ -1.184533995983656, 52.144608488539234 ], [ -1.185477096238174, 52.144024294160772 ], [ -1.189249497256242, 52.144024294160772 ], [ -1.190192597510759, 52.14344009978231 ], [ -1.190192597510759, 52.142271711025387 ], [ -1.188306397001725, 52.141103322268464 ], [ -1.188306397001725, 52.138766544754617 ], [ -1.186420196492691, 52.137598155997694 ], [ -1.188306397001725, 52.13642976724077 ], [ -1.188306397001725, 52.135261378483847 ], [ -1.189249497256242, 52.134677184105385 ], [ -1.191135697765276, 52.134677184105385 ], [ -1.192078798019793, 52.134092989726923 ], [ -1.192078798019793, 52.130587823456153 ], [ -1.191135697765276, 52.130003629077692 ], [ -1.189249497256242, 52.130003629077692 ], [ -1.188306397001725, 52.12941943469923 ], [ -1.189249497256242, 52.128835240320768 ], [ -1.194908098783344, 52.128835240320768 ], [ -1.195851199037861, 52.128251045942307 ], [ -1.195851199037861, 52.124745879671536 ], [ -1.196794299292378, 52.124161685293075 ], [ -1.198680499801412, 52.124161685293075 ], [ -1.200566700310446, 52.122993296536151 ], [ -1.208111502346583, 52.122993296536151 ], [ -1.209997702855617, 52.124161685293075 ], [ -1.213770103873685, 52.124161685293075 ], [ -1.214713204128202, 52.124745879671536 ], [ -1.214713204128202, 52.12591426842846 ], [ -1.216599404637236, 52.127082657185383 ], [ -1.214713204128202, 52.128251045942307 ], [ -1.214713204128202, 52.131756212213077 ], [ -1.216599404637236, 52.13292460097 ], [ -1.216599404637236, 52.134092989726923 ], [ -1.220371805655304, 52.13642976724077 ], [ -1.219428705400787, 52.137013961619232 ], [ -1.217542504891753, 52.137013961619232 ], [ -1.216599404637236, 52.137598155997694 ], [ -1.216599404637236, 52.142271711025387 ], [ -1.212827003619168, 52.144608488539234 ], [ -1.212827003619168, 52.145776877296157 ], [ -1.213770103873685, 52.146361071674619 ], [ -1.215656304382719, 52.146361071674619 ], [ -1.216599404637236, 52.145776877296157 ], [ -1.216599404637236, 52.144608488539234 ], [ -1.21848560514627, 52.14344009978231 ], [ -1.21848560514627, 52.142271711025387 ], [ -1.220371805655304, 52.141103322268464 ], [ -1.220371805655304, 52.13993493351154 ], [ -1.222258006164338, 52.138766544754617 ], [ -1.222258006164338, 52.137598155997694 ], [ -1.224144206673373, 52.13642976724077 ], [ -1.224144206673373, 52.134092989726923 ], [ -1.222258006164338, 52.13292460097 ], [ -1.222258006164338, 52.130587823456153 ], [ -1.224144206673373, 52.12941943469923 ], [ -1.224144206673373, 52.12591426842846 ], [ -1.22508730692789, 52.125330074049998 ], [ -1.226973507436924, 52.126498462806921 ], [ -1.232632108964026, 52.126498462806921 ], [ -1.235461409727577, 52.128251045942307 ], [ -1.235461409727577, 52.130587823456153 ], [ -1.238290710491128, 52.132340406591538 ], [ -1.240176911000162, 52.132340406591538 ], [ -1.241120011254679, 52.13292460097 ], [ -1.241120011254679, 52.135261378483847 ], [ -1.244892412272748, 52.137598155997694 ], [ -1.244892412272748, 52.138766544754617 ], [ -1.248664813290816, 52.141103322268464 ], [ -1.248664813290816, 52.142271711025387 ], [ -1.25055101379985, 52.14344009978231 ], [ -1.25055101379985, 52.144608488539234 ], [ -1.249607913545333, 52.145192682917695 ], [ -1.245835512527265, 52.145192682917695 ], [ -1.243949312018231, 52.146361071674619 ], [ -1.242063111509196, 52.146361071674619 ], [ -1.239233810745645, 52.148113654810004 ], [ -1.239233810745645, 52.152787209837697 ], [ -1.238290710491128, 52.153371404216159 ], [ -1.232632108964026, 52.153371404216159 ], [ -1.231689008709509, 52.153955598594621 ], [ -1.231689008709509, 52.155123987351544 ], [ -1.230745908454992, 52.155708181730006 ], [ -1.228859707945958, 52.155708181730006 ], [ -1.226973507436924, 52.156876570486929 ], [ -1.22508730692789, 52.156876570486929 ], [ -1.224144206673373, 52.157460764865391 ], [ -1.224144206673373, 52.159797542379238 ], [ -1.223201106418855, 52.160381736757699 ], [ -1.219428705400787, 52.158044959243853 ], [ -1.21848560514627, 52.158629153622314 ], [ -1.224144206673373, 52.162134319893084 ], [ -1.224144206673373, 52.163302708650008 ], [ -1.22508730692789, 52.16388690302847 ], [ -1.226973507436924, 52.16388690302847 ], [ -1.227916607691441, 52.163302708650008 ], [ -1.227916607691441, 52.160965931136161 ], [ -1.228859707945958, 52.160381736757699 ], [ -1.230745908454992, 52.161550125514623 ], [ -1.231689008709509, 52.160965931136161 ], [ -1.231689008709509, 52.158629153622314 ], [ -1.232632108964026, 52.158044959243853 ], [ -1.240176911000162, 52.158044959243853 ], [ -1.242063111509196, 52.156876570486929 ], [ -1.243949312018231, 52.156876570486929 ], [ -1.245835512527265, 52.155708181730006 ], [ -1.247721713036299, 52.155708181730006 ], [ -1.251494114054367, 52.153371404216159 ], [ -1.255266515072435, 52.153371404216159 ], [ -1.256209615326952, 52.153955598594621 ], [ -1.256209615326952, 52.157460764865391 ], [ -1.258095815835986, 52.158629153622314 ], [ -1.258095815835986, 52.159797542379238 ], [ -1.257152715581469, 52.160381736757699 ], [ -1.255266515072435, 52.159213348000776 ], [ -1.249607913545333, 52.159213348000776 ], [ -1.246778612781782, 52.160965931136161 ], [ -1.246778612781782, 52.165639486163855 ], [ -1.244892412272748, 52.166807874920778 ], [ -1.244892412272748, 52.170313041191548 ], [ -1.243949312018231, 52.17089723557001 ], [ -1.240176911000162, 52.168560458056163 ], [ -1.236404509982094, 52.168560458056163 ], [ -1.235461409727577, 52.169144652434625 ], [ -1.236404509982094, 52.169728846813086 ], [ -1.238290710491128, 52.169728846813086 ], [ -1.239233810745645, 52.170313041191548 ], [ -1.239233810745645, 52.172649818705395 ], [ -1.241120011254679, 52.173818207462318 ], [ -1.241120011254679, 52.174986596219242 ], [ -1.240176911000162, 52.175570790597703 ], [ -1.232632108964026, 52.175570790597703 ], [ -1.231689008709509, 52.176154984976165 ], [ -1.236404509982094, 52.179075956868473 ], [ -1.240176911000162, 52.179075956868473 ], [ -1.241120011254679, 52.179660151246935 ], [ -1.237347610236611, 52.181996928760782 ], [ -1.237347610236611, 52.183165317517705 ], [ -1.233575209218543, 52.185502095031552 ], [ -1.23451830947306, 52.186086289410014 ], [ -1.238290710491128, 52.186086289410014 ], [ -1.239233810745645, 52.185502095031552 ], [ -1.239233810745645, 52.184333706274629 ], [ -1.240176911000162, 52.183749511896167 ], [ -1.242063111509196, 52.183749511896167 ], [ -1.244892412272748, 52.181996928760782 ], [ -1.244892412272748, 52.180828540003859 ], [ -1.247721713036299, 52.179075956868473 ], [ -1.251494114054367, 52.179075956868473 ], [ -1.253380314563401, 52.17790756811155 ], [ -1.254323414817918, 52.178491762490012 ], [ -1.254323414817918, 52.179660151246935 ], [ -1.256209615326952, 52.180828540003859 ], [ -1.256209615326952, 52.181996928760782 ], [ -1.258095815835986, 52.183165317517705 ], [ -1.258095815835986, 52.190175650059246 ], [ -1.259038916090503, 52.190759844437707 ], [ -1.261868216854054, 52.189007261302322 ], [ -1.25998201634502, 52.187838872545399 ], [ -1.261868216854054, 52.186670483788475 ], [ -1.261868216854054, 52.185502095031552 ], [ -1.262811317108572, 52.18491790065309 ], [ -1.264697517617606, 52.18491790065309 ], [ -1.265640617872123, 52.184333706274629 ], [ -1.264697517617606, 52.183749511896167 ], [ -1.262811317108572, 52.183749511896167 ], [ -1.261868216854054, 52.183165317517705 ], [ -1.261868216854054, 52.180828540003859 ], [ -1.25998201634502, 52.179660151246935 ], [ -1.25998201634502, 52.178491762490012 ], [ -1.260925116599537, 52.17790756811155 ], [ -1.262811317108572, 52.17790756811155 ], [ -1.264697517617606, 52.179075956868473 ], [ -1.268469918635674, 52.179075956868473 ], [ -1.269413018890191, 52.178491762490012 ], [ -1.269413018890191, 52.177323373733088 ], [ -1.270356119144708, 52.176739179354627 ], [ -1.272242319653742, 52.176739179354627 ], [ -1.274128520162776, 52.17790756811155 ], [ -1.281673322198913, 52.17790756811155 ], [ -1.28261642245343, 52.177323373733088 ], [ -1.279787121689878, 52.175570790597703 ], [ -1.278608246371732, 52.176154984976165 ], [ -1.277193595989957, 52.176154984976165 ], [ -1.27601472067181, 52.175570790597703 ], [ -1.273421194971888, 52.174986596219242 ], [ -1.272242319653742, 52.17440240184078 ], [ -1.262811317108572, 52.17440240184078 ], [ -1.260925116599537, 52.173234013083857 ], [ -1.257152715581469, 52.173234013083857 ], [ -1.256209615326952, 52.172649818705395 ], [ -1.256209615326952, 52.169144652434625 ], [ -1.257152715581469, 52.168560458056163 ], [ -1.259038916090503, 52.168560458056163 ], [ -1.260925116599537, 52.16739206929924 ], [ -1.262811317108572, 52.16739206929924 ], [ -1.269413018890191, 52.163302708650008 ], [ -1.269413018890191, 52.159797542379238 ], [ -1.270356119144708, 52.159213348000776 ], [ -1.272242319653742, 52.159213348000776 ], [ -1.274128520162776, 52.160381736757699 ], [ -1.27601472067181, 52.160381736757699 ], [ -1.277900921180844, 52.161550125514623 ], [ -1.279787121689878, 52.161550125514623 ], [ -1.280730221944395, 52.162134319893084 ], [ -1.280730221944395, 52.164471097406931 ], [ -1.28261642245343, 52.165639486163855 ], [ -1.28261642245343, 52.167976263677701 ], [ -1.284502622962464, 52.169144652434625 ], [ -1.284502622962464, 52.170313041191548 ], [ -1.286388823471498, 52.171481429948471 ], [ -1.286388823471498, 52.172649818705395 ], [ -1.290161224489566, 52.174986596219242 ], [ -1.289218124235049, 52.175570790597703 ], [ -1.287331923726015, 52.175570790597703 ], [ -1.284502622962464, 52.177323373733088 ], [ -1.284502622962464, 52.179660151246935 ], [ -1.285445723216981, 52.180244345625397 ], [ -1.287331923726015, 52.180244345625397 ], [ -1.291104324744083, 52.17790756811155 ], [ -1.2920474249986, 52.178491762490012 ], [ -1.2920474249986, 52.180828540003859 ], [ -1.293933625507634, 52.181996928760782 ], [ -1.2920474249986, 52.183165317517705 ], [ -1.292990525253117, 52.183749511896167 ], [ -1.294876725762151, 52.183749511896167 ], [ -1.300535327289253, 52.180244345625397 ], [ -1.302421527798288, 52.180244345625397 ], [ -1.306193928816356, 52.17790756811155 ], [ -1.313738730852492, 52.17790756811155 ], [ -1.315624931361526, 52.179075956868473 ], [ -1.31751113187056, 52.179075956868473 ], [ -1.319397332379594, 52.180244345625397 ], [ -1.321283532888629, 52.180244345625397 ], [ -1.322226633143146, 52.180828540003859 ], [ -1.320340432634111, 52.181996928760782 ], [ -1.320340432634111, 52.184333706274629 ], [ -1.318454232125077, 52.185502095031552 ], [ -1.318454232125077, 52.187838872545399 ], [ -1.316568031616043, 52.189007261302322 ], [ -1.316568031616043, 52.191344038816169 ], [ -1.318454232125077, 52.192512427573092 ], [ -1.316568031616043, 52.193680816330016 ], [ -1.318454232125077, 52.194849205086939 ], [ -1.316568031616043, 52.196017593843862 ], [ -1.316568031616043, 52.197185982600786 ], [ -1.313738730852492, 52.198938565736171 ], [ -1.309966329834424, 52.198938565736171 ], [ -1.309023229579907, 52.199522760114633 ], [ -1.309966329834424, 52.200106954493094 ], [ -1.311852530343458, 52.200106954493094 ], [ -1.312795630597975, 52.200691148871556 ], [ -1.310909430088941, 52.201859537628479 ], [ -1.311852530343458, 52.202443732006941 ], [ -1.313738730852492, 52.201275343250018 ], [ -1.31751113187056, 52.201275343250018 ], [ -1.318454232125077, 52.200691148871556 ], [ -1.318454232125077, 52.198354371357709 ], [ -1.319397332379594, 52.197770176979247 ], [ -1.321283532888629, 52.197770176979247 ], [ -1.322226633143146, 52.197185982600786 ], [ -1.322226633143146, 52.191344038816169 ], [ -1.323169733397663, 52.190759844437707 ], [ -1.325055933906697, 52.190759844437707 ], [ -1.327885234670248, 52.189007261302322 ], [ -1.327885234670248, 52.187838872545399 ], [ -1.325999034161214, 52.186670483788475 ], [ -1.325999034161214, 52.185502095031552 ], [ -1.328828334924765, 52.183749511896167 ], [ -1.330714535433799, 52.183749511896167 ], [ -1.342974838742521, 52.191344038816169 ], [ -1.342974838742521, 52.192512427573092 ], [ -1.345804139506072, 52.194265010708477 ], [ -1.346747239760589, 52.193680816330016 ], [ -1.346747239760589, 52.192512427573092 ], [ -1.348633440269623, 52.191344038816169 ], [ -1.346747239760589, 52.190175650059246 ], [ -1.346747239760589, 52.189007261302322 ], [ -1.341088638233487, 52.185502095031552 ], [ -1.341088638233487, 52.184333706274629 ], [ -1.342031738488004, 52.183749511896167 ], [ -1.347690340015106, 52.187254678166937 ], [ -1.34957654052414, 52.186086289410014 ], [ -1.351462741033174, 52.186086289410014 ], [ -1.352405841287691, 52.185502095031552 ], [ -1.352405841287691, 52.183165317517705 ], [ -1.353348941542208, 52.182581123139244 ], [ -1.355235142051242, 52.182581123139244 ], [ -1.357121342560276, 52.183749511896167 ], [ -1.360893743578345, 52.183749511896167 ], [ -1.361836843832862, 52.184333706274629 ], [ -1.359950643323828, 52.185502095031552 ], [ -1.359950643323828, 52.186670483788475 ], [ -1.358064442814793, 52.187838872545399 ], [ -1.359950643323828, 52.189007261302322 ], [ -1.359950643323828, 52.190175650059246 ], [ -1.36560924485093, 52.193680816330016 ], [ -1.364666144596413, 52.194265010708477 ], [ -1.360893743578345, 52.194265010708477 ], [ -1.358064442814793, 52.196017593843862 ], [ -1.358064442814793, 52.198354371357709 ], [ -1.359950643323828, 52.199522760114633 ], [ -1.359950643323828, 52.203027926385403 ], [ -1.362779944087379, 52.204780509520788 ], [ -1.364666144596413, 52.204780509520788 ], [ -1.366552345105447, 52.203612120763864 ], [ -1.368438545614481, 52.203612120763864 ], [ -1.370324746123515, 52.204780509520788 ], [ -1.372210946632549, 52.204780509520788 ], [ -1.373154046887066, 52.205364703899249 ], [ -1.371267846378032, 52.206533092656173 ], [ -1.371267846378032, 52.207701481413096 ], [ -1.3750402473961, 52.210038258926943 ], [ -1.3750402473961, 52.214711813954636 ], [ -1.377869548159651, 52.216464397090022 ], [ -1.38164194917772, 52.216464397090022 ], [ -1.384471249941271, 52.218216980225407 ], [ -1.384471249941271, 52.21938536898233 ], [ -1.383528149686754, 52.219969563360792 ], [ -1.38164194917772, 52.218801174603868 ], [ -1.379755748668686, 52.218801174603868 ], [ -1.377869548159651, 52.217632785846945 ], [ -1.374097147141583, 52.217632785846945 ], [ -1.373154046887066, 52.218216980225407 ], [ -1.373154046887066, 52.220553757739253 ], [ -1.372210946632549, 52.221137952117715 ], [ -1.370324746123515, 52.221137952117715 ], [ -1.369381645868998, 52.220553757739253 ], [ -1.371267846378032, 52.21938536898233 ], [ -1.370324746123515, 52.218801174603868 ], [ -1.368438545614481, 52.218801174603868 ], [ -1.367495445359964, 52.21938536898233 ], [ -1.367495445359964, 52.220553757739253 ], [ -1.369381645868998, 52.221722146496177 ], [ -1.369381645868998, 52.224058924010023 ], [ -1.367495445359964, 52.225227312766947 ], [ -1.367495445359964, 52.227564090280794 ], [ -1.368438545614481, 52.228148284659255 ], [ -1.370324746123515, 52.228148284659255 ], [ -1.371267846378032, 52.228732479037717 ], [ -1.371267846378032, 52.22990086779464 ], [ -1.369381645868998, 52.231069256551564 ], [ -1.369381645868998, 52.232237645308487 ], [ -1.370324746123515, 52.232821839686949 ], [ -1.372210946632549, 52.232821839686949 ], [ -1.374097147141583, 52.231653450930025 ], [ -1.377869548159651, 52.231653450930025 ], [ -1.38164194917772, 52.233990228443872 ], [ -1.383528149686754, 52.233990228443872 ], [ -1.384471249941271, 52.234574422822334 ], [ -1.384471249941271, 52.236911200336181 ], [ -1.388243650959339, 52.239247977850027 ], [ -1.388243650959339, 52.243921532877721 ], [ -1.386357450450305, 52.245089921634644 ], [ -1.386357450450305, 52.246258310391568 ], [ -1.383528149686754, 52.248010893526953 ], [ -1.38164194917772, 52.248010893526953 ], [ -1.379755748668686, 52.249179282283876 ], [ -1.377869548159651, 52.249179282283876 ], [ -1.376926447905134, 52.248595087905414 ], [ -1.378812648414169, 52.247426699148491 ], [ -1.375983347650617, 52.245674116013106 ], [ -1.369381645868998, 52.249763476662338 ], [ -1.371267846378032, 52.250931865419261 ], [ -1.370324746123515, 52.251516059797723 ], [ -1.368438545614481, 52.251516059797723 ], [ -1.367495445359964, 52.252100254176185 ], [ -1.367495445359964, 52.253268642933108 ], [ -1.366552345105447, 52.25385283731157 ], [ -1.36560924485093, 52.253268642933108 ], [ -1.36560924485093, 52.252100254176185 ], [ -1.364666144596413, 52.251516059797723 ], [ -1.362779944087379, 52.252684448554646 ], [ -1.360893743578345, 52.252684448554646 ], [ -1.359950643323828, 52.253268642933108 ], [ -1.360893743578345, 52.25385283731157 ], [ -1.362779944087379, 52.25385283731157 ], [ -1.364666144596413, 52.255021226068493 ], [ -1.366552345105447, 52.255021226068493 ], [ -1.368438545614481, 52.25385283731157 ], [ -1.372210946632549, 52.25385283731157 ], [ -1.375983347650617, 52.256189614825416 ], [ -1.377869548159651, 52.255021226068493 ], [ -1.380698848923203, 52.256773809203878 ], [ -1.380698848923203, 52.257942197960801 ], [ -1.382585049432237, 52.259110586717725 ], [ -1.382585049432237, 52.260278975474648 ], [ -1.383528149686754, 52.26086316985311 ], [ -1.385414350195788, 52.26086316985311 ], [ -1.387300550704822, 52.262031558610033 ], [ -1.389186751213856, 52.262031558610033 ], [ -1.390129851468373, 52.262615752988495 ], [ -1.390129851468373, 52.264952530502342 ], [ -1.39107295172289, 52.265536724880803 ], [ -1.392016051977407, 52.264952530502342 ], [ -1.392016051977407, 52.263784141745418 ], [ -1.395788452995475, 52.261447364231572 ], [ -1.394845352740958, 52.26086316985311 ], [ -1.39107295172289, 52.26086316985311 ], [ -1.390129851468373, 52.260278975474648 ], [ -1.390129851468373, 52.255605420446955 ], [ -1.39107295172289, 52.255021226068493 ], [ -1.392959152231924, 52.255021226068493 ], [ -1.393902252486441, 52.255605420446955 ], [ -1.392016051977407, 52.256773809203878 ], [ -1.392959152231924, 52.25735800358234 ], [ -1.396731553249992, 52.25735800358234 ], [ -1.397674653504509, 52.256773809203878 ], [ -1.393902252486441, 52.254437031690031 ], [ -1.394845352740958, 52.25385283731157 ], [ -1.396731553249992, 52.25385283731157 ], [ -1.397674653504509, 52.253268642933108 ], [ -1.395788452995475, 52.252100254176185 ], [ -1.395788452995475, 52.250931865419261 ], [ -1.396731553249992, 52.250347671040799 ], [ -1.398617753759027, 52.251516059797723 ], [ -1.403333255031612, 52.248595087905414 ], [ -1.403333255031612, 52.247426699148491 ], [ -1.405219455540646, 52.246258310391568 ], [ -1.405219455540646, 52.241584755363874 ], [ -1.402390154777095, 52.239832172228489 ], [ -1.401447054522578, 52.240416366606951 ], [ -1.401447054522578, 52.241584755363874 ], [ -1.400503954268061, 52.242168949742336 ], [ -1.398617753759027, 52.241000560985412 ], [ -1.394845352740958, 52.241000560985412 ], [ -1.393902252486441, 52.240416366606951 ], [ -1.398617753759027, 52.237495394714642 ], [ -1.402390154777095, 52.237495394714642 ], [ -1.404276355286129, 52.238663783471566 ], [ -1.406162555795163, 52.238663783471566 ], [ -1.40710565604968, 52.238079589093104 ], [ -1.406162555795163, 52.237495394714642 ], [ -1.404276355286129, 52.237495394714642 ], [ -1.403333255031612, 52.236911200336181 ], [ -1.403333255031612, 52.235742811579257 ], [ -1.400503954268061, 52.233990228443872 ], [ -1.394845352740958, 52.233990228443872 ], [ -1.393902252486441, 52.23340603406541 ], [ -1.393902252486441, 52.232237645308487 ], [ -1.395788452995475, 52.231069256551564 ], [ -1.395788452995475, 52.22990086779464 ], [ -1.396731553249992, 52.229316673416179 ], [ -1.397674653504509, 52.22990086779464 ], [ -1.397674653504509, 52.231069256551564 ], [ -1.398617753759027, 52.231653450930025 ], [ -1.402390154777095, 52.231653450930025 ], [ -1.406162555795163, 52.229316673416179 ], [ -1.408048756304197, 52.229316673416179 ], [ -1.410878057067748, 52.231069256551564 ], [ -1.410878057067748, 52.232237645308487 ], [ -1.408991856558714, 52.23340603406541 ], [ -1.409934956813231, 52.233990228443872 ], [ -1.411821157322265, 52.233990228443872 ], [ -1.412764257576782, 52.23340603406541 ], [ -1.412764257576782, 52.232237645308487 ], [ -1.413707357831299, 52.231653450930025 ], [ -1.419365959358402, 52.231653450930025 ], [ -1.420309059612919, 52.231069256551564 ], [ -1.418422859103885, 52.22990086779464 ], [ -1.418422859103885, 52.228732479037717 ], [ -1.417479758849367, 52.228148284659255 ], [ -1.411821157322265, 52.228148284659255 ], [ -1.410878057067748, 52.227564090280794 ], [ -1.411821157322265, 52.226979895902332 ], [ -1.413707357831299, 52.226979895902332 ], [ -1.41653665859485, 52.225227312766947 ], [ -1.41653665859485, 52.224058924010023 ], [ -1.413707357831299, 52.222306340874638 ], [ -1.412764257576782, 52.2228905352531 ], [ -1.412764257576782, 52.224058924010023 ], [ -1.411821157322265, 52.224643118388485 ], [ -1.409934956813231, 52.224643118388485 ], [ -1.408048756304197, 52.225811507145409 ], [ -1.40710565604968, 52.225227312766947 ], [ -1.40710565604968, 52.2228905352531 ], [ -1.406162555795163, 52.222306340874638 ], [ -1.402390154777095, 52.222306340874638 ], [ -1.400503954268061, 52.223474729631562 ], [ -1.398617753759027, 52.223474729631562 ], [ -1.394845352740958, 52.221137952117715 ], [ -1.392959152231924, 52.221137952117715 ], [ -1.392016051977407, 52.220553757739253 ], [ -1.393902252486441, 52.21938536898233 ], [ -1.393902252486441, 52.217048591468483 ], [ -1.392016051977407, 52.21588020271156 ], [ -1.392959152231924, 52.215296008333098 ], [ -1.396731553249992, 52.215296008333098 ], [ -1.399560854013544, 52.213543425197713 ], [ -1.399560854013544, 52.207701481413096 ], [ -1.396731553249992, 52.205948898277711 ], [ -1.394845352740958, 52.205948898277711 ], [ -1.393902252486441, 52.205364703899249 ], [ -1.393902252486441, 52.204196315142326 ], [ -1.392959152231924, 52.203612120763864 ], [ -1.39107295172289, 52.203612120763864 ], [ -1.390129851468373, 52.203027926385403 ], [ -1.392016051977407, 52.201859537628479 ], [ -1.39107295172289, 52.201275343250018 ], [ -1.389186751213856, 52.201275343250018 ], [ -1.388243650959339, 52.200691148871556 ], [ -1.388243650959339, 52.199522760114633 ], [ -1.386357450450305, 52.198354371357709 ], [ -1.386357450450305, 52.197185982600786 ], [ -1.387300550704822, 52.196601788222324 ], [ -1.389186751213856, 52.196601788222324 ], [ -1.393902252486441, 52.193680816330016 ], [ -1.393902252486441, 52.192512427573092 ], [ -1.392016051977407, 52.191344038816169 ], [ -1.392016051977407, 52.190175650059246 ], [ -1.39107295172289, 52.189591455680784 ], [ -1.389186751213856, 52.189591455680784 ], [ -1.387300550704822, 52.18842306692386 ], [ -1.38164194917772, 52.18842306692386 ], [ -1.380698848923203, 52.187838872545399 ], [ -1.380698848923203, 52.185502095031552 ], [ -1.378812648414169, 52.184333706274629 ], [ -1.379755748668686, 52.183749511896167 ], [ -1.38164194917772, 52.183749511896167 ], [ -1.386357450450305, 52.180828540003859 ], [ -1.386357450450305, 52.179660151246935 ], [ -1.387300550704822, 52.179075956868473 ], [ -1.389186751213856, 52.179075956868473 ], [ -1.392016051977407, 52.177323373733088 ], [ -1.392016051977407, 52.176154984976165 ], [ -1.390129851468373, 52.174986596219242 ], [ -1.390129851468373, 52.173818207462318 ], [ -1.39107295172289, 52.173234013083857 ], [ -1.394845352740958, 52.173234013083857 ], [ -1.396731553249992, 52.17440240184078 ], [ -1.398617753759027, 52.17440240184078 ], [ -1.400503954268061, 52.175570790597703 ], [ -1.408048756304197, 52.175570790597703 ], [ -1.409934956813231, 52.176739179354627 ], [ -1.413707357831299, 52.176739179354627 ], [ -1.414650458085816, 52.177323373733088 ], [ -1.410878057067748, 52.179660151246935 ], [ -1.411821157322265, 52.180244345625397 ], [ -1.413707357831299, 52.180244345625397 ], [ -1.414650458085816, 52.180828540003859 ], [ -1.414650458085816, 52.181996928760782 ], [ -1.412764257576782, 52.183165317517705 ], [ -1.412764257576782, 52.184333706274629 ], [ -1.410878057067748, 52.185502095031552 ], [ -1.410878057067748, 52.189007261302322 ], [ -1.408991856558714, 52.190175650059246 ], [ -1.410878057067748, 52.191344038816169 ], [ -1.410878057067748, 52.192512427573092 ], [ -1.409934956813231, 52.193096621951554 ], [ -1.408048756304197, 52.193096621951554 ], [ -1.40710565604968, 52.193680816330016 ], [ -1.40710565604968, 52.200691148871556 ], [ -1.405219455540646, 52.201859537628479 ], [ -1.405219455540646, 52.203027926385403 ], [ -1.406162555795163, 52.203612120763864 ], [ -1.40710565604968, 52.203027926385403 ], [ -1.40710565604968, 52.201859537628479 ], [ -1.408991856558714, 52.200691148871556 ], [ -1.408991856558714, 52.199522760114633 ], [ -1.409934956813231, 52.198938565736171 ], [ -1.411821157322265, 52.198938565736171 ], [ -1.412764257576782, 52.198354371357709 ], [ -1.412764257576782, 52.196017593843862 ], [ -1.413707357831299, 52.195433399465401 ], [ -1.415593558340333, 52.195433399465401 ], [ -1.421252159867436, 52.198938565736171 ], [ -1.42313836037647, 52.198938565736171 ], [ -1.425967661140021, 52.200691148871556 ], [ -1.425967661140021, 52.201859537628479 ], [ -1.422195260121953, 52.204196315142326 ], [ -1.424081460630987, 52.205364703899249 ], [ -1.424081460630987, 52.206533092656173 ], [ -1.422195260121953, 52.207701481413096 ], [ -1.422195260121953, 52.20886987017002 ], [ -1.425967661140021, 52.211206647683866 ], [ -1.425967661140021, 52.213543425197713 ], [ -1.42313836037647, 52.215296008333098 ], [ -1.417479758849367, 52.215296008333098 ], [ -1.415593558340333, 52.214127619576175 ], [ -1.414650458085816, 52.214711813954636 ], [ -1.422195260121953, 52.21938536898233 ], [ -1.422195260121953, 52.225227312766947 ], [ -1.427853861649055, 52.228732479037717 ], [ -1.427853861649055, 52.23340603406541 ], [ -1.428796961903572, 52.233990228443872 ], [ -1.430683162412606, 52.233990228443872 ], [ -1.43256936292164, 52.235158617200796 ], [ -1.434455563430674, 52.235158617200796 ], [ -1.435398663685191, 52.234574422822334 ], [ -1.43256936292164, 52.232821839686949 ], [ -1.430683162412606, 52.232821839686949 ], [ -1.429740062158089, 52.232237645308487 ], [ -1.430683162412606, 52.231653450930025 ], [ -1.43256936292164, 52.231653450930025 ], [ -1.433512463176157, 52.231069256551564 ], [ -1.431626262667123, 52.22990086779464 ], [ -1.431626262667123, 52.22639570152387 ], [ -1.43256936292164, 52.225811507145409 ], [ -1.434455563430674, 52.226979895902332 ], [ -1.435634438748821, 52.22639570152387 ], [ -1.438227964448743, 52.225811507145409 ], [ -1.43917106470326, 52.225227312766947 ], [ -1.43917106470326, 52.224058924010023 ], [ -1.438227964448743, 52.223474729631562 ], [ -1.436341763939708, 52.223474729631562 ], [ -1.435398663685191, 52.2228905352531 ], [ -1.435398663685191, 52.221722146496177 ], [ -1.437284864194226, 52.220553757739253 ], [ -1.437284864194226, 52.21938536898233 ], [ -1.438227964448743, 52.218801174603868 ], [ -1.440114164957777, 52.218801174603868 ], [ -1.445772766484879, 52.222306340874638 ], [ -1.447658966993913, 52.222306340874638 ], [ -1.44860206724843, 52.2228905352531 ], [ -1.44860206724843, 52.22639570152387 ], [ -1.449545167502947, 52.226979895902332 ], [ -1.451431368011981, 52.225811507145409 ], [ -1.453317568521015, 52.226979895902332 ], [ -1.454260668775532, 52.22639570152387 ], [ -1.454260668775532, 52.2228905352531 ], [ -1.451431368011981, 52.221137952117715 ], [ -1.449545167502947, 52.221137952117715 ], [ -1.446715866739396, 52.21938536898233 ], [ -1.446715866739396, 52.218216980225407 ], [ -1.445772766484879, 52.217632785846945 ], [ -1.443886565975845, 52.217632785846945 ], [ -1.442943465721328, 52.217048591468483 ], [ -1.442943465721328, 52.21588020271156 ], [ -1.441057265212294, 52.214711813954636 ], [ -1.441057265212294, 52.213543425197713 ], [ -1.442000365466811, 52.212959230819251 ], [ -1.445772766484879, 52.212959230819251 ], [ -1.451431368011981, 52.209454064548481 ], [ -1.455203769030049, 52.209454064548481 ], [ -1.458033069793601, 52.207701481413096 ], [ -1.458033069793601, 52.205364703899249 ], [ -1.459919270302635, 52.204196315142326 ], [ -1.459919270302635, 52.203027926385403 ], [ -1.458033069793601, 52.201859537628479 ], [ -1.458033069793601, 52.200691148871556 ], [ -1.458976170048118, 52.200106954493094 ], [ -1.460862370557152, 52.200106954493094 ], [ -1.461805470811669, 52.199522760114633 ], [ -1.461805470811669, 52.198354371357709 ], [ -1.462748571066186, 52.197770176979247 ], [ -1.472179573611356, 52.197770176979247 ], [ -1.473122673865873, 52.198354371357709 ], [ -1.473122673865873, 52.199522760114633 ], [ -1.47406577412039, 52.200106954493094 ], [ -1.475951974629425, 52.198938565736171 ], [ -1.477838175138459, 52.198938565736171 ], [ -1.479724375647493, 52.200106954493094 ], [ -1.481610576156527, 52.200106954493094 ], [ -1.482553676411044, 52.200691148871556 ], [ -1.481610576156527, 52.201275343250018 ], [ -1.475951974629425, 52.201275343250018 ], [ -1.475008874374907, 52.201859537628479 ], [ -1.475008874374907, 52.203027926385403 ], [ -1.477838175138459, 52.204780509520788 ], [ -1.481610576156527, 52.204780509520788 ], [ -1.483496776665561, 52.205948898277711 ], [ -1.489155378192663, 52.205948898277711 ], [ -1.49009847844718, 52.206533092656173 ], [ -1.49009847844718, 52.207701481413096 ], [ -1.491041578701697, 52.208285675791558 ], [ -1.494813979719765, 52.208285675791558 ], [ -1.495757079974283, 52.20886987017002 ], [ -1.495757079974283, 52.210038258926943 ], [ -1.4967001802288, 52.210622453305405 ], [ -1.498586380737834, 52.209454064548481 ], [ -1.500472581246868, 52.209454064548481 ], [ -1.501415681501385, 52.20886987017002 ], [ -1.499529480992351, 52.207701481413096 ], [ -1.499529480992351, 52.206533092656173 ], [ -1.500472581246868, 52.205948898277711 ], [ -1.504244982264936, 52.205948898277711 ], [ -1.505188082519453, 52.205364703899249 ], [ -1.503301882010419, 52.204196315142326 ], [ -1.503301882010419, 52.203027926385403 ], [ -1.502358781755902, 52.202443732006941 ], [ -1.501415681501385, 52.203027926385403 ], [ -1.501415681501385, 52.204196315142326 ], [ -1.498586380737834, 52.205948898277711 ], [ -1.494813979719765, 52.205948898277711 ], [ -1.491984678956214, 52.204196315142326 ], [ -1.491984678956214, 52.201859537628479 ], [ -1.493870879465248, 52.200691148871556 ], [ -1.493870879465248, 52.196017593843862 ], [ -1.491984678956214, 52.194849205086939 ], [ -1.491984678956214, 52.192512427573092 ], [ -1.492927779210731, 52.191928233194631 ], [ -1.494813979719765, 52.191928233194631 ], [ -1.495757079974283, 52.191344038816169 ], [ -1.493870879465248, 52.190175650059246 ], [ -1.493870879465248, 52.189007261302322 ], [ -1.4967001802288, 52.187254678166937 ], [ -1.498586380737834, 52.187254678166937 ], [ -1.499529480992351, 52.186670483788475 ], [ -1.499529480992351, 52.184333706274629 ], [ -1.501415681501385, 52.183165317517705 ], [ -1.501415681501385, 52.179660151246935 ], [ -1.500472581246868, 52.179075956868473 ], [ -1.498586380737834, 52.179075956868473 ], [ -1.4967001802288, 52.180244345625397 ], [ -1.494813979719765, 52.180244345625397 ], [ -1.493870879465248, 52.180828540003859 ], [ -1.493870879465248, 52.181996928760782 ], [ -1.492927779210731, 52.182581123139244 ], [ -1.491041578701697, 52.182581123139244 ], [ -1.489155378192663, 52.183749511896167 ], [ -1.487269177683629, 52.183749511896167 ], [ -1.485382977174595, 52.18491790065309 ], [ -1.48066747590201, 52.181996928760782 ], [ -1.483496776665561, 52.180244345625397 ], [ -1.485382977174595, 52.180244345625397 ], [ -1.489155378192663, 52.17790756811155 ], [ -1.492927779210731, 52.17790756811155 ], [ -1.499529480992351, 52.173818207462318 ], [ -1.499529480992351, 52.171481429948471 ], [ -1.501415681501385, 52.170313041191548 ], [ -1.501415681501385, 52.169144652434625 ], [ -1.503301882010419, 52.167976263677701 ], [ -1.503301882010419, 52.166807874920778 ], [ -1.507074283028487, 52.164471097406931 ], [ -1.507074283028487, 52.160965931136161 ], [ -1.508017383283004, 52.160381736757699 ], [ -1.509903583792038, 52.160381736757699 ], [ -1.510846684046555, 52.159797542379238 ], [ -1.510846684046555, 52.156292376108468 ], [ -1.509903583792038, 52.155708181730006 ], [ -1.508017383283004, 52.155708181730006 ], [ -1.50613118277397, 52.155708181730006 ], [ -1.505188082519453, 52.156292376108468 ], [ -1.505188082519453, 52.158629153622314 ], [ -1.504244982264936, 52.159213348000776 ], [ -1.502358781755902, 52.159213348000776 ], [ -1.501415681501385, 52.159797542379238 ], [ -1.501415681501385, 52.160965931136161 ], [ -1.503301882010419, 52.162134319893084 ], [ -1.500472581246868, 52.16388690302847 ] ], [ [ -1.445772766484879, 52.173234013083857 ], [ -1.447658966993913, 52.173234013083857 ], [ -1.450488267757464, 52.174986596219242 ], [ -1.450488267757464, 52.176154984976165 ], [ -1.446715866739396, 52.178491762490012 ], [ -1.446715866739396, 52.180828540003859 ], [ -1.44860206724843, 52.181996928760782 ], [ -1.447658966993913, 52.182581123139244 ], [ -1.443886565975845, 52.182581123139244 ], [ -1.442943465721328, 52.181996928760782 ], [ -1.442943465721328, 52.180828540003859 ], [ -1.441057265212294, 52.179660151246935 ], [ -1.441057265212294, 52.178491762490012 ], [ -1.438227964448743, 52.176739179354627 ], [ -1.436341763939708, 52.176739179354627 ], [ -1.434455563430674, 52.175570790597703 ], [ -1.433512463176157, 52.176154984976165 ], [ -1.435398663685191, 52.177323373733088 ], [ -1.435398663685191, 52.179660151246935 ], [ -1.43917106470326, 52.181996928760782 ], [ -1.43917106470326, 52.183165317517705 ], [ -1.441057265212294, 52.184333706274629 ], [ -1.441057265212294, 52.185502095031552 ], [ -1.442000365466811, 52.186086289410014 ], [ -1.443886565975845, 52.186086289410014 ], [ -1.444829666230362, 52.186670483788475 ], [ -1.443886565975845, 52.187254678166937 ], [ -1.43256936292164, 52.187254678166937 ], [ -1.430683162412606, 52.18842306692386 ], [ -1.428796961903572, 52.18842306692386 ], [ -1.426910761394538, 52.187254678166937 ], [ -1.425024560885504, 52.187254678166937 ], [ -1.42313836037647, 52.186086289410014 ], [ -1.419365959358402, 52.186086289410014 ], [ -1.41653665859485, 52.184333706274629 ], [ -1.41653665859485, 52.180828540003859 ], [ -1.418422859103885, 52.179660151246935 ], [ -1.418422859103885, 52.178491762490012 ], [ -1.420309059612919, 52.177323373733088 ], [ -1.418422859103885, 52.176154984976165 ], [ -1.419365959358402, 52.175570790597703 ], [ -1.42313836037647, 52.175570790597703 ], [ -1.424081460630987, 52.174986596219242 ], [ -1.424081460630987, 52.173818207462318 ], [ -1.42313836037647, 52.173234013083857 ], [ -1.413707357831299, 52.173234013083857 ], [ -1.411821157322265, 52.172065624326933 ], [ -1.409934956813231, 52.172065624326933 ], [ -1.408048756304197, 52.17089723557001 ], [ -1.406162555795163, 52.17089723557001 ], [ -1.404276355286129, 52.169728846813086 ], [ -1.402390154777095, 52.169728846813086 ], [ -1.400503954268061, 52.168560458056163 ], [ -1.398617753759027, 52.168560458056163 ], [ -1.397674653504509, 52.167976263677701 ], [ -1.401447054522578, 52.165639486163855 ], [ -1.401447054522578, 52.160965931136161 ], [ -1.402390154777095, 52.160381736757699 ], [ -1.404276355286129, 52.161550125514623 ], [ -1.408048756304197, 52.161550125514623 ], [ -1.411821157322265, 52.16388690302847 ], [ -1.415593558340333, 52.16388690302847 ], [ -1.41653665859485, 52.164471097406931 ], [ -1.41653665859485, 52.165639486163855 ], [ -1.417479758849367, 52.166223680542316 ], [ -1.419365959358402, 52.166223680542316 ], [ -1.42313836037647, 52.168560458056163 ], [ -1.427853861649055, 52.165639486163855 ], [ -1.427853861649055, 52.163302708650008 ], [ -1.425967661140021, 52.162134319893084 ], [ -1.425967661140021, 52.160965931136161 ], [ -1.421252159867436, 52.158044959243853 ], [ -1.419365959358402, 52.158044959243853 ], [ -1.417479758849367, 52.159213348000776 ], [ -1.415593558340333, 52.159213348000776 ], [ -1.413707357831299, 52.158044959243853 ], [ -1.411821157322265, 52.158044959243853 ], [ -1.410878057067748, 52.157460764865391 ], [ -1.410878057067748, 52.156292376108468 ], [ -1.409934956813231, 52.155708181730006 ], [ -1.408048756304197, 52.155708181730006 ], [ -1.405219455540646, 52.153955598594621 ], [ -1.40710565604968, 52.152787209837697 ], [ -1.40710565604968, 52.150450432323851 ], [ -1.408991856558714, 52.149282043566927 ], [ -1.408991856558714, 52.148113654810004 ], [ -1.409934956813231, 52.147529460431542 ], [ -1.411821157322265, 52.147529460431542 ], [ -1.413707357831299, 52.146361071674619 ], [ -1.415593558340333, 52.146361071674619 ], [ -1.418422859103885, 52.148113654810004 ], [ -1.418422859103885, 52.149282043566927 ], [ -1.420309059612919, 52.150450432323851 ], [ -1.420309059612919, 52.151618821080774 ], [ -1.421252159867436, 52.152203015459236 ], [ -1.42313836037647, 52.152203015459236 ], [ -1.425967661140021, 52.153955598594621 ], [ -1.425967661140021, 52.156292376108468 ], [ -1.426910761394538, 52.156876570486929 ], [ -1.428796961903572, 52.156876570486929 ], [ -1.430683162412606, 52.158044959243853 ], [ -1.43256936292164, 52.158044959243853 ], [ -1.433512463176157, 52.158629153622314 ], [ -1.433512463176157, 52.160965931136161 ], [ -1.435398663685191, 52.162134319893084 ], [ -1.43256936292164, 52.16388690302847 ], [ -1.430683162412606, 52.162718514271546 ], [ -1.429740062158089, 52.163302708650008 ], [ -1.429740062158089, 52.165639486163855 ], [ -1.431626262667123, 52.166807874920778 ], [ -1.428796961903572, 52.168560458056163 ], [ -1.426910761394538, 52.168560458056163 ], [ -1.425967661140021, 52.169144652434625 ], [ -1.425967661140021, 52.170313041191548 ], [ -1.424081460630987, 52.171481429948471 ], [ -1.425967661140021, 52.172649818705395 ], [ -1.425967661140021, 52.174986596219242 ], [ -1.426910761394538, 52.175570790597703 ], [ -1.428796961903572, 52.175570790597703 ], [ -1.429740062158089, 52.174986596219242 ], [ -1.429740062158089, 52.170313041191548 ], [ -1.430683162412606, 52.169728846813086 ], [ -1.43256936292164, 52.169728846813086 ], [ -1.434455563430674, 52.17089723557001 ], [ -1.435398663685191, 52.170313041191548 ], [ -1.435398663685191, 52.167976263677701 ], [ -1.433512463176157, 52.166807874920778 ], [ -1.434455563430674, 52.166223680542316 ], [ -1.436341763939708, 52.166223680542316 ], [ -1.444829666230362, 52.171481429948471 ], [ -1.444829666230362, 52.172649818705395 ], [ -1.445772766484879, 52.173234013083857 ] ], [ [ -1.358064442814793, 52.171481429948471 ], [ -1.357121342560276, 52.172065624326933 ], [ -1.353348941542208, 52.172065624326933 ], [ -1.351462741033174, 52.173234013083857 ], [ -1.343917938997038, 52.173234013083857 ], [ -1.342974838742521, 52.172649818705395 ], [ -1.342974838742521, 52.167976263677701 ], [ -1.34014553797897, 52.166223680542316 ], [ -1.336373136960901, 52.166223680542316 ], [ -1.335430036706384, 52.166807874920778 ], [ -1.335430036706384, 52.167976263677701 ], [ -1.331657635688316, 52.170313041191548 ], [ -1.331657635688316, 52.172649818705395 ], [ -1.33354383619735, 52.173818207462318 ], [ -1.332600735942833, 52.17440240184078 ], [ -1.326942134415731, 52.17440240184078 ], [ -1.32411283365218, 52.172649818705395 ], [ -1.32411283365218, 52.170313041191548 ], [ -1.325055933906697, 52.169728846813086 ], [ -1.326942134415731, 52.169728846813086 ], [ -1.327885234670248, 52.169144652434625 ], [ -1.327885234670248, 52.167976263677701 ], [ -1.330714535433799, 52.166223680542316 ], [ -1.332600735942833, 52.166223680542316 ], [ -1.337316237215418, 52.163302708650008 ], [ -1.337316237215418, 52.162134319893084 ], [ -1.335430036706384, 52.160965931136161 ], [ -1.335430036706384, 52.159797542379238 ], [ -1.336373136960901, 52.159213348000776 ], [ -1.338259337469935, 52.160381736757699 ], [ -1.34014553797897, 52.160381736757699 ], [ -1.343917938997038, 52.162718514271546 ], [ -1.345096814315184, 52.162134319893084 ], [ -1.34651146469696, 52.162134319893084 ], [ -1.34651146469696, 52.163302708650008 ], [ -1.346747239760589, 52.165639486163855 ], [ -1.353348941542208, 52.169728846813086 ], [ -1.357121342560276, 52.169728846813086 ], [ -1.358064442814793, 52.170313041191548 ], [ -1.358064442814793, 52.171481429948471 ] ], [ [ -1.284502622962464, 52.041790277929977 ], [ -1.269413018890191, 52.03244316787459 ], [ -1.270356119144708, 52.031858973496128 ], [ -1.27601472067181, 52.031858973496128 ], [ -1.281673322198913, 52.035364139766898 ], [ -1.283559522707947, 52.035364139766898 ], [ -1.286388823471498, 52.037116722902283 ], [ -1.286388823471498, 52.038285111659206 ], [ -1.288275023980532, 52.03945350041613 ], [ -1.288275023980532, 52.040621889173053 ], [ -1.291104324744083, 52.042374472308438 ], [ -1.296762926271185, 52.042374472308438 ], [ -1.299592227034736, 52.040621889173053 ], [ -1.299592227034736, 52.037116722902283 ], [ -1.300535327289253, 52.036532528523821 ], [ -1.303364628052805, 52.038285111659206 ], [ -1.303364628052805, 52.03945350041613 ], [ -1.301478427543771, 52.040621889173053 ], [ -1.302421527798288, 52.041206083551515 ], [ -1.304307728307322, 52.041206083551515 ], [ -1.307137029070873, 52.0429586666869 ], [ -1.306193928816356, 52.043542861065362 ], [ -1.302421527798288, 52.043542861065362 ], [ -1.299592227034736, 52.045295444200747 ], [ -1.299592227034736, 52.04646383295767 ], [ -1.298649126780219, 52.047048027336132 ], [ -1.292990525253117, 52.047048027336132 ], [ -1.291104324744083, 52.045879638579208 ], [ -1.289218124235049, 52.045879638579208 ], [ -1.284502622962464, 52.0429586666869 ], [ -1.284502622962464, 52.041790277929977 ] ], [ [ -1.262811317108572, 52.113646186480764 ], [ -1.26658371812664, 52.113646186480764 ], [ -1.267526818381157, 52.114230380859226 ], [ -1.267526818381157, 52.116567158373073 ], [ -1.26658371812664, 52.117151352751534 ], [ -1.264697517617606, 52.117151352751534 ], [ -1.260925116599537, 52.114814575237688 ], [ -1.259038916090503, 52.114814575237688 ], [ -1.253380314563401, 52.111309408966918 ], [ -1.249607913545333, 52.111309408966918 ], [ -1.247721713036299, 52.112477797723841 ], [ -1.245835512527265, 52.112477797723841 ], [ -1.243006211763714, 52.114230380859226 ], [ -1.243006211763714, 52.117735547129996 ], [ -1.242063111509196, 52.118319741508458 ], [ -1.235461409727577, 52.114230380859226 ], [ -1.235461409727577, 52.111893603345379 ], [ -1.233575209218543, 52.110725214588456 ], [ -1.23451830947306, 52.110141020209994 ], [ -1.236404509982094, 52.110141020209994 ], [ -1.238290710491128, 52.108972631453071 ], [ -1.240176911000162, 52.108972631453071 ], [ -1.241120011254679, 52.108388437074609 ], [ -1.241120011254679, 52.107220048317686 ], [ -1.242063111509196, 52.106635853939224 ], [ -1.245835512527265, 52.106635853939224 ], [ -1.247721713036299, 52.107804242696147 ], [ -1.249607913545333, 52.107804242696147 ], [ -1.251494114054367, 52.108972631453071 ], [ -1.255266515072435, 52.108972631453071 ], [ -1.259038916090503, 52.111309408966918 ], [ -1.260925116599537, 52.111309408966918 ], [ -1.261868216854054, 52.111893603345379 ], [ -1.261868216854054, 52.113061992102303 ], [ -1.262811317108572, 52.113646186480764 ] ], [ [ -1.169444391911384, 52.045295444200747 ], [ -1.169444391911384, 52.0429586666869 ], [ -1.165671990893316, 52.040621889173053 ], [ -1.166615091147833, 52.040037694794592 ], [ -1.168501291656867, 52.040037694794592 ], [ -1.171330592420418, 52.041790277929977 ], [ -1.171330592420418, 52.0429586666869 ], [ -1.173216792929452, 52.044127055443823 ], [ -1.173216792929452, 52.04646383295767 ], [ -1.174159893183969, 52.047048027336132 ], [ -1.181704695220105, 52.047048027336132 ], [ -1.184533995983656, 52.048800610471517 ], [ -1.182647795474622, 52.04996899922844 ], [ -1.182647795474622, 52.051137387985364 ], [ -1.187363296747208, 52.054058359877672 ], [ -1.189249497256242, 52.054058359877672 ], [ -1.19302189827431, 52.056395137391519 ], [ -1.196794299292378, 52.056395137391519 ], [ -1.197737399546895, 52.05697933176998 ], [ -1.197737399546895, 52.058147720526904 ], [ -1.198680499801412, 52.058731914905366 ], [ -1.200566700310446, 52.058731914905366 ], [ -1.201509800564963, 52.059316109283827 ], [ -1.199623600055929, 52.060484498040751 ], [ -1.199623600055929, 52.061652886797674 ], [ -1.198680499801412, 52.062237081176136 ], [ -1.194908098783344, 52.062237081176136 ], [ -1.19302189827431, 52.061068692419212 ], [ -1.191135697765276, 52.061068692419212 ], [ -1.189249497256242, 52.059900303662289 ], [ -1.187363296747208, 52.059900303662289 ], [ -1.185477096238174, 52.058731914905366 ], [ -1.183590895729139, 52.058731914905366 ], [ -1.176046093693003, 52.054058359877672 ], [ -1.174159893183969, 52.054058359877672 ], [ -1.166615091147833, 52.049384804849979 ], [ -1.164728890638798, 52.049384804849979 ], [ -1.161899589875247, 52.047632221714593 ], [ -1.162842690129764, 52.047048027336132 ], [ -1.166615091147833, 52.047048027336132 ], [ -1.169444391911384, 52.045295444200747 ] ], [ [ -1.318454232125077, 52.166807874920778 ], [ -1.318454232125077, 52.167976263677701 ], [ -1.31751113187056, 52.168560458056163 ], [ -1.315624931361526, 52.168560458056163 ], [ -1.312795630597975, 52.166807874920778 ], [ -1.312795630597975, 52.165639486163855 ], [ -1.314681831107009, 52.164471097406931 ], [ -1.314681831107009, 52.163302708650008 ], [ -1.313738730852492, 52.162718514271546 ], [ -1.311852530343458, 52.162718514271546 ], [ -1.309023229579907, 52.164471097406931 ], [ -1.309023229579907, 52.165639486163855 ], [ -1.30808012932539, 52.166223680542316 ], [ -1.307137029070873, 52.165639486163855 ], [ -1.307137029070873, 52.164471097406931 ], [ -1.306193928816356, 52.16388690302847 ], [ -1.304307728307322, 52.16388690302847 ], [ -1.302421527798288, 52.162718514271546 ], [ -1.300535327289253, 52.162718514271546 ], [ -1.298649126780219, 52.161550125514623 ], [ -1.294876725762151, 52.161550125514623 ], [ -1.2920474249986, 52.159797542379238 ], [ -1.2920474249986, 52.157460764865391 ], [ -1.293933625507634, 52.156292376108468 ], [ -1.293933625507634, 52.153955598594621 ], [ -1.292990525253117, 52.153371404216159 ], [ -1.291811649934971, 52.153955598594621 ], [ -1.290161224489566, 52.152787209837697 ], [ -1.289218124235049, 52.152203015459236 ], [ -1.283559522707947, 52.152203015459236 ], [ -1.28261642245343, 52.151618821080774 ], [ -1.28261642245343, 52.150450432323851 ], [ -1.279787121689878, 52.148697849188466 ], [ -1.277900921180844, 52.149866237945389 ], [ -1.275071620417293, 52.148113654810004 ], [ -1.276957820926327, 52.146945266053081 ], [ -1.276957820926327, 52.145776877296157 ], [ -1.277900921180844, 52.145192682917695 ], [ -1.279787121689878, 52.145192682917695 ], [ -1.287331923726015, 52.149866237945389 ], [ -1.289218124235049, 52.149866237945389 ], [ -1.291104324744083, 52.151034626702312 ], [ -1.296762926271185, 52.151034626702312 ], [ -1.298649126780219, 52.152203015459236 ], [ -1.300535327289253, 52.152203015459236 ], [ -1.301478427543771, 52.152787209837697 ], [ -1.301478427543771, 52.153955598594621 ], [ -1.299592227034736, 52.155123987351544 ], [ -1.299592227034736, 52.158629153622314 ], [ -1.304307728307322, 52.161550125514623 ], [ -1.306193928816356, 52.161550125514623 ], [ -1.307137029070873, 52.160965931136161 ], [ -1.307137029070873, 52.159797542379238 ], [ -1.310909430088941, 52.157460764865391 ], [ -1.310909430088941, 52.156292376108468 ], [ -1.309023229579907, 52.155123987351544 ], [ -1.311852530343458, 52.153371404216159 ], [ -1.313738730852492, 52.153371404216159 ], [ -1.315624931361526, 52.154539792973083 ], [ -1.31751113187056, 52.154539792973083 ], [ -1.320340432634111, 52.156292376108468 ], [ -1.320340432634111, 52.157460764865391 ], [ -1.322226633143146, 52.158629153622314 ], [ -1.322226633143146, 52.163302708650008 ], [ -1.321283532888629, 52.16388690302847 ], [ -1.320340432634111, 52.164471097406931 ], [ -1.320340432634111, 52.165639486163855 ], [ -1.318454232125077, 52.166807874920778 ] ], [ [ -1.442000365466811, 52.021343474683817 ], [ -1.443886565975845, 52.021343474683817 ], [ -1.444829666230362, 52.021927669062279 ], [ -1.444829666230362, 52.024264446576126 ], [ -1.445772766484879, 52.024848640954588 ], [ -1.449545167502947, 52.024848640954588 ], [ -1.450488267757464, 52.025432835333049 ], [ -1.450488267757464, 52.026601224089973 ], [ -1.454260668775532, 52.028938001603819 ], [ -1.454260668775532, 52.03244316787459 ], [ -1.451431368011981, 52.034195751009975 ], [ -1.449545167502947, 52.034195751009975 ], [ -1.447658966993913, 52.033027362253051 ], [ -1.443886565975845, 52.035364139766898 ], [ -1.440114164957777, 52.035364139766898 ], [ -1.43917106470326, 52.034779945388436 ], [ -1.444829666230362, 52.031274779117666 ], [ -1.444829666230362, 52.030106390360743 ], [ -1.442000365466811, 52.028353807225358 ], [ -1.440114164957777, 52.028353807225358 ], [ -1.436341763939708, 52.030690584739204 ], [ -1.434455563430674, 52.030690584739204 ], [ -1.431626262667123, 52.03244316787459 ], [ -1.431626262667123, 52.033611556631513 ], [ -1.430683162412606, 52.034195751009975 ], [ -1.429740062158089, 52.033611556631513 ], [ -1.429740062158089, 52.031274779117666 ], [ -1.425967661140021, 52.028938001603819 ], [ -1.428796961903572, 52.027185418468434 ], [ -1.430683162412606, 52.027185418468434 ], [ -1.431626262667123, 52.026601224089973 ], [ -1.431626262667123, 52.025432835333049 ], [ -1.433512463176157, 52.024264446576126 ], [ -1.433512463176157, 52.023096057819203 ], [ -1.434455563430674, 52.022511863440741 ], [ -1.436341763939708, 52.022511863440741 ], [ -1.437284864194226, 52.021927669062279 ], [ -1.437284864194226, 52.020759280305356 ], [ -1.438227964448743, 52.020175085926894 ], [ -1.440114164957777, 52.020175085926894 ], [ -1.442000365466811, 52.021343474683817 ] ], [ [ -1.436341763939708, 52.092615188856144 ], [ -1.43917106470326, 52.094367771991529 ], [ -1.437284864194226, 52.095536160748452 ], [ -1.437284864194226, 52.097872938262299 ], [ -1.440114164957777, 52.099625521397684 ], [ -1.442000365466811, 52.09845713264076 ], [ -1.442943465721328, 52.099041327019222 ], [ -1.442943465721328, 52.100209715776145 ], [ -1.443886565975845, 52.100793910154607 ], [ -1.445772766484879, 52.100793910154607 ], [ -1.446715866739396, 52.101378104533069 ], [ -1.446715866739396, 52.102546493289992 ], [ -1.44860206724843, 52.103714882046916 ], [ -1.44860206724843, 52.107220048317686 ], [ -1.447658966993913, 52.107804242696147 ], [ -1.446715866739396, 52.107220048317686 ], [ -1.446715866739396, 52.106051659560762 ], [ -1.445772766484879, 52.105467465182301 ], [ -1.443886565975845, 52.105467465182301 ], [ -1.440114164957777, 52.107804242696147 ], [ -1.436341763939708, 52.105467465182301 ], [ -1.43256936292164, 52.105467465182301 ], [ -1.429740062158089, 52.103714882046916 ], [ -1.430683162412606, 52.103130687668454 ], [ -1.43256936292164, 52.103130687668454 ], [ -1.433512463176157, 52.102546493289992 ], [ -1.433512463176157, 52.101378104533069 ], [ -1.43256936292164, 52.100793910154607 ], [ -1.430683162412606, 52.100793910154607 ], [ -1.425967661140021, 52.097872938262299 ], [ -1.425967661140021, 52.093199383234605 ], [ -1.426910761394538, 52.092615188856144 ], [ -1.43256936292164, 52.092615188856144 ], [ -1.436341763939708, 52.092615188856144 ] ], [ [ -1.420309059612919, 52.089694216963835 ], [ -1.420309059612919, 52.090862605720758 ], [ -1.41653665859485, 52.093199383234605 ], [ -1.41653665859485, 52.094367771991529 ], [ -1.417479758849367, 52.09495196636999 ], [ -1.419365959358402, 52.09495196636999 ], [ -1.420309059612919, 52.095536160748452 ], [ -1.420309059612919, 52.099041327019222 ], [ -1.419365959358402, 52.099625521397684 ], [ -1.413707357831299, 52.099625521397684 ], [ -1.409934956813231, 52.097288743883837 ], [ -1.408048756304197, 52.097288743883837 ], [ -1.40710565604968, 52.096704549505375 ], [ -1.408991856558714, 52.095536160748452 ], [ -1.408991856558714, 52.094367771991529 ], [ -1.408048756304197, 52.093783577613067 ], [ -1.406162555795163, 52.093783577613067 ], [ -1.403333255031612, 52.092030994477682 ], [ -1.405219455540646, 52.090862605720758 ], [ -1.401447054522578, 52.088525828206912 ], [ -1.401447054522578, 52.087357439449988 ], [ -1.402390154777095, 52.086773245071527 ], [ -1.408048756304197, 52.086773245071527 ], [ -1.413707357831299, 52.090278411342297 ], [ -1.415593558340333, 52.090278411342297 ], [ -1.417479758849367, 52.089110022585373 ], [ -1.419365959358402, 52.089110022585373 ], [ -1.420309059612919, 52.089694216963835 ] ], [ [ -1.408048756304197, 52.010827975871507 ], [ -1.411821157322265, 52.010827975871507 ], [ -1.412764257576782, 52.011412170249969 ], [ -1.412764257576782, 52.012580559006892 ], [ -1.413707357831299, 52.013164753385354 ], [ -1.415593558340333, 52.013164753385354 ], [ -1.417479758849367, 52.01199636462843 ], [ -1.419365959358402, 52.01199636462843 ], [ -1.42313836037647, 52.014333142142277 ], [ -1.425024560885504, 52.014333142142277 ], [ -1.425967661140021, 52.013748947763816 ], [ -1.425967661140021, 52.012580559006892 ], [ -1.426910761394538, 52.01199636462843 ], [ -1.429740062158089, 52.013748947763816 ], [ -1.424081460630987, 52.017254114034586 ], [ -1.424081460630987, 52.019590891548432 ], [ -1.421252159867436, 52.021343474683817 ], [ -1.419365959358402, 52.021343474683817 ], [ -1.41653665859485, 52.023096057819203 ], [ -1.41653665859485, 52.024264446576126 ], [ -1.415593558340333, 52.024848640954588 ], [ -1.413707357831299, 52.024848640954588 ], [ -1.411821157322265, 52.026017029711511 ], [ -1.409934956813231, 52.026017029711511 ], [ -1.40710565604968, 52.024264446576126 ], [ -1.408991856558714, 52.023096057819203 ], [ -1.408991856558714, 52.021927669062279 ], [ -1.408048756304197, 52.021343474683817 ], [ -1.406162555795163, 52.021343474683817 ], [ -1.405219455540646, 52.020759280305356 ], [ -1.40710565604968, 52.019590891548432 ], [ -1.40710565604968, 52.016085725277662 ], [ -1.406162555795163, 52.015501530899201 ], [ -1.404276355286129, 52.015501530899201 ], [ -1.403333255031612, 52.014917336520739 ], [ -1.403333255031612, 52.013748947763816 ], [ -1.406162555795163, 52.01199636462843 ], [ -1.408048756304197, 52.010827975871507 ] ], [ [ -1.354292041796725, 52.016085725277662 ], [ -1.355235142051242, 52.016669919656124 ], [ -1.357121342560276, 52.016669919656124 ], [ -1.358064442814793, 52.017254114034586 ], [ -1.358064442814793, 52.018422502791509 ], [ -1.355235142051242, 52.020175085926894 ], [ -1.354292041796725, 52.019590891548432 ], [ -1.354292041796725, 52.018422502791509 ], [ -1.351462741033174, 52.016669919656124 ], [ -1.347690340015106, 52.016669919656124 ], [ -1.343917938997038, 52.019006697169971 ], [ -1.342031738488004, 52.019006697169971 ], [ -1.337316237215418, 52.021927669062279 ], [ -1.337316237215418, 52.023096057819203 ], [ -1.336373136960901, 52.023680252197664 ], [ -1.330714535433799, 52.023680252197664 ], [ -1.328828334924765, 52.022511863440741 ], [ -1.325055933906697, 52.022511863440741 ], [ -1.323169733397663, 52.023680252197664 ], [ -1.321283532888629, 52.023680252197664 ], [ -1.320340432634111, 52.023096057819203 ], [ -1.320340432634111, 52.020759280305356 ], [ -1.321283532888629, 52.020175085926894 ], [ -1.326942134415731, 52.020175085926894 ], [ -1.328828334924765, 52.019006697169971 ], [ -1.330714535433799, 52.019006697169971 ], [ -1.331657635688316, 52.018422502791509 ], [ -1.331657635688316, 52.017254114034586 ], [ -1.329771435179282, 52.016085725277662 ], [ -1.330714535433799, 52.015501530899201 ], [ -1.332600735942833, 52.015501530899201 ], [ -1.334486936451867, 52.014333142142277 ], [ -1.336373136960901, 52.014333142142277 ], [ -1.338259337469935, 52.015501530899201 ], [ -1.347690340015106, 52.015501530899201 ], [ -1.34957654052414, 52.014333142142277 ], [ -1.353348941542208, 52.014333142142277 ], [ -1.354292041796725, 52.014917336520739 ], [ -1.354292041796725, 52.016085725277662 ] ], [ [ -1.227916607691441, 51.999728282680735 ], [ -1.226030407182407, 51.998559893923812 ], [ -1.226030407182407, 51.997391505166888 ], [ -1.227916607691441, 51.996223116409965 ], [ -1.227916607691441, 51.995054727653041 ], [ -1.226973507436924, 51.99447053327458 ], [ -1.22508730692789, 51.995638922031503 ], [ -1.223201106418855, 51.995638922031503 ], [ -1.221314905909821, 51.99447053327458 ], [ -1.219428705400787, 51.99447053327458 ], [ -1.217542504891753, 51.995638922031503 ], [ -1.215656304382719, 51.995638922031503 ], [ -1.214713204128202, 51.995054727653041 ], [ -1.214713204128202, 51.992717950139195 ], [ -1.213770103873685, 51.992133755760733 ], [ -1.212827003619168, 51.992717950139195 ], [ -1.212827003619168, 51.996223116409965 ], [ -1.211883903364651, 51.996807310788427 ], [ -1.209997702855617, 51.996807310788427 ], [ -1.2090546026011, 51.996223116409965 ], [ -1.2090546026011, 51.993886338896118 ], [ -1.208111502346583, 51.993302144517656 ], [ -1.207168402092066, 51.993886338896118 ], [ -1.207168402092066, 51.995054727653041 ], [ -1.206225301837549, 51.995638922031503 ], [ -1.204339101328515, 51.995638922031503 ], [ -1.203396001073997, 51.995054727653041 ], [ -1.203396001073997, 51.993886338896118 ], [ -1.205282201583032, 51.992717950139195 ], [ -1.203396001073997, 51.991549561382271 ], [ -1.206225301837549, 51.989796978246886 ], [ -1.208111502346583, 51.989796978246886 ], [ -1.2090546026011, 51.989212783868425 ], [ -1.208111502346583, 51.988628589489963 ], [ -1.198680499801412, 51.988628589489963 ], [ -1.197737399546895, 51.988044395111501 ], [ -1.199623600055929, 51.986876006354578 ], [ -1.197737399546895, 51.985707617597654 ], [ -1.199623600055929, 51.984539228840731 ], [ -1.199623600055929, 51.981034062569961 ], [ -1.203396001073997, 51.978697285056114 ], [ -1.203396001073997, 51.977528896299191 ], [ -1.201509800564963, 51.976360507542267 ], [ -1.20245290081948, 51.975776313163806 ], [ -1.217542504891753, 51.975776313163806 ], [ -1.220371805655304, 51.977528896299191 ], [ -1.220371805655304, 51.978697285056114 ], [ -1.223201106418855, 51.980449868191499 ], [ -1.22508730692789, 51.980449868191499 ], [ -1.226973507436924, 51.979281479434576 ], [ -1.230745908454992, 51.979281479434576 ], [ -1.233575209218543, 51.981034062569961 ], [ -1.233575209218543, 51.982202451326884 ], [ -1.232632108964026, 51.982786645705346 ], [ -1.228859707945958, 51.982786645705346 ], [ -1.227916607691441, 51.983370840083808 ], [ -1.227916607691441, 51.985707617597654 ], [ -1.228859707945958, 51.986291811976116 ], [ -1.232632108964026, 51.986291811976116 ], [ -1.233575209218543, 51.986876006354578 ], [ -1.233575209218543, 51.989212783868425 ], [ -1.235461409727577, 51.990381172625348 ], [ -1.235461409727577, 51.991549561382271 ], [ -1.237347610236611, 51.992717950139195 ], [ -1.237347610236611, 51.996223116409965 ], [ -1.239233810745645, 51.997391505166888 ], [ -1.239233810745645, 51.999728282680735 ], [ -1.238290710491128, 52.000312477059197 ], [ -1.236404509982094, 52.000312477059197 ], [ -1.23451830947306, 52.00148086581612 ], [ -1.228859707945958, 52.00148086581612 ], [ -1.227916607691441, 52.000896671437658 ], [ -1.227916607691441, 51.999728282680735 ] ], [ [ -1.26658371812664, 52.003817643329967 ], [ -1.262811317108572, 52.003817643329967 ], [ -1.260925116599537, 52.00498603208689 ], [ -1.259038916090503, 52.00498603208689 ], [ -1.256209615326952, 52.006738615222275 ], [ -1.256209615326952, 52.007907003979199 ], [ -1.258095815835986, 52.009075392736122 ], [ -1.258095815835986, 52.011412170249969 ], [ -1.259038916090503, 52.01199636462843 ], [ -1.262811317108572, 52.01199636462843 ], [ -1.263754417363089, 52.012580559006892 ], [ -1.263754417363089, 52.014917336520739 ], [ -1.260925116599537, 52.016669919656124 ], [ -1.255266515072435, 52.016669919656124 ], [ -1.253380314563401, 52.017838308413047 ], [ -1.251494114054367, 52.017838308413047 ], [ -1.249607913545333, 52.016669919656124 ], [ -1.247721713036299, 52.016669919656124 ], [ -1.245835512527265, 52.015501530899201 ], [ -1.243949312018231, 52.016669919656124 ], [ -1.242063111509196, 52.016669919656124 ], [ -1.241120011254679, 52.016085725277662 ], [ -1.241120011254679, 52.014917336520739 ], [ -1.238290710491128, 52.013164753385354 ], [ -1.236404509982094, 52.013164753385354 ], [ -1.235461409727577, 52.012580559006892 ], [ -1.235461409727577, 52.009075392736122 ], [ -1.23451830947306, 52.00849119835766 ], [ -1.230745908454992, 52.00849119835766 ], [ -1.229802808200475, 52.007907003979199 ], [ -1.230745908454992, 52.007322809600737 ], [ -1.232632108964026, 52.007322809600737 ], [ -1.236404509982094, 52.00498603208689 ], [ -1.238290710491128, 52.00498603208689 ], [ -1.242063111509196, 52.002649254573043 ], [ -1.243949312018231, 52.002649254573043 ], [ -1.246778612781782, 52.000896671437658 ], [ -1.246778612781782, 51.999728282680735 ], [ -1.247721713036299, 51.999144088302273 ], [ -1.249607913545333, 52.000312477059197 ], [ -1.251494114054367, 52.000312477059197 ], [ -1.252437214308884, 51.999728282680735 ], [ -1.252437214308884, 51.998559893923812 ], [ -1.253380314563401, 51.99797569954535 ], [ -1.257152715581469, 51.99797569954535 ], [ -1.260925116599537, 52.000312477059197 ], [ -1.264697517617606, 52.000312477059197 ], [ -1.271299219399225, 52.004401837708429 ], [ -1.270356119144708, 52.00498603208689 ], [ -1.268469918635674, 52.00498603208689 ], [ -1.267526818381157, 52.004401837708429 ], [ -1.26658371812664, 52.003817643329967 ] ], [ [ -1.221314905909821, 52.009659587114584 ], [ -1.223201106418855, 52.009659587114584 ], [ -1.224144206673373, 52.010243781493045 ], [ -1.224144206673373, 52.011412170249969 ], [ -1.222258006164338, 52.012580559006892 ], [ -1.226030407182407, 52.014917336520739 ], [ -1.226030407182407, 52.016085725277662 ], [ -1.22508730692789, 52.016669919656124 ], [ -1.209997702855617, 52.016669919656124 ], [ -1.208111502346583, 52.015501530899201 ], [ -1.200566700310446, 52.015501530899201 ], [ -1.199623600055929, 52.014917336520739 ], [ -1.200566700310446, 52.014333142142277 ], [ -1.20245290081948, 52.014333142142277 ], [ -1.204339101328515, 52.013164753385354 ], [ -1.208111502346583, 52.013164753385354 ], [ -1.2090546026011, 52.012580559006892 ], [ -1.2090546026011, 52.011412170249969 ], [ -1.207168402092066, 52.010243781493045 ], [ -1.207168402092066, 52.009075392736122 ], [ -1.208111502346583, 52.00849119835766 ], [ -1.209997702855617, 52.00849119835766 ], [ -1.210940803110134, 52.007907003979199 ], [ -1.210940803110134, 52.006738615222275 ], [ -1.209997702855617, 52.006154420843814 ], [ -1.208111502346583, 52.006154420843814 ], [ -1.207168402092066, 52.005570226465352 ], [ -1.207168402092066, 52.004401837708429 ], [ -1.205282201583032, 52.003233448951505 ], [ -1.205282201583032, 52.000896671437658 ], [ -1.206225301837549, 52.000312477059197 ], [ -1.211883903364651, 52.000312477059197 ], [ -1.212827003619168, 51.999728282680735 ], [ -1.212827003619168, 51.998559893923812 ], [ -1.213770103873685, 51.99797569954535 ], [ -1.217542504891753, 51.99797569954535 ], [ -1.21848560514627, 51.998559893923812 ], [ -1.21848560514627, 51.999728282680735 ], [ -1.216599404637236, 52.000896671437658 ], [ -1.21848560514627, 52.002065060194582 ], [ -1.217542504891753, 52.002649254573043 ], [ -1.215656304382719, 52.002649254573043 ], [ -1.214713204128202, 52.003233448951505 ], [ -1.214713204128202, 52.005570226465352 ], [ -1.215656304382719, 52.006154420843814 ], [ -1.217542504891753, 52.006154420843814 ], [ -1.21848560514627, 52.006738615222275 ], [ -1.21848560514627, 52.007907003979199 ], [ -1.220371805655304, 52.009075392736122 ], [ -1.221314905909821, 52.009659587114584 ] ], [ [ -1.163785790384281, 52.009075392736122 ], [ -1.163785790384281, 52.002065060194582 ], [ -1.165671990893316, 52.000896671437658 ], [ -1.163785790384281, 51.999728282680735 ], [ -1.164728890638798, 51.999144088302273 ], [ -1.170387492165901, 51.999144088302273 ], [ -1.174159893183969, 52.00148086581612 ], [ -1.176046093693003, 52.000312477059197 ], [ -1.179818494711071, 52.000312477059197 ], [ -1.181704695220105, 51.999144088302273 ], [ -1.189249497256242, 51.999144088302273 ], [ -1.19302189827431, 52.00148086581612 ], [ -1.198680499801412, 51.99797569954535 ], [ -1.200566700310446, 51.99797569954535 ], [ -1.201509800564963, 51.998559893923812 ], [ -1.201509800564963, 52.000896671437658 ], [ -1.199623600055929, 52.002065060194582 ], [ -1.199623600055929, 52.003233448951505 ], [ -1.198680499801412, 52.003817643329967 ], [ -1.194908098783344, 52.003817643329967 ], [ -1.193964998528827, 52.004401837708429 ], [ -1.193964998528827, 52.005570226465352 ], [ -1.19302189827431, 52.006154420843814 ], [ -1.191135697765276, 52.006154420843814 ], [ -1.190192597510759, 52.006738615222275 ], [ -1.190192597510759, 52.007907003979199 ], [ -1.189249497256242, 52.00849119835766 ], [ -1.187363296747208, 52.007322809600737 ], [ -1.181704695220105, 52.007322809600737 ], [ -1.176046093693003, 52.010827975871507 ], [ -1.168501291656867, 52.010827975871507 ], [ -1.166615091147833, 52.009659587114584 ], [ -1.164728890638798, 52.009659587114584 ], [ -1.163785790384281, 52.009075392736122 ] ], [ [ -1.183590895729139, 51.961755648080725 ], [ -1.185477096238174, 51.961755648080725 ], [ -1.187363296747208, 51.960587259323802 ], [ -1.189249497256242, 51.960587259323802 ], [ -1.191135697765276, 51.959418870566878 ], [ -1.19302189827431, 51.959418870566878 ], [ -1.195851199037861, 51.961171453702264 ], [ -1.195851199037861, 51.962339842459187 ], [ -1.193964998528827, 51.96350823121611 ], [ -1.195851199037861, 51.964676619973034 ], [ -1.195851199037861, 51.96701339748688 ], [ -1.193964998528827, 51.968181786243804 ], [ -1.193964998528827, 51.969350175000727 ], [ -1.19302189827431, 51.969934369379189 ], [ -1.187363296747208, 51.969934369379189 ], [ -1.186420196492691, 51.970518563757651 ], [ -1.186420196492691, 51.972855341271497 ], [ -1.185477096238174, 51.973439535649959 ], [ -1.183590895729139, 51.972271146893036 ], [ -1.181704695220105, 51.972271146893036 ], [ -1.180761594965588, 51.971686952514574 ], [ -1.180761594965588, 51.970518563757651 ], [ -1.180997370029218, 51.969350175000727 ], [ -1.181704695220105, 51.968912029216881 ], [ -1.182647795474622, 51.968181786243804 ], [ -1.183590895729139, 51.966429203108419 ], [ -1.184533995983656, 51.965845008729957 ], [ -1.183590895729139, 51.965260814351495 ], [ -1.179818494711071, 51.965260814351495 ], [ -1.178875394456554, 51.964676619973034 ], [ -1.183590895729139, 51.961755648080725 ] ], [ [ -1.171330592420418, 51.929624957265332 ], [ -1.172273692674935, 51.929040762886871 ], [ -1.176046093693003, 51.929040762886871 ], [ -1.178875394456554, 51.930793346022256 ], [ -1.178875394456554, 51.933130123536102 ], [ -1.179818494711071, 51.933714317914564 ], [ -1.182647795474622, 51.931961734779179 ], [ -1.182647795474622, 51.930793346022256 ], [ -1.183590895729139, 51.930209151643794 ], [ -1.185477096238174, 51.930209151643794 ], [ -1.193964998528827, 51.935466901049949 ], [ -1.192078798019793, 51.936635289806873 ], [ -1.193964998528827, 51.937803678563796 ], [ -1.193964998528827, 51.938972067320719 ], [ -1.195851199037861, 51.940140456077643 ], [ -1.195851199037861, 51.942477233591489 ], [ -1.196794299292378, 51.943061427969951 ], [ -1.198680499801412, 51.943061427969951 ], [ -1.199623600055929, 51.943645622348413 ], [ -1.198680499801412, 51.944229816726875 ], [ -1.19302189827431, 51.944229816726875 ], [ -1.192078798019793, 51.943645622348413 ], [ -1.192078798019793, 51.942477233591489 ], [ -1.189249497256242, 51.940724650456104 ], [ -1.185477096238174, 51.940724650456104 ], [ -1.184533995983656, 51.940140456077643 ], [ -1.184533995983656, 51.938972067320719 ], [ -1.182647795474622, 51.937803678563796 ], [ -1.182647795474622, 51.936635289806873 ], [ -1.179818494711071, 51.934882706671488 ], [ -1.177932294202037, 51.934882706671488 ], [ -1.17698919394752, 51.934298512293026 ], [ -1.17698919394752, 51.933130123536102 ], [ -1.174159893183969, 51.931377540400717 ], [ -1.172273692674935, 51.931377540400717 ], [ -1.171330592420418, 51.930793346022256 ], [ -1.171330592420418, 51.929624957265332 ] ], [ [ -1.182647795474622, 52.080347106908448 ], [ -1.182647795474622, 52.079178718151525 ], [ -1.181704695220105, 52.078594523773063 ], [ -1.177932294202037, 52.078594523773063 ], [ -1.170387492165901, 52.073920968745369 ], [ -1.157184088602662, 52.073920968745369 ], [ -1.152468587330077, 52.070999996853061 ], [ -1.152468587330077, 52.068663219339214 ], [ -1.150582386821043, 52.067494830582291 ], [ -1.150582386821043, 52.060484498040751 ], [ -1.148696186312009, 52.059316109283827 ], [ -1.148696186312009, 52.058147720526904 ], [ -1.149639286566526, 52.057563526148442 ], [ -1.15152548707556, 52.058731914905366 ], [ -1.152468587330077, 52.058147720526904 ], [ -1.152468587330077, 52.05697933176998 ], [ -1.150582386821043, 52.055810943013057 ], [ -1.150582386821043, 52.054642554256134 ], [ -1.15152548707556, 52.054058359877672 ], [ -1.153411687584594, 52.055226748634595 ], [ -1.157184088602662, 52.052889971120749 ], [ -1.16095648962073, 52.052889971120749 ], [ -1.165671990893316, 52.055810943013057 ], [ -1.165671990893316, 52.05697933176998 ], [ -1.166615091147833, 52.057563526148442 ], [ -1.168501291656867, 52.057563526148442 ], [ -1.169444391911384, 52.058147720526904 ], [ -1.169444391911384, 52.060484498040751 ], [ -1.172273692674935, 52.062237081176136 ], [ -1.174159893183969, 52.062237081176136 ], [ -1.17698919394752, 52.063989664311521 ], [ -1.17698919394752, 52.065158053068444 ], [ -1.175102993438486, 52.066326441825368 ], [ -1.175102993438486, 52.069831608096138 ], [ -1.178875394456554, 52.072168385609984 ], [ -1.178875394456554, 52.073336774366908 ], [ -1.179818494711071, 52.073920968745369 ], [ -1.181704695220105, 52.072752579988446 ], [ -1.183590895729139, 52.072752579988446 ], [ -1.185477096238174, 52.071584191231523 ], [ -1.187363296747208, 52.071584191231523 ], [ -1.188306397001725, 52.072168385609984 ], [ -1.188306397001725, 52.079178718151525 ], [ -1.185477096238174, 52.08093130128691 ], [ -1.183590895729139, 52.08093130128691 ], [ -1.182647795474622, 52.080347106908448 ] ], [ [ -1.172273692674935, 52.089110022585373 ], [ -1.168501291656867, 52.089110022585373 ], [ -1.16755819140235, 52.089694216963835 ], [ -1.16755819140235, 52.090862605720758 ], [ -1.165671990893316, 52.092030994477682 ], [ -1.165671990893316, 52.093199383234605 ], [ -1.164728890638798, 52.093783577613067 ], [ -1.157184088602662, 52.093783577613067 ], [ -1.155297888093628, 52.092615188856144 ], [ -1.153411687584594, 52.092615188856144 ], [ -1.152468587330077, 52.092030994477682 ], [ -1.152468587330077, 52.090862605720758 ], [ -1.150582386821043, 52.089694216963835 ], [ -1.152468587330077, 52.088525828206912 ], [ -1.152468587330077, 52.086189050693065 ], [ -1.148696186312009, 52.083852273179218 ], [ -1.149639286566526, 52.083268078800756 ], [ -1.157184088602662, 52.083268078800756 ], [ -1.159070289111696, 52.08443646755768 ], [ -1.170387492165901, 52.08443646755768 ], [ -1.172273692674935, 52.085604856314603 ], [ -1.174159893183969, 52.085604856314603 ], [ -1.17698919394752, 52.087357439449988 ], [ -1.17698919394752, 52.090862605720758 ], [ -1.176046093693003, 52.09144680009922 ], [ -1.172273692674935, 52.089110022585373 ] ] ], [ [ [ -1.182647795474622, 51.87704746320378 ], [ -1.182647795474622, 51.878215851960704 ], [ -1.183590895729139, 51.878800046339165 ], [ -1.185477096238174, 51.878800046339165 ], [ -1.187363296747208, 51.879968435096089 ], [ -1.189249497256242, 51.879968435096089 ], [ -1.190192597510759, 51.879384240717627 ], [ -1.188306397001725, 51.878215851960704 ], [ -1.188306397001725, 51.875879074446857 ], [ -1.189249497256242, 51.875294880068395 ], [ -1.191135697765276, 51.875294880068395 ], [ -1.19302189827431, 51.874126491311472 ], [ -1.194908098783344, 51.874126491311472 ], [ -1.195851199037861, 51.87354229693301 ], [ -1.195851199037861, 51.872373908176087 ], [ -1.19302189827431, 51.870621325040702 ], [ -1.192078798019793, 51.871205519419163 ], [ -1.192078798019793, 51.872373908176087 ], [ -1.189249497256242, 51.874126491311472 ], [ -1.187363296747208, 51.874126491311472 ], [ -1.186420196492691, 51.874710685689934 ], [ -1.186420196492691, 51.87704746320378 ], [ -1.185477096238174, 51.877631657582242 ], [ -1.183590895729139, 51.876463268825319 ], [ -1.182647795474622, 51.87704746320378 ] ] ] ] } },
{ "type": "Feature", "properties": { "search_id": "Search 3", "FundAsset": "Moorfield - Salisbury" }, "geometry": { "type": "MultiPolygon", "coordinates": [ [ [ [ -2.003583168552723, 51.134699995629489 ], [ -2.003583168552723, 51.137666303664446 ], [ -2.002798680216074, 51.138160688336939 ], [ -2.002014191879425, 51.137666303664446 ], [ -2.002014191879425, 51.13667753431946 ], [ -2.001229703542776, 51.136183149646968 ], [ -1.999660726869479, 51.137171918991953 ], [ -1.998091750196181, 51.137171918991953 ], [ -1.997307261859532, 51.13667753431946 ], [ -1.997307261859532, 51.135688764974475 ], [ -1.996522773522884, 51.135194380301982 ], [ -1.991815843502991, 51.135194380301982 ], [ -1.987893401819747, 51.132722456939518 ], [ -1.988677890156396, 51.132228072267026 ], [ -1.990246866829693, 51.132228072267026 ], [ -1.991031355166342, 51.131733687594533 ], [ -1.991031355166342, 51.128767379559577 ], [ -1.990246866829693, 51.128272994887084 ], [ -1.988677890156396, 51.128272994887084 ], [ -1.987893401819747, 51.128767379559577 ], [ -1.987893401819747, 51.130744918249547 ], [ -1.986324425146449, 51.131733687594533 ], [ -1.986324425146449, 51.133711226284504 ], [ -1.985539936809801, 51.134205610956997 ], [ -1.980833006789908, 51.134205610956997 ], [ -1.97926403011661, 51.133216841612011 ], [ -1.977695053443313, 51.133216841612011 ], [ -1.976910565106664, 51.133711226284504 ], [ -1.976910565106664, 51.134699995629489 ], [ -1.977695053443313, 51.135194380301982 ], [ -1.97926403011661, 51.135194380301982 ], [ -1.980048518453259, 51.135688764974475 ], [ -1.980048518453259, 51.13667753431946 ], [ -1.980833006789908, 51.137171918991953 ], [ -1.982401983463205, 51.137171918991953 ], [ -1.983970960136503, 51.138160688336939 ], [ -1.985539936809801, 51.138160688336939 ], [ -1.986324425146449, 51.138655073009431 ], [ -1.985539936809801, 51.139149457681924 ], [ -1.983970960136503, 51.139149457681924 ], [ -1.982401983463205, 51.14013822702691 ], [ -1.980833006789908, 51.14013822702691 ], [ -1.97926403011661, 51.141126996371895 ], [ -1.977695053443313, 51.14013822702691 ], [ -1.976126076770015, 51.14013822702691 ], [ -1.974557100096717, 51.141126996371895 ], [ -1.97298812342342, 51.141126996371895 ], [ -1.972203635086771, 51.140632611699402 ], [ -1.972203635086771, 51.138655073009431 ], [ -1.971419146750122, 51.138160688336939 ], [ -1.968281193403527, 51.138160688336939 ], [ -1.96671221673023, 51.139149457681924 ], [ -1.960436310037039, 51.139149457681924 ], [ -1.958867333363742, 51.138160688336939 ], [ -1.955729380017146, 51.138160688336939 ], [ -1.950237961660605, 51.134699995629489 ], [ -1.950237961660605, 51.132722456939518 ], [ -1.947884496650659, 51.13123930292204 ], [ -1.946315519977361, 51.13123930292204 ], [ -1.945531031640712, 51.131733687594533 ], [ -1.945531031640712, 51.132722456939518 ], [ -1.946315519977361, 51.133340437780134 ], [ -1.941608589957468, 51.134082014788873 ], [ -1.939451247031684, 51.132722456939518 ], [ -1.938470636610873, 51.132228072267026 ], [ -1.93376370659098, 51.132228072267026 ], [ -1.932194729917683, 51.13123930292204 ], [ -1.930625753244385, 51.132228072267026 ], [ -1.929056776571088, 51.132228072267026 ], [ -1.92748779989779, 51.13123930292204 ], [ -1.924349846551195, 51.13123930292204 ], [ -1.922780869877897, 51.130250533577055 ], [ -1.9212118932046, 51.130250533577055 ], [ -1.920427404867951, 51.129756148904562 ], [ -1.922780869877897, 51.128272994887084 ], [ -1.92748779989779, 51.128272994887084 ], [ -1.928272288234439, 51.128767379559577 ], [ -1.928272288234439, 51.129756148904562 ], [ -1.929056776571088, 51.130250533577055 ], [ -1.930625753244385, 51.130250533577055 ], [ -1.932979218254331, 51.128767379559577 ], [ -1.932979218254331, 51.127778610214591 ], [ -1.93376370659098, 51.127284225542098 ], [ -1.935332683264278, 51.128272994887084 ], [ -1.936117171600927, 51.127778610214591 ], [ -1.936117171600927, 51.126789840869606 ], [ -1.93376370659098, 51.125306686852127 ], [ -1.932194729917683, 51.125306686852127 ], [ -1.930625753244385, 51.126295456197113 ], [ -1.924349846551195, 51.126295456197113 ], [ -1.922780869877897, 51.125306686852127 ], [ -1.914935986511409, 51.125306686852127 ], [ -1.913367009838112, 51.124317917507142 ], [ -1.911798033164814, 51.124317917507142 ], [ -1.907091103144921, 51.121351609472185 ], [ -1.905522126471624, 51.121351609472185 ], [ -1.898461731441785, 51.116902147419751 ], [ -1.898461731441785, 51.115913378074765 ], [ -1.899246219778433, 51.115418993402272 ], [ -1.900815196451731, 51.115418993402272 ], [ -1.902384173125029, 51.114430224057287 ], [ -1.903953149798326, 51.114430224057287 ], [ -1.905522126471624, 51.113441454712301 ], [ -1.908660079818219, 51.113441454712301 ], [ -1.910229056491517, 51.112452685367316 ], [ -1.911798033164814, 51.113441454712301 ], [ -1.913367009838112, 51.113441454712301 ], [ -1.915720474848058, 51.111958300694823 ], [ -1.913367009838112, 51.110475146677345 ], [ -1.911798033164814, 51.110475146677345 ], [ -1.910229056491517, 51.10948637733236 ], [ -1.907091103144921, 51.10948637733236 ], [ -1.905522126471624, 51.110475146677345 ], [ -1.903953149798326, 51.10948637733236 ], [ -1.897677243105136, 51.10948637733236 ], [ -1.894539289758541, 51.111463916022331 ], [ -1.892970313085243, 51.111463916022331 ], [ -1.892185824748594, 51.110969531349838 ], [ -1.892185824748594, 51.108991992659867 ], [ -1.890616848075297, 51.108003223314881 ], [ -1.890616848075297, 51.107014453969896 ], [ -1.88826338306535, 51.105531299952418 ], [ -1.885125429718755, 51.105531299952418 ], [ -1.884340941382106, 51.105036915279925 ], [ -1.884340941382106, 51.104048145934939 ], [ -1.882771964708809, 51.103059376589954 ], [ -1.882771964708809, 51.102070607244968 ], [ -1.881202988035511, 51.101081837899983 ], [ -1.881202988035511, 51.100093068554997 ], [ -1.878065034688916, 51.098115529865026 ], [ -1.878065034688916, 51.09514922183007 ], [ -1.874927081342321, 51.093171683140099 ], [ -1.876496058015618, 51.092182913795114 ], [ -1.874927081342321, 51.091194144450128 ], [ -1.876496058015618, 51.090205375105143 ], [ -1.876496058015618, 51.088227836415172 ], [ -1.873358104669023, 51.086250297725201 ], [ -1.874142593005672, 51.085755913052708 ], [ -1.87571156967897, 51.085755913052708 ], [ -1.876496058015618, 51.085261528380215 ], [ -1.876496058015618, 51.08427275903523 ], [ -1.874927081342321, 51.083283989690244 ], [ -1.874927081342321, 51.082295220345259 ], [ -1.87571156967897, 51.081800835672766 ], [ -1.877280546352267, 51.081800835672766 ], [ -1.878065034688916, 51.081306451000273 ], [ -1.878065034688916, 51.080317681655288 ], [ -1.877280546352267, 51.079823296982795 ], [ -1.87571156967897, 51.08081206632778 ], [ -1.869435662985779, 51.08081206632778 ], [ -1.868651174649131, 51.080317681655288 ], [ -1.868651174649131, 51.077351373620331 ], [ -1.869435662985779, 51.076856988947839 ], [ -1.87571156967897, 51.076856988947839 ], [ -1.876496058015618, 51.076362604275346 ], [ -1.876496058015618, 51.074385065585375 ], [ -1.874927081342321, 51.073396296240389 ], [ -1.874927081342321, 51.070429988205433 ], [ -1.874142593005672, 51.06993560353294 ], [ -1.871004639659077, 51.06993560353294 ], [ -1.867082197975833, 51.072407526895404 ], [ -1.867082197975833, 51.074385065585375 ], [ -1.866297709639184, 51.074879450257868 ], [ -1.861590779619291, 51.074879450257868 ], [ -1.860021802945994, 51.073890680912882 ], [ -1.859237314609345, 51.074385065585375 ], [ -1.863944244629238, 51.077351373620331 ], [ -1.863159756292589, 51.077845758292824 ], [ -1.856883849599399, 51.077845758292824 ], [ -1.855314872926101, 51.07883452763781 ], [ -1.852176919579506, 51.07883452763781 ], [ -1.851392431242857, 51.078340142965317 ], [ -1.851392431242857, 51.07537383493036 ], [ -1.850607942906208, 51.074879450257868 ], [ -1.849038966232911, 51.074879450257868 ], [ -1.848254477896262, 51.07537383493036 ], [ -1.848254477896262, 51.076362604275346 ], [ -1.847469989559613, 51.076856988947839 ], [ -1.838056129519828, 51.076856988947839 ], [ -1.83648715284653, 51.075868219602853 ], [ -1.834918176173232, 51.075868219602853 ], [ -1.833349199499935, 51.074879450257868 ], [ -1.831780222826637, 51.074879450257868 ], [ -1.830995734489989, 51.07537383493036 ], [ -1.830995734489989, 51.076362604275346 ], [ -1.827857781143393, 51.078340142965317 ], [ -1.828642269480042, 51.07883452763781 ], [ -1.833349199499935, 51.075868219602853 ], [ -1.835702664509881, 51.077351373620331 ], [ -1.834918176173232, 51.077845758292824 ], [ -1.833349199499935, 51.077845758292824 ], [ -1.832564711163286, 51.078340142965317 ], [ -1.838056129519828, 51.081800835672766 ], [ -1.844332036213018, 51.081800835672766 ], [ -1.845901012886316, 51.082789605017751 ], [ -1.847469989559613, 51.082789605017751 ], [ -1.848254477896262, 51.083283989690244 ], [ -1.846685501222964, 51.08427275903523 ], [ -1.846685501222964, 51.085261528380215 ], [ -1.845116524549667, 51.086250297725201 ], [ -1.845116524549667, 51.088227836415172 ], [ -1.843547547876369, 51.089216605760157 ], [ -1.843547547876369, 51.090205375105143 ], [ -1.841194082866423, 51.091688529122621 ], [ -1.840409594529774, 51.091194144450128 ], [ -1.840409594529774, 51.090205375105143 ], [ -1.838056129519828, 51.088722221087664 ], [ -1.83648715284653, 51.088722221087664 ], [ -1.834918176173232, 51.08971099043265 ], [ -1.833349199499935, 51.08971099043265 ], [ -1.831780222826637, 51.088722221087664 ], [ -1.827073292806745, 51.088722221087664 ], [ -1.824719827796798, 51.087239067070186 ], [ -1.824719827796798, 51.083283989690244 ], [ -1.823150851123501, 51.082295220345259 ], [ -1.824719827796798, 51.081306451000273 ], [ -1.824719827796798, 51.080317681655288 ], [ -1.822366362786852, 51.07883452763781 ], [ -1.820797386113554, 51.07883452763781 ], [ -1.819228409440257, 51.079823296982795 ], [ -1.816090456093661, 51.079823296982795 ], [ -1.812952502747066, 51.077845758292824 ], [ -1.812168014410418, 51.078340142965317 ], [ -1.818443921103608, 51.082295220345259 ], [ -1.815305967757013, 51.08427275903523 ], [ -1.816090456093661, 51.084767143707722 ], [ -1.819228409440257, 51.084767143707722 ], [ -1.820012897776905, 51.085261528380215 ], [ -1.820012897776905, 51.086250297725201 ], [ -1.821581874450203, 51.087239067070186 ], [ -1.821581874450203, 51.088227836415172 ], [ -1.824719827796798, 51.090205375105143 ], [ -1.824719827796798, 51.091194144450128 ], [ -1.826288804470096, 51.092182913795114 ], [ -1.826288804470096, 51.094160452485085 ], [ -1.827073292806745, 51.094654837157577 ], [ -1.828642269480042, 51.094654837157577 ], [ -1.829426757816691, 51.09514922183007 ], [ -1.827857781143393, 51.096137991175056 ], [ -1.828642269480042, 51.096632375847548 ], [ -1.83021124615334, 51.096632375847548 ], [ -1.830995734489989, 51.097126760520041 ], [ -1.830995734489989, 51.098115529865026 ], [ -1.828642269480042, 51.099598683882505 ], [ -1.827073292806745, 51.099598683882505 ], [ -1.826288804470096, 51.099104299210012 ], [ -1.826288804470096, 51.096137991175056 ], [ -1.823935339460149, 51.094654837157577 ], [ -1.822366362786852, 51.094654837157577 ], [ -1.820012897776905, 51.093171683140099 ], [ -1.820012897776905, 51.092182913795114 ], [ -1.818443921103608, 51.091194144450128 ], [ -1.818443921103608, 51.090205375105143 ], [ -1.820012897776905, 51.089216605760157 ], [ -1.820012897776905, 51.088227836415172 ], [ -1.817659432766959, 51.086744682397693 ], [ -1.814521479420364, 51.086744682397693 ], [ -1.812168014410418, 51.085261528380215 ], [ -1.812168014410418, 51.08427275903523 ], [ -1.809814549400471, 51.082789605017751 ], [ -1.808245572727174, 51.082789605017751 ], [ -1.805892107717227, 51.081306451000273 ], [ -1.805892107717227, 51.080317681655288 ], [ -1.805107619380578, 51.079823296982795 ], [ -1.803538642707281, 51.079823296982795 ], [ -1.802754154370632, 51.079328912310302 ], [ -1.80432313104393, 51.078340142965317 ], [ -1.802754154370632, 51.077351373620331 ], [ -1.80432313104393, 51.076362604275346 ], [ -1.803538642707281, 51.075868219602853 ], [ -1.801969666033983, 51.075868219602853 ], [ -1.800400689360686, 51.076856988947839 ], [ -1.798831712687388, 51.076856988947839 ], [ -1.798047224350739, 51.076362604275346 ], [ -1.799616201024037, 51.07537383493036 ], [ -1.799616201024037, 51.074385065585375 ], [ -1.798831712687388, 51.073890680912882 ], [ -1.794124782667495, 51.073890680912882 ], [ -1.792555805994198, 51.074879450257868 ], [ -1.791771317657549, 51.074385065585375 ], [ -1.791771317657549, 51.073396296240389 ], [ -1.790202340984251, 51.072407526895404 ], [ -1.790202340984251, 51.067463680170476 ], [ -1.789417852647603, 51.066969295497984 ], [ -1.788633364310954, 51.067463680170476 ], [ -1.788633364310954, 51.069441218860447 ], [ -1.787848875974305, 51.06993560353294 ], [ -1.786279899301007, 51.06993560353294 ], [ -1.78471092262771, 51.068946834187955 ], [ -1.783141945954412, 51.068946834187955 ], [ -1.780003992607817, 51.066969295497984 ], [ -1.778435015934519, 51.066969295497984 ], [ -1.777650527597871, 51.067463680170476 ], [ -1.778435015934519, 51.067958064842969 ], [ -1.780003992607817, 51.067958064842969 ], [ -1.780788480944466, 51.068452449515462 ], [ -1.780003992607817, 51.068946834187955 ], [ -1.778435015934519, 51.068946834187955 ], [ -1.776866039261222, 51.06993560353294 ], [ -1.773728085914627, 51.06993560353294 ], [ -1.772943597577978, 51.069441218860447 ], [ -1.772943597577978, 51.068452449515462 ], [ -1.772159109241329, 51.067958064842969 ], [ -1.77137462090468, 51.068452449515462 ], [ -1.77137462090468, 51.069441218860447 ], [ -1.772943597577978, 51.070429988205433 ], [ -1.772943597577978, 51.071418757550418 ], [ -1.770590132568032, 51.072901911567897 ], [ -1.769021155894734, 51.071913142222911 ], [ -1.768236667558085, 51.072407526895404 ], [ -1.768236667558085, 51.074385065585375 ], [ -1.766667690884788, 51.07537383493036 ], [ -1.768236667558085, 51.076362604275346 ], [ -1.768236667558085, 51.078340142965317 ], [ -1.769805644231383, 51.079328912310302 ], [ -1.766667690884788, 51.081306451000273 ], [ -1.766667690884788, 51.082295220345259 ], [ -1.761960760864895, 51.085261528380215 ], [ -1.761960760864895, 51.086250297725201 ], [ -1.761176272528246, 51.086744682397693 ], [ -1.759607295854948, 51.086744682397693 ], [ -1.755684854171705, 51.089216605760157 ], [ -1.755684854171705, 51.090205375105143 ], [ -1.753331389161758, 51.091688529122621 ], [ -1.751762412488461, 51.091688529122621 ], [ -1.750193435815163, 51.092677298467606 ], [ -1.748624459141865, 51.092677298467606 ], [ -1.747055482468568, 51.093666067812592 ], [ -1.743917529121973, 51.093666067812592 ], [ -1.742348552448675, 51.094654837157577 ], [ -1.737641622428782, 51.094654837157577 ], [ -1.736072645755485, 51.095643606502563 ], [ -1.731365715735592, 51.095643606502563 ], [ -1.728227762388997, 51.093666067812592 ], [ -1.726658785715699, 51.094654837157577 ], [ -1.725089809042402, 51.093666067812592 ], [ -1.723520832369104, 51.093666067812592 ], [ -1.722736344032455, 51.094160452485085 ], [ -1.722736344032455, 51.09514922183007 ], [ -1.723520832369104, 51.095643606502563 ], [ -1.726658785715699, 51.095643606502563 ], [ -1.728227762388997, 51.096632375847548 ], [ -1.729796739062294, 51.095643606502563 ], [ -1.730581227398943, 51.096137991175056 ], [ -1.730581227398943, 51.098115529865026 ], [ -1.729796739062294, 51.098609914537519 ], [ -1.728227762388997, 51.097621145192534 ], [ -1.725089809042402, 51.097621145192534 ], [ -1.721951855695806, 51.099598683882505 ], [ -1.715675949002616, 51.099598683882505 ], [ -1.714106972329319, 51.10058745322749 ], [ -1.712537995656021, 51.099598683882505 ], [ -1.707831065636128, 51.099598683882505 ], [ -1.706262088962831, 51.098609914537519 ], [ -1.703124135616235, 51.098609914537519 ], [ -1.701555158942938, 51.097621145192534 ], [ -1.696848228923045, 51.097621145192534 ], [ -1.696063740586396, 51.098115529865026 ], [ -1.696063740586396, 51.100093068554997 ], [ -1.696848228923045, 51.10058745322749 ], [ -1.698417205596343, 51.099598683882505 ], [ -1.702339647279587, 51.102070607244968 ], [ -1.701555158942938, 51.102564991917461 ], [ -1.69998618226964, 51.102564991917461 ], [ -1.698417205596343, 51.103553761262447 ], [ -1.696848228923045, 51.103553761262447 ], [ -1.695279252249748, 51.104542530607432 ], [ -1.69371027557645, 51.103553761262447 ], [ -1.692925787239801, 51.104048145934939 ], [ -1.692925787239801, 51.105036915279925 ], [ -1.692141298903152, 51.105531299952418 ], [ -1.690572322229855, 51.105531299952418 ], [ -1.688218857219908, 51.107014453969896 ], [ -1.689003345556557, 51.107508838642389 ], [ -1.690572322229855, 51.107508838642389 ], [ -1.692141298903152, 51.106520069297403 ], [ -1.698417205596343, 51.106520069297403 ], [ -1.701555158942938, 51.104542530607432 ], [ -1.704693112289533, 51.104542530607432 ], [ -1.706262088962831, 51.103553761262447 ], [ -1.707831065636128, 51.103553761262447 ], [ -1.708615553972777, 51.104048145934939 ], [ -1.707046577299479, 51.105036915279925 ], [ -1.707046577299479, 51.108991992659867 ], [ -1.706262088962831, 51.10948637733236 ], [ -1.704693112289533, 51.10948637733236 ], [ -1.703124135616235, 51.110475146677345 ], [ -1.701555158942938, 51.110475146677345 ], [ -1.700770670606289, 51.110969531349838 ], [ -1.700770670606289, 51.111958300694823 ], [ -1.699201693932991, 51.112947070039809 ], [ -1.700770670606289, 51.113935839384794 ], [ -1.700770670606289, 51.11492460872978 ], [ -1.699201693932991, 51.115913378074765 ], [ -1.700770670606289, 51.116902147419751 ], [ -1.69998618226964, 51.117396532092243 ], [ -1.696848228923045, 51.117396532092243 ], [ -1.695279252249748, 51.116407762747258 ], [ -1.68743436888326, 51.116407762747258 ], [ -1.685865392209962, 51.115418993402272 ], [ -1.682727438863367, 51.115418993402272 ], [ -1.679589485516772, 51.113441454712301 ], [ -1.678020508843474, 51.113441454712301 ], [ -1.676451532170177, 51.112452685367316 ], [ -1.674882555496879, 51.112452685367316 ], [ -1.67409806716023, 51.111958300694823 ], [ -1.67409806716023, 51.110969531349838 ], [ -1.673313578823581, 51.110475146677345 ], [ -1.672529090486933, 51.110969531349838 ], [ -1.672529090486933, 51.111958300694823 ], [ -1.67409806716023, 51.112947070039809 ], [ -1.67409806716023, 51.113935839384794 ], [ -1.675667043833528, 51.11492460872978 ], [ -1.675667043833528, 51.115913378074765 ], [ -1.676451532170177, 51.116407762747258 ], [ -1.678020508843474, 51.116407762747258 ], [ -1.678804997180123, 51.116902147419751 ], [ -1.678804997180123, 51.117890916764736 ], [ -1.679589485516772, 51.118385301437229 ], [ -1.681158462190069, 51.118385301437229 ], [ -1.682727438863367, 51.119374070782214 ], [ -1.685865392209962, 51.119374070782214 ], [ -1.689787833893206, 51.121845994144678 ], [ -1.689787833893206, 51.122834763489664 ], [ -1.689003345556557, 51.123329148162156 ], [ -1.68743436888326, 51.123329148162156 ], [ -1.686649880546611, 51.122834763489664 ], [ -1.686649880546611, 51.121845994144678 ], [ -1.685865392209962, 51.121351609472185 ], [ -1.682727438863367, 51.121351609472185 ], [ -1.681158462190069, 51.122340378817171 ], [ -1.679589485516772, 51.122340378817171 ], [ -1.674882555496879, 51.125306686852127 ], [ -1.673313578823581, 51.124317917507142 ], [ -1.672529090486933, 51.124812302179635 ], [ -1.672529090486933, 51.126789840869606 ], [ -1.671744602150284, 51.127284225542098 ], [ -1.668606648803689, 51.127284225542098 ], [ -1.66782216046704, 51.127778610214591 ], [ -1.668606648803689, 51.128272994887084 ], [ -1.671744602150284, 51.128272994887084 ], [ -1.673313578823581, 51.127284225542098 ], [ -1.674882555496879, 51.127284225542098 ], [ -1.676451532170177, 51.126295456197113 ], [ -1.681158462190069, 51.126295456197113 ], [ -1.682727438863367, 51.125306686852127 ], [ -1.684296415536664, 51.125306686852127 ], [ -1.685080903873313, 51.12580107152462 ], [ -1.685080903873313, 51.126789840869606 ], [ -1.684296415536664, 51.127284225542098 ], [ -1.681158462190069, 51.127284225542098 ], [ -1.68037397385342, 51.127778610214591 ], [ -1.68037397385342, 51.129756148904562 ], [ -1.679589485516772, 51.130250533577055 ], [ -1.678020508843474, 51.129261764232069 ], [ -1.676451532170177, 51.129261764232069 ], [ -1.674882555496879, 51.128272994887084 ], [ -1.672529090486933, 51.129756148904562 ], [ -1.673313578823581, 51.130250533577055 ], [ -1.674882555496879, 51.130250533577055 ], [ -1.675667043833528, 51.130744918249547 ], [ -1.67409806716023, 51.131733687594533 ], [ -1.674882555496879, 51.132228072267026 ], [ -1.678020508843474, 51.132228072267026 ], [ -1.681942950526718, 51.134699995629489 ], [ -1.681942950526718, 51.135688764974475 ], [ -1.683511927200016, 51.13667753431946 ], [ -1.683511927200016, 51.137666303664446 ], [ -1.681942950526718, 51.138655073009431 ], [ -1.683511927200016, 51.139643842354417 ], [ -1.681942950526718, 51.140632611699402 ], [ -1.683511927200016, 51.141621381044388 ], [ -1.682727438863367, 51.142115765716881 ], [ -1.681158462190069, 51.142115765716881 ], [ -1.68037397385342, 51.142610150389373 ], [ -1.68037397385342, 51.147553997114301 ], [ -1.681158462190069, 51.148048381786793 ], [ -1.682727438863367, 51.148048381786793 ], [ -1.683511927200016, 51.147553997114301 ], [ -1.683511927200016, 51.146565227769315 ], [ -1.684296415536664, 51.146070843096823 ], [ -1.689003345556557, 51.146070843096823 ], [ -1.689787833893206, 51.14557645842433 ], [ -1.689787833893206, 51.144587689079344 ], [ -1.688218857219908, 51.143598919734359 ], [ -1.690572322229855, 51.142115765716881 ], [ -1.692141298903152, 51.142115765716881 ], [ -1.695279252249748, 51.14013822702691 ], [ -1.69998618226964, 51.14013822702691 ], [ -1.700770670606289, 51.140632611699402 ], [ -1.697632717259694, 51.142610150389373 ], [ -1.697632717259694, 51.143598919734359 ], [ -1.696063740586396, 51.144587689079344 ], [ -1.696063740586396, 51.147553997114301 ], [ -1.697632717259694, 51.148542766459286 ], [ -1.695279252249748, 51.150025920476764 ], [ -1.69371027557645, 51.150025920476764 ], [ -1.692925787239801, 51.150520305149257 ], [ -1.692925787239801, 51.151509074494243 ], [ -1.692141298903152, 51.152003459166735 ], [ -1.689003345556557, 51.152003459166735 ], [ -1.68743436888326, 51.15101468982175 ], [ -1.679589485516772, 51.15101468982175 ], [ -1.678804997180123, 51.150520305149257 ], [ -1.678804997180123, 51.149531535804272 ], [ -1.678020508843474, 51.149037151131779 ], [ -1.676451532170177, 51.149037151131779 ], [ -1.675667043833528, 51.149531535804272 ], [ -1.675667043833528, 51.158430459909141 ], [ -1.677236020506825, 51.159419229254127 ], [ -1.676451532170177, 51.159913613926619 ], [ -1.674882555496879, 51.159913613926619 ], [ -1.673313578823581, 51.158924844581634 ], [ -1.671744602150284, 51.158924844581634 ], [ -1.670175625476986, 51.159913613926619 ], [ -1.668606648803689, 51.159913613926619 ], [ -1.666253183793742, 51.161396767944098 ], [ -1.666253183793742, 51.162385537289083 ], [ -1.664684207120445, 51.163374306634068 ], [ -1.664684207120445, 51.165351845324039 ], [ -1.663899718783796, 51.165846229996532 ], [ -1.662330742110498, 51.165846229996532 ], [ -1.661546253773849, 51.166340614669025 ], [ -1.661546253773849, 51.169306922703981 ], [ -1.660761765437201, 51.169801307376474 ], [ -1.659192788763903, 51.168812538031489 ], [ -1.65448585874401, 51.168812538031489 ], [ -1.652916882070713, 51.169801307376474 ], [ -1.651347905397415, 51.169801307376474 ], [ -1.649778928724118, 51.17079007672146 ], [ -1.648994440387469, 51.170295692048967 ], [ -1.648994440387469, 51.168318153358996 ], [ -1.645071998704225, 51.165846229996532 ], [ -1.637227115337737, 51.165846229996532 ], [ -1.636442627001088, 51.165351845324039 ], [ -1.636442627001088, 51.164363075979054 ], [ -1.638011603674386, 51.163374306634068 ], [ -1.638011603674386, 51.162385537289083 ], [ -1.638796092011034, 51.16189115261659 ], [ -1.64193404535763, 51.16189115261659 ], [ -1.645071998704225, 51.159913613926619 ], [ -1.649778928724118, 51.159913613926619 ], [ -1.650563417060766, 51.159419229254127 ], [ -1.650563417060766, 51.157441690564156 ], [ -1.648994440387469, 51.15645292121917 ], [ -1.650563417060766, 51.155464151874185 ], [ -1.64820995205082, 51.153980997856706 ], [ -1.646640975377522, 51.153980997856706 ], [ -1.645856487040874, 51.154475382529199 ], [ -1.645856487040874, 51.155464151874185 ], [ -1.645071998704225, 51.155958536546677 ], [ -1.638796092011034, 51.155958536546677 ], [ -1.637227115337737, 51.156947305891663 ], [ -1.632520185317844, 51.156947305891663 ], [ -1.630951208644547, 51.155958536546677 ], [ -1.624675301951356, 51.155958536546677 ], [ -1.623106325278059, 51.156947305891663 ], [ -1.619968371931463, 51.156947305891663 ], [ -1.618399395258166, 51.157936075236648 ], [ -1.616830418584868, 51.157936075236648 ], [ -1.614476953574922, 51.15645292121917 ], [ -1.615261441911571, 51.155958536546677 ], [ -1.618399395258166, 51.155958536546677 ], [ -1.619183883594815, 51.155464151874185 ], [ -1.619183883594815, 51.154475382529199 ], [ -1.620752860268112, 51.153486613184214 ], [ -1.616830418584868, 51.15101468982175 ], [ -1.615261441911571, 51.15101468982175 ], [ -1.613692465238273, 51.150025920476764 ], [ -1.612123488564976, 51.150025920476764 ], [ -1.611339000228327, 51.149531535804272 ], [ -1.611339000228327, 51.148542766459286 ], [ -1.612123488564976, 51.148048381786793 ], [ -1.613692465238273, 51.148048381786793 ], [ -1.617614906921517, 51.14557645842433 ], [ -1.613692465238273, 51.143104535061866 ], [ -1.612123488564976, 51.143104535061866 ], [ -1.609770023555029, 51.144587689079344 ], [ -1.609770023555029, 51.146565227769315 ], [ -1.60898553521838, 51.147059612441808 ], [ -1.608201046881732, 51.146565227769315 ], [ -1.608201046881732, 51.144587689079344 ], [ -1.60270962852519, 51.141126996371895 ], [ -1.601140651851892, 51.141126996371895 ], [ -1.598787186841946, 51.139643842354417 ], [ -1.598787186841946, 51.138655073009431 ], [ -1.598002698505297, 51.138160688336939 ], [ -1.596433721832, 51.138160688336939 ], [ -1.595649233495351, 51.137666303664446 ], [ -1.595649233495351, 51.135688764974475 ], [ -1.593295768485405, 51.134205610956997 ], [ -1.591726791812107, 51.135194380301982 ], [ -1.590157815138809, 51.135194380301982 ], [ -1.589373326802161, 51.135688764974475 ], [ -1.589373326802161, 51.137666303664446 ], [ -1.587019861792214, 51.139149457681924 ], [ -1.580743955099024, 51.135194380301982 ], [ -1.578390490089078, 51.13667753431946 ], [ -1.58309742010897, 51.139643842354417 ], [ -1.582312931772321, 51.14013822702691 ], [ -1.580743955099024, 51.14013822702691 ], [ -1.579959466762375, 51.140632611699402 ], [ -1.579959466762375, 51.142610150389373 ], [ -1.580743955099024, 51.143104535061866 ], [ -1.582312931772321, 51.143104535061866 ], [ -1.583881908445619, 51.142115765716881 ], [ -1.585450885118917, 51.142115765716881 ], [ -1.588588838465512, 51.144093304406852 ], [ -1.590157815138809, 51.144093304406852 ], [ -1.590942303475458, 51.144587689079344 ], [ -1.590942303475458, 51.147553997114301 ], [ -1.590157815138809, 51.148048381786793 ], [ -1.588588838465512, 51.148048381786793 ], [ -1.587019861792214, 51.149037151131779 ], [ -1.583881908445619, 51.147059612441808 ], [ -1.580743955099024, 51.147059612441808 ], [ -1.579174978425726, 51.148048381786793 ], [ -1.577606001752429, 51.148048381786793 ], [ -1.57682151341578, 51.148542766459286 ], [ -1.577606001752429, 51.149037151131779 ], [ -1.579174978425726, 51.149037151131779 ], [ -1.580743955099024, 51.150025920476764 ], [ -1.587019861792214, 51.150025920476764 ], [ -1.587804350128863, 51.150520305149257 ], [ -1.587804350128863, 51.151509074494243 ], [ -1.588588838465512, 51.152003459166735 ], [ -1.590157815138809, 51.152003459166735 ], [ -1.592511280148756, 51.153486613184214 ], [ -1.590942303475458, 51.154475382529199 ], [ -1.592511280148756, 51.155464151874185 ], [ -1.592511280148756, 51.15645292121917 ], [ -1.594080256822053, 51.157441690564156 ], [ -1.594080256822053, 51.158430459909141 ], [ -1.595649233495351, 51.159419229254127 ], [ -1.594864745158702, 51.159913613926619 ], [ -1.588588838465512, 51.159913613926619 ], [ -1.587019861792214, 51.158924844581634 ], [ -1.585450885118917, 51.159913613926619 ], [ -1.582312931772321, 51.159913613926619 ], [ -1.580743955099024, 51.158924844581634 ], [ -1.577606001752429, 51.158924844581634 ], [ -1.576037025079131, 51.159913613926619 ], [ -1.573683560069185, 51.158430459909141 ], [ -1.573683560069185, 51.15645292121917 ], [ -1.572899071732536, 51.155958536546677 ], [ -1.571330095059238, 51.155958536546677 ], [ -1.57054560672259, 51.155464151874185 ], [ -1.57054560672259, 51.154475382529199 ], [ -1.568192141712643, 51.152992228511721 ], [ -1.567407653375994, 51.153486613184214 ], [ -1.567407653375994, 51.155464151874185 ], [ -1.565054188366048, 51.156947305891663 ], [ -1.564269700029399, 51.15645292121917 ], [ -1.564269700029399, 51.155464151874185 ], [ -1.56348521169275, 51.154969767201692 ], [ -1.561916235019453, 51.154969767201692 ], [ -1.560347258346155, 51.153980997856706 ], [ -1.559562770009506, 51.154475382529199 ], [ -1.559562770009506, 51.155464151874185 ], [ -1.558778281672858, 51.155958536546677 ], [ -1.55720930499956, 51.155958536546677 ], [ -1.554071351652965, 51.153980997856706 ], [ -1.552502374979667, 51.153980997856706 ], [ -1.551717886643019, 51.154475382529199 ], [ -1.551717886643019, 51.155464151874185 ], [ -1.552502374979667, 51.155958536546677 ], [ -1.554071351652965, 51.154969767201692 ], [ -1.554855839989614, 51.155464151874185 ], [ -1.554855839989614, 51.15645292121917 ], [ -1.556424816662911, 51.157441690564156 ], [ -1.556424816662911, 51.159419229254127 ], [ -1.554855839989614, 51.160407998599112 ], [ -1.554855839989614, 51.161396767944098 ], [ -1.554071351652965, 51.16189115261659 ], [ -1.552502374979667, 51.16189115261659 ], [ -1.551717886643019, 51.162385537289083 ], [ -1.551717886643019, 51.163374306634068 ], [ -1.55093339830637, 51.163868691306561 ], [ -1.549364421633072, 51.163868691306561 ], [ -1.547795444959775, 51.164857460651547 ], [ -1.546226468286477, 51.164857460651547 ], [ -1.543873003276531, 51.166340614669025 ], [ -1.543873003276531, 51.16732938401401 ], [ -1.546226468286477, 51.168812538031489 ], [ -1.547010956623126, 51.168318153358996 ], [ -1.547010956623126, 51.16732938401401 ], [ -1.548579933296423, 51.166340614669025 ], [ -1.548579933296423, 51.165351845324039 ], [ -1.549364421633072, 51.164857460651547 ], [ -1.55093339830637, 51.164857460651547 ], [ -1.552502374979667, 51.163868691306561 ], [ -1.554071351652965, 51.163868691306561 ], [ -1.555640328326263, 51.162879921961576 ], [ -1.55720930499956, 51.162879921961576 ], [ -1.558778281672858, 51.16189115261659 ], [ -1.559562770009506, 51.162385537289083 ], [ -1.559562770009506, 51.163374306634068 ], [ -1.561916235019453, 51.164857460651547 ], [ -1.56348521169275, 51.164857460651547 ], [ -1.564269700029399, 51.164363075979054 ], [ -1.564269700029399, 51.162385537289083 ], [ -1.565054188366048, 51.16189115261659 ], [ -1.566623165039346, 51.162879921961576 ], [ -1.569761118385941, 51.162879921961576 ], [ -1.571330095059238, 51.163868691306561 ], [ -1.576037025079131, 51.163868691306561 ], [ -1.577606001752429, 51.164857460651547 ], [ -1.583881908445619, 51.164857460651547 ], [ -1.585450885118917, 51.165846229996532 ], [ -1.587019861792214, 51.165846229996532 ], [ -1.588588838465512, 51.166834999341518 ], [ -1.594864745158702, 51.166834999341518 ], [ -1.596433721832, 51.167823768686503 ], [ -1.598002698505297, 51.167823768686503 ], [ -1.598787186841946, 51.168318153358996 ], [ -1.598787186841946, 51.172273230738938 ], [ -1.595649233495351, 51.174250769428909 ], [ -1.595649233495351, 51.175239538773894 ], [ -1.597218210168649, 51.17622830811888 ], [ -1.595649233495351, 51.177217077463865 ], [ -1.595649233495351, 51.178205846808851 ], [ -1.594864745158702, 51.178700231481344 ], [ -1.593295768485405, 51.178700231481344 ], [ -1.590157815138809, 51.176722692791373 ], [ -1.587019861792214, 51.176722692791373 ], [ -1.586235373455565, 51.177217077463865 ], [ -1.586235373455565, 51.178205846808851 ], [ -1.587019861792214, 51.178700231481344 ], [ -1.588588838465512, 51.178700231481344 ], [ -1.589373326802161, 51.179194616153836 ], [ -1.587804350128863, 51.180183385498822 ], [ -1.587804350128863, 51.181172154843807 ], [ -1.589373326802161, 51.182160924188793 ], [ -1.589373326802161, 51.183149693533778 ], [ -1.586235373455565, 51.185127232223749 ], [ -1.586235373455565, 51.186116001568735 ], [ -1.585450885118917, 51.186610386241227 ], [ -1.583881908445619, 51.186610386241227 ], [ -1.581528443435673, 51.188093540258706 ], [ -1.581528443435673, 51.190071078948677 ], [ -1.583881908445619, 51.191554232966155 ], [ -1.585450885118917, 51.191554232966155 ], [ -1.586235373455565, 51.191059848293662 ], [ -1.584666396782268, 51.190071078948677 ], [ -1.584666396782268, 51.189082309603691 ], [ -1.587019861792214, 51.187599155586213 ], [ -1.591726791812107, 51.187599155586213 ], [ -1.593295768485405, 51.186610386241227 ], [ -1.594864745158702, 51.186610386241227 ], [ -1.595649233495351, 51.18710477091372 ], [ -1.595649233495351, 51.188093540258706 ], [ -1.596433721832, 51.188587924931198 ], [ -1.598002698505297, 51.188587924931198 ], [ -1.598787186841946, 51.189082309603691 ], [ -1.598787186841946, 51.190071078948677 ], [ -1.601140651851892, 51.191554232966155 ], [ -1.60270962852519, 51.191554232966155 ], [ -1.603494116861839, 51.192048617638648 ], [ -1.601140651851892, 51.193531771656126 ], [ -1.599571675178595, 51.193531771656126 ], [ -1.598002698505297, 51.194520541001111 ], [ -1.596433721832, 51.194520541001111 ], [ -1.595649233495351, 51.195014925673604 ], [ -1.597218210168649, 51.196003695018589 ], [ -1.595649233495351, 51.196992464363575 ], [ -1.595649233495351, 51.19798123370856 ], [ -1.594864745158702, 51.198475618381053 ], [ -1.593295768485405, 51.198475618381053 ], [ -1.590157815138809, 51.200453157071024 ], [ -1.588588838465512, 51.200453157071024 ], [ -1.587804350128863, 51.200947541743517 ], [ -1.587804350128863, 51.201936311088502 ], [ -1.583881908445619, 51.204408234450966 ], [ -1.581528443435673, 51.202925080433488 ], [ -1.581528443435673, 51.201936311088502 ], [ -1.579174978425726, 51.200453157071024 ], [ -1.576037025079131, 51.200453157071024 ], [ -1.573683560069185, 51.198970003053546 ], [ -1.573683560069185, 51.19798123370856 ], [ -1.574468048405834, 51.197486849036068 ], [ -1.577606001752429, 51.197486849036068 ], [ -1.578390490089078, 51.196992464363575 ], [ -1.578390490089078, 51.195014925673604 ], [ -1.577606001752429, 51.194520541001111 ], [ -1.569761118385941, 51.194520541001111 ], [ -1.568976630049292, 51.194026156328619 ], [ -1.568976630049292, 51.193037386983633 ], [ -1.569761118385941, 51.19254300231114 ], [ -1.571330095059238, 51.19254300231114 ], [ -1.572114583395887, 51.192048617638648 ], [ -1.571330095059238, 51.191554232966155 ], [ -1.569761118385941, 51.191554232966155 ], [ -1.568192141712643, 51.19254300231114 ], [ -1.566623165039346, 51.191554232966155 ], [ -1.562700723356102, 51.194026156328619 ], [ -1.562700723356102, 51.196992464363575 ], [ -1.561916235019453, 51.197486849036068 ], [ -1.560347258346155, 51.197486849036068 ], [ -1.559562770009506, 51.196992464363575 ], [ -1.561131746682804, 51.196003695018589 ], [ -1.561131746682804, 51.195014925673604 ], [ -1.560347258346155, 51.194520541001111 ], [ -1.558778281672858, 51.194520541001111 ], [ -1.555640328326263, 51.196498079691082 ], [ -1.554071351652965, 51.196498079691082 ], [ -1.553286863316316, 51.196003695018589 ], [ -1.553286863316316, 51.195014925673604 ], [ -1.552502374979667, 51.194520541001111 ], [ -1.55093339830637, 51.195509310346097 ], [ -1.546226468286477, 51.195509310346097 ], [ -1.545441979949828, 51.196003695018589 ], [ -1.546226468286477, 51.196498079691082 ], [ -1.547795444959775, 51.196498079691082 ], [ -1.548579933296423, 51.196992464363575 ], [ -1.548579933296423, 51.19798123370856 ], [ -1.547010956623126, 51.198970003053546 ], [ -1.547010956623126, 51.199958772398531 ], [ -1.547795444959775, 51.200453157071024 ], [ -1.549364421633072, 51.199464387726039 ], [ -1.552502374979667, 51.199464387726039 ], [ -1.554071351652965, 51.200453157071024 ], [ -1.55720930499956, 51.200453157071024 ], [ -1.559562770009506, 51.201936311088502 ], [ -1.559562770009506, 51.207868927158415 ], [ -1.560347258346155, 51.208363311830908 ], [ -1.561916235019453, 51.208363311830908 ], [ -1.56348521169275, 51.207374542485923 ], [ -1.565054188366048, 51.207374542485923 ], [ -1.565838676702697, 51.20688015781343 ], [ -1.562700723356102, 51.204902619123459 ], [ -1.564269700029399, 51.203913849778473 ], [ -1.564269700029399, 51.202925080433488 ], [ -1.565054188366048, 51.202430695760995 ], [ -1.566623165039346, 51.202430695760995 ], [ -1.567407653375994, 51.202925080433488 ], [ -1.567407653375994, 51.204902619123459 ], [ -1.568976630049292, 51.205891388468444 ], [ -1.568976630049292, 51.20688015781343 ], [ -1.572114583395887, 51.208857696503401 ], [ -1.572114583395887, 51.211824004538357 ], [ -1.571330095059238, 51.21231838921085 ], [ -1.57054560672259, 51.211824004538357 ], [ -1.57054560672259, 51.210835235193372 ], [ -1.569761118385941, 51.210340850520879 ], [ -1.568976630049292, 51.210835235193372 ], [ -1.568976630049292, 51.211824004538357 ], [ -1.568192141712643, 51.21231838921085 ], [ -1.567407653375994, 51.211824004538357 ], [ -1.567407653375994, 51.210835235193372 ], [ -1.565054188366048, 51.209352081175894 ], [ -1.564269700029399, 51.209846465848386 ], [ -1.565838676702697, 51.210835235193372 ], [ -1.565838676702697, 51.212812773883343 ], [ -1.565054188366048, 51.213307158555835 ], [ -1.56348521169275, 51.213307158555835 ], [ -1.562700723356102, 51.212812773883343 ], [ -1.562700723356102, 51.211824004538357 ], [ -1.561131746682804, 51.210835235193372 ], [ -1.561131746682804, 51.209846465848386 ], [ -1.560347258346155, 51.209352081175894 ], [ -1.559562770009506, 51.209846465848386 ], [ -1.559562770009506, 51.211824004538357 ], [ -1.557993793336209, 51.212812773883343 ], [ -1.557993793336209, 51.214790312573314 ], [ -1.55720930499956, 51.215284697245806 ], [ -1.556424816662911, 51.214790312573314 ], [ -1.556424816662911, 51.212812773883343 ], [ -1.555640328326263, 51.21231838921085 ], [ -1.553286863316316, 51.213801543228328 ], [ -1.553286863316316, 51.215779081918299 ], [ -1.552502374979667, 51.216273466590792 ], [ -1.551717886643019, 51.215779081918299 ], [ -1.551717886643019, 51.212812773883343 ], [ -1.55093339830637, 51.21231838921085 ], [ -1.550148909969721, 51.212812773883343 ], [ -1.550148909969721, 51.215779081918299 ], [ -1.549364421633072, 51.216273466590792 ], [ -1.548579933296423, 51.215779081918299 ], [ -1.548579933296423, 51.213801543228328 ], [ -1.546226468286477, 51.21231838921085 ], [ -1.544657491613179, 51.21231838921085 ], [ -1.543873003276531, 51.211824004538357 ], [ -1.543873003276531, 51.210835235193372 ], [ -1.543088514939882, 51.210340850520879 ], [ -1.541519538266584, 51.210340850520879 ], [ -1.540735049929935, 51.209846465848386 ], [ -1.540735049929935, 51.208857696503401 ], [ -1.539950561593287, 51.208363311830908 ], [ -1.538381584919989, 51.208363311830908 ], [ -1.536812608246692, 51.207374542485923 ], [ -1.536028119910043, 51.207868927158415 ], [ -1.53759709658334, 51.208857696503401 ], [ -1.53759709658334, 51.209846465848386 ], [ -1.539166073256638, 51.210835235193372 ], [ -1.539166073256638, 51.211824004538357 ], [ -1.53759709658334, 51.212812773883343 ], [ -1.53759709658334, 51.213801543228328 ], [ -1.536812608246692, 51.214295927900821 ], [ -1.535243631573394, 51.214295927900821 ], [ -1.534459143236745, 51.213801543228328 ], [ -1.534459143236745, 51.212812773883343 ], [ -1.533674654900096, 51.21231838921085 ], [ -1.532890166563448, 51.212812773883343 ], [ -1.532890166563448, 51.213801543228328 ], [ -1.532105678226799, 51.214295927900821 ], [ -1.530536701553501, 51.214295927900821 ], [ -1.528967724880204, 51.213307158555835 ], [ -1.527398748206906, 51.213307158555835 ], [ -1.525829771533608, 51.21231838921085 ], [ -1.522691818187013, 51.21231838921085 ], [ -1.521907329850364, 51.211824004538357 ], [ -1.521907329850364, 51.210835235193372 ], [ -1.520338353177067, 51.209846465848386 ], [ -1.523476306523662, 51.207868927158415 ], [ -1.522691818187013, 51.207374542485923 ], [ -1.521122841513716, 51.208363311830908 ], [ -1.519553864840418, 51.208363311830908 ], [ -1.517984888167121, 51.209352081175894 ], [ -1.516415911493823, 51.209352081175894 ], [ -1.515631423157174, 51.208857696503401 ], [ -1.515631423157174, 51.207868927158415 ], [ -1.514846934820525, 51.207374542485923 ], [ -1.510140004800633, 51.207374542485923 ], [ -1.508571028127335, 51.208363311830908 ], [ -1.503864098107442, 51.208363311830908 ], [ -1.503079609770793, 51.208857696503401 ], [ -1.503864098107442, 51.209352081175894 ], [ -1.50543307478074, 51.209352081175894 ], [ -1.507786539790686, 51.210835235193372 ], [ -1.507786539790686, 51.211824004538357 ], [ -1.506217563117389, 51.212812773883343 ], [ -1.507002051454037, 51.213307158555835 ], [ -1.508571028127335, 51.213307158555835 ], [ -1.509355516463984, 51.213801543228328 ], [ -1.507786539790686, 51.214790312573314 ], [ -1.507786539790686, 51.218745389953256 ], [ -1.508571028127335, 51.219239774625748 ], [ -1.510924493137281, 51.21775662060827 ], [ -1.510924493137281, 51.214790312573314 ], [ -1.51170898147393, 51.214295927900821 ], [ -1.513277958147228, 51.214295927900821 ], [ -1.514062446483877, 51.213801543228328 ], [ -1.512493469810579, 51.212812773883343 ], [ -1.513277958147228, 51.21231838921085 ], [ -1.514846934820525, 51.21231838921085 ], [ -1.517200399830472, 51.213801543228328 ], [ -1.517200399830472, 51.214790312573314 ], [ -1.518769376503769, 51.215779081918299 ], [ -1.517200399830472, 51.216767851263285 ], [ -1.517984888167121, 51.217262235935777 ], [ -1.519553864840418, 51.217262235935777 ], [ -1.520338353177067, 51.216767851263285 ], [ -1.520338353177067, 51.215779081918299 ], [ -1.521122841513716, 51.215284697245806 ], [ -1.522691818187013, 51.215284697245806 ], [ -1.524260794860311, 51.214295927900821 ], [ -1.525829771533608, 51.214295927900821 ], [ -1.526614259870257, 51.214790312573314 ], [ -1.526614259870257, 51.21775662060827 ], [ -1.527398748206906, 51.218251005280763 ], [ -1.528183236543555, 51.21775662060827 ], [ -1.528183236543555, 51.216767851263285 ], [ -1.528967724880204, 51.216273466590792 ], [ -1.530536701553501, 51.216273466590792 ], [ -1.532105678226799, 51.217262235935777 ], [ -1.533674654900096, 51.217262235935777 ], [ -1.535243631573394, 51.218251005280763 ], [ -1.536812608246692, 51.218251005280763 ], [ -1.539166073256638, 51.219734159298241 ], [ -1.539166073256638, 51.220722928643227 ], [ -1.538381584919989, 51.221217313315719 ], [ -1.533674654900096, 51.221217313315719 ], [ -1.529752213216852, 51.223689236678183 ], [ -1.53132118989015, 51.224678006023169 ], [ -1.53132118989015, 51.225666775368154 ], [ -1.532105678226799, 51.226161160040647 ], [ -1.532890166563448, 51.225666775368154 ], [ -1.532890166563448, 51.224678006023169 ], [ -1.535243631573394, 51.22319485200569 ], [ -1.546226468286477, 51.22319485200569 ], [ -1.547010956623126, 51.223689236678183 ], [ -1.547010956623126, 51.224678006023169 ], [ -1.548579933296423, 51.225666775368154 ], [ -1.548579933296423, 51.228633083403111 ], [ -1.547010956623126, 51.229621852748096 ], [ -1.547010956623126, 51.230610622093081 ], [ -1.547795444959775, 51.231105006765574 ], [ -1.549364421633072, 51.231105006765574 ], [ -1.55093339830637, 51.230116237420589 ], [ -1.552502374979667, 51.230116237420589 ], [ -1.553286863316316, 51.229621852748096 ], [ -1.553286863316316, 51.228633083403111 ], [ -1.550148909969721, 51.22665554471314 ], [ -1.55093339830637, 51.226161160040647 ], [ -1.552502374979667, 51.226161160040647 ], [ -1.554855839989614, 51.224678006023169 ], [ -1.553286863316316, 51.223689236678183 ], [ -1.553286863316316, 51.222700467333198 ], [ -1.554071351652965, 51.222206082660705 ], [ -1.556424816662911, 51.223689236678183 ], [ -1.556424816662911, 51.224678006023169 ], [ -1.557993793336209, 51.225666775368154 ], [ -1.557993793336209, 51.227644314058125 ], [ -1.558778281672858, 51.228138698730618 ], [ -1.56348521169275, 51.228138698730618 ], [ -1.564269700029399, 51.228633083403111 ], [ -1.56348521169275, 51.229127468075603 ], [ -1.561916235019453, 51.229127468075603 ], [ -1.561131746682804, 51.229621852748096 ], [ -1.561131746682804, 51.230610622093081 ], [ -1.562700723356102, 51.231599391438067 ], [ -1.561131746682804, 51.232588160783052 ], [ -1.561131746682804, 51.234565699473023 ], [ -1.559562770009506, 51.235554468818009 ], [ -1.560347258346155, 51.236048853490502 ], [ -1.561916235019453, 51.235060084145516 ], [ -1.56348521169275, 51.235060084145516 ], [ -1.564269700029399, 51.234565699473023 ], [ -1.564269700029399, 51.233576930128038 ], [ -1.565838676702697, 51.232588160783052 ], [ -1.564269700029399, 51.231599391438067 ], [ -1.569761118385941, 51.228138698730618 ], [ -1.571330095059238, 51.228138698730618 ], [ -1.572114583395887, 51.228633083403111 ], [ -1.572114583395887, 51.229621852748096 ], [ -1.580743955099024, 51.235060084145516 ], [ -1.582312931772321, 51.235060084145516 ], [ -1.58309742010897, 51.234565699473023 ], [ -1.581528443435673, 51.233576930128038 ], [ -1.581528443435673, 51.232588160783052 ], [ -1.58309742010897, 51.231599391438067 ], [ -1.58309742010897, 51.230610622093081 ], [ -1.582312931772321, 51.230116237420589 ], [ -1.580743955099024, 51.230116237420589 ], [ -1.579959466762375, 51.229621852748096 ], [ -1.579959466762375, 51.228633083403111 ], [ -1.581528443435673, 51.227644314058125 ], [ -1.581528443435673, 51.222700467333198 ], [ -1.583881908445619, 51.221217313315719 ], [ -1.588588838465512, 51.221217313315719 ], [ -1.590157815138809, 51.220228543970734 ], [ -1.591726791812107, 51.220228543970734 ], [ -1.594080256822053, 51.221711697988212 ], [ -1.594080256822053, 51.223689236678183 ], [ -1.595649233495351, 51.224678006023169 ], [ -1.595649233495351, 51.225666775368154 ], [ -1.594864745158702, 51.226161160040647 ], [ -1.593295768485405, 51.226161160040647 ], [ -1.592511280148756, 51.22665554471314 ], [ -1.592511280148756, 51.227644314058125 ], [ -1.593295768485405, 51.228138698730618 ], [ -1.596433721832, 51.228138698730618 ], [ -1.597218210168649, 51.228633083403111 ], [ -1.597218210168649, 51.231599391438067 ], [ -1.596433721832, 51.23209377611056 ], [ -1.594864745158702, 51.23209377611056 ], [ -1.594080256822053, 51.232588160783052 ], [ -1.594080256822053, 51.233576930128038 ], [ -1.593295768485405, 51.234071314800531 ], [ -1.591726791812107, 51.234071314800531 ], [ -1.587019861792214, 51.231105006765574 ], [ -1.585450885118917, 51.231105006765574 ], [ -1.584666396782268, 51.231599391438067 ], [ -1.584666396782268, 51.232588160783052 ], [ -1.590157815138809, 51.236048853490502 ], [ -1.591726791812107, 51.236048853490502 ], [ -1.595649233495351, 51.238520776852965 ], [ -1.595649233495351, 51.239509546197951 ], [ -1.596433721832, 51.240003930870444 ], [ -1.598002698505297, 51.240003930870444 ], [ -1.599571675178595, 51.239015161525458 ], [ -1.601140651851892, 51.239015161525458 ], [ -1.601925140188541, 51.239509546197951 ], [ -1.601925140188541, 51.240498315542936 ], [ -1.603494116861839, 51.241487084887922 ], [ -1.603494116861839, 51.242475854232907 ], [ -1.605847581871785, 51.243959008250386 ], [ -1.607416558545083, 51.243959008250386 ], [ -1.609770023555029, 51.245442162267864 ], [ -1.609770023555029, 51.246430931612849 ], [ -1.608201046881732, 51.247419700957835 ], [ -1.608201046881732, 51.24840847030282 ], [ -1.606632070208434, 51.249397239647806 ], [ -1.606632070208434, 51.250386008992791 ], [ -1.607416558545083, 51.250880393665284 ], [ -1.608201046881732, 51.250386008992791 ], [ -1.608201046881732, 51.249397239647806 ], [ -1.60898553521838, 51.248902854975313 ], [ -1.610554511891678, 51.248902854975313 ], [ -1.612123488564976, 51.247914085630327 ], [ -1.613692465238273, 51.247914085630327 ], [ -1.614476953574922, 51.247419700957835 ], [ -1.614476953574922, 51.245442162267864 ], [ -1.612907976901624, 51.244453392922878 ], [ -1.612907976901624, 51.243464623577893 ], [ -1.613692465238273, 51.2429702389054 ], [ -1.619968371931463, 51.2429702389054 ], [ -1.620752860268112, 51.243464623577893 ], [ -1.620752860268112, 51.244453392922878 ], [ -1.623106325278059, 51.245936546940356 ], [ -1.624675301951356, 51.245936546940356 ], [ -1.625459790288005, 51.246430931612849 ], [ -1.625459790288005, 51.247419700957835 ], [ -1.627028766961303, 51.24840847030282 ], [ -1.626244278624654, 51.248902854975313 ], [ -1.624675301951356, 51.248902854975313 ], [ -1.623106325278059, 51.249891624320298 ], [ -1.621537348604761, 51.249891624320298 ], [ -1.619183883594815, 51.251374778337777 ], [ -1.619183883594815, 51.252363547682762 ], [ -1.618399395258166, 51.252857932355255 ], [ -1.616830418584868, 51.252857932355255 ], [ -1.615261441911571, 51.251869163010269 ], [ -1.614476953574922, 51.252363547682762 ], [ -1.614476953574922, 51.253352317027748 ], [ -1.613692465238273, 51.25384670170024 ], [ -1.612123488564976, 51.25384670170024 ], [ -1.610554511891678, 51.254835471045226 ], [ -1.60898553521838, 51.254835471045226 ], [ -1.608201046881732, 51.255329855717719 ], [ -1.60898553521838, 51.255824240390211 ], [ -1.610554511891678, 51.255824240390211 ], [ -1.612123488564976, 51.254835471045226 ], [ -1.613692465238273, 51.255824240390211 ], [ -1.615261441911571, 51.255824240390211 ], [ -1.61604593024822, 51.256318625062704 ], [ -1.61604593024822, 51.25730739440769 ], [ -1.616830418584868, 51.257801779080182 ], [ -1.618399395258166, 51.257801779080182 ], [ -1.621537348604761, 51.259779317770153 ], [ -1.624675301951356, 51.259779317770153 ], [ -1.627813255297951, 51.257801779080182 ], [ -1.629382231971249, 51.257801779080182 ], [ -1.632520185317844, 51.259779317770153 ], [ -1.634089161991142, 51.259779317770153 ], [ -1.637227115337737, 51.261756856460124 ], [ -1.638796092011034, 51.261756856460124 ], [ -1.639580580347683, 51.262251241132617 ], [ -1.639580580347683, 51.263240010477602 ], [ -1.641149557020981, 51.264228779822588 ], [ -1.641149557020981, 51.265217549167573 ], [ -1.64193404535763, 51.265711933840066 ], [ -1.643503022030927, 51.265711933840066 ], [ -1.644287510367576, 51.266206318512559 ], [ -1.644287510367576, 51.267195087857544 ], [ -1.641149557020981, 51.269172626547515 ], [ -1.641149557020981, 51.271150165237486 ], [ -1.64193404535763, 51.271644549909979 ], [ -1.643503022030927, 51.271644549909979 ], [ -1.644287510367576, 51.271150165237486 ], [ -1.644287510367576, 51.270161395892501 ], [ -1.645071998704225, 51.269667011220008 ], [ -1.645856487040874, 51.270161395892501 ], [ -1.645856487040874, 51.272138934582472 ], [ -1.647425463714171, 51.273127703927457 ], [ -1.647425463714171, 51.276094011962414 ], [ -1.648994440387469, 51.277082781307399 ], [ -1.648994440387469, 51.280049089342356 ], [ -1.647425463714171, 51.281037858687341 ], [ -1.647425463714171, 51.283015397377312 ], [ -1.646640975377522, 51.283509782049805 ], [ -1.645071998704225, 51.283509782049805 ], [ -1.643503022030927, 51.282521012704819 ], [ -1.640365068684332, 51.282521012704819 ], [ -1.638796092011034, 51.281532243359834 ], [ -1.634089161991142, 51.281532243359834 ], [ -1.633304673654493, 51.282026628032327 ], [ -1.634089161991142, 51.282521012704819 ], [ -1.635658138664439, 51.282521012704819 ], [ -1.637227115337737, 51.283509782049805 ], [ -1.640365068684332, 51.283509782049805 ], [ -1.641149557020981, 51.284004166722298 ], [ -1.641149557020981, 51.284992936067283 ], [ -1.64193404535763, 51.285487320739776 ], [ -1.643503022030927, 51.285487320739776 ], [ -1.646640975377522, 51.287464859429747 ], [ -1.649778928724118, 51.287464859429747 ], [ -1.650563417060766, 51.28795924410224 ], [ -1.650563417060766, 51.289936782792211 ], [ -1.652132393734064, 51.290925552137196 ], [ -1.652132393734064, 51.293891860172153 ], [ -1.656839323753957, 51.296858168207109 ], [ -1.656839323753957, 51.301802014932036 ], [ -1.653701370407362, 51.303779553622007 ], [ -1.65448585874401, 51.3042739382945 ], [ -1.657623812090605, 51.3042739382945 ], [ -1.658408300427254, 51.304768322966993 ], [ -1.658408300427254, 51.305757092311978 ], [ -1.656839323753957, 51.306745861656964 ], [ -1.657623812090605, 51.307240246329457 ], [ -1.659977277100552, 51.305757092311978 ], [ -1.659977277100552, 51.301802014932036 ], [ -1.661546253773849, 51.300813245587051 ], [ -1.661546253773849, 51.297846937552094 ], [ -1.659977277100552, 51.296858168207109 ], [ -1.659977277100552, 51.295869398862123 ], [ -1.656839323753957, 51.293891860172153 ], [ -1.656839323753957, 51.289936782792211 ], [ -1.655270347080659, 51.288948013447225 ], [ -1.655270347080659, 51.286970474757254 ], [ -1.657623812090605, 51.285487320739776 ], [ -1.659192788763903, 51.285487320739776 ], [ -1.660761765437201, 51.28449855139479 ], [ -1.668606648803689, 51.28449855139479 ], [ -1.670175625476986, 51.283509782049805 ], [ -1.673313578823581, 51.283509782049805 ], [ -1.675667043833528, 51.282026628032327 ], [ -1.674882555496879, 51.281532243359834 ], [ -1.670175625476986, 51.281532243359834 ], [ -1.668606648803689, 51.282521012704819 ], [ -1.667037672130391, 51.282521012704819 ], [ -1.665468695457093, 51.281532243359834 ], [ -1.663899718783796, 51.282521012704819 ], [ -1.661546253773849, 51.281037858687341 ], [ -1.661546253773849, 51.280049089342356 ], [ -1.662330742110498, 51.279554704669863 ], [ -1.668606648803689, 51.279554704669863 ], [ -1.670960113813635, 51.278071550652385 ], [ -1.668606648803689, 51.276588396634907 ], [ -1.665468695457093, 51.276588396634907 ], [ -1.664684207120445, 51.276094011962414 ], [ -1.664684207120445, 51.273127703927457 ], [ -1.665468695457093, 51.272633319254965 ], [ -1.667037672130391, 51.27362208859995 ], [ -1.668606648803689, 51.27362208859995 ], [ -1.670175625476986, 51.274610857944936 ], [ -1.671744602150284, 51.27362208859995 ], [ -1.676451532170177, 51.27362208859995 ], [ -1.677236020506825, 51.274116473272443 ], [ -1.677236020506825, 51.276094011962414 ], [ -1.678020508843474, 51.276588396634907 ], [ -1.679589485516772, 51.276588396634907 ], [ -1.681158462190069, 51.277577165979892 ], [ -1.682727438863367, 51.277577165979892 ], [ -1.684296415536664, 51.278565935324878 ], [ -1.690572322229855, 51.278565935324878 ], [ -1.692141298903152, 51.279554704669863 ], [ -1.69371027557645, 51.278565935324878 ], [ -1.695279252249748, 51.279554704669863 ], [ -1.696848228923045, 51.279554704669863 ], [ -1.697632717259694, 51.280049089342356 ], [ -1.697632717259694, 51.281037858687341 ], [ -1.698417205596343, 51.281532243359834 ], [ -1.701555158942938, 51.281532243359834 ], [ -1.703908623952884, 51.283015397377312 ], [ -1.702339647279587, 51.284004166722298 ], [ -1.703124135616235, 51.28449855139479 ], [ -1.707046577299479, 51.282026628032327 ], [ -1.707046577299479, 51.281037858687341 ], [ -1.706262088962831, 51.280543474014848 ], [ -1.704693112289533, 51.280543474014848 ], [ -1.702339647279587, 51.27906031999737 ], [ -1.702339647279587, 51.277082781307399 ], [ -1.701555158942938, 51.276588396634907 ], [ -1.699201693932991, 51.278071550652385 ], [ -1.700770670606289, 51.27906031999737 ], [ -1.69998618226964, 51.279554704669863 ], [ -1.698417205596343, 51.279554704669863 ], [ -1.697632717259694, 51.27906031999737 ], [ -1.697632717259694, 51.278071550652385 ], [ -1.696848228923045, 51.277577165979892 ], [ -1.695279252249748, 51.277577165979892 ], [ -1.69371027557645, 51.276588396634907 ], [ -1.690572322229855, 51.276588396634907 ], [ -1.689003345556557, 51.275599627289921 ], [ -1.685865392209962, 51.275599627289921 ], [ -1.678804997180123, 51.271150165237486 ], [ -1.678804997180123, 51.270161395892501 ], [ -1.673313578823581, 51.266700703185052 ], [ -1.671744602150284, 51.266700703185052 ], [ -1.670960113813635, 51.266206318512559 ], [ -1.670960113813635, 51.265217549167573 ], [ -1.670175625476986, 51.264723164495081 ], [ -1.668606648803689, 51.264723164495081 ], [ -1.66782216046704, 51.264228779822588 ], [ -1.66782216046704, 51.263240010477602 ], [ -1.666253183793742, 51.262251241132617 ], [ -1.666253183793742, 51.260273702442646 ], [ -1.670175625476986, 51.257801779080182 ], [ -1.671744602150284, 51.257801779080182 ], [ -1.675667043833528, 51.255329855717719 ], [ -1.675667043833528, 51.253352317027748 ], [ -1.67409806716023, 51.252363547682762 ], [ -1.67409806716023, 51.251374778337777 ], [ -1.674882555496879, 51.250880393665284 ], [ -1.676451532170177, 51.250880393665284 ], [ -1.677236020506825, 51.250386008992791 ], [ -1.677236020506825, 51.249397239647806 ], [ -1.678020508843474, 51.248902854975313 ], [ -1.679589485516772, 51.248902854975313 ], [ -1.68037397385342, 51.24840847030282 ], [ -1.68037397385342, 51.247419700957835 ], [ -1.683511927200016, 51.245442162267864 ], [ -1.683511927200016, 51.243464623577893 ], [ -1.681942950526718, 51.242475854232907 ], [ -1.682727438863367, 51.241981469560415 ], [ -1.685865392209962, 51.241981469560415 ], [ -1.68743436888326, 51.240992700215429 ], [ -1.692141298903152, 51.240992700215429 ], [ -1.694494763913099, 51.239509546197951 ], [ -1.694494763913099, 51.236543238162994 ], [ -1.692925787239801, 51.235554468818009 ], [ -1.692925787239801, 51.234565699473023 ], [ -1.696063740586396, 51.232588160783052 ], [ -1.696063740586396, 51.231599391438067 ], [ -1.697632717259694, 51.230610622093081 ], [ -1.697632717259694, 51.229621852748096 ], [ -1.696063740586396, 51.228633083403111 ], [ -1.696063740586396, 51.227644314058125 ], [ -1.695279252249748, 51.227149929385632 ], [ -1.69371027557645, 51.227149929385632 ], [ -1.692925787239801, 51.22665554471314 ], [ -1.692925787239801, 51.223689236678183 ], [ -1.692141298903152, 51.22319485200569 ], [ -1.689003345556557, 51.22319485200569 ], [ -1.688218857219908, 51.222700467333198 ], [ -1.689003345556557, 51.222206082660705 ], [ -1.692141298903152, 51.222206082660705 ], [ -1.696848228923045, 51.219239774625748 ], [ -1.704693112289533, 51.219239774625748 ], [ -1.710184530646075, 51.215779081918299 ], [ -1.710184530646075, 51.214790312573314 ], [ -1.711753507319372, 51.213801543228328 ], [ -1.711753507319372, 51.212812773883343 ], [ -1.710184530646075, 51.211824004538357 ], [ -1.710184530646075, 51.209846465848386 ], [ -1.710969018982723, 51.209352081175894 ], [ -1.714106972329319, 51.209352081175894 ], [ -1.717244925675914, 51.207374542485923 ], [ -1.718813902349211, 51.207209747604914 ], [ -1.720382879022509, 51.206220978259928 ], [ -1.721951855695806, 51.207209747604914 ], [ -1.723520832369104, 51.207374542485923 ], [ -1.72587429737905, 51.208857696503401 ], [ -1.72613579347568, 51.209846465848386 ], [ -1.726658785715699, 51.21017605563987 ], [ -1.728227762388997, 51.21017605563987 ], [ -1.729796739062294, 51.210340850520879 ], [ -1.733719180745538, 51.212812773883343 ], [ -1.734503669082187, 51.213142363674827 ], [ -1.737641622428782, 51.213142363674827 ], [ -1.73921059910208, 51.213307158555835 ], [ -1.740779575775377, 51.213307158555835 ], [ -1.742348552448675, 51.213142363674827 ], [ -1.743917529121973, 51.213142363674827 ], [ -1.744702017458621, 51.212812773883343 ], [ -1.74548650579527, 51.21231838921085 ], [ -1.747055482468568, 51.21231838921085 ], [ -1.748624459141865, 51.212153594329841 ], [ -1.750193435815163, 51.212153594329841 ], [ -1.751762412488461, 51.211164824984856 ], [ -1.752808396921739, 51.211824004538357 ], [ -1.752808396921739, 51.212812773883343 ], [ -1.753331389161758, 51.213307158555835 ], [ -1.755684854171705, 51.214790312573314 ], [ -1.755684854171705, 51.215779081918299 ], [ -1.756469342508353, 51.216273466590792 ], [ -1.758038319181651, 51.216273466590792 ], [ -1.761960760864895, 51.218745389953256 ], [ -1.761176272528246, 51.219239774625748 ], [ -1.759607295854948, 51.219239774625748 ], [ -1.7588228075183, 51.219734159298241 ], [ -1.7588228075183, 51.220722928643227 ], [ -1.758038319181651, 51.221217313315719 ], [ -1.754900365835056, 51.221217313315719 ], [ -1.753331389161758, 51.222206082660705 ], [ -1.750193435815163, 51.222206082660705 ], [ -1.748624459141865, 51.22319485200569 ], [ -1.747055482468568, 51.22319485200569 ], [ -1.74548650579527, 51.224183621350676 ], [ -1.743917529121973, 51.224183621350676 ], [ -1.741564064112026, 51.225666775368154 ], [ -1.741564064112026, 51.22665554471314 ], [ -1.743133040785324, 51.227644314058125 ], [ -1.743133040785324, 51.229621852748096 ], [ -1.747055482468568, 51.23209377611056 ], [ -1.748624459141865, 51.23209377611056 ], [ -1.750193435815163, 51.231105006765574 ], [ -1.751762412488461, 51.23209377611056 ], [ -1.753331389161758, 51.23209377611056 ], [ -1.754115877498407, 51.232588160783052 ], [ -1.754115877498407, 51.234565699473023 ], [ -1.755684854171705, 51.235554468818009 ], [ -1.755684854171705, 51.23753200750798 ], [ -1.758038319181651, 51.239015161525458 ], [ -1.762745249201544, 51.239015161525458 ], [ -1.763529737538192, 51.239509546197951 ], [ -1.763529737538192, 51.240498315542936 ], [ -1.762745249201544, 51.240992700215429 ], [ -1.756469342508353, 51.240992700215429 ], [ -1.752546900825109, 51.243464623577893 ], [ -1.752546900825109, 51.246430931612849 ], [ -1.755684854171705, 51.24840847030282 ], [ -1.754900365835056, 51.248902854975313 ], [ -1.753331389161758, 51.248902854975313 ], [ -1.751762412488461, 51.249891624320298 ], [ -1.750193435815163, 51.249891624320298 ], [ -1.748624459141865, 51.250880393665284 ], [ -1.742348552448675, 51.250880393665284 ], [ -1.740779575775377, 51.251869163010269 ], [ -1.73921059910208, 51.251869163010269 ], [ -1.737641622428782, 51.252857932355255 ], [ -1.736072645755485, 51.252857932355255 ], [ -1.732150204072241, 51.255329855717719 ], [ -1.732150204072241, 51.256318625062704 ], [ -1.731365715735592, 51.256813009735197 ], [ -1.729796739062294, 51.256813009735197 ], [ -1.729012250725646, 51.25730739440769 ], [ -1.729012250725646, 51.258296163752675 ], [ -1.727443274052348, 51.259284933097661 ], [ -1.727443274052348, 51.261262471787632 ], [ -1.728227762388997, 51.261756856460124 ], [ -1.730581227398943, 51.260273702442646 ], [ -1.730581227398943, 51.259284933097661 ], [ -1.73293469240889, 51.257801779080182 ], [ -1.734503669082187, 51.257801779080182 ], [ -1.737641622428782, 51.255824240390211 ], [ -1.753331389161758, 51.255824240390211 ], [ -1.754900365835056, 51.254835471045226 ], [ -1.759607295854948, 51.254835471045226 ], [ -1.761960760864895, 51.256318625062704 ], [ -1.759607295854948, 51.257801779080182 ], [ -1.758038319181651, 51.257801779080182 ], [ -1.753331389161758, 51.260768087115139 ], [ -1.751762412488461, 51.260768087115139 ], [ -1.750193435815163, 51.261756856460124 ], [ -1.748624459141865, 51.261756856460124 ], [ -1.747839970805217, 51.262251241132617 ], [ -1.747839970805217, 51.264228779822588 ], [ -1.748624459141865, 51.264723164495081 ], [ -1.753331389161758, 51.264723164495081 ], [ -1.754900365835056, 51.263734395150095 ], [ -1.758038319181651, 51.263734395150095 ], [ -1.759607295854948, 51.26274562580511 ], [ -1.761176272528246, 51.26274562580511 ], [ -1.762745249201544, 51.261756856460124 ], [ -1.764314225874841, 51.261756856460124 ], [ -1.765883202548139, 51.260768087115139 ], [ -1.770590132568032, 51.260768087115139 ], [ -1.772159109241329, 51.259779317770153 ], [ -1.773728085914627, 51.259779317770153 ], [ -1.775297062587924, 51.258790548425168 ], [ -1.780003992607817, 51.258790548425168 ], [ -1.781572969281115, 51.257801779080182 ], [ -1.789417852647603, 51.257801779080182 ], [ -1.790202340984251, 51.258296163752675 ], [ -1.789417852647603, 51.258790548425168 ], [ -1.783141945954412, 51.258790548425168 ], [ -1.782357457617763, 51.259284933097661 ], [ -1.782357457617763, 51.260273702442646 ], [ -1.781572969281115, 51.260768087115139 ], [ -1.780003992607817, 51.260768087115139 ], [ -1.778435015934519, 51.261756856460124 ], [ -1.776866039261222, 51.261756856460124 ], [ -1.776081550924573, 51.262251241132617 ], [ -1.776081550924573, 51.263240010477602 ], [ -1.773728085914627, 51.264723164495081 ], [ -1.772159109241329, 51.264723164495081 ], [ -1.769021155894734, 51.266700703185052 ], [ -1.767452179221436, 51.266700703185052 ], [ -1.766667690884788, 51.267195087857544 ], [ -1.766667690884788, 51.269172626547515 ], [ -1.769021155894734, 51.270655780564994 ], [ -1.770590132568032, 51.270655780564994 ], [ -1.772159109241329, 51.269667011220008 ], [ -1.775297062587924, 51.269667011220008 ], [ -1.776866039261222, 51.268678241875023 ], [ -1.778435015934519, 51.268678241875023 ], [ -1.780003992607817, 51.267689472530037 ], [ -1.781572969281115, 51.267689472530037 ], [ -1.783141945954412, 51.266700703185052 ], [ -1.78471092262771, 51.266700703185052 ], [ -1.786279899301007, 51.265711933840066 ], [ -1.787848875974305, 51.265711933840066 ], [ -1.788633364310954, 51.266206318512559 ], [ -1.788633364310954, 51.267195087857544 ], [ -1.7909868293209, 51.268678241875023 ], [ -1.794124782667495, 51.268678241875023 ], [ -1.794909271004144, 51.269172626547515 ], [ -1.794909271004144, 51.270161395892501 ], [ -1.795693759340793, 51.270655780564994 ], [ -1.79726273601409, 51.270655780564994 ], [ -1.798047224350739, 51.271150165237486 ], [ -1.796478247677442, 51.272138934582472 ], [ -1.796478247677442, 51.273127703927457 ], [ -1.794909271004144, 51.274116473272443 ], [ -1.794909271004144, 51.275105242617428 ], [ -1.796478247677442, 51.276094011962414 ], [ -1.796478247677442, 51.277082781307399 ], [ -1.799616201024037, 51.27906031999737 ], [ -1.799616201024037, 51.280049089342356 ], [ -1.798831712687388, 51.280543474014848 ], [ -1.795693759340793, 51.280543474014848 ], [ -1.794124782667495, 51.279554704669863 ], [ -1.792555805994198, 51.279554704669863 ], [ -1.791771317657549, 51.280049089342356 ], [ -1.791771317657549, 51.281037858687341 ], [ -1.793340294330847, 51.282026628032327 ], [ -1.793340294330847, 51.284004166722298 ], [ -1.794909271004144, 51.284992936067283 ], [ -1.794909271004144, 51.28795924410224 ], [ -1.795693759340793, 51.288453628774732 ], [ -1.79726273601409, 51.288453628774732 ], [ -1.798047224350739, 51.288948013447225 ], [ -1.798047224350739, 51.290925552137196 ], [ -1.798831712687388, 51.291419936809689 ], [ -1.801969666033983, 51.291419936809689 ], [ -1.802754154370632, 51.291914321482182 ], [ -1.802754154370632, 51.294880629517138 ], [ -1.801185177697334, 51.295869398862123 ], [ -1.801969666033983, 51.296363783534616 ], [ -1.805107619380578, 51.296363783534616 ], [ -1.805892107717227, 51.296858168207109 ], [ -1.805892107717227, 51.29883570689708 ], [ -1.809814549400471, 51.301307630259544 ], [ -1.811383526073769, 51.301307630259544 ], [ -1.812168014410418, 51.300813245587051 ], [ -1.812168014410418, 51.29883570689708 ], [ -1.81059903773712, 51.297846937552094 ], [ -1.811383526073769, 51.297352552879602 ], [ -1.816090456093661, 51.297352552879602 ], [ -1.81687494443031, 51.297846937552094 ], [ -1.81687494443031, 51.29883570689708 ], [ -1.818443921103608, 51.299824476242065 ], [ -1.817659432766959, 51.300318860914558 ], [ -1.816090456093661, 51.300318860914558 ], [ -1.812952502747066, 51.302296399604529 ], [ -1.809814549400471, 51.302296399604529 ], [ -1.809030061063822, 51.302790784277022 ], [ -1.809814549400471, 51.303285168949515 ], [ -1.817659432766959, 51.303285168949515 ], [ -1.818443921103608, 51.303779553622007 ], [ -1.818443921103608, 51.305757092311978 ], [ -1.81687494443031, 51.306745861656964 ], [ -1.817659432766959, 51.307240246329457 ], [ -1.819228409440257, 51.306251476984471 ], [ -1.820797386113554, 51.306251476984471 ], [ -1.822366362786852, 51.305262707639486 ], [ -1.823935339460149, 51.305262707639486 ], [ -1.826288804470096, 51.303779553622007 ], [ -1.826288804470096, 51.301802014932036 ], [ -1.827073292806745, 51.301307630259544 ], [ -1.83021124615334, 51.301307630259544 ], [ -1.830995734489989, 51.300813245587051 ], [ -1.830995734489989, 51.299824476242065 ], [ -1.83021124615334, 51.299330091569573 ], [ -1.828642269480042, 51.299330091569573 ], [ -1.826288804470096, 51.297846937552094 ], [ -1.827857781143393, 51.296858168207109 ], [ -1.827857781143393, 51.295869398862123 ], [ -1.827073292806745, 51.295375014189631 ], [ -1.825504316133447, 51.295375014189631 ], [ -1.823935339460149, 51.296363783534616 ], [ -1.820797386113554, 51.296363783534616 ], [ -1.820012897776905, 51.295869398862123 ], [ -1.820012897776905, 51.294880629517138 ], [ -1.818443921103608, 51.293891860172153 ], [ -1.818443921103608, 51.291914321482182 ], [ -1.820797386113554, 51.290431167464703 ], [ -1.823935339460149, 51.290431167464703 ], [ -1.825504316133447, 51.289442398119718 ], [ -1.827073292806745, 51.289442398119718 ], [ -1.827857781143393, 51.288948013447225 ], [ -1.827857781143393, 51.28795924410224 ], [ -1.827073292806745, 51.287464859429747 ], [ -1.825504316133447, 51.287464859429747 ], [ -1.823935339460149, 51.288453628774732 ], [ -1.817659432766959, 51.288453628774732 ], [ -1.816090456093661, 51.289442398119718 ], [ -1.815305967757013, 51.288948013447225 ], [ -1.815305967757013, 51.28795924410224 ], [ -1.813736991083715, 51.286970474757254 ], [ -1.813736991083715, 51.284992936067283 ], [ -1.815305967757013, 51.284004166722298 ], [ -1.815305967757013, 51.283015397377312 ], [ -1.817659432766959, 51.281532243359834 ], [ -1.820797386113554, 51.281532243359834 ], [ -1.822366362786852, 51.280543474014848 ], [ -1.823935339460149, 51.280543474014848 ], [ -1.825504316133447, 51.279554704669863 ], [ -1.827073292806745, 51.279554704669863 ], [ -1.829426757816691, 51.278071550652385 ], [ -1.829426757816691, 51.277082781307399 ], [ -1.828642269480042, 51.276588396634907 ], [ -1.827073292806745, 51.277577165979892 ], [ -1.825504316133447, 51.277577165979892 ], [ -1.824719827796798, 51.277082781307399 ], [ -1.824719827796798, 51.276094011962414 ], [ -1.823935339460149, 51.275599627289921 ], [ -1.822366362786852, 51.275599627289921 ], [ -1.821581874450203, 51.275105242617428 ], [ -1.821581874450203, 51.274116473272443 ], [ -1.820797386113554, 51.27362208859995 ], [ -1.819228409440257, 51.27362208859995 ], [ -1.818443921103608, 51.273127703927457 ], [ -1.818443921103608, 51.272138934582472 ], [ -1.817659432766959, 51.271644549909979 ], [ -1.816090456093661, 51.271644549909979 ], [ -1.815305967757013, 51.271150165237486 ], [ -1.815305967757013, 51.270161395892501 ], [ -1.818443921103608, 51.26818385720253 ], [ -1.818443921103608, 51.265217549167573 ], [ -1.815305967757013, 51.263240010477602 ], [ -1.816090456093661, 51.26274562580511 ], [ -1.817659432766959, 51.26274562580511 ], [ -1.820797386113554, 51.260768087115139 ], [ -1.822366362786852, 51.260768087115139 ], [ -1.824719827796798, 51.259284933097661 ], [ -1.824719827796798, 51.25730739440769 ], [ -1.823150851123501, 51.256318625062704 ], [ -1.823150851123501, 51.255329855717719 ], [ -1.820797386113554, 51.25384670170024 ], [ -1.816090456093661, 51.25384670170024 ], [ -1.811383526073769, 51.256813009735197 ], [ -1.808245572727174, 51.256813009735197 ], [ -1.805892107717227, 51.255329855717719 ], [ -1.805892107717227, 51.254341086372733 ], [ -1.806676596053876, 51.25384670170024 ], [ -1.808245572727174, 51.25384670170024 ], [ -1.809814549400471, 51.252857932355255 ], [ -1.811383526073769, 51.252857932355255 ], [ -1.812952502747066, 51.251869163010269 ], [ -1.816090456093661, 51.251869163010269 ], [ -1.817659432766959, 51.250880393665284 ], [ -1.819228409440257, 51.250880393665284 ], [ -1.822366362786852, 51.248902854975313 ], [ -1.825504316133447, 51.248902854975313 ], [ -1.827857781143393, 51.247419700957835 ], [ -1.827857781143393, 51.244453392922878 ], [ -1.825504316133447, 51.2429702389054 ], [ -1.823935339460149, 51.2429702389054 ], [ -1.822366362786852, 51.241981469560415 ], [ -1.820797386113554, 51.2429702389054 ], [ -1.812952502747066, 51.2429702389054 ], [ -1.811383526073769, 51.243959008250386 ], [ -1.803538642707281, 51.243959008250386 ], [ -1.802754154370632, 51.243464623577893 ], [ -1.802754154370632, 51.242475854232907 ], [ -1.803538642707281, 51.241981469560415 ], [ -1.806676596053876, 51.241981469560415 ], [ -1.808245572727174, 51.240992700215429 ], [ -1.816090456093661, 51.240992700215429 ], [ -1.81687494443031, 51.240498315542936 ], [ -1.81687494443031, 51.238520776852965 ], [ -1.817659432766959, 51.238026392180473 ], [ -1.819228409440257, 51.238026392180473 ], [ -1.822366362786852, 51.236048853490502 ], [ -1.823935339460149, 51.236048853490502 ], [ -1.827073292806745, 51.234071314800531 ], [ -1.83021124615334, 51.234071314800531 ], [ -1.831780222826637, 51.233082545455545 ], [ -1.83648715284653, 51.233082545455545 ], [ -1.838056129519828, 51.23209377611056 ], [ -1.839625106193125, 51.23209377611056 ], [ -1.84276305953972, 51.230116237420589 ], [ -1.844332036213018, 51.230116237420589 ], [ -1.845116524549667, 51.229621852748096 ], [ -1.845116524549667, 51.22665554471314 ], [ -1.844332036213018, 51.226161160040647 ], [ -1.839625106193125, 51.226161160040647 ], [ -1.838056129519828, 51.227149929385632 ], [ -1.831780222826637, 51.227149929385632 ], [ -1.829426757816691, 51.225666775368154 ], [ -1.829426757816691, 51.224678006023169 ], [ -1.828642269480042, 51.224183621350676 ], [ -1.822366362786852, 51.224183621350676 ], [ -1.820797386113554, 51.22319485200569 ], [ -1.814521479420364, 51.22319485200569 ], [ -1.812952502747066, 51.224183621350676 ], [ -1.809814549400471, 51.224183621350676 ], [ -1.809030061063822, 51.223689236678183 ], [ -1.81059903773712, 51.222700467333198 ], [ -1.81059903773712, 51.220722928643227 ], [ -1.808245572727174, 51.219239774625748 ], [ -1.801969666033983, 51.219239774625748 ], [ -1.801185177697334, 51.218745389953256 ], [ -1.801185177697334, 51.216767851263285 ], [ -1.803538642707281, 51.215284697245806 ], [ -1.805107619380578, 51.216273466590792 ], [ -1.819228409440257, 51.216273466590792 ], [ -1.820012897776905, 51.215779081918299 ], [ -1.820012897776905, 51.214790312573314 ], [ -1.823935339460149, 51.21231838921085 ], [ -1.825504316133447, 51.21231838921085 ], [ -1.826288804470096, 51.211824004538357 ], [ -1.826288804470096, 51.210835235193372 ], [ -1.827073292806745, 51.210340850520879 ], [ -1.833349199499935, 51.210340850520879 ], [ -1.837271641183179, 51.207868927158415 ], [ -1.837271641183179, 51.20688015781343 ], [ -1.838056129519828, 51.206385773140937 ], [ -1.839625106193125, 51.206385773140937 ], [ -1.841194082866423, 51.207374542485923 ], [ -1.856883849599399, 51.207374542485923 ], [ -1.857668337936047, 51.207868927158415 ], [ -1.85609936126275, 51.208857696503401 ], [ -1.85609936126275, 51.209846465848386 ], [ -1.857668337936047, 51.210835235193372 ], [ -1.857668337936047, 51.211824004538357 ], [ -1.860806291282643, 51.213801543228328 ], [ -1.860806291282643, 51.216767851263285 ], [ -1.863159756292589, 51.218251005280763 ], [ -1.867866686312482, 51.218251005280763 ], [ -1.869435662985779, 51.217262235935777 ], [ -1.871004639659077, 51.217262235935777 ], [ -1.872573616332375, 51.216273466590792 ], [ -1.874142593005672, 51.216273466590792 ], [ -1.878849523025565, 51.219239774625748 ], [ -1.885125429718755, 51.219239774625748 ], [ -1.885909918055404, 51.219734159298241 ], [ -1.885909918055404, 51.220722928643227 ], [ -1.885125429718755, 51.221217313315719 ], [ -1.883556453045458, 51.221217313315719 ], [ -1.88198747637216, 51.222206082660705 ], [ -1.880418499698862, 51.221217313315719 ], [ -1.87571156967897, 51.221217313315719 ], [ -1.874927081342321, 51.221711697988212 ], [ -1.874927081342321, 51.222700467333198 ], [ -1.87571156967897, 51.22319485200569 ], [ -1.877280546352267, 51.22319485200569 ], [ -1.878849523025565, 51.224183621350676 ], [ -1.88198747637216, 51.224183621350676 ], [ -1.883556453045458, 51.225172390695661 ], [ -1.885125429718755, 51.225172390695661 ], [ -1.885909918055404, 51.225666775368154 ], [ -1.885909918055404, 51.22665554471314 ], [ -1.88826338306535, 51.228138698730618 ], [ -1.889832359738648, 51.228138698730618 ], [ -1.892970313085243, 51.226161160040647 ], [ -1.896108266431838, 51.226161160040647 ], [ -1.897677243105136, 51.225172390695661 ], [ -1.899246219778433, 51.225172390695661 ], [ -1.900030708115082, 51.224678006023169 ], [ -1.900030708115082, 51.223689236678183 ], [ -1.899246219778433, 51.22319485200569 ], [ -1.892970313085243, 51.22319485200569 ], [ -1.892185824748594, 51.222700467333198 ], [ -1.892185824748594, 51.221711697988212 ], [ -1.892970313085243, 51.221217313315719 ], [ -1.897677243105136, 51.221217313315719 ], [ -1.899246219778433, 51.222206082660705 ], [ -1.900815196451731, 51.221217313315719 ], [ -1.90159968478838, 51.221711697988212 ], [ -1.90159968478838, 51.223689236678183 ], [ -1.903953149798326, 51.225172390695661 ], [ -1.905522126471624, 51.225172390695661 ], [ -1.906306614808273, 51.224678006023169 ], [ -1.906306614808273, 51.223689236678183 ], [ -1.907091103144921, 51.22319485200569 ], [ -1.910229056491517, 51.22319485200569 ], [ -1.911798033164814, 51.224183621350676 ], [ -1.913367009838112, 51.224183621350676 ], [ -1.91415149817476, 51.224678006023169 ], [ -1.91415149817476, 51.225666775368154 ], [ -1.914935986511409, 51.226161160040647 ], [ -1.918073939858004, 51.226161160040647 ], [ -1.919642916531302, 51.227149929385632 ], [ -1.9212118932046, 51.226161160040647 ], [ -1.923565358214546, 51.227644314058125 ], [ -1.923565358214546, 51.228633083403111 ], [ -1.924349846551195, 51.229127468075603 ], [ -1.925134334887844, 51.228633083403111 ], [ -1.925134334887844, 51.225666775368154 ], [ -1.924349846551195, 51.225172390695661 ], [ -1.9212118932046, 51.225172390695661 ], [ -1.919642916531302, 51.224183621350676 ], [ -1.918073939858004, 51.224183621350676 ], [ -1.916504963184707, 51.22319485200569 ], [ -1.914935986511409, 51.22319485200569 ], [ -1.91415149817476, 51.222700467333198 ], [ -1.915720474848058, 51.221711697988212 ], [ -1.91415149817476, 51.220722928643227 ], [ -1.915720474848058, 51.219734159298241 ], [ -1.915720474848058, 51.218745389953256 ], [ -1.913367009838112, 51.217262235935777 ], [ -1.910229056491517, 51.219239774625748 ], [ -1.908660079818219, 51.219239774625748 ], [ -1.905522126471624, 51.217262235935777 ], [ -1.902384173125029, 51.217262235935777 ], [ -1.900815196451731, 51.216273466590792 ], [ -1.897677243105136, 51.216273466590792 ], [ -1.896108266431838, 51.215284697245806 ], [ -1.892970313085243, 51.215284697245806 ], [ -1.890616848075297, 51.213801543228328 ], [ -1.893754801421892, 51.211824004538357 ], [ -1.893754801421892, 51.209846465848386 ], [ -1.894539289758541, 51.209352081175894 ], [ -1.897677243105136, 51.209352081175894 ], [ -1.898461731441785, 51.209846465848386 ], [ -1.898461731441785, 51.210835235193372 ], [ -1.902384173125029, 51.213307158555835 ], [ -1.903953149798326, 51.213307158555835 ], [ -1.905522126471624, 51.21231838921085 ], [ -1.907091103144921, 51.21231838921085 ], [ -1.908660079818219, 51.211329619865865 ], [ -1.910229056491517, 51.211329619865865 ], [ -1.913367009838112, 51.213307158555835 ], [ -1.918073939858004, 51.213307158555835 ], [ -1.918858428194653, 51.213801543228328 ], [ -1.918858428194653, 51.214790312573314 ], [ -1.918073939858004, 51.215284697245806 ], [ -1.916504963184707, 51.214295927900821 ], [ -1.91415149817476, 51.215779081918299 ], [ -1.916504963184707, 51.217262235935777 ], [ -1.918073939858004, 51.217262235935777 ], [ -1.918858428194653, 51.216767851263285 ], [ -1.918858428194653, 51.215779081918299 ], [ -1.919642916531302, 51.215284697245806 ], [ -1.929056776571088, 51.215284697245806 ], [ -1.930625753244385, 51.216273466590792 ], [ -1.936901659937575, 51.216273466590792 ], [ -1.937686148274224, 51.216767851263285 ], [ -1.936117171600927, 51.21775662060827 ], [ -1.936117171600927, 51.218745389953256 ], [ -1.937686148274224, 51.219734159298241 ], [ -1.937686148274224, 51.220722928643227 ], [ -1.934548194927629, 51.222700467333198 ], [ -1.934548194927629, 51.223689236678183 ], [ -1.93376370659098, 51.224183621350676 ], [ -1.930625753244385, 51.224183621350676 ], [ -1.929841264907736, 51.224678006023169 ], [ -1.929841264907736, 51.225666775368154 ], [ -1.929056776571088, 51.226161160040647 ], [ -1.92748779989779, 51.226161160040647 ], [ -1.926703311561141, 51.22665554471314 ], [ -1.926703311561141, 51.227644314058125 ], [ -1.929056776571088, 51.229127468075603 ], [ -1.93376370659098, 51.229127468075603 ], [ -1.934548194927629, 51.229621852748096 ], [ -1.934548194927629, 51.231599391438067 ], [ -1.935332683264278, 51.23209377611056 ], [ -1.936901659937575, 51.23209377611056 ], [ -1.937686148274224, 51.232588160783052 ], [ -1.937686148274224, 51.233576930128038 ], [ -1.940039613284171, 51.235060084145516 ], [ -1.941608589957468, 51.234071314800531 ], [ -1.943177566630766, 51.234071314800531 ], [ -1.945531031640712, 51.235554468818009 ], [ -1.945531031640712, 51.236543238162994 ], [ -1.946315519977361, 51.237037622835487 ], [ -1.949453473323956, 51.237037622835487 ], [ -1.951022449997254, 51.238026392180473 ], [ -1.952591426670551, 51.238026392180473 ], [ -1.9533759150072, 51.23753200750798 ], [ -1.9533759150072, 51.236543238162994 ], [ -1.952591426670551, 51.236048853490502 ], [ -1.949453473323956, 51.236048853490502 ], [ -1.948668984987307, 51.235554468818009 ], [ -1.948668984987307, 51.234565699473023 ], [ -1.949453473323956, 51.234071314800531 ], [ -1.951022449997254, 51.234071314800531 ], [ -1.952591426670551, 51.233082545455545 ], [ -1.958867333363742, 51.233082545455545 ], [ -1.960436310037039, 51.23209377611056 ], [ -1.962005286710337, 51.23209377611056 ], [ -1.969850170076825, 51.237037622835487 ], [ -1.971419146750122, 51.237037622835487 ], [ -1.972203635086771, 51.23753200750798 ], [ -1.972203635086771, 51.239509546197951 ], [ -1.97298812342342, 51.240003930870444 ], [ -1.974557100096717, 51.240003930870444 ], [ -1.975341588433366, 51.239509546197951 ], [ -1.975341588433366, 51.238520776852965 ], [ -1.976910565106664, 51.23753200750798 ], [ -1.97298812342342, 51.235060084145516 ], [ -1.971419146750122, 51.235060084145516 ], [ -1.969065681740176, 51.233576930128038 ], [ -1.969065681740176, 51.232588160783052 ], [ -1.968281193403527, 51.23209377611056 ], [ -1.96671221673023, 51.23209377611056 ], [ -1.965927728393581, 51.231599391438067 ], [ -1.965927728393581, 51.229621852748096 ], [ -1.968281193403527, 51.228138698730618 ], [ -1.969850170076825, 51.228138698730618 ], [ -1.976910565106664, 51.223689236678183 ], [ -1.976126076770015, 51.22319485200569 ], [ -1.974557100096717, 51.22319485200569 ], [ -1.971419146750122, 51.225172390695661 ], [ -1.969850170076825, 51.225172390695661 ], [ -1.968281193403527, 51.226161160040647 ], [ -1.96671221673023, 51.226161160040647 ], [ -1.965143240056932, 51.227149929385632 ], [ -1.963574263383634, 51.227149929385632 ], [ -1.962005286710337, 51.228138698730618 ], [ -1.960436310037039, 51.228138698730618 ], [ -1.958867333363742, 51.227149929385632 ], [ -1.957298356690444, 51.228138698730618 ], [ -1.955729380017146, 51.228138698730618 ], [ -1.954944891680498, 51.227644314058125 ], [ -1.954944891680498, 51.225666775368154 ], [ -1.9533759150072, 51.224678006023169 ], [ -1.9533759150072, 51.223689236678183 ], [ -1.951806938333903, 51.222700467333198 ], [ -1.951806938333903, 51.221711697988212 ], [ -1.950237961660605, 51.220722928643227 ], [ -1.950237961660605, 51.218745389953256 ], [ -1.945531031640712, 51.215779081918299 ], [ -1.945531031640712, 51.210835235193372 ], [ -1.942393078294117, 51.208857696503401 ], [ -1.942393078294117, 51.207868927158415 ], [ -1.939255124947522, 51.205891388468444 ], [ -1.939255124947522, 51.204902619123459 ], [ -1.937686148274224, 51.203913849778473 ], [ -1.937686148274224, 51.202925080433488 ], [ -1.936117171600927, 51.201936311088502 ], [ -1.936117171600927, 51.200947541743517 ], [ -1.937686148274224, 51.199958772398531 ], [ -1.937686148274224, 51.198970003053546 ], [ -1.938470636610873, 51.198475618381053 ], [ -1.941608589957468, 51.198475618381053 ], [ -1.943177566630766, 51.197486849036068 ], [ -1.946315519977361, 51.197486849036068 ], [ -1.947884496650659, 51.196498079691082 ], [ -1.949453473323956, 51.196498079691082 ], [ -1.951022449997254, 51.195509310346097 ], [ -1.955729380017146, 51.195509310346097 ], [ -1.957298356690444, 51.194520541001111 ], [ -1.960436310037039, 51.194520541001111 ], [ -1.962005286710337, 51.193531771656126 ], [ -1.96671221673023, 51.193531771656126 ], [ -1.968281193403527, 51.19254300231114 ], [ -1.971419146750122, 51.19254300231114 ], [ -1.97298812342342, 51.191554232966155 ], [ -1.974557100096717, 51.191554232966155 ], [ -1.976126076770015, 51.190565463621169 ], [ -1.97926403011661, 51.190565463621169 ], [ -1.980048518453259, 51.190071078948677 ], [ -1.980048518453259, 51.188093540258706 ], [ -1.97926403011661, 51.187599155586213 ], [ -1.968281193403527, 51.187599155586213 ], [ -1.96671221673023, 51.188587924931198 ], [ -1.955729380017146, 51.188587924931198 ], [ -1.954160403343849, 51.189576694276184 ], [ -1.943177566630766, 51.189576694276184 ], [ -1.941608589957468, 51.190565463621169 ], [ -1.938470636610873, 51.190565463621169 ], [ -1.937686148274224, 51.190071078948677 ], [ -1.937686148274224, 51.188093540258706 ], [ -1.934548194927629, 51.186116001568735 ], [ -1.934548194927629, 51.185127232223749 ], [ -1.93376370659098, 51.184632847551256 ], [ -1.92748779989779, 51.184632847551256 ], [ -1.925918823224492, 51.185621616896242 ], [ -1.924349846551195, 51.185621616896242 ], [ -1.922780869877897, 51.186610386241227 ], [ -1.9212118932046, 51.185621616896242 ], [ -1.918073939858004, 51.185621616896242 ], [ -1.917289451521356, 51.185127232223749 ], [ -1.918073939858004, 51.184632847551256 ], [ -1.9212118932046, 51.184632847551256 ], [ -1.922780869877897, 51.183644078206271 ], [ -1.924349846551195, 51.183644078206271 ], [ -1.925918823224492, 51.182655308861285 ], [ -1.929056776571088, 51.182655308861285 ], [ -1.929841264907736, 51.182160924188793 ], [ -1.929841264907736, 51.181172154843807 ], [ -1.930625753244385, 51.180677770171314 ], [ -1.93376370659098, 51.180677770171314 ], [ -1.936117171600927, 51.179194616153836 ], [ -1.936117171600927, 51.177217077463865 ], [ -1.93376370659098, 51.175733923446387 ], [ -1.925918823224492, 51.175733923446387 ], [ -1.924349846551195, 51.176722692791373 ], [ -1.916504963184707, 51.176722692791373 ], [ -1.915720474848058, 51.17622830811888 ], [ -1.915720474848058, 51.175239538773894 ], [ -1.917289451521356, 51.174250769428909 ], [ -1.916504963184707, 51.173756384756416 ], [ -1.914935986511409, 51.173756384756416 ], [ -1.91415149817476, 51.173262000083923 ], [ -1.916504963184707, 51.171778846066445 ], [ -1.919642916531302, 51.171778846066445 ], [ -1.9212118932046, 51.17079007672146 ], [ -1.924349846551195, 51.17079007672146 ], [ -1.925918823224492, 51.169801307376474 ], [ -1.92748779989779, 51.169801307376474 ], [ -1.928272288234439, 51.169306922703981 ], [ -1.928272288234439, 51.164363075979054 ], [ -1.929841264907736, 51.163374306634068 ], [ -1.928272288234439, 51.162385537289083 ], [ -1.928272288234439, 51.15645292121917 ], [ -1.92748779989779, 51.155958536546677 ], [ -1.922780869877897, 51.155958536546677 ], [ -1.9212118932046, 51.154969767201692 ], [ -1.918073939858004, 51.154969767201692 ], [ -1.914935986511409, 51.152992228511721 ], [ -1.913367009838112, 51.152992228511721 ], [ -1.912582521501463, 51.152497843839228 ], [ -1.912582521501463, 51.150520305149257 ], [ -1.91415149817476, 51.149531535804272 ], [ -1.908660079818219, 51.146070843096823 ], [ -1.907091103144921, 51.146070843096823 ], [ -1.903953149798326, 51.144093304406852 ], [ -1.902384173125029, 51.144093304406852 ], [ -1.90159968478838, 51.143598919734359 ], [ -1.902384173125029, 51.143104535061866 ], [ -1.905522126471624, 51.143104535061866 ], [ -1.907091103144921, 51.142115765716881 ], [ -1.910229056491517, 51.142115765716881 ], [ -1.912582521501463, 51.140632611699402 ], [ -1.912582521501463, 51.137666303664446 ], [ -1.911013544828165, 51.13667753431946 ], [ -1.911013544828165, 51.135688764974475 ], [ -1.911798033164814, 51.135194380301982 ], [ -1.918073939858004, 51.135194380301982 ], [ -1.918858428194653, 51.135688764974475 ], [ -1.918858428194653, 51.137666303664446 ], [ -1.919642916531302, 51.138160688336939 ], [ -1.924349846551195, 51.138160688336939 ], [ -1.925134334887844, 51.137666303664446 ], [ -1.925134334887844, 51.13667753431946 ], [ -1.925918823224492, 51.136183149646968 ], [ -1.93376370659098, 51.136183149646968 ], [ -1.934548194927629, 51.13667753431946 ], [ -1.934548194927629, 51.137666303664446 ], [ -1.935332683264278, 51.138160688336939 ], [ -1.936901659937575, 51.138160688336939 ], [ -1.938470636610873, 51.137171918991953 ], [ -1.940039613284171, 51.137171918991953 ], [ -1.941608589957468, 51.138160688336939 ], [ -1.943177566630766, 51.137171918991953 ], [ -1.943962054967415, 51.137666303664446 ], [ -1.943962054967415, 51.138655073009431 ], [ -1.946315519977361, 51.14013822702691 ], [ -1.949453473323956, 51.14013822702691 ], [ -1.950237961660605, 51.139643842354417 ], [ -1.950237961660605, 51.138655073009431 ], [ -1.951022449997254, 51.138160688336939 ], [ -1.9533759150072, 51.139643842354417 ], [ -1.9533759150072, 51.140632611699402 ], [ -1.954160403343849, 51.141126996371895 ], [ -1.958867333363742, 51.141126996371895 ], [ -1.960436310037039, 51.142115765716881 ], [ -1.962005286710337, 51.142115765716881 ], [ -1.963574263383634, 51.143104535061866 ], [ -1.96671221673023, 51.143104535061866 ], [ -1.968281193403527, 51.144093304406852 ], [ -1.969850170076825, 51.144093304406852 ], [ -1.970634658413474, 51.144587689079344 ], [ -1.970634658413474, 51.14557645842433 ], [ -1.969065681740176, 51.146565227769315 ], [ -1.969850170076825, 51.147059612441808 ], [ -1.971419146750122, 51.147059612441808 ], [ -1.972203635086771, 51.146565227769315 ], [ -1.972203635086771, 51.14557645842433 ], [ -1.97298812342342, 51.145082073751837 ], [ -1.974557100096717, 51.145082073751837 ], [ -1.976910565106664, 51.146565227769315 ], [ -1.971419146750122, 51.150025920476764 ], [ -1.969850170076825, 51.150025920476764 ], [ -1.96671221673023, 51.152003459166735 ], [ -1.965143240056932, 51.152003459166735 ], [ -1.961220798373688, 51.154475382529199 ], [ -1.961220798373688, 51.155464151874185 ], [ -1.960436310037039, 51.155958536546677 ], [ -1.958867333363742, 51.155958536546677 ], [ -1.957298356690444, 51.154969767201692 ], [ -1.955729380017146, 51.155958536546677 ], [ -1.954944891680498, 51.155464151874185 ], [ -1.954944891680498, 51.154475382529199 ], [ -1.954160403343849, 51.153980997856706 ], [ -1.952591426670551, 51.153980997856706 ], [ -1.951806938333903, 51.154475382529199 ], [ -1.951806938333903, 51.15645292121917 ], [ -1.951022449997254, 51.156947305891663 ], [ -1.950237961660605, 51.15645292121917 ], [ -1.950237961660605, 51.155464151874185 ], [ -1.949453473323956, 51.154969767201692 ], [ -1.940039613284171, 51.154969767201692 ], [ -1.938470636610873, 51.155958536546677 ], [ -1.936901659937575, 51.155958536546677 ], [ -1.936117171600927, 51.15645292121917 ], [ -1.937686148274224, 51.157441690564156 ], [ -1.937686148274224, 51.159419229254127 ], [ -1.936901659937575, 51.159913613926619 ], [ -1.936117171600927, 51.159419229254127 ], [ -1.936117171600927, 51.158430459909141 ], [ -1.934548194927629, 51.157441690564156 ], [ -1.934548194927629, 51.15645292121917 ], [ -1.93376370659098, 51.155958536546677 ], [ -1.932194729917683, 51.155958536546677 ], [ -1.931410241581034, 51.15645292121917 ], [ -1.931410241581034, 51.159419229254127 ], [ -1.932979218254331, 51.160407998599112 ], [ -1.932979218254331, 51.161396767944098 ], [ -1.931410241581034, 51.162385537289083 ], [ -1.932194729917683, 51.162879921961576 ], [ -1.93376370659098, 51.162879921961576 ], [ -1.934548194927629, 51.163374306634068 ], [ -1.934548194927629, 51.166340614669025 ], [ -1.935332683264278, 51.166834999341518 ], [ -1.936117171600927, 51.166340614669025 ], [ -1.936117171600927, 51.163374306634068 ], [ -1.936901659937575, 51.162879921961576 ], [ -1.938470636610873, 51.162879921961576 ], [ -1.939255124947522, 51.163374306634068 ], [ -1.939255124947522, 51.165351845324039 ], [ -1.941608589957468, 51.166834999341518 ], [ -1.942393078294117, 51.166340614669025 ], [ -1.940824101620819, 51.165351845324039 ], [ -1.940824101620819, 51.164363075979054 ], [ -1.942393078294117, 51.163374306634068 ], [ -1.942393078294117, 51.162385537289083 ], [ -1.943177566630766, 51.16189115261659 ], [ -1.947884496650659, 51.16189115261659 ], [ -1.948668984987307, 51.162385537289083 ], [ -1.948668984987307, 51.164363075979054 ], [ -1.949453473323956, 51.164857460651547 ], [ -1.950237961660605, 51.164363075979054 ], [ -1.950237961660605, 51.161396767944098 ], [ -1.951022449997254, 51.160902383271605 ], [ -1.952591426670551, 51.160902383271605 ], [ -1.9533759150072, 51.161396767944098 ], [ -1.9533759150072, 51.163374306634068 ], [ -1.954160403343849, 51.163868691306561 ], [ -1.954944891680498, 51.163374306634068 ], [ -1.954944891680498, 51.161396767944098 ], [ -1.955729380017146, 51.160902383271605 ], [ -1.957298356690444, 51.160902383271605 ], [ -1.958082845027093, 51.161396767944098 ], [ -1.958082845027093, 51.162385537289083 ], [ -1.958867333363742, 51.162879921961576 ], [ -1.95965182170039, 51.162385537289083 ], [ -1.95965182170039, 51.160407998599112 ], [ -1.960436310037039, 51.159913613926619 ], [ -1.962005286710337, 51.159913613926619 ], [ -1.963574263383634, 51.160902383271605 ], [ -1.964358751720283, 51.160407998599112 ], [ -1.964358751720283, 51.159419229254127 ], [ -1.965143240056932, 51.158924844581634 ], [ -1.96671221673023, 51.158924844581634 ], [ -1.968281193403527, 51.159913613926619 ], [ -1.969065681740176, 51.159419229254127 ], [ -1.969065681740176, 51.158430459909141 ], [ -1.969850170076825, 51.157936075236648 ], [ -1.97298812342342, 51.157936075236648 ], [ -1.973772611760069, 51.157441690564156 ], [ -1.972203635086771, 51.15645292121917 ], [ -1.975341588433366, 51.154475382529199 ], [ -1.975341588433366, 51.153486613184214 ], [ -1.976910565106664, 51.152497843839228 ], [ -1.976910565106664, 51.150520305149257 ], [ -1.977695053443313, 51.150025920476764 ], [ -1.97926403011661, 51.150025920476764 ], [ -1.980048518453259, 51.149531535804272 ], [ -1.980048518453259, 51.148542766459286 ], [ -1.980833006789908, 51.148048381786793 ], [ -1.982401983463205, 51.148048381786793 ], [ -1.983970960136503, 51.147059612441808 ], [ -1.990246866829693, 51.147059612441808 ], [ -1.991815843502991, 51.148048381786793 ], [ -1.993384820176288, 51.148048381786793 ], [ -1.994953796849586, 51.149037151131779 ], [ -1.998091750196181, 51.149037151131779 ], [ -1.99887623853283, 51.149531535804272 ], [ -1.99887623853283, 51.150520305149257 ], [ -1.997307261859532, 51.151509074494243 ], [ -1.998091750196181, 51.152003459166735 ], [ -1.999660726869479, 51.152003459166735 ], [ -2.000445215206128, 51.151509074494243 ], [ -2.000445215206128, 51.150520305149257 ], [ -2.001229703542776, 51.150025920476764 ], [ -2.004367656889372, 51.150025920476764 ], [ -2.006721121899318, 51.148542766459286 ], [ -2.006721121899318, 51.147553997114301 ], [ -2.00515214522602, 51.146565227769315 ], [ -2.00515214522602, 51.14557645842433 ], [ -2.004367656889372, 51.145082073751837 ], [ -2.002798680216074, 51.145082073751837 ], [ -2.001229703542776, 51.144093304406852 ], [ -1.996522773522884, 51.144093304406852 ], [ -1.994953796849586, 51.145082073751837 ], [ -1.993384820176288, 51.145082073751837 ], [ -1.99260033183964, 51.144587689079344 ], [ -1.99260033183964, 51.143598919734359 ], [ -1.993384820176288, 51.143104535061866 ], [ -1.994953796849586, 51.143104535061866 ], [ -1.998091750196181, 51.141126996371895 ], [ -2.002798680216074, 51.141126996371895 ], [ -2.004367656889372, 51.142115765716881 ], [ -2.009074586909264, 51.142115765716881 ], [ -2.010643563582562, 51.143104535061866 ], [ -2.012212540255859, 51.143104535061866 ], [ -2.013781516929157, 51.144093304406852 ], [ -2.016919470275752, 51.144093304406852 ], [ -2.019272935285699, 51.142610150389373 ], [ -2.019272935285699, 51.141621381044388 ], [ -2.017703958612401, 51.140632611699402 ], [ -2.017703958612401, 51.139643842354417 ], [ -2.016919470275752, 51.139149457681924 ], [ -2.015350493602455, 51.139149457681924 ], [ -2.013781516929157, 51.14013822702691 ], [ -2.009074586909264, 51.14013822702691 ], [ -2.007505610235967, 51.139149457681924 ], [ -2.005936633562669, 51.139149457681924 ], [ -2.00515214522602, 51.138655073009431 ], [ -2.00515214522602, 51.134699995629489 ], [ -2.004367656889372, 51.134205610956997 ], [ -2.003583168552723, 51.134699995629489 ] ], [ [ -1.849038966232911, 51.133216841612011 ], [ -1.84982345456956, 51.133711226284504 ], [ -1.84982345456956, 51.137666303664446 ], [ -1.851392431242857, 51.138655073009431 ], [ -1.851392431242857, 51.148542766459286 ], [ -1.84982345456956, 51.149531535804272 ], [ -1.851392431242857, 51.150520305149257 ], [ -1.851392431242857, 51.153486613184214 ], [ -1.852961407916155, 51.154475382529199 ], [ -1.852961407916155, 51.15645292121917 ], [ -1.854530384589452, 51.157441690564156 ], [ -1.854530384589452, 51.160407998599112 ], [ -1.852961407916155, 51.161396767944098 ], [ -1.852961407916155, 51.166340614669025 ], [ -1.852176919579506, 51.166834999341518 ], [ -1.850607942906208, 51.166834999341518 ], [ -1.849038966232911, 51.167823768686503 ], [ -1.845901012886316, 51.167823768686503 ], [ -1.844332036213018, 51.166834999341518 ], [ -1.84276305953972, 51.166834999341518 ], [ -1.841194082866423, 51.165846229996532 ], [ -1.839625106193125, 51.166011024907007 ], [ -1.838056129519828, 51.165846229996532 ], [ -1.83648715284653, 51.165846229996532 ], [ -1.834918176173232, 51.166834999341518 ], [ -1.833349199499935, 51.166834999341518 ], [ -1.831780222826637, 51.167823768686503 ], [ -1.827073292806745, 51.167823768686503 ], [ -1.825504316133447, 51.168812538031489 ], [ -1.816090456093661, 51.168812538031489 ], [ -1.815305967757013, 51.168318153358996 ], [ -1.815305967757013, 51.16732938401401 ], [ -1.816090456093661, 51.166834999341518 ], [ -1.822366362786852, 51.166834999341518 ], [ -1.823935339460149, 51.165846229996532 ], [ -1.827073292806745, 51.165846229996532 ], [ -1.828642269480042, 51.164857460651547 ], [ -1.833349199499935, 51.164857460651547 ], [ -1.835702664509881, 51.163374306634068 ], [ -1.835702664509881, 51.159419229254127 ], [ -1.834133687836584, 51.158430459909141 ], [ -1.834133687836584, 51.157441690564156 ], [ -1.832564711163286, 51.15645292121917 ], [ -1.832564711163286, 51.155464151874185 ], [ -1.83021124615334, 51.153980997856706 ], [ -1.828642269480042, 51.153980997856706 ], [ -1.827073292806745, 51.152992228511721 ], [ -1.825504316133447, 51.152992228511721 ], [ -1.823935339460149, 51.153980997856706 ], [ -1.823150851123501, 51.153486613184214 ], [ -1.823150851123501, 51.152497843839228 ], [ -1.826288804470096, 51.150520305149257 ], [ -1.826288804470096, 51.147553997114301 ], [ -1.823150851123501, 51.14557645842433 ], [ -1.824719827796798, 51.144587689079344 ], [ -1.824719827796798, 51.142610150389373 ], [ -1.825504316133447, 51.142115765716881 ], [ -1.827073292806745, 51.143104535061866 ], [ -1.831780222826637, 51.143104535061866 ], [ -1.833349199499935, 51.144093304406852 ], [ -1.834918176173232, 51.144093304406852 ], [ -1.83648715284653, 51.145082073751837 ], [ -1.839625106193125, 51.145082073751837 ], [ -1.840409594529774, 51.14557645842433 ], [ -1.838056129519828, 51.147059612441808 ], [ -1.833349199499935, 51.147059612441808 ], [ -1.832564711163286, 51.147553997114301 ], [ -1.832564711163286, 51.148542766459286 ], [ -1.835702664509881, 51.150520305149257 ], [ -1.835702664509881, 51.151509074494243 ], [ -1.834133687836584, 51.152497843839228 ], [ -1.83648715284653, 51.153980997856706 ], [ -1.838056129519828, 51.153980997856706 ], [ -1.839625106193125, 51.152992228511721 ], [ -1.841194082866423, 51.153980997856706 ], [ -1.841978571203072, 51.153486613184214 ], [ -1.841978571203072, 51.150520305149257 ], [ -1.843547547876369, 51.149531535804272 ], [ -1.843547547876369, 51.148542766459286 ], [ -1.84982345456956, 51.144587689079344 ], [ -1.84982345456956, 51.142610150389373 ], [ -1.847469989559613, 51.141126996371895 ], [ -1.845901012886316, 51.141126996371895 ], [ -1.844332036213018, 51.14013822702691 ], [ -1.84276305953972, 51.14013822702691 ], [ -1.841978571203072, 51.139643842354417 ], [ -1.841978571203072, 51.138655073009431 ], [ -1.841194082866423, 51.138160688336939 ], [ -1.839625106193125, 51.138160688336939 ], [ -1.837271641183179, 51.13667753431946 ], [ -1.837271641183179, 51.135688764974475 ], [ -1.840409594529774, 51.133711226284504 ], [ -1.840409594529774, 51.132722456939518 ], [ -1.841194082866423, 51.132228072267026 ], [ -1.845901012886316, 51.132228072267026 ], [ -1.846685501222964, 51.132722456939518 ], [ -1.847469989559613, 51.133216841612011 ], [ -1.849038966232911, 51.133216841612011 ] ], [ [ -1.891401336411946, 51.130250533577055 ], [ -1.890616848075297, 51.130744918249547 ], [ -1.890616848075297, 51.133711226284504 ], [ -1.893754801421892, 51.135688764974475 ], [ -1.893754801421892, 51.13667753431946 ], [ -1.892970313085243, 51.137171918991953 ], [ -1.891401336411946, 51.137171918991953 ], [ -1.890616848075297, 51.137666303664446 ], [ -1.890616848075297, 51.139643842354417 ], [ -1.889047871401999, 51.140632611699402 ], [ -1.890616848075297, 51.141621381044388 ], [ -1.890616848075297, 51.142610150389373 ], [ -1.889832359738648, 51.143104535061866 ], [ -1.886694406392053, 51.143104535061866 ], [ -1.885909918055404, 51.142610150389373 ], [ -1.885909918055404, 51.140632611699402 ], [ -1.885125429718755, 51.14013822702691 ], [ -1.88198747637216, 51.14013822702691 ], [ -1.880418499698862, 51.139149457681924 ], [ -1.877280546352267, 51.139149457681924 ], [ -1.87571156967897, 51.14013822702691 ], [ -1.867866686312482, 51.14013822702691 ], [ -1.867082197975833, 51.139643842354417 ], [ -1.870220151322428, 51.137666303664446 ], [ -1.870220151322428, 51.135688764974475 ], [ -1.868651174649131, 51.134699995629489 ], [ -1.868651174649131, 51.133711226284504 ], [ -1.871789127995726, 51.131733687594533 ], [ -1.870220151322428, 51.130744918249547 ], [ -1.870220151322428, 51.129756148904562 ], [ -1.872573616332375, 51.128272994887084 ], [ -1.87571156967897, 51.128272994887084 ], [ -1.878849523025565, 51.126295456197113 ], [ -1.88198747637216, 51.126295456197113 ], [ -1.883556453045458, 51.127284225542098 ], [ -1.885125429718755, 51.127284225542098 ], [ -1.886694406392053, 51.128272994887084 ], [ -1.891401336411946, 51.128272994887084 ], [ -1.893754801421892, 51.129756148904562 ], [ -1.892970313085243, 51.130250533577055 ], [ -1.891401336411946, 51.130250533577055 ] ], [ [ -1.863159756292589, 51.116407762747258 ], [ -1.861590779619291, 51.116407762747258 ], [ -1.858452826272696, 51.114430224057287 ], [ -1.856883849599399, 51.114430224057287 ], [ -1.854530384589452, 51.112947070039809 ], [ -1.854530384589452, 51.108991992659867 ], [ -1.851392431242857, 51.107014453969896 ], [ -1.851392431242857, 51.10602568462491 ], [ -1.84982345456956, 51.105036915279925 ], [ -1.84982345456956, 51.104048145934939 ], [ -1.848254477896262, 51.103059376589954 ], [ -1.848254477896262, 51.101081837899983 ], [ -1.847469989559613, 51.10058745322749 ], [ -1.845901012886316, 51.10058745322749 ], [ -1.845116524549667, 51.100093068554997 ], [ -1.846685501222964, 51.099104299210012 ], [ -1.845116524549667, 51.098115529865026 ], [ -1.848254477896262, 51.096137991175056 ], [ -1.846685501222964, 51.09514922183007 ], [ -1.847469989559613, 51.094654837157577 ], [ -1.849038966232911, 51.094654837157577 ], [ -1.84982345456956, 51.094160452485085 ], [ -1.84982345456956, 51.091194144450128 ], [ -1.852176919579506, 51.08971099043265 ], [ -1.853745896252804, 51.08971099043265 ], [ -1.855314872926101, 51.088722221087664 ], [ -1.856883849599399, 51.088722221087664 ], [ -1.857668337936047, 51.089216605760157 ], [ -1.857668337936047, 51.090205375105143 ], [ -1.859237314609345, 51.091194144450128 ], [ -1.859237314609345, 51.093171683140099 ], [ -1.860806291282643, 51.094160452485085 ], [ -1.860806291282643, 51.096137991175056 ], [ -1.86237526795594, 51.097126760520041 ], [ -1.86237526795594, 51.099104299210012 ], [ -1.865513221302535, 51.101081837899983 ], [ -1.865513221302535, 51.102070607244968 ], [ -1.868651174649131, 51.104048145934939 ], [ -1.868651174649131, 51.105036915279925 ], [ -1.867866686312482, 51.105531299952418 ], [ -1.864728732965887, 51.105531299952418 ], [ -1.863944244629238, 51.10602568462491 ], [ -1.863944244629238, 51.107014453969896 ], [ -1.865513221302535, 51.108003223314881 ], [ -1.864728732965887, 51.108497607987374 ], [ -1.863159756292589, 51.108497607987374 ], [ -1.86237526795594, 51.108991992659867 ], [ -1.86237526795594, 51.109980762004852 ], [ -1.861590779619291, 51.110475146677345 ], [ -1.860021802945994, 51.110475146677345 ], [ -1.857668337936047, 51.111958300694823 ], [ -1.857668337936047, 51.112947070039809 ], [ -1.858452826272696, 51.113441454712301 ], [ -1.863159756292589, 51.113441454712301 ], [ -1.867866686312482, 51.110475146677345 ], [ -1.869435662985779, 51.110475146677345 ], [ -1.870220151322428, 51.110969531349838 ], [ -1.870220151322428, 51.111958300694823 ], [ -1.876496058015618, 51.115913378074765 ], [ -1.876496058015618, 51.116902147419751 ], [ -1.87571156967897, 51.117396532092243 ], [ -1.874142593005672, 51.117396532092243 ], [ -1.872573616332375, 51.118385301437229 ], [ -1.867866686312482, 51.118385301437229 ], [ -1.866297709639184, 51.119374070782214 ], [ -1.865513221302535, 51.118879686109722 ], [ -1.865513221302535, 51.117890916764736 ], [ -1.863159756292589, 51.116407762747258 ] ], [ [ -1.815305967757013, 51.110969531349838 ], [ -1.813736991083715, 51.111958300694823 ], [ -1.813736991083715, 51.112947070039809 ], [ -1.811383526073769, 51.114430224057287 ], [ -1.809814549400471, 51.114430224057287 ], [ -1.806676596053876, 51.112452685367316 ], [ -1.800400689360686, 51.112452685367316 ], [ -1.799616201024037, 51.111958300694823 ], [ -1.799616201024037, 51.110969531349838 ], [ -1.802754154370632, 51.108991992659867 ], [ -1.802754154370632, 51.103059376589954 ], [ -1.801185177697334, 51.102070607244968 ], [ -1.803538642707281, 51.10058745322749 ], [ -1.806676596053876, 51.102564991917461 ], [ -1.809814549400471, 51.102564991917461 ], [ -1.811383526073769, 51.101576222572476 ], [ -1.814521479420364, 51.101576222572476 ], [ -1.815305967757013, 51.102070607244968 ], [ -1.815305967757013, 51.103059376589954 ], [ -1.81687494443031, 51.104048145934939 ], [ -1.81687494443031, 51.108991992659867 ], [ -1.816090456093661, 51.10948637733236 ], [ -1.815305967757013, 51.109980762004852 ], [ -1.815305967757013, 51.110969531349838 ] ], [ [ -1.812168014410418, 51.126789840869606 ], [ -1.81059903773712, 51.127778610214591 ], [ -1.81059903773712, 51.128767379559577 ], [ -1.809814549400471, 51.129261764232069 ], [ -1.808245572727174, 51.129261764232069 ], [ -1.805107619380578, 51.127284225542098 ], [ -1.801969666033983, 51.129261764232069 ], [ -1.798831712687388, 51.129261764232069 ], [ -1.798047224350739, 51.128767379559577 ], [ -1.798047224350739, 51.126789840869606 ], [ -1.79726273601409, 51.126295456197113 ], [ -1.795693759340793, 51.126295456197113 ], [ -1.794909271004144, 51.12580107152462 ], [ -1.794909271004144, 51.124812302179635 ], [ -1.796478247677442, 51.123823532834649 ], [ -1.796478247677442, 51.122834763489664 ], [ -1.79726273601409, 51.122340378817171 ], [ -1.798831712687388, 51.123329148162156 ], [ -1.800400689360686, 51.123329148162156 ], [ -1.801969666033983, 51.122340378817171 ], [ -1.805107619380578, 51.122340378817171 ], [ -1.809030061063822, 51.119868455454707 ], [ -1.809030061063822, 51.117890916764736 ], [ -1.809814549400471, 51.117396532092243 ], [ -1.811383526073769, 51.117396532092243 ], [ -1.813736991083715, 51.118879686109722 ], [ -1.813736991083715, 51.119868455454707 ], [ -1.815305967757013, 51.120857224799693 ], [ -1.815305967757013, 51.123823532834649 ], [ -1.812952502747066, 51.125306686852127 ], [ -1.812168014410418, 51.12580107152462 ], [ -1.812168014410418, 51.126789840869606 ] ], [ [ -1.738426110765431, 51.14557645842433 ], [ -1.738426110765431, 51.143598919734359 ], [ -1.73921059910208, 51.143104535061866 ], [ -1.742348552448675, 51.143104535061866 ], [ -1.743133040785324, 51.143598919734359 ], [ -1.741564064112026, 51.144587689079344 ], [ -1.741564064112026, 51.14557645842433 ], [ -1.743917529121973, 51.147059612441808 ], [ -1.74548650579527, 51.147059612441808 ], [ -1.747055482468568, 51.148048381786793 ], [ -1.748624459141865, 51.148048381786793 ], [ -1.752546900825109, 51.150520305149257 ], [ -1.752546900825109, 51.151509074494243 ], [ -1.754115877498407, 51.152497843839228 ], [ -1.754115877498407, 51.154475382529199 ], [ -1.752546900825109, 51.155464151874185 ], [ -1.752546900825109, 51.157441690564156 ], [ -1.750977924151812, 51.158430459909141 ], [ -1.750977924151812, 51.159419229254127 ], [ -1.750193435815163, 51.159913613926619 ], [ -1.748624459141865, 51.159913613926619 ], [ -1.747055482468568, 51.160902383271605 ], [ -1.74548650579527, 51.160902383271605 ], [ -1.741564064112026, 51.163374306634068 ], [ -1.741564064112026, 51.164363075979054 ], [ -1.73921059910208, 51.165846229996532 ], [ -1.736857134092133, 51.164363075979054 ], [ -1.736857134092133, 51.160407998599112 ], [ -1.735288157418836, 51.159419229254127 ], [ -1.735288157418836, 51.158430459909141 ], [ -1.727443274052348, 51.153486613184214 ], [ -1.727443274052348, 51.152497843839228 ], [ -1.72587429737905, 51.151509074494243 ], [ -1.72587429737905, 51.149531535804272 ], [ -1.726658785715699, 51.149037151131779 ], [ -1.728227762388997, 51.150025920476764 ], [ -1.731365715735592, 51.150025920476764 ], [ -1.736072645755485, 51.147059612441808 ], [ -1.738426110765431, 51.14557645842433 ] ], [ [ -1.640365068684332, 51.230116237420589 ], [ -1.632520185317844, 51.230116237420589 ], [ -1.6285977436346, 51.232588160783052 ], [ -1.6285977436346, 51.233576930128038 ], [ -1.627813255297951, 51.234071314800531 ], [ -1.626244278624654, 51.234071314800531 ], [ -1.625459790288005, 51.234565699473023 ], [ -1.625459790288005, 51.235554468818009 ], [ -1.624675301951356, 51.236048853490502 ], [ -1.623106325278059, 51.236048853490502 ], [ -1.621537348604761, 51.237037622835487 ], [ -1.613692465238273, 51.237037622835487 ], [ -1.612123488564976, 51.238026392180473 ], [ -1.610554511891678, 51.237037622835487 ], [ -1.60898553521838, 51.237037622835487 ], [ -1.607416558545083, 51.236048853490502 ], [ -1.605847581871785, 51.236048853490502 ], [ -1.604278605198488, 51.235060084145516 ], [ -1.60270962852519, 51.235060084145516 ], [ -1.600356163515244, 51.233576930128038 ], [ -1.600356163515244, 51.230610622093081 ], [ -1.601925140188541, 51.229621852748096 ], [ -1.601925140188541, 51.228633083403111 ], [ -1.605063093535136, 51.22665554471314 ], [ -1.605063093535136, 51.223689236678183 ], [ -1.605847581871785, 51.22319485200569 ], [ -1.607416558545083, 51.224183621350676 ], [ -1.610554511891678, 51.224183621350676 ], [ -1.612123488564976, 51.225172390695661 ], [ -1.616830418584868, 51.225172390695661 ], [ -1.617614906921517, 51.225666775368154 ], [ -1.617614906921517, 51.22665554471314 ], [ -1.618399395258166, 51.227149929385632 ], [ -1.619968371931463, 51.227149929385632 ], [ -1.620752860268112, 51.22665554471314 ], [ -1.620752860268112, 51.224678006023169 ], [ -1.619968371931463, 51.224183621350676 ], [ -1.616830418584868, 51.224183621350676 ], [ -1.613692465238273, 51.222206082660705 ], [ -1.612123488564976, 51.222206082660705 ], [ -1.609770023555029, 51.220722928643227 ], [ -1.610554511891678, 51.220228543970734 ], [ -1.613692465238273, 51.220228543970734 ], [ -1.614476953574922, 51.219734159298241 ], [ -1.614476953574922, 51.218745389953256 ], [ -1.612123488564976, 51.217262235935777 ], [ -1.610554511891678, 51.217262235935777 ], [ -1.60898553521838, 51.218251005280763 ], [ -1.605847581871785, 51.218251005280763 ], [ -1.605063093535136, 51.21775662060827 ], [ -1.607416558545083, 51.216273466590792 ], [ -1.618399395258166, 51.216273466590792 ], [ -1.619968371931463, 51.217262235935777 ], [ -1.629382231971249, 51.217262235935777 ], [ -1.630951208644547, 51.216273466590792 ], [ -1.632520185317844, 51.216273466590792 ], [ -1.633304673654493, 51.215779081918299 ], [ -1.633304673654493, 51.211824004538357 ], [ -1.634089161991142, 51.211329619865865 ], [ -1.638796092011034, 51.211329619865865 ], [ -1.640365068684332, 51.210340850520879 ], [ -1.64193404535763, 51.210340850520879 ], [ -1.643503022030927, 51.209352081175894 ], [ -1.646640975377522, 51.209352081175894 ], [ -1.647425463714171, 51.209846465848386 ], [ -1.645856487040874, 51.210835235193372 ], [ -1.645856487040874, 51.213801543228328 ], [ -1.644287510367576, 51.214790312573314 ], [ -1.644287510367576, 51.21775662060827 ], [ -1.645856487040874, 51.218745389953256 ], [ -1.645856487040874, 51.219734159298241 ], [ -1.64820995205082, 51.221217313315719 ], [ -1.65448585874401, 51.221217313315719 ], [ -1.655270347080659, 51.221711697988212 ], [ -1.655270347080659, 51.222700467333198 ], [ -1.650563417060766, 51.225666775368154 ], [ -1.650563417060766, 51.228633083403111 ], [ -1.652132393734064, 51.229621852748096 ], [ -1.652132393734064, 51.230610622093081 ], [ -1.651347905397415, 51.231105006765574 ], [ -1.64820995205082, 51.231105006765574 ], [ -1.646640975377522, 51.23209377611056 ], [ -1.645071998704225, 51.231105006765574 ], [ -1.643503022030927, 51.231105006765574 ], [ -1.64193404535763, 51.231105006765574 ], [ -1.640365068684332, 51.230116237420589 ] ] ], [ [ [ -1.507002051454037, 51.203419465105981 ], [ -1.510140004800633, 51.20144192641601 ], [ -1.51170898147393, 51.20144192641601 ], [ -1.512493469810579, 51.200947541743517 ], [ -1.512493469810579, 51.19798123370856 ], [ -1.514062446483877, 51.196992464363575 ], [ -1.514062446483877, 51.195014925673604 ], [ -1.513277958147228, 51.194520541001111 ], [ -1.512493469810579, 51.195014925673604 ], [ -1.510924493137281, 51.196003695018589 ], [ -1.510924493137281, 51.196992464363575 ], [ -1.509355516463984, 51.19798123370856 ], [ -1.509355516463984, 51.199958772398531 ], [ -1.508571028127335, 51.200453157071024 ], [ -1.507002051454037, 51.199464387726039 ], [ -1.506217563117389, 51.199958772398531 ], [ -1.506217563117389, 51.202925080433488 ], [ -1.507002051454037, 51.203419465105981 ] ] ] ] } },
{ "type": "Feature", "properties": { "search_id": "Search 4", "FundAsset": "Moorfield - West Bromwich" }, "geometry": { "type": "MultiPolygon", "coordinates": [ [ [ [ -2.125701153301634, 52.688873092643917 ], [ -2.124755556695163, 52.688293437939137 ], [ -2.122864363482222, 52.688293437939137 ], [ -2.120973170269281, 52.687134128529578 ], [ -2.117190783843398, 52.689452747348696 ], [ -2.115299590630457, 52.689452747348696 ], [ -2.113408397417516, 52.688293437939137 ], [ -2.111517204204574, 52.688293437939137 ], [ -2.110335208446486, 52.688873092643917 ], [ -2.107857037748235, 52.688344699919831 ], [ -2.108680414385162, 52.687713783234358 ], [ -2.107734817778692, 52.687134128529578 ], [ -2.106789221172221, 52.687713783234358 ], [ -2.107518355904921, 52.688272486564266 ], [ -2.10489802795928, 52.687713783234358 ], [ -2.103952431352809, 52.687134128529578 ], [ -2.100170044926926, 52.687134128529578 ], [ -2.099224448320456, 52.686554473824799 ], [ -2.099224448320456, 52.68539516441524 ], [ -2.100170044926926, 52.684815509710461 ], [ -2.102061238139868, 52.684815509710461 ], [ -2.103006834746338, 52.684235855005682 ], [ -2.103006834746338, 52.683076545596123 ], [ -2.102061238139868, 52.682496890891343 ], [ -2.098278851713985, 52.684815509710461 ], [ -2.094496465288103, 52.684815509710461 ], [ -2.093550868681632, 52.68539516441524 ], [ -2.093550868681632, 52.686554473824799 ], [ -2.092605272075161, 52.687134128529578 ], [ -2.086931692436337, 52.683656200300902 ], [ -2.085986095829867, 52.684235855005682 ], [ -2.085986095829867, 52.688873092643917 ], [ -2.086931692436337, 52.689452747348696 ], [ -2.087877289042808, 52.688873092643917 ], [ -2.088113688194426, 52.687713783234358 ], [ -2.089768482255749, 52.686554473824799 ], [ -2.089532083104132, 52.687713783234358 ], [ -2.09071407886222, 52.688293437939137 ], [ -2.092605272075161, 52.688438351615332 ], [ -2.096387658501044, 52.688438351615332 ], [ -2.099224448320456, 52.687713783234358 ], [ -2.098988049168838, 52.688873092643917 ], [ -2.100170044926926, 52.689597661024891 ], [ -2.102061238139868, 52.69046714308206 ], [ -2.101115641533397, 52.691191711463034 ], [ -2.102061238139868, 52.691771366167814 ], [ -2.107734817778692, 52.691771366167814 ], [ -2.110571607598104, 52.693510330282152 ], [ -2.110571607598104, 52.69466963969171 ], [ -2.111517204204574, 52.69524929439649 ], [ -2.113408397417516, 52.69524929439649 ], [ -2.117190783843398, 52.692930675577372 ], [ -2.120973170269281, 52.692930675577372 ], [ -2.122864363482222, 52.694089984986931 ], [ -2.128537943121046, 52.694089984986931 ], [ -2.129483539727516, 52.69466963969171 ], [ -2.127592346514575, 52.695828949101269 ], [ -2.128537943121046, 52.696408603806049 ], [ -2.132320329546928, 52.696408603806049 ], [ -2.13421152275987, 52.69524929439649 ], [ -2.137993909185752, 52.69524929439649 ], [ -2.138939505792223, 52.69466963969171 ], [ -2.138939505792223, 52.693510330282152 ], [ -2.137993909185752, 52.692930675577372 ], [ -2.13421152275987, 52.692930675577372 ], [ -2.133265926153399, 52.692351020872593 ], [ -2.133265926153399, 52.688873092643917 ], [ -2.132320329546928, 52.688293437939137 ], [ -2.128537943121046, 52.690612056758255 ], [ -2.124755556695163, 52.690612056758255 ], [ -2.123809960088693, 52.690032402053475 ], [ -2.125701153301634, 52.688873092643917 ] ] ], [ [ [ -2.143667488824576, 52.495848075952381 ], [ -2.141776295611635, 52.495848075952381 ], [ -2.140830699005164, 52.495268421247602 ], [ -2.140830699005164, 52.492949802428484 ], [ -2.137993909185752, 52.491210838314146 ], [ -2.13421152275987, 52.491210838314146 ], [ -2.133265926153399, 52.490631183609366 ], [ -2.133265926153399, 52.489471874199808 ], [ -2.136102715972811, 52.487732910085469 ], [ -2.137993909185752, 52.487732910085469 ], [ -2.140830699005164, 52.485993945971131 ], [ -2.137993909185752, 52.484254981856793 ], [ -2.132320329546928, 52.484254981856793 ], [ -2.131374732940458, 52.483675327152014 ], [ -2.133265926153399, 52.482516017742455 ], [ -2.130429136333987, 52.480777053628117 ], [ -2.126646749908105, 52.483095672447234 ], [ -2.121918766875751, 52.480197398923337 ], [ -2.124755556695163, 52.478458434808999 ], [ -2.126646749908105, 52.478458434808999 ], [ -2.130429136333987, 52.476139815989882 ], [ -2.13421152275987, 52.476139815989882 ], [ -2.13515711936634, 52.475560161285102 ], [ -2.13421152275987, 52.474980506580323 ], [ -2.132320329546928, 52.474980506580323 ], [ -2.129483539727516, 52.473241542465985 ], [ -2.129483539727516, 52.472082233056426 ], [ -2.128537943121046, 52.471502578351647 ], [ -2.122864363482222, 52.471502578351647 ], [ -2.121918766875751, 52.470922923646867 ], [ -2.123809960088693, 52.469763614237309 ], [ -2.123809960088693, 52.46860430482775 ], [ -2.124755556695163, 52.46802465012297 ], [ -2.128537943121046, 52.46802465012297 ], [ -2.131374732940458, 52.466285686008632 ], [ -2.131374732940458, 52.462807757779956 ], [ -2.132320329546928, 52.462228103075176 ], [ -2.13421152275987, 52.463387412484735 ], [ -2.13515711936634, 52.462807757779956 ], [ -2.131374732940458, 52.460489138960838 ], [ -2.133265926153399, 52.45932982955128 ], [ -2.131374732940458, 52.458170520141721 ], [ -2.132320329546928, 52.457590865436941 ], [ -2.136102715972811, 52.457590865436941 ], [ -2.137048312579282, 52.457011210732162 ], [ -2.136102715972811, 52.456431556027383 ], [ -2.126646749908105, 52.456431556027383 ], [ -2.125701153301634, 52.455851901322603 ], [ -2.125701153301634, 52.454692591913044 ], [ -2.126646749908105, 52.454112937208265 ], [ -2.128537943121046, 52.455272246617824 ], [ -2.129483539727516, 52.454692591913044 ], [ -2.129483539727516, 52.452373973093927 ], [ -2.13421152275987, 52.44947569957003 ], [ -2.136102715972811, 52.44947569957003 ], [ -2.137048312579282, 52.450055354274809 ], [ -2.137048312579282, 52.451214663684368 ], [ -2.137993909185752, 52.451794318389148 ], [ -2.139885102398694, 52.450635008979589 ], [ -2.143667488824576, 52.452953627798706 ], [ -2.148395471856929, 52.450055354274809 ], [ -2.148395471856929, 52.447736735455692 ], [ -2.146504278643988, 52.446577426046133 ], [ -2.148395471856929, 52.445418116636574 ], [ -2.144613085431047, 52.443099497817457 ], [ -2.146504278643988, 52.441940188407898 ], [ -2.145558682037517, 52.441360533703119 ], [ -2.141776295611635, 52.441360533703119 ], [ -2.140830699005164, 52.440780878998339 ], [ -2.146504278643988, 52.437302950769663 ], [ -2.146504278643988, 52.434984331950545 ], [ -2.143667488824576, 52.433245367836207 ], [ -2.142721892218105, 52.433825022540987 ], [ -2.142721892218105, 52.436143641360104 ], [ -2.141776295611635, 52.436723296064883 ], [ -2.140830699005164, 52.436143641360104 ], [ -2.140830699005164, 52.431506403721869 ], [ -2.138939505792223, 52.43034709431231 ], [ -2.138939505792223, 52.428028475493193 ], [ -2.141776295611635, 52.426289511378855 ], [ -2.143667488824576, 52.426289511378855 ], [ -2.144613085431047, 52.425709856674075 ], [ -2.144613085431047, 52.424550547264516 ], [ -2.142721892218105, 52.423391237854958 ], [ -2.142721892218105, 52.422231928445399 ], [ -2.141776295611635, 52.421652273740619 ], [ -2.140830699005164, 52.422231928445399 ], [ -2.140830699005164, 52.423391237854958 ], [ -2.139885102398694, 52.423970892559737 ], [ -2.138939505792223, 52.423391237854958 ], [ -2.138939505792223, 52.42107261903584 ], [ -2.141776295611635, 52.419333654921502 ], [ -2.143667488824576, 52.420492964331061 ], [ -2.144613085431047, 52.419913309626281 ], [ -2.144613085431047, 52.418754000216722 ], [ -2.146504278643988, 52.417594690807164 ], [ -2.143667488824576, 52.415855726692826 ], [ -2.141776295611635, 52.417015036102384 ], [ -2.139885102398694, 52.417015036102384 ], [ -2.138939505792223, 52.416435381397605 ], [ -2.140830699005164, 52.415276071988046 ], [ -2.139885102398694, 52.414696417283267 ], [ -2.136102715972811, 52.414696417283267 ], [ -2.13421152275987, 52.415855726692826 ], [ -2.126646749908105, 52.415855726692826 ], [ -2.125701153301634, 52.415276071988046 ], [ -2.125701153301634, 52.414116762578487 ], [ -2.124755556695163, 52.413537107873708 ], [ -2.122864363482222, 52.414696417283267 ], [ -2.120973170269281, 52.414696417283267 ], [ -2.117190783843398, 52.412377798464149 ], [ -2.116245187236927, 52.412957453168929 ], [ -2.118136380449869, 52.414116762578487 ], [ -2.118136380449869, 52.415276071988046 ], [ -2.116245187236927, 52.416435381397605 ], [ -2.119081977056339, 52.418174345511943 ], [ -2.12002757366281, 52.417594690807164 ], [ -2.12002757366281, 52.416435381397605 ], [ -2.120973170269281, 52.415855726692826 ], [ -2.121918766875751, 52.416435381397605 ], [ -2.121918766875751, 52.417594690807164 ], [ -2.123809960088693, 52.418754000216722 ], [ -2.123809960088693, 52.419913309626281 ], [ -2.125701153301634, 52.42107261903584 ], [ -2.122864363482222, 52.422811583150178 ], [ -2.117190783843398, 52.422811583150178 ], [ -2.116245187236927, 52.423391237854958 ], [ -2.116245187236927, 52.425709856674075 ], [ -2.115299590630457, 52.426289511378855 ], [ -2.109626010991633, 52.426289511378855 ], [ -2.107734817778692, 52.427448820788413 ], [ -2.10584362456575, 52.427448820788413 ], [ -2.103952431352809, 52.426289511378855 ], [ -2.098278851713985, 52.426289511378855 ], [ -2.097333255107515, 52.426869166083634 ], [ -2.097333255107515, 52.428028475493193 ], [ -2.096387658501044, 52.428608130197972 ], [ -2.094496465288103, 52.428608130197972 ], [ -2.093550868681632, 52.428028475493193 ], [ -2.093550868681632, 52.426869166083634 ], [ -2.097333255107515, 52.424550547264516 ], [ -2.094496465288103, 52.422811583150178 ], [ -2.092605272075161, 52.422811583150178 ], [ -2.091659675468691, 52.422231928445399 ], [ -2.092605272075161, 52.421652273740619 ], [ -2.094496465288103, 52.421652273740619 ], [ -2.097333255107515, 52.419913309626281 ], [ -2.097333255107515, 52.418754000216722 ], [ -2.099224448320456, 52.417594690807164 ], [ -2.099224448320456, 52.416435381397605 ], [ -2.102061238139868, 52.414696417283267 ], [ -2.103952431352809, 52.414696417283267 ], [ -2.108680414385162, 52.41179814375937 ], [ -2.107734817778692, 52.41121848905459 ], [ -2.10584362456575, 52.412377798464149 ], [ -2.103952431352809, 52.412377798464149 ], [ -2.102061238139868, 52.413537107873708 ], [ -2.098278851713985, 52.413537107873708 ], [ -2.097333255107515, 52.414116762578487 ], [ -2.097333255107515, 52.415276071988046 ], [ -2.096387658501044, 52.415855726692826 ], [ -2.094496465288103, 52.415855726692826 ], [ -2.093550868681632, 52.416435381397605 ], [ -2.093550868681632, 52.417594690807164 ], [ -2.092605272075161, 52.418174345511943 ], [ -2.09071407886222, 52.418174345511943 ], [ -2.088822885649279, 52.419333654921502 ], [ -2.086931692436337, 52.419333654921502 ], [ -2.084094902616926, 52.417594690807164 ], [ -2.084094902616926, 52.414116762578487 ], [ -2.083149306010455, 52.413537107873708 ], [ -2.082203709403984, 52.414116762578487 ], [ -2.082203709403984, 52.416435381397605 ], [ -2.081258112797514, 52.417015036102384 ], [ -2.079366919584572, 52.417015036102384 ], [ -2.078421322978102, 52.416435381397605 ], [ -2.080312516191043, 52.415276071988046 ], [ -2.077475726371631, 52.413537107873708 ], [ -2.073693339945748, 52.413537107873708 ], [ -2.072747743339278, 52.412957453168929 ], [ -2.072747743339278, 52.410638834349811 ], [ -2.074638936552219, 52.409479524940252 ], [ -2.073693339945748, 52.408899870235473 ], [ -2.071802146732807, 52.408899870235473 ], [ -2.069910953519866, 52.410059179645032 ], [ -2.068019760306925, 52.410059179645032 ], [ -2.067074163700454, 52.410638834349811 ], [ -2.067074163700454, 52.412957453168929 ], [ -2.066128567093983, 52.413537107873708 ], [ -2.064237373881042, 52.413537107873708 ], [ -2.06140058406163, 52.41179814375937 ], [ -2.06140058406163, 52.410638834349811 ], [ -2.059509390848689, 52.409479524940252 ], [ -2.059509390848689, 52.407160906121135 ], [ -2.060454987455159, 52.406581251416355 ], [ -2.066128567093983, 52.406581251416355 ], [ -2.067074163700454, 52.406001596711576 ], [ -2.067074163700454, 52.400205049663782 ], [ -2.070856550126337, 52.397886430844665 ], [ -2.069910953519866, 52.397306776139885 ], [ -2.068019760306925, 52.398466085549444 ], [ -2.066128567093983, 52.398466085549444 ], [ -2.064237373881042, 52.399625394959003 ], [ -2.062346180668101, 52.399625394959003 ], [ -2.06140058406163, 52.400205049663782 ], [ -2.063291777274571, 52.401364359073341 ], [ -2.063291777274571, 52.4025236684829 ], [ -2.062346180668101, 52.403103323187679 ], [ -2.060454987455159, 52.403103323187679 ], [ -2.058563794242218, 52.404262632597238 ], [ -2.056672601029277, 52.404262632597238 ], [ -2.055727004422806, 52.403682977892458 ], [ -2.055727004422806, 52.400205049663782 ], [ -2.058563794242218, 52.398466085549444 ], [ -2.060454987455159, 52.398466085549444 ], [ -2.063291777274571, 52.396727121435106 ], [ -2.062346180668101, 52.396147466730326 ], [ -2.060454987455159, 52.396147466730326 ], [ -2.059509390848689, 52.395567812025547 ], [ -2.064237373881042, 52.39266953850165 ], [ -2.066128567093983, 52.39266953850165 ], [ -2.067074163700454, 52.392089883796871 ], [ -2.067074163700454, 52.390930574387312 ], [ -2.066128567093983, 52.390350919682533 ], [ -2.064237373881042, 52.391510229092091 ], [ -2.062346180668101, 52.391510229092091 ], [ -2.060454987455159, 52.39266953850165 ], [ -2.058563794242218, 52.39266953850165 ], [ -2.057618197635747, 52.392089883796871 ], [ -2.057618197635747, 52.388611955568194 ], [ -2.058563794242218, 52.388032300863415 ], [ -2.060454987455159, 52.388032300863415 ], [ -2.062346180668101, 52.386872991453856 ], [ -2.064237373881042, 52.386872991453856 ], [ -2.066128567093983, 52.388032300863415 ], [ -2.068019760306925, 52.388032300863415 ], [ -2.068965356913395, 52.388611955568194 ], [ -2.068965356913395, 52.390930574387312 ], [ -2.070856550126337, 52.392089883796871 ], [ -2.070856550126337, 52.393249193206429 ], [ -2.068965356913395, 52.394408502615988 ], [ -2.071802146732807, 52.396147466730326 ], [ -2.072747743339278, 52.395567812025547 ], [ -2.072747743339278, 52.394408502615988 ], [ -2.07558453315869, 52.39266953850165 ], [ -2.077475726371631, 52.39266953850165 ], [ -2.079366919584572, 52.393828847911209 ], [ -2.085040499223396, 52.393828847911209 ], [ -2.086931692436337, 52.394988157320768 ], [ -2.088822885649279, 52.394988157320768 ], [ -2.09071407886222, 52.393828847911209 ], [ -2.094496465288103, 52.393828847911209 ], [ -2.095442061894573, 52.394408502615988 ], [ -2.095442061894573, 52.395567812025547 ], [ -2.096387658501044, 52.396147466730326 ], [ -2.097333255107515, 52.395567812025547 ], [ -2.097333255107515, 52.393249193206429 ], [ -2.099224448320456, 52.392089883796871 ], [ -2.096387658501044, 52.390350919682533 ], [ -2.094496465288103, 52.391510229092091 ], [ -2.09071407886222, 52.391510229092091 ], [ -2.087877289042808, 52.389771264977753 ], [ -2.092605272075161, 52.386872991453856 ], [ -2.094496465288103, 52.388032300863415 ], [ -2.096387658501044, 52.388032300863415 ], [ -2.097333255107515, 52.387452646158636 ], [ -2.092605272075161, 52.384554372634739 ], [ -2.09071407886222, 52.384554372634739 ], [ -2.088822885649279, 52.385713682044297 ], [ -2.086931692436337, 52.385713682044297 ], [ -2.085986095829867, 52.385134027339518 ], [ -2.085986095829867, 52.381656099110842 ], [ -2.085040499223396, 52.381076444406062 ], [ -2.083149306010455, 52.381076444406062 ], [ -2.082203709403984, 52.380496789701283 ], [ -2.082203709403984, 52.378178170882165 ], [ -2.084094902616926, 52.377018861472607 ], [ -2.084094902616926, 52.374700242653489 ], [ -2.085986095829867, 52.37354093324393 ], [ -2.085040499223396, 52.372961278539151 ], [ -2.081258112797514, 52.372961278539151 ], [ -2.079366919584572, 52.371801969129592 ], [ -2.077475726371631, 52.371801969129592 ], [ -2.07558453315869, 52.372961278539151 ], [ -2.073693339945748, 52.371801969129592 ], [ -2.072747743339278, 52.372381623834372 ], [ -2.074638936552219, 52.37354093324393 ], [ -2.074638936552219, 52.374700242653489 ], [ -2.073693339945748, 52.375279897358268 ], [ -2.069910953519866, 52.375279897358268 ], [ -2.068019760306925, 52.37412058794871 ], [ -2.064237373881042, 52.37412058794871 ], [ -2.062346180668101, 52.372961278539151 ], [ -2.060454987455159, 52.372961278539151 ], [ -2.059509390848689, 52.372381623834372 ], [ -2.06140058406163, 52.371222314424813 ], [ -2.06140058406163, 52.370063005015254 ], [ -2.063291777274571, 52.368903695605695 ], [ -2.063291777274571, 52.367744386196136 ], [ -2.064237373881042, 52.367164731491357 ], [ -2.066128567093983, 52.367164731491357 ], [ -2.071802146732807, 52.370642659720033 ], [ -2.072747743339278, 52.370063005015254 ], [ -2.072747743339278, 52.368903695605695 ], [ -2.071802146732807, 52.368324040900916 ], [ -2.069910953519866, 52.368324040900916 ], [ -2.068965356913395, 52.367744386196136 ], [ -2.068965356913395, 52.366585076786578 ], [ -2.067074163700454, 52.365425767377019 ], [ -2.067074163700454, 52.36426645796746 ], [ -2.065182970487513, 52.363107148557901 ], [ -2.065182970487513, 52.361947839148343 ], [ -2.067074163700454, 52.360788529738784 ], [ -2.067074163700454, 52.359629220329225 ], [ -2.065182970487513, 52.358469910919666 ], [ -2.065182970487513, 52.357310601510108 ], [ -2.064237373881042, 52.356730946805328 ], [ -2.063291777274571, 52.357310601510108 ], [ -2.063291777274571, 52.358469910919666 ], [ -2.062346180668101, 52.359049565624446 ], [ -2.054781407816336, 52.359049565624446 ], [ -2.052890214603394, 52.360208875034004 ], [ -2.050999021390453, 52.360208875034004 ], [ -2.050053424783982, 52.359629220329225 ], [ -2.051944617996924, 52.358469910919666 ], [ -2.051944617996924, 52.357310601510108 ], [ -2.050053424783982, 52.356151292100549 ], [ -2.050053424783982, 52.352673363871872 ], [ -2.050999021390453, 52.352093709167093 ], [ -2.052890214603394, 52.352093709167093 ], [ -2.053835811209865, 52.351514054462314 ], [ -2.052890214603394, 52.350934399757534 ], [ -2.050999021390453, 52.350934399757534 ], [ -2.050053424783982, 52.350354745052755 ], [ -2.050053424783982, 52.349195435643196 ], [ -2.048162231571041, 52.348036126233637 ], [ -2.048162231571041, 52.346876816824079 ], [ -2.04721663496457, 52.346297162119299 ], [ -2.0462710383581, 52.346876816824079 ], [ -2.0462710383581, 52.349195435643196 ], [ -2.045325441751629, 52.349775090347975 ], [ -2.041543055325747, 52.349775090347975 ], [ -2.039651862112805, 52.348615780938417 ], [ -2.038706265506335, 52.349195435643196 ], [ -2.040597458719276, 52.350354745052755 ], [ -2.036815072293393, 52.352673363871872 ], [ -2.039651862112805, 52.354412327986211 ], [ -2.043434248538688, 52.354412327986211 ], [ -2.044379845145158, 52.35499198269099 ], [ -2.042488651932217, 52.356151292100549 ], [ -2.042488651932217, 52.358469910919666 ], [ -2.041543055325747, 52.359049565624446 ], [ -2.039651862112805, 52.357890256214887 ], [ -2.038706265506335, 52.358469910919666 ], [ -2.040597458719276, 52.359629220329225 ], [ -2.039651862112805, 52.360208875034004 ], [ -2.037760668899864, 52.360208875034004 ], [ -2.035869475686923, 52.361368184443563 ], [ -2.033978282473981, 52.361368184443563 ], [ -2.033032685867511, 52.360788529738784 ], [ -2.033032685867511, 52.359629220329225 ], [ -2.03208708926104, 52.359049565624446 ], [ -2.030195896048099, 52.359049565624446 ], [ -2.029250299441628, 52.358469910919666 ], [ -2.031141492654569, 52.357310601510108 ], [ -2.031141492654569, 52.356151292100549 ], [ -2.030195896048099, 52.355571637395769 ], [ -2.029250299441628, 52.356151292100549 ], [ -2.029250299441628, 52.357310601510108 ], [ -2.026413509622216, 52.359049565624446 ], [ -2.024522316409275, 52.357890256214887 ], [ -2.023576719802804, 52.358469910919666 ], [ -2.026413509622216, 52.360208875034004 ], [ -2.030195896048099, 52.360208875034004 ], [ -2.033032685867511, 52.361947839148343 ], [ -2.031141492654569, 52.363107148557901 ], [ -2.033032685867511, 52.36426645796746 ], [ -2.030195896048099, 52.366005422081798 ], [ -2.022631123196334, 52.366005422081798 ], [ -2.021685526589863, 52.366585076786578 ], [ -2.021685526589863, 52.367744386196136 ], [ -2.01695754355751, 52.370642659720033 ], [ -2.013175157131627, 52.370642659720033 ], [ -2.011283963918686, 52.369483350310475 ], [ -2.010338367312215, 52.370063005015254 ], [ -2.010338367312215, 52.371222314424813 ], [ -2.013175157131627, 52.372961278539151 ], [ -2.015066350344568, 52.371801969129592 ], [ -2.01695754355751, 52.372961278539151 ], [ -2.018848736770451, 52.371801969129592 ], [ -2.020739929983392, 52.371801969129592 ], [ -2.024522316409275, 52.37412058794871 ], [ -2.028304702835158, 52.37412058794871 ], [ -2.029250299441628, 52.374700242653489 ], [ -2.029250299441628, 52.375859552063048 ], [ -2.025467913015746, 52.378178170882165 ], [ -2.025467913015746, 52.379337480291724 ], [ -2.028304702835158, 52.381076444406062 ], [ -2.029250299441628, 52.380496789701283 ], [ -2.029250299441628, 52.379337480291724 ], [ -2.030195896048099, 52.378757825586945 ], [ -2.03208708926104, 52.378757825586945 ], [ -2.033032685867511, 52.378178170882165 ], [ -2.033032685867511, 52.377018861472607 ], [ -2.033978282473981, 52.376439206767827 ], [ -2.036815072293393, 52.378178170882165 ], [ -2.033978282473981, 52.379917134996504 ], [ -2.03208708926104, 52.379917134996504 ], [ -2.031141492654569, 52.380496789701283 ], [ -2.031141492654569, 52.381656099110842 ], [ -2.029250299441628, 52.382815408520401 ], [ -2.029250299441628, 52.383974717929959 ], [ -2.027359106228687, 52.385134027339518 ], [ -2.027359106228687, 52.388611955568194 ], [ -2.026413509622216, 52.389191610272974 ], [ -2.024522316409275, 52.389191610272974 ], [ -2.021685526589863, 52.387452646158636 ], [ -2.021685526589863, 52.386293336749077 ], [ -2.023576719802804, 52.385134027339518 ], [ -2.022631123196334, 52.384554372634739 ], [ -2.020739929983392, 52.385713682044297 ], [ -2.011283963918686, 52.385713682044297 ], [ -2.009392770705745, 52.386872991453856 ], [ -2.005610384279862, 52.386872991453856 ], [ -2.004664787673391, 52.387452646158636 ], [ -2.004664787673391, 52.388611955568194 ], [ -2.003719191066921, 52.389191610272974 ], [ -2.001827997853979, 52.389191610272974 ], [ -2.000882401247509, 52.389771264977753 ], [ -2.000882401247509, 52.390930574387312 ], [ -2.00277359446045, 52.392089883796871 ], [ -2.00277359446045, 52.393249193206429 ], [ -2.001827997853979, 52.393828847911209 ], [ -1.999936804641038, 52.393828847911209 ], [ -1.998991208034568, 52.394408502615988 ], [ -1.998991208034568, 52.395567812025547 ], [ -1.998045611428097, 52.396147466730326 ], [ -1.996154418215156, 52.396147466730326 ], [ -1.994263225002214, 52.394988157320768 ], [ -1.98858964536339, 52.394988157320768 ], [ -1.985752855543979, 52.396727121435106 ], [ -1.985752855543979, 52.397886430844665 ], [ -1.982916065724567, 52.399625394959003 ], [ -1.981970469118096, 52.399045740254223 ], [ -1.981970469118096, 52.397886430844665 ], [ -1.981024872511625, 52.397306776139885 ], [ -1.980079275905155, 52.397886430844665 ], [ -1.980079275905155, 52.4025236684829 ], [ -1.978188082692213, 52.403682977892458 ], [ -1.978188082692213, 52.406001596711576 ], [ -1.975351292872801, 52.407740560825914 ], [ -1.97346009965986, 52.407740560825914 ], [ -1.972514503053389, 52.408320215530694 ], [ -1.974405696266331, 52.409479524940252 ], [ -1.972514503053389, 52.410638834349811 ], [ -1.972514503053389, 52.41179814375937 ], [ -1.970623309840448, 52.412957453168929 ], [ -1.971568906446919, 52.413537107873708 ], [ -1.97346009965986, 52.413537107873708 ], [ -1.974405696266331, 52.414116762578487 ], [ -1.968732116627507, 52.417594690807164 ], [ -1.968732116627507, 52.418754000216722 ], [ -1.967786520021036, 52.419333654921502 ], [ -1.965895326808095, 52.419333654921502 ], [ -1.963058536988683, 52.42107261903584 ], [ -1.964949730201624, 52.422231928445399 ], [ -1.964949730201624, 52.423391237854958 ], [ -1.961167343775742, 52.425709856674075 ], [ -1.963058536988683, 52.426869166083634 ], [ -1.963058536988683, 52.429187784902751 ], [ -1.962112940382212, 52.429767439607531 ], [ -1.960221747169271, 52.429767439607531 ], [ -1.95833055395633, 52.428608130197972 ], [ -1.955493764136918, 52.43034709431231 ], [ -1.957384957349859, 52.431506403721869 ], [ -1.955493764136918, 52.432665713131428 ], [ -1.955493764136918, 52.433825022540987 ], [ -1.957384957349859, 52.434984331950545 ], [ -1.957384957349859, 52.438462260179222 ], [ -1.9592761505628, 52.43962156958878 ], [ -1.9592761505628, 52.441940188407898 ], [ -1.957384957349859, 52.443099497817457 ], [ -1.9592761505628, 52.444258807227015 ], [ -1.95833055395633, 52.444838461931795 ], [ -1.956439360743389, 52.444838461931795 ], [ -1.955493764136918, 52.445418116636574 ], [ -1.956439360743389, 52.445997771341354 ], [ -1.960221747169271, 52.445997771341354 ], [ -1.961167343775742, 52.446577426046133 ], [ -1.961167343775742, 52.447736735455692 ], [ -1.9592761505628, 52.448896044865251 ], [ -1.960221747169271, 52.44947569957003 ], [ -1.962112940382212, 52.448316390160471 ], [ -1.964949730201624, 52.450055354274809 ], [ -1.960221747169271, 52.452953627798706 ], [ -1.95833055395633, 52.452953627798706 ], [ -1.957384957349859, 52.452373973093927 ], [ -1.957384957349859, 52.451214663684368 ], [ -1.956439360743389, 52.450635008979589 ], [ -1.955493764136918, 52.451214663684368 ], [ -1.955493764136918, 52.452373973093927 ], [ -1.953602570923977, 52.453533282503486 ], [ -1.954548167530447, 52.454112937208265 ], [ -1.956439360743389, 52.454112937208265 ], [ -1.957384957349859, 52.454692591913044 ], [ -1.956439360743389, 52.455272246617824 ], [ -1.954548167530447, 52.455272246617824 ], [ -1.953602570923977, 52.455851901322603 ], [ -1.953602570923977, 52.457011210732162 ], [ -1.948874587891623, 52.459909484256059 ], [ -1.946983394678682, 52.4587501748465 ], [ -1.941309815039858, 52.462228103075176 ], [ -1.937527428613976, 52.462228103075176 ], [ -1.935636235401034, 52.463387412484735 ], [ -1.933745042188093, 52.463387412484735 ], [ -1.932799445581622, 52.463967067189515 ], [ -1.934690638794564, 52.465126376599073 ], [ -1.934690638794564, 52.466285686008632 ], [ -1.933745042188093, 52.466865340713412 ], [ -1.931853848975152, 52.465706031303853 ], [ -1.92996265576221, 52.466865340713412 ], [ -1.926180269336328, 52.466865340713412 ], [ -1.925234672729857, 52.466285686008632 ], [ -1.925234672729857, 52.463967067189515 ], [ -1.927125865942799, 52.462807757779956 ], [ -1.927125865942799, 52.460489138960838 ], [ -1.925234672729857, 52.45932982955128 ], [ -1.927125865942799, 52.458170520141721 ], [ -1.926180269336328, 52.457590865436941 ], [ -1.924289076123387, 52.457590865436941 ], [ -1.923343479516916, 52.458170520141721 ], [ -1.923343479516916, 52.45932982955128 ], [ -1.925234672729857, 52.460489138960838 ], [ -1.924289076123387, 52.461068793665618 ], [ -1.922397882910445, 52.461068793665618 ], [ -1.921452286303975, 52.460489138960838 ], [ -1.921452286303975, 52.45932982955128 ], [ -1.920506689697504, 52.4587501748465 ], [ -1.918615496484563, 52.4587501748465 ], [ -1.915778706665151, 52.457011210732162 ], [ -1.915778706665151, 52.454692591913044 ], [ -1.91388751345221, 52.453533282503486 ], [ -1.91388751345221, 52.451214663684368 ], [ -1.911050723632798, 52.44947569957003 ], [ -1.910105127026327, 52.450055354274809 ], [ -1.910105127026327, 52.454692591913044 ], [ -1.909159530419856, 52.455272246617824 ], [ -1.905377143993974, 52.455272246617824 ], [ -1.903485950781032, 52.456431556027383 ], [ -1.901594757568091, 52.456431556027383 ], [ -1.89970356435515, 52.455272246617824 ], [ -1.897812371142209, 52.455272246617824 ], [ -1.896866774535738, 52.455851901322603 ], [ -1.897812371142209, 52.456431556027383 ], [ -1.89970356435515, 52.456431556027383 ], [ -1.900649160961621, 52.457011210732162 ], [ -1.89970356435515, 52.457590865436941 ], [ -1.895921177929267, 52.457590865436941 ], [ -1.894029984716326, 52.456431556027383 ], [ -1.893084388109855, 52.457011210732162 ], [ -1.894975581322797, 52.458170520141721 ], [ -1.892138791503385, 52.459909484256059 ], [ -1.890247598290443, 52.4587501748465 ], [ -1.889302001683973, 52.45932982955128 ], [ -1.889302001683973, 52.460489138960838 ], [ -1.886465211864561, 52.462228103075176 ], [ -1.88457401865162, 52.462228103075176 ], [ -1.883628422045149, 52.462807757779956 ], [ -1.88551961525809, 52.463967067189515 ], [ -1.88457401865162, 52.464546721894294 ], [ -1.882682825438678, 52.464546721894294 ], [ -1.881737228832208, 52.463967067189515 ], [ -1.881737228832208, 52.461648448370397 ], [ -1.878900439012796, 52.459909484256059 ], [ -1.877954842406325, 52.460489138960838 ], [ -1.879846035619266, 52.461648448370397 ], [ -1.879846035619266, 52.462807757779956 ], [ -1.878900439012796, 52.463387412484735 ], [ -1.877009245799854, 52.463387412484735 ], [ -1.874172455980442, 52.461648448370397 ], [ -1.874172455980442, 52.460489138960838 ], [ -1.873226859373972, 52.459909484256059 ], [ -1.872281262767501, 52.460489138960838 ], [ -1.872281262767501, 52.461648448370397 ], [ -1.869444472948089, 52.463387412484735 ], [ -1.865662086522207, 52.463387412484735 ], [ -1.864716489915736, 52.463967067189515 ], [ -1.864716489915736, 52.465126376599073 ], [ -1.863770893309265, 52.465706031303853 ], [ -1.860934103489853, 52.463967067189515 ], [ -1.860934103489853, 52.462807757779956 ], [ -1.859988506883383, 52.462228103075176 ], [ -1.857151717063971, 52.463967067189515 ], [ -1.857151717063971, 52.465126376599073 ], [ -1.859988506883383, 52.466865340713412 ], [ -1.861879700096324, 52.465706031303853 ], [ -1.862825296702795, 52.466285686008632 ], [ -1.862825296702795, 52.46860430482775 ], [ -1.864716489915736, 52.469763614237309 ], [ -1.864716489915736, 52.470922923646867 ], [ -1.861879700096324, 52.472661887761205 ], [ -1.859988506883383, 52.472661887761205 ], [ -1.858097313670442, 52.473821197170764 ], [ -1.8562061204575, 52.472661887761205 ], [ -1.85526052385103, 52.473241542465985 ], [ -1.857151717063971, 52.474400851875544 ], [ -1.853369330638088, 52.476719470694661 ], [ -1.853369330638088, 52.47787878010422 ], [ -1.85526052385103, 52.479038089513779 ], [ -1.85526052385103, 52.482516017742455 ], [ -1.851478137425147, 52.484834636561573 ], [ -1.852423734031618, 52.485414291266352 ], [ -1.854314927244559, 52.484254981856793 ], [ -1.85526052385103, 52.484834636561573 ], [ -1.85526052385103, 52.485993945971131 ], [ -1.857151717063971, 52.48715325538069 ], [ -1.857151717063971, 52.488312564790249 ], [ -1.859042910276912, 52.489471874199808 ], [ -1.858097313670442, 52.490051528904587 ], [ -1.8562061204575, 52.490051528904587 ], [ -1.854314927244559, 52.488892219495028 ], [ -1.850532540818676, 52.488892219495028 ], [ -1.849586944212206, 52.489471874199808 ], [ -1.849586944212206, 52.490631183609366 ], [ -1.846750154392794, 52.492370147723705 ], [ -1.844858961179852, 52.491210838314146 ], [ -1.842022171360441, 52.492949802428484 ], [ -1.842022171360441, 52.495268421247602 ], [ -1.840130978147499, 52.49642773065716 ], [ -1.842022171360441, 52.497587040066719 ], [ -1.842022171360441, 52.498746349476278 ], [ -1.842967767966911, 52.499326004181057 ], [ -1.844858961179852, 52.499326004181057 ], [ -1.845804557786323, 52.499905658885837 ], [ -1.845804557786323, 52.501064968295395 ], [ -1.844858961179852, 52.501644623000175 ], [ -1.842967767966911, 52.501644623000175 ], [ -1.84107657475397, 52.502803932409734 ], [ -1.837294188328087, 52.502803932409734 ], [ -1.834457398508675, 52.501064968295395 ], [ -1.836348591721617, 52.499905658885837 ], [ -1.836348591721617, 52.498746349476278 ], [ -1.838239784934558, 52.497587040066719 ], [ -1.837294188328087, 52.49700738536194 ], [ -1.835402995115146, 52.498166694771498 ], [ -1.833511801902205, 52.498166694771498 ], [ -1.832566205295734, 52.497587040066719 ], [ -1.832566205295734, 52.49642773065716 ], [ -1.834457398508675, 52.495268421247602 ], [ -1.833511801902205, 52.494688766542822 ], [ -1.829729415476322, 52.49700738536194 ], [ -1.824055835837498, 52.49700738536194 ], [ -1.823110239231028, 52.497587040066719 ], [ -1.823110239231028, 52.498746349476278 ], [ -1.822164642624557, 52.499326004181057 ], [ -1.820273449411616, 52.499326004181057 ], [ -1.818382256198674, 52.498166694771498 ], [ -1.816491062985733, 52.498166694771498 ], [ -1.815545466379263, 52.498746349476278 ], [ -1.816491062985733, 52.499326004181057 ], [ -1.818382256198674, 52.499326004181057 ], [ -1.819327852805145, 52.499905658885837 ], [ -1.819327852805145, 52.503383587114513 ], [ -1.816491062985733, 52.505122551228851 ], [ -1.814599869772792, 52.505122551228851 ], [ -1.813654273166321, 52.50570220593363 ], [ -1.815545466379263, 52.506861515343189 ], [ -1.812708676559851, 52.508600479457527 ], [ -1.810817483346909, 52.508600479457527 ], [ -1.808926290133968, 52.509759788867086 ], [ -1.805143903708085, 52.509759788867086 ], [ -1.804198307101615, 52.510339443571866 ], [ -1.804198307101615, 52.511498752981424 ], [ -1.806089500314556, 52.512658062390983 ], [ -1.805143903708085, 52.513237717095762 ], [ -1.803252710495144, 52.513237717095762 ], [ -1.801361517282203, 52.514397026505321 ], [ -1.799470324069262, 52.514397026505321 ], [ -1.798524727462791, 52.513817371800542 ], [ -1.798524727462791, 52.512658062390983 ], [ -1.79757913085632, 52.512078407686204 ], [ -1.79663353424985, 52.512658062390983 ], [ -1.79663353424985, 52.513817371800542 ], [ -1.795687937643379, 52.514397026505321 ], [ -1.793796744430438, 52.514397026505321 ], [ -1.792851147823967, 52.514976681210101 ], [ -1.793796744430438, 52.51555633591488 ], [ -1.795687937643379, 52.51555633591488 ], [ -1.79663353424985, 52.516135990619659 ], [ -1.795687937643379, 52.516715645324439 ], [ -1.793796744430438, 52.516715645324439 ], [ -1.790959954611026, 52.518454609438777 ], [ -1.791905551217496, 52.519034264143556 ], [ -1.793796744430438, 52.517874954733998 ], [ -1.799470324069262, 52.517874954733998 ], [ -1.800415920675732, 52.518454609438777 ], [ -1.79757913085632, 52.520193573553115 ], [ -1.795687937643379, 52.520193573553115 ], [ -1.793796744430438, 52.521352882962674 ], [ -1.791905551217496, 52.521352882962674 ], [ -1.790959954611026, 52.521932537667453 ], [ -1.790959954611026, 52.524251156486571 ], [ -1.789068761398084, 52.52541046589613 ], [ -1.790014358004555, 52.525990120600909 ], [ -1.795687937643379, 52.522512192372233 ], [ -1.800415920675732, 52.52541046589613 ], [ -1.800415920675732, 52.526569775305688 ], [ -1.801361517282203, 52.527149430010468 ], [ -1.805143903708085, 52.52483081119135 ], [ -1.807035096921027, 52.52483081119135 ], [ -1.812708676559851, 52.528308739420027 ], [ -1.816491062985733, 52.528308739420027 ], [ -1.818382256198674, 52.529468048829585 ], [ -1.820273449411616, 52.528308739420027 ], [ -1.821219046018086, 52.528888394124806 ], [ -1.821219046018086, 52.531207012943923 ], [ -1.824055835837498, 52.532945977058262 ], [ -1.827838222263381, 52.532945977058262 ], [ -1.828783818869852, 52.533525631763041 ], [ -1.82689262565691, 52.5346849411726 ], [ -1.82689262565691, 52.538162869401276 ], [ -1.829729415476322, 52.539901833515614 ], [ -1.831620608689263, 52.538742524106055 ], [ -1.833511801902205, 52.538742524106055 ], [ -1.834457398508675, 52.539322178810835 ], [ -1.832566205295734, 52.540481488220394 ], [ -1.832566205295734, 52.542800107039511 ], [ -1.831620608689263, 52.543379761744291 ], [ -1.829729415476322, 52.543379761744291 ], [ -1.828783818869852, 52.54395941644907 ], [ -1.828783818869852, 52.545118725858629 ], [ -1.827838222263381, 52.545698380563408 ], [ -1.82594702905044, 52.545698380563408 ], [ -1.825001432443969, 52.546278035268188 ], [ -1.825001432443969, 52.548596654087305 ], [ -1.823110239231028, 52.549755963496864 ], [ -1.82689262565691, 52.552074582315981 ], [ -1.82689262565691, 52.55323389172554 ], [ -1.82594702905044, 52.55381354643032 ], [ -1.824055835837498, 52.55381354643032 ], [ -1.821219046018086, 52.555552510544658 ], [ -1.823110239231028, 52.556711819954216 ], [ -1.823110239231028, 52.557871129363775 ], [ -1.822164642624557, 52.558450784068555 ], [ -1.820273449411616, 52.558450784068555 ], [ -1.819327852805145, 52.559030438773334 ], [ -1.820273449411616, 52.559610093478113 ], [ -1.822164642624557, 52.559610093478113 ], [ -1.824055835837498, 52.560769402887672 ], [ -1.82594702905044, 52.560769402887672 ], [ -1.82689262565691, 52.561349057592452 ], [ -1.82689262565691, 52.56250836700201 ], [ -1.828783818869852, 52.563667676411569 ], [ -1.828783818869852, 52.564826985821128 ], [ -1.829729415476322, 52.565406640525907 ], [ -1.832566205295734, 52.563667676411569 ], [ -1.832566205295734, 52.56250836700201 ], [ -1.833511801902205, 52.561928712297231 ], [ -1.837294188328087, 52.561928712297231 ], [ -1.838239784934558, 52.561349057592452 ], [ -1.838239784934558, 52.560189748182893 ], [ -1.837294188328087, 52.559610093478113 ], [ -1.835402995115146, 52.559610093478113 ], [ -1.834457398508675, 52.559030438773334 ], [ -1.837294188328087, 52.557291474658996 ], [ -1.84107657475397, 52.557291474658996 ], [ -1.842022171360441, 52.557871129363775 ], [ -1.842022171360441, 52.559030438773334 ], [ -1.845804557786323, 52.561349057592452 ], [ -1.845804557786323, 52.56250836700201 ], [ -1.848641347605735, 52.564247331116349 ], [ -1.850532540818676, 52.56308802170679 ], [ -1.852423734031618, 52.56308802170679 ], [ -1.853369330638088, 52.56250836700201 ], [ -1.853369330638088, 52.561349057592452 ], [ -1.852423734031618, 52.560769402887672 ], [ -1.850532540818676, 52.560769402887672 ], [ -1.847695750999264, 52.559030438773334 ], [ -1.847695750999264, 52.557871129363775 ], [ -1.849586944212206, 52.556711819954216 ], [ -1.848641347605735, 52.555987251573242 ], [ -1.846750154392794, 52.555987251573242 ], [ -1.846750154392794, 52.555117769516073 ], [ -1.847932150150882, 52.554393201135099 ], [ -1.849350545060588, 52.554393201135099 ], [ -1.850532540818676, 52.555117769516073 ], [ -1.851478137425147, 52.556711819954216 ], [ -1.854314927244559, 52.558450784068555 ], [ -1.8562061204575, 52.558450784068555 ], [ -1.857151717063971, 52.559030438773334 ], [ -1.857151717063971, 52.561349057592452 ], [ -1.858097313670442, 52.561928712297231 ], [ -1.867553279735148, 52.561928712297231 ], [ -1.868498876341619, 52.56250836700201 ], [ -1.868498876341619, 52.563667676411569 ], [ -1.87039006955456, 52.564826985821128 ], [ -1.87039006955456, 52.565986295230687 ], [ -1.872281262767501, 52.567145604640245 ], [ -1.872281262767501, 52.568304914049804 ], [ -1.87039006955456, 52.569464223459363 ], [ -1.872281262767501, 52.570623532868922 ], [ -1.872281262767501, 52.571782842278481 ], [ -1.874172455980442, 52.572942151688039 ], [ -1.874172455980442, 52.574101461097598 ], [ -1.873226859373972, 52.574681115802377 ], [ -1.865662086522207, 52.574681115802377 ], [ -1.859988506883383, 52.571203187573701 ], [ -1.8562061204575, 52.571203187573701 ], [ -1.85526052385103, 52.571782842278481 ], [ -1.85526052385103, 52.572942151688039 ], [ -1.859042910276912, 52.575260770507157 ], [ -1.859042910276912, 52.576420079916716 ], [ -1.857151717063971, 52.577579389326274 ], [ -1.857151717063971, 52.581057317554951 ], [ -1.858097313670442, 52.58163697225973 ], [ -1.861879700096324, 52.58163697225973 ], [ -1.863770893309265, 52.580477662850171 ], [ -1.865662086522207, 52.58163697225973 ], [ -1.867553279735148, 52.58163697225973 ], [ -1.868498876341619, 52.582216626964509 ], [ -1.868498876341619, 52.584535245783627 ], [ -1.868262477190001, 52.585694555193186 ], [ -1.864952889067354, 52.585694555193186 ], [ -1.863770893309265, 52.585114900488406 ], [ -1.859988506883383, 52.585114900488406 ], [ -1.858097313670442, 52.586274209897965 ], [ -1.852423734031618, 52.586274209897965 ], [ -1.850532540818676, 52.585114900488406 ], [ -1.842967767966911, 52.585114900488406 ], [ -1.842022171360441, 52.584535245783627 ], [ -1.843913364573382, 52.583375936374068 ], [ -1.843913364573382, 52.582216626964509 ], [ -1.845804557786323, 52.581057317554951 ], [ -1.844858961179852, 52.580477662850171 ], [ -1.84107657475397, 52.580477662850171 ], [ -1.840130978147499, 52.579898008145392 ], [ -1.840130978147499, 52.578738698735833 ], [ -1.84107657475397, 52.578159044031054 ], [ -1.842967767966911, 52.579318353440613 ], [ -1.848641347605735, 52.579318353440613 ], [ -1.849586944212206, 52.578738698735833 ], [ -1.848641347605735, 52.578159044031054 ], [ -1.844858961179852, 52.578159044031054 ], [ -1.842967767966911, 52.576999734621495 ], [ -1.84107657475397, 52.576999734621495 ], [ -1.839185381541029, 52.575840425211936 ], [ -1.837294188328087, 52.576999734621495 ], [ -1.835402995115146, 52.576999734621495 ], [ -1.834457398508675, 52.577579389326274 ], [ -1.834457398508675, 52.578738698735833 ], [ -1.833511801902205, 52.579318353440613 ], [ -1.831620608689263, 52.579318353440613 ], [ -1.829729415476322, 52.578159044031054 ], [ -1.827838222263381, 52.578159044031054 ], [ -1.82689262565691, 52.578738698735833 ], [ -1.82689262565691, 52.582216626964509 ], [ -1.830675012082793, 52.584535245783627 ], [ -1.830675012082793, 52.586853864602745 ], [ -1.828783818869852, 52.588013174012303 ], [ -1.828783818869852, 52.589172483421862 ], [ -1.829729415476322, 52.589752138126642 ], [ -1.833511801902205, 52.589752138126642 ], [ -1.835402995115146, 52.588592828717083 ], [ -1.836348591721617, 52.589172483421862 ], [ -1.836348591721617, 52.59149110224098 ], [ -1.834457398508675, 52.592650411650538 ], [ -1.835402995115146, 52.593230066355318 ], [ -1.839185381541029, 52.593230066355318 ], [ -1.840130978147499, 52.593809721060097 ], [ -1.839185381541029, 52.594389375764877 ], [ -1.837294188328087, 52.594389375764877 ], [ -1.836348591721617, 52.594969030469656 ], [ -1.837294188328087, 52.595548685174435 ], [ -1.84107657475397, 52.595548685174435 ], [ -1.842022171360441, 52.596128339879215 ], [ -1.842022171360441, 52.598446958698332 ], [ -1.840130978147499, 52.599606268107891 ], [ -1.840130978147499, 52.603084196336567 ], [ -1.842022171360441, 52.604243505746126 ], [ -1.84107657475397, 52.604823160450906 ], [ -1.839185381541029, 52.604823160450906 ], [ -1.838239784934558, 52.605402815155685 ], [ -1.838239784934558, 52.606562124565244 ], [ -1.836348591721617, 52.607721433974802 ], [ -1.836348591721617, 52.61004005279392 ], [ -1.837294188328087, 52.610619707498699 ], [ -1.838239784934558, 52.61004005279392 ], [ -1.838239784934558, 52.608880743384361 ], [ -1.839185381541029, 52.608301088679582 ], [ -1.84107657475397, 52.608301088679582 ], [ -1.844858961179852, 52.605982469860464 ], [ -1.846750154392794, 52.605982469860464 ], [ -1.848641347605735, 52.607141779270023 ], [ -1.850532540818676, 52.607141779270023 ], [ -1.852423734031618, 52.605982469860464 ], [ -1.854314927244559, 52.605982469860464 ], [ -1.8562061204575, 52.604823160450906 ], [ -1.861879700096324, 52.604823160450906 ], [ -1.862825296702795, 52.605402815155685 ], [ -1.860934103489853, 52.606562124565244 ], [ -1.861879700096324, 52.607141779270023 ], [ -1.863770893309265, 52.607141779270023 ], [ -1.864716489915736, 52.606562124565244 ], [ -1.864716489915736, 52.605402815155685 ], [ -1.865662086522207, 52.604823160450906 ], [ -1.867553279735148, 52.605982469860464 ], [ -1.869444472948089, 52.605982469860464 ], [ -1.871335666161031, 52.604823160450906 ], [ -1.873226859373972, 52.604823160450906 ], [ -1.878900439012796, 52.608301088679582 ], [ -1.880791632225737, 52.608301088679582 ], [ -1.881737228832208, 52.608880743384361 ], [ -1.881737228832208, 52.612358671613038 ], [ -1.883628422045149, 52.613517981022596 ], [ -1.882682825438678, 52.614097635727376 ], [ -1.878900439012796, 52.614097635727376 ], [ -1.877009245799854, 52.615256945136935 ], [ -1.875118052586913, 52.615256945136935 ], [ -1.874172455980442, 52.615836599841714 ], [ -1.875118052586913, 52.616416254546493 ], [ -1.880791632225737, 52.616416254546493 ], [ -1.882682825438678, 52.617575563956052 ], [ -1.88457401865162, 52.617575563956052 ], [ -1.88551961525809, 52.618155218660831 ], [ -1.88551961525809, 52.61931452807039 ], [ -1.88457401865162, 52.61989418277517 ], [ -1.882682825438678, 52.61989418277517 ], [ -1.879846035619266, 52.621633146889508 ], [ -1.880791632225737, 52.622212801594287 ], [ -1.886465211864561, 52.622212801594287 ], [ -1.888356405077502, 52.621053492184728 ], [ -1.891193194896914, 52.622792456299067 ], [ -1.888356405077502, 52.624531420413405 ], [ -1.886465211864561, 52.624531420413405 ], [ -1.88551961525809, 52.625111075118184 ], [ -1.886465211864561, 52.625690729822963 ], [ -1.890247598290443, 52.625690729822963 ], [ -1.891193194896914, 52.626270384527743 ], [ -1.891193194896914, 52.62858900334686 ], [ -1.892138791503385, 52.62916865805164 ], [ -1.893084388109855, 52.62858900334686 ], [ -1.893084388109855, 52.625111075118184 ], [ -1.894029984716326, 52.624531420413405 ], [ -1.897812371142209, 52.626850039232522 ], [ -1.89970356435515, 52.626850039232522 ], [ -1.900649160961621, 52.627429693937302 ], [ -1.900649160961621, 52.629748312756419 ], [ -1.89970356435515, 52.630327967461199 ], [ -1.897812371142209, 52.630327967461199 ], [ -1.896866774535738, 52.630907622165978 ], [ -1.896866774535738, 52.632066931575537 ], [ -1.895921177929267, 52.632646586280316 ], [ -1.894029984716326, 52.632646586280316 ], [ -1.893084388109855, 52.633226240985096 ], [ -1.894029984716326, 52.633805895689875 ], [ -1.895921177929267, 52.633805895689875 ], [ -1.903485950781032, 52.62916865805164 ], [ -1.905377143993974, 52.62916865805164 ], [ -1.908213933813386, 52.630907622165978 ], [ -1.908213933813386, 52.632066931575537 ], [ -1.911050723632798, 52.633805895689875 ], [ -1.912941916845739, 52.633805895689875 ], [ -1.91388751345221, 52.634385550394654 ], [ -1.91388751345221, 52.635544859804213 ], [ -1.91483311005868, 52.636124514508992 ], [ -1.916724303271621, 52.636124514508992 ], [ -1.917669899878092, 52.635544859804213 ], [ -1.91388751345221, 52.633226240985096 ], [ -1.91388751345221, 52.632066931575537 ], [ -1.911050723632798, 52.630327967461199 ], [ -1.909159530419856, 52.630327967461199 ], [ -1.908213933813386, 52.629748312756419 ], [ -1.910105127026327, 52.62858900334686 ], [ -1.908213933813386, 52.627429693937302 ], [ -1.908213933813386, 52.626270384527743 ], [ -1.903485950781032, 52.623372111003846 ], [ -1.901594757568091, 52.624531420413405 ], [ -1.89970356435515, 52.624531420413405 ], [ -1.898757967748679, 52.623951765708625 ], [ -1.898757967748679, 52.622792456299067 ], [ -1.900649160961621, 52.621633146889508 ], [ -1.900649160961621, 52.620473837479949 ], [ -1.902540354174562, 52.61931452807039 ], [ -1.900649160961621, 52.618155218660831 ], [ -1.900649160961621, 52.616995909251273 ], [ -1.89970356435515, 52.616416254546493 ], [ -1.898757967748679, 52.616995909251273 ], [ -1.898757967748679, 52.618155218660831 ], [ -1.895921177929267, 52.61989418277517 ], [ -1.891193194896914, 52.616995909251273 ], [ -1.891193194896914, 52.615836599841714 ], [ -1.889302001683973, 52.614677290432155 ], [ -1.889302001683973, 52.613517981022596 ], [ -1.891193194896914, 52.612358671613038 ], [ -1.891193194896914, 52.61004005279392 ], [ -1.892138791503385, 52.609460398089141 ], [ -1.894029984716326, 52.609460398089141 ], [ -1.895921177929267, 52.608301088679582 ], [ -1.897812371142209, 52.608301088679582 ], [ -1.89970356435515, 52.607141779270023 ], [ -1.901594757568091, 52.608301088679582 ], [ -1.903485950781032, 52.608301088679582 ], [ -1.904431547387503, 52.607721433974802 ], [ -1.902540354174562, 52.606562124565244 ], [ -1.902540354174562, 52.605402815155685 ], [ -1.903485950781032, 52.604823160450906 ], [ -1.907268337206915, 52.604823160450906 ], [ -1.909159530419856, 52.605982469860464 ], [ -1.916724303271621, 52.605982469860464 ], [ -1.918615496484563, 52.607141779270023 ], [ -1.919561093091033, 52.606562124565244 ], [ -1.919561093091033, 52.601924886927009 ], [ -1.920506689697504, 52.601345232222229 ], [ -1.921452286303975, 52.601924886927009 ], [ -1.921452286303975, 52.603084196336567 ], [ -1.922397882910445, 52.603663851041347 ], [ -1.926180269336328, 52.601345232222229 ], [ -1.928071462549269, 52.601345232222229 ], [ -1.92996265576221, 52.602504541631788 ], [ -1.931853848975152, 52.602504541631788 ], [ -1.933745042188093, 52.601345232222229 ], [ -1.935636235401034, 52.601345232222229 ], [ -1.936581832007505, 52.601924886927009 ], [ -1.936581832007505, 52.603084196336567 ], [ -1.937527428613976, 52.603663851041347 ], [ -1.939418621826917, 52.603663851041347 ], [ -1.9432010082528, 52.605982469860464 ], [ -1.945092201465741, 52.605982469860464 ], [ -1.946983394678682, 52.604823160450906 ], [ -1.948874587891623, 52.604823160450906 ], [ -1.949820184498094, 52.605402815155685 ], [ -1.946983394678682, 52.607141779270023 ], [ -1.941309815039858, 52.607141779270023 ], [ -1.937527428613976, 52.604823160450906 ], [ -1.936581832007505, 52.605402815155685 ], [ -1.940364218433388, 52.607721433974802 ], [ -1.940364218433388, 52.61004005279392 ], [ -1.941309815039858, 52.610619707498699 ], [ -1.9432010082528, 52.610619707498699 ], [ -1.947928991285153, 52.613517981022596 ], [ -1.947928991285153, 52.614677290432155 ], [ -1.94414660485927, 52.616995909251273 ], [ -1.94414660485927, 52.61931452807039 ], [ -1.9432010082528, 52.61989418277517 ], [ -1.941309815039858, 52.61989418277517 ], [ -1.937527428613976, 52.622212801594287 ], [ -1.935636235401034, 52.622212801594287 ], [ -1.934690638794564, 52.622792456299067 ], [ -1.934690638794564, 52.625111075118184 ], [ -1.935636235401034, 52.625690729822963 ], [ -1.9432010082528, 52.621053492184728 ], [ -1.945092201465741, 52.621053492184728 ], [ -1.946037798072211, 52.621633146889508 ], [ -1.946037798072211, 52.622792456299067 ], [ -1.946983394678682, 52.623372111003846 ], [ -1.948874587891623, 52.622212801594287 ], [ -1.956439360743389, 52.622212801594287 ], [ -1.95833055395633, 52.623372111003846 ], [ -1.9592761505628, 52.622792456299067 ], [ -1.9592761505628, 52.621633146889508 ], [ -1.962112940382212, 52.61989418277517 ], [ -1.966840923414566, 52.622792456299067 ], [ -1.965895326808095, 52.623372111003846 ], [ -1.964004133595154, 52.623372111003846 ], [ -1.962112940382212, 52.622212801594287 ], [ -1.961167343775742, 52.622792456299067 ], [ -1.963058536988683, 52.623951765708625 ], [ -1.963058536988683, 52.625111075118184 ], [ -1.964949730201624, 52.626270384527743 ], [ -1.964949730201624, 52.627429693937302 ], [ -1.965895326808095, 52.628009348642081 ], [ -1.967786520021036, 52.628009348642081 ], [ -1.968732116627507, 52.627429693937302 ], [ -1.966840923414566, 52.626270384527743 ], [ -1.967786520021036, 52.625690729822963 ], [ -1.975351292872801, 52.625690729822963 ], [ -1.977242486085743, 52.626850039232522 ], [ -1.980079275905155, 52.625111075118184 ], [ -1.976296889479272, 52.622792456299067 ], [ -1.976296889479272, 52.621633146889508 ], [ -1.974405696266331, 52.620473837479949 ], [ -1.974405696266331, 52.61931452807039 ], [ -1.980079275905155, 52.615836599841714 ], [ -1.980079275905155, 52.613517981022596 ], [ -1.976296889479272, 52.611199362203479 ], [ -1.977242486085743, 52.610619707498699 ], [ -1.979133679298684, 52.610619707498699 ], [ -1.981024872511625, 52.611779016908258 ], [ -1.982916065724567, 52.611779016908258 ], [ -1.983861662331037, 52.612358671613038 ], [ -1.981970469118096, 52.613517981022596 ], [ -1.983861662331037, 52.614677290432155 ], [ -1.983861662331037, 52.615836599841714 ], [ -1.984807258937508, 52.616416254546493 ], [ -1.985752855543979, 52.615836599841714 ], [ -1.985752855543979, 52.614677290432155 ], [ -1.986698452150449, 52.614097635727376 ], [ -1.98764404875692, 52.614677290432155 ], [ -1.98764404875692, 52.615836599841714 ], [ -1.989535241969861, 52.616995909251273 ], [ -1.989535241969861, 52.61931452807039 ], [ -1.992372031789273, 52.621053492184728 ], [ -1.993317628395744, 52.620473837479949 ], [ -1.993317628395744, 52.61931452807039 ], [ -1.994263225002214, 52.618734873365611 ], [ -1.996154418215156, 52.61989418277517 ], [ -1.998045611428097, 52.618734873365611 ], [ -1.999936804641038, 52.618734873365611 ], [ -2.00277359446045, 52.620473837479949 ], [ -2.00277359446045, 52.625111075118184 ], [ -2.003719191066921, 52.625690729822963 ], [ -2.004664787673391, 52.625111075118184 ], [ -2.004664787673391, 52.623951765708625 ], [ -2.009392770705745, 52.621053492184728 ], [ -2.010338367312215, 52.621633146889508 ], [ -2.010338367312215, 52.625111075118184 ], [ -2.011283963918686, 52.625690729822963 ], [ -2.013175157131627, 52.625690729822963 ], [ -2.014120753738098, 52.626270384527743 ], [ -2.014120753738098, 52.627429693937302 ], [ -2.015066350344568, 52.628009348642081 ], [ -2.01695754355751, 52.626850039232522 ], [ -2.018848736770451, 52.626850039232522 ], [ -2.020739929983392, 52.628009348642081 ], [ -2.021685526589863, 52.627429693937302 ], [ -2.021685526589863, 52.626270384527743 ], [ -2.019794333376922, 52.625111075118184 ], [ -2.019794333376922, 52.623951765708625 ], [ -2.020739929983392, 52.623372111003846 ], [ -2.022631123196334, 52.624531420413405 ], [ -2.025467913015746, 52.622792456299067 ], [ -2.021685526589863, 52.620473837479949 ], [ -2.022631123196334, 52.61989418277517 ], [ -2.024522316409275, 52.61989418277517 ], [ -2.026413509622216, 52.621053492184728 ], [ -2.027359106228687, 52.620473837479949 ], [ -2.027359106228687, 52.616995909251273 ], [ -2.028304702835158, 52.616416254546493 ], [ -2.030195896048099, 52.616416254546493 ], [ -2.031141492654569, 52.616995909251273 ], [ -2.031141492654569, 52.618155218660831 ], [ -2.03208708926104, 52.618734873365611 ], [ -2.037760668899864, 52.618734873365611 ], [ -2.039651862112805, 52.617575563956052 ], [ -2.041543055325747, 52.617575563956052 ], [ -2.042488651932217, 52.618155218660831 ], [ -2.042488651932217, 52.61931452807039 ], [ -2.043434248538688, 52.61989418277517 ], [ -2.045325441751629, 52.61989418277517 ], [ -2.0462710383581, 52.620473837479949 ], [ -2.0462710383581, 52.622792456299067 ], [ -2.04721663496457, 52.623372111003846 ], [ -2.049107828177512, 52.622212801594287 ], [ -2.050999021390453, 52.622212801594287 ], [ -2.052890214603394, 52.623372111003846 ], [ -2.053835811209865, 52.622792456299067 ], [ -2.053835811209865, 52.621633146889508 ], [ -2.054781407816336, 52.621053492184728 ], [ -2.056672601029277, 52.622212801594287 ], [ -2.062346180668101, 52.622212801594287 ], [ -2.068019760306925, 52.618734873365611 ], [ -2.069910953519866, 52.618734873365611 ], [ -2.070856550126337, 52.618155218660831 ], [ -2.070856550126337, 52.615836599841714 ], [ -2.068965356913395, 52.614677290432155 ], [ -2.069910953519866, 52.614097635727376 ], [ -2.083149306010455, 52.614097635727376 ], [ -2.084094902616926, 52.614677290432155 ], [ -2.084094902616926, 52.615836599841714 ], [ -2.079366919584572, 52.618734873365611 ], [ -2.077475726371631, 52.618734873365611 ], [ -2.07653012976516, 52.61931452807039 ], [ -2.07653012976516, 52.620473837479949 ], [ -2.077475726371631, 52.621053492184728 ], [ -2.085040499223396, 52.621053492184728 ], [ -2.085986095829867, 52.621633146889508 ], [ -2.084094902616926, 52.622792456299067 ], [ -2.087877289042808, 52.625111075118184 ], [ -2.087877289042808, 52.627429693937302 ], [ -2.089768482255749, 52.62858900334686 ], [ -2.088822885649279, 52.62916865805164 ], [ -2.086931692436337, 52.62916865805164 ], [ -2.085040499223396, 52.628009348642081 ], [ -2.081258112797514, 52.628009348642081 ], [ -2.080076117039425, 52.62858900334686 ], [ -2.077475726371631, 52.629313571727835 ], [ -2.078657722129719, 52.62858900334686 ], [ -2.077475726371631, 52.628009348642081 ], [ -2.073693339945748, 52.628009348642081 ], [ -2.071802146732807, 52.62916865805164 ], [ -2.068019760306925, 52.62916865805164 ], [ -2.066128567093983, 52.630327967461199 ], [ -2.064237373881042, 52.630327967461199 ], [ -2.062346180668101, 52.62916865805164 ], [ -2.060454987455159, 52.62916865805164 ], [ -2.059509390848689, 52.629748312756419 ], [ -2.059509390848689, 52.632066931575537 ], [ -2.060454987455159, 52.632646586280316 ], [ -2.062346180668101, 52.632646586280316 ], [ -2.064237373881042, 52.631487276870757 ], [ -2.066128567093983, 52.631487276870757 ], [ -2.067074163700454, 52.632066931575537 ], [ -2.067074163700454, 52.633226240985096 ], [ -2.068019760306925, 52.633805895689875 ], [ -2.069910953519866, 52.632646586280316 ], [ -2.077475726371631, 52.632646586280316 ], [ -2.078421322978102, 52.633226240985096 ], [ -2.078421322978102, 52.634385550394654 ], [ -2.080312516191043, 52.635544859804213 ], [ -2.080312516191043, 52.636704169213772 ], [ -2.079366919584572, 52.637283823918551 ], [ -2.077475726371631, 52.636124514508992 ], [ -2.074638936552219, 52.637863478623331 ], [ -2.074638936552219, 52.640182097442448 ], [ -2.077475726371631, 52.641921061556786 ], [ -2.079366919584572, 52.641921061556786 ], [ -2.081258112797514, 52.643080370966345 ], [ -2.083149306010455, 52.643080370966345 ], [ -2.084094902616926, 52.643660025671124 ], [ -2.083149306010455, 52.644239680375904 ], [ -2.077475726371631, 52.644239680375904 ], [ -2.073693339945748, 52.641921061556786 ], [ -2.060454987455159, 52.641921061556786 ], [ -2.059509390848689, 52.641341406852007 ], [ -2.059509390848689, 52.637863478623331 ], [ -2.058563794242218, 52.637283823918551 ], [ -2.056672601029277, 52.637283823918551 ], [ -2.055727004422806, 52.637863478623331 ], [ -2.055727004422806, 52.639022788032889 ], [ -2.051944617996924, 52.641341406852007 ], [ -2.051944617996924, 52.644819335080683 ], [ -2.050999021390453, 52.645398989785463 ], [ -2.049107828177512, 52.644239680375904 ], [ -2.04721663496457, 52.645398989785463 ], [ -2.0462710383581, 52.644819335080683 ], [ -2.0462710383581, 52.641341406852007 ], [ -2.044379845145158, 52.640182097442448 ], [ -2.044379845145158, 52.639022788032889 ], [ -2.048162231571041, 52.636704169213772 ], [ -2.04721663496457, 52.636124514508992 ], [ -2.045325441751629, 52.636124514508992 ], [ -2.042488651932217, 52.637863478623331 ], [ -2.042488651932217, 52.639022788032889 ], [ -2.040597458719276, 52.640182097442448 ], [ -2.042488651932217, 52.641341406852007 ], [ -2.040597458719276, 52.642500716261566 ], [ -2.042488651932217, 52.643660025671124 ], [ -2.042488651932217, 52.647137953899801 ], [ -2.044379845145158, 52.64829726330936 ], [ -2.044379845145158, 52.649456572718918 ], [ -2.042488651932217, 52.650615882128477 ], [ -2.048162231571041, 52.654093810357153 ], [ -2.048162231571041, 52.655253119766712 ], [ -2.047925832419423, 52.656412429176271 ], [ -2.044616244296776, 52.656412429176271 ], [ -2.043434248538688, 52.655832774471492 ], [ -2.039651862112805, 52.658151393290609 ], [ -2.035869475686923, 52.658151393290609 ], [ -2.03208708926104, 52.655832774471492 ], [ -2.029250299441628, 52.65757173858583 ], [ -2.031141492654569, 52.658731047995389 ], [ -2.031141492654569, 52.659890357404947 ], [ -2.030195896048099, 52.660470012109727 ], [ -2.028304702835158, 52.660470012109727 ], [ -2.026413509622216, 52.659310702700168 ], [ -2.023576719802804, 52.661049666814506 ], [ -2.026413509622216, 52.662788630928844 ], [ -2.028304702835158, 52.662788630928844 ], [ -2.029250299441628, 52.663368285633624 ], [ -2.025467913015746, 52.665686904452741 ], [ -2.026413509622216, 52.666266559157521 ], [ -2.030195896048099, 52.663947940338403 ], [ -2.03208708926104, 52.663947940338403 ], [ -2.033978282473981, 52.665107249747962 ], [ -2.034923879080452, 52.664527595043182 ], [ -2.034923879080452, 52.663368285633624 ], [ -2.035869475686923, 52.662788630928844 ], [ -2.039651862112805, 52.662788630928844 ], [ -2.043434248538688, 52.665107249747962 ], [ -2.045325441751629, 52.665107249747962 ], [ -2.0462710383581, 52.665686904452741 ], [ -2.0462710383581, 52.668005523271859 ], [ -2.044379845145158, 52.669164832681417 ], [ -2.044379845145158, 52.670324142090976 ], [ -2.043434248538688, 52.670903796795756 ], [ -2.041543055325747, 52.669744487386197 ], [ -2.038706265506335, 52.671483451500535 ], [ -2.039651862112805, 52.672063106205314 ], [ -2.041543055325747, 52.672063106205314 ], [ -2.043434248538688, 52.673222415614873 ], [ -2.045325441751629, 52.672063106205314 ], [ -2.04721663496457, 52.672063106205314 ], [ -2.048162231571041, 52.672642760910094 ], [ -2.0462710383581, 52.673802070319653 ], [ -2.0462710383581, 52.674961379729211 ], [ -2.04721663496457, 52.675685948110186 ], [ -2.044379845145158, 52.67612068913877 ], [ -2.043434248538688, 52.675541034433991 ], [ -2.039651862112805, 52.675541034433991 ], [ -2.038706265506335, 52.674961379729211 ], [ -2.038706265506335, 52.673802070319653 ], [ -2.037760668899864, 52.673222415614873 ], [ -2.035869475686923, 52.674381725024432 ], [ -2.033978282473981, 52.674381725024432 ], [ -2.033032685867511, 52.673802070319653 ], [ -2.033032685867511, 52.672642760910094 ], [ -2.030195896048099, 52.670903796795756 ], [ -2.024522316409275, 52.670903796795756 ], [ -2.022631123196334, 52.669744487386197 ], [ -2.020739929983392, 52.669744487386197 ], [ -2.019794333376922, 52.669164832681417 ], [ -2.019794333376922, 52.668005523271859 ], [ -2.01695754355751, 52.666266559157521 ], [ -2.016011946951039, 52.6668462138623 ], [ -2.01790314016398, 52.668005523271859 ], [ -2.01790314016398, 52.674961379729211 ], [ -2.01695754355751, 52.675541034433991 ], [ -2.015066350344568, 52.674381725024432 ], [ -2.014120753738098, 52.674961379729211 ], [ -2.014120753738098, 52.67612068913877 ], [ -2.01790314016398, 52.678439307957888 ], [ -2.01790314016398, 52.679598617367446 ], [ -2.018848736770451, 52.680178272072226 ], [ -2.020739929983392, 52.679018962662667 ], [ -2.022631123196334, 52.680178272072226 ], [ -2.024522316409275, 52.680178272072226 ], [ -2.025467913015746, 52.680757926777005 ], [ -2.025467913015746, 52.681917236186564 ], [ -2.026413509622216, 52.682496890891343 ], [ -2.027359106228687, 52.681917236186564 ], [ -2.027359106228687, 52.679598617367446 ], [ -2.028304702835158, 52.679018962662667 ], [ -2.03208708926104, 52.679018962662667 ], [ -2.033978282473981, 52.680178272072226 ], [ -2.035869475686923, 52.679018962662667 ], [ -2.037760668899864, 52.680178272072226 ], [ -2.041543055325747, 52.680178272072226 ], [ -2.042488651932217, 52.680757926777005 ], [ -2.041543055325747, 52.681337581481785 ], [ -2.037760668899864, 52.681337581481785 ], [ -2.036815072293393, 52.681917236186564 ], [ -2.037760668899864, 52.682496890891343 ], [ -2.039651862112805, 52.682496890891343 ], [ -2.041543055325747, 52.683656200300902 ], [ -2.043434248538688, 52.682496890891343 ], [ -2.045325441751629, 52.682496890891343 ], [ -2.04721663496457, 52.683656200300902 ], [ -2.049107828177512, 52.683656200300902 ], [ -2.050053424783982, 52.683076545596123 ], [ -2.050053424783982, 52.681917236186564 ], [ -2.050999021390453, 52.681337581481785 ], [ -2.052890214603394, 52.681337581481785 ], [ -2.054781407816336, 52.682496890891343 ], [ -2.060454987455159, 52.682496890891343 ], [ -2.06140058406163, 52.681917236186564 ], [ -2.06140058406163, 52.680757926777005 ], [ -2.060454987455159, 52.680178272072226 ], [ -2.056672601029277, 52.680178272072226 ], [ -2.055727004422806, 52.679598617367446 ], [ -2.055727004422806, 52.678439307957888 ], [ -2.056672601029277, 52.677859653253108 ], [ -2.058563794242218, 52.679018962662667 ], [ -2.060454987455159, 52.677859653253108 ], [ -2.062346180668101, 52.679018962662667 ], [ -2.064237373881042, 52.679018962662667 ], [ -2.065182970487513, 52.678439307957888 ], [ -2.062346180668101, 52.676700343843549 ], [ -2.060454987455159, 52.676700343843549 ], [ -2.058563794242218, 52.675541034433991 ], [ -2.056672601029277, 52.676700343843549 ], [ -2.055727004422806, 52.67612068913877 ], [ -2.055727004422806, 52.671483451500535 ], [ -2.056672601029277, 52.670903796795756 ], [ -2.064237373881042, 52.670903796795756 ], [ -2.068965356913395, 52.673802070319653 ], [ -2.068965356913395, 52.67612068913877 ], [ -2.069910953519866, 52.676700343843549 ], [ -2.071802146732807, 52.675541034433991 ], [ -2.07558453315869, 52.675541034433991 ], [ -2.07653012976516, 52.674961379729211 ], [ -2.07653012976516, 52.671483451500535 ], [ -2.078421322978102, 52.670324142090976 ], [ -2.07653012976516, 52.669164832681417 ], [ -2.07653012976516, 52.668005523271859 ], [ -2.079366919584572, 52.666266559157521 ], [ -2.081258112797514, 52.667425868567079 ], [ -2.084094902616926, 52.665686904452741 ], [ -2.084094902616926, 52.664527595043182 ], [ -2.082203709403984, 52.663368285633624 ], [ -2.082203709403984, 52.662208976224065 ], [ -2.083149306010455, 52.661629321519285 ], [ -2.086931692436337, 52.663947940338403 ], [ -2.088822885649279, 52.663947940338403 ], [ -2.089768482255749, 52.664527595043182 ], [ -2.089768482255749, 52.6668462138623 ], [ -2.09071407886222, 52.667425868567079 ], [ -2.092605272075161, 52.667425868567079 ], [ -2.093550868681632, 52.6668462138623 ], [ -2.093550868681632, 52.662208976224065 ], [ -2.091659675468691, 52.661049666814506 ], [ -2.093550868681632, 52.659890357404947 ], [ -2.091659675468691, 52.658731047995389 ], [ -2.091659675468691, 52.655253119766712 ], [ -2.092605272075161, 52.654673465061933 ], [ -2.094496465288103, 52.654673465061933 ], [ -2.098278851713985, 52.652354846242815 ], [ -2.100170044926926, 52.653514155652374 ], [ -2.102061238139868, 52.653514155652374 ], [ -2.103006834746338, 52.654093810357153 ], [ -2.103006834746338, 52.656412429176271 ], [ -2.103952431352809, 52.65699208388105 ], [ -2.10584362456575, 52.65699208388105 ], [ -2.106789221172221, 52.656412429176271 ], [ -2.106789221172221, 52.655253119766712 ], [ -2.107734817778692, 52.654673465061933 ], [ -2.113408397417516, 52.654673465061933 ], [ -2.116245187236927, 52.656412429176271 ], [ -2.116245187236927, 52.65757173858583 ], [ -2.117190783843398, 52.658151393290609 ], [ -2.119081977056339, 52.658151393290609 ], [ -2.12002757366281, 52.65757173858583 ], [ -2.118136380449869, 52.656412429176271 ], [ -2.118136380449869, 52.655253119766712 ], [ -2.121918766875751, 52.652934500947595 ], [ -2.120973170269281, 52.652354846242815 ], [ -2.119081977056339, 52.652354846242815 ], [ -2.115299590630457, 52.650036227423698 ], [ -2.113408397417516, 52.651195536833256 ], [ -2.112462800811045, 52.650615882128477 ], [ -2.112462800811045, 52.649456572718918 ], [ -2.113408397417516, 52.648876918014139 ], [ -2.115299590630457, 52.648876918014139 ], [ -2.116245187236927, 52.64829726330936 ], [ -2.116245187236927, 52.647137953899801 ], [ -2.117190783843398, 52.646558299195021 ], [ -2.119081977056339, 52.646558299195021 ], [ -2.12002757366281, 52.645978644490242 ], [ -2.116245187236927, 52.643660025671124 ], [ -2.116245187236927, 52.639022788032889 ], [ -2.114353994023986, 52.637863478623331 ], [ -2.115299590630457, 52.637283823918551 ], [ -2.117190783843398, 52.637283823918551 ], [ -2.119081977056339, 52.63844313332811 ], [ -2.122864363482222, 52.63844313332811 ], [ -2.123809960088693, 52.639022788032889 ], [ -2.123809960088693, 52.640182097442448 ], [ -2.126646749908105, 52.641921061556786 ], [ -2.132320329546928, 52.641921061556786 ], [ -2.13421152275987, 52.643080370966345 ], [ -2.136102715972811, 52.643080370966345 ], [ -2.137048312579282, 52.642500716261566 ], [ -2.137048312579282, 52.639022788032889 ], [ -2.137993909185752, 52.63844313332811 ], [ -2.141776295611635, 52.63844313332811 ], [ -2.144613085431047, 52.636704169213772 ], [ -2.144613085431047, 52.632066931575537 ], [ -2.143667488824576, 52.631487276870757 ], [ -2.141776295611635, 52.631487276870757 ], [ -2.140830699005164, 52.632066931575537 ], [ -2.140830699005164, 52.633226240985096 ], [ -2.139885102398694, 52.633805895689875 ], [ -2.137993909185752, 52.633805895689875 ], [ -2.136102715972811, 52.634965205099434 ], [ -2.133265926153399, 52.633226240985096 ], [ -2.133265926153399, 52.630907622165978 ], [ -2.13421152275987, 52.630327967461199 ], [ -2.136102715972811, 52.631487276870757 ], [ -2.137993909185752, 52.630327967461199 ], [ -2.141776295611635, 52.630327967461199 ], [ -2.142721892218105, 52.629748312756419 ], [ -2.141776295611635, 52.62916865805164 ], [ -2.139885102398694, 52.62916865805164 ], [ -2.137993909185752, 52.628009348642081 ], [ -2.136102715972811, 52.628009348642081 ], [ -2.13515711936634, 52.627429693937302 ], [ -2.137048312579282, 52.626270384527743 ], [ -2.136102715972811, 52.625690729822963 ], [ -2.13421152275987, 52.625690729822963 ], [ -2.133265926153399, 52.626270384527743 ], [ -2.133265926153399, 52.627429693937302 ], [ -2.130429136333987, 52.62916865805164 ], [ -2.129483539727516, 52.62858900334686 ], [ -2.129483539727516, 52.625111075118184 ], [ -2.131374732940458, 52.623951765708625 ], [ -2.131374732940458, 52.622792456299067 ], [ -2.132320329546928, 52.622212801594287 ], [ -2.13421152275987, 52.623372111003846 ], [ -2.13515711936634, 52.622792456299067 ], [ -2.131374732940458, 52.620473837479949 ], [ -2.131374732940458, 52.61931452807039 ], [ -2.130429136333987, 52.618734873365611 ], [ -2.128537943121046, 52.61989418277517 ], [ -2.126646749908105, 52.61989418277517 ], [ -2.125701153301634, 52.620473837479949 ], [ -2.127592346514575, 52.621633146889508 ], [ -2.127592346514575, 52.622792456299067 ], [ -2.125701153301634, 52.623951765708625 ], [ -2.125701153301634, 52.625111075118184 ], [ -2.124755556695163, 52.625690729822963 ], [ -2.120973170269281, 52.623372111003846 ], [ -2.118136380449869, 52.625111075118184 ], [ -2.119081977056339, 52.625690729822963 ], [ -2.120973170269281, 52.625690729822963 ], [ -2.121918766875751, 52.626270384527743 ], [ -2.121918766875751, 52.627429693937302 ], [ -2.120973170269281, 52.628009348642081 ], [ -2.119081977056339, 52.628009348642081 ], [ -2.118136380449869, 52.62858900334686 ], [ -2.12002757366281, 52.629748312756419 ], [ -2.12002757366281, 52.630907622165978 ], [ -2.119081977056339, 52.631487276870757 ], [ -2.115299590630457, 52.62916865805164 ], [ -2.111517204204574, 52.62916865805164 ], [ -2.110571607598104, 52.62858900334686 ], [ -2.110571607598104, 52.627429693937302 ], [ -2.109626010991633, 52.626850039232522 ], [ -2.107734817778692, 52.626850039232522 ], [ -2.106789221172221, 52.626270384527743 ], [ -2.107734817778692, 52.625690729822963 ], [ -2.109626010991633, 52.625690729822963 ], [ -2.110571607598104, 52.625111075118184 ], [ -2.106789221172221, 52.622792456299067 ], [ -2.106789221172221, 52.621633146889508 ], [ -2.109626010991633, 52.61989418277517 ], [ -2.111517204204574, 52.61989418277517 ], [ -2.112462800811045, 52.61931452807039 ], [ -2.111517204204574, 52.618734873365611 ], [ -2.109626010991633, 52.618734873365611 ], [ -2.108680414385162, 52.618155218660831 ], [ -2.109626010991633, 52.617575563956052 ], [ -2.115299590630457, 52.617575563956052 ], [ -2.116245187236927, 52.616995909251273 ], [ -2.116245187236927, 52.61004005279392 ], [ -2.118136380449869, 52.608880743384361 ], [ -2.118136380449869, 52.607721433974802 ], [ -2.121918766875751, 52.605402815155685 ], [ -2.120973170269281, 52.604823160450906 ], [ -2.117190783843398, 52.604823160450906 ], [ -2.116245187236927, 52.604243505746126 ], [ -2.117190783843398, 52.603663851041347 ], [ -2.119081977056339, 52.603663851041347 ], [ -2.12002757366281, 52.603084196336567 ], [ -2.118136380449869, 52.601924886927009 ], [ -2.118136380449869, 52.599606268107891 ], [ -2.119081977056339, 52.599026613403112 ], [ -2.120973170269281, 52.599026613403112 ], [ -2.122864363482222, 52.597867303993553 ], [ -2.126646749908105, 52.60018592281267 ], [ -2.128537943121046, 52.599026613403112 ], [ -2.132320329546928, 52.599026613403112 ], [ -2.13515711936634, 52.597287649288774 ], [ -2.13515711936634, 52.594969030469656 ], [ -2.131374732940458, 52.592650411650538 ], [ -2.13421152275987, 52.5909114475362 ], [ -2.13515711936634, 52.59149110224098 ], [ -2.13515711936634, 52.592650411650538 ], [ -2.136102715972811, 52.593230066355318 ], [ -2.139885102398694, 52.593230066355318 ], [ -2.140830699005164, 52.592650411650538 ], [ -2.137048312579282, 52.590331792831421 ], [ -2.137048312579282, 52.588013174012303 ], [ -2.137993909185752, 52.587433519307524 ], [ -2.139885102398694, 52.587433519307524 ], [ -2.141776295611635, 52.588592828717083 ], [ -2.145558682037517, 52.588592828717083 ], [ -2.147449875250459, 52.589752138126642 ], [ -2.148395471856929, 52.589172483421862 ], [ -2.148395471856929, 52.588013174012303 ], [ -2.147449875250459, 52.587433519307524 ], [ -2.145558682037517, 52.587433519307524 ], [ -2.144613085431047, 52.586853864602745 ], [ -2.146504278643988, 52.585694555193186 ], [ -2.146504278643988, 52.583375936374068 ], [ -2.145558682037517, 52.582796281669289 ], [ -2.144613085431047, 52.583375936374068 ], [ -2.144613085431047, 52.585694555193186 ], [ -2.143667488824576, 52.586274209897965 ], [ -2.142721892218105, 52.585694555193186 ], [ -2.142721892218105, 52.584535245783627 ], [ -2.140830699005164, 52.583375936374068 ], [ -2.140830699005164, 52.582216626964509 ], [ -2.141776295611635, 52.58163697225973 ], [ -2.143667488824576, 52.58163697225973 ], [ -2.144613085431047, 52.581057317554951 ], [ -2.144613085431047, 52.578738698735833 ], [ -2.146504278643988, 52.577579389326274 ], [ -2.145558682037517, 52.576999734621495 ], [ -2.143667488824576, 52.576999734621495 ], [ -2.142721892218105, 52.576420079916716 ], [ -2.147449875250459, 52.573521806392819 ], [ -2.1493410684634, 52.573521806392819 ], [ -2.150286665069871, 52.572942151688039 ], [ -2.150286665069871, 52.571782842278481 ], [ -2.151232261676341, 52.571203187573701 ], [ -2.153123454889283, 52.571203187573701 ], [ -2.155960244708695, 52.569464223459363 ], [ -2.155014648102224, 52.568884568754584 ], [ -2.151232261676341, 52.568884568754584 ], [ -2.150286665069871, 52.568304914049804 ], [ -2.150286665069871, 52.567145604640245 ], [ -2.151232261676341, 52.566565949935466 ], [ -2.153123454889283, 52.566565949935466 ], [ -2.154069051495753, 52.565986295230687 ], [ -2.153123454889283, 52.565406640525907 ], [ -2.151232261676341, 52.565406640525907 ], [ -2.150286665069871, 52.564826985821128 ], [ -2.154069051495753, 52.56250836700201 ], [ -2.154069051495753, 52.559030438773334 ], [ -2.153123454889283, 52.558450784068555 ], [ -2.147449875250459, 52.558450784068555 ], [ -2.143667488824576, 52.560769402887672 ], [ -2.139885102398694, 52.560769402887672 ], [ -2.137993909185752, 52.559610093478113 ], [ -2.132320329546928, 52.559610093478113 ], [ -2.130429136333987, 52.558450784068555 ], [ -2.128537943121046, 52.558450784068555 ], [ -2.127592346514575, 52.557871129363775 ], [ -2.132320329546928, 52.554972855839878 ], [ -2.13421152275987, 52.554972855839878 ], [ -2.13515711936634, 52.554393201135099 ], [ -2.13515711936634, 52.552074582315981 ], [ -2.138939505792223, 52.549755963496864 ], [ -2.138939505792223, 52.547437344677746 ], [ -2.140830699005164, 52.546278035268188 ], [ -2.140830699005164, 52.54395941644907 ], [ -2.143667488824576, 52.542220452334732 ], [ -2.147449875250459, 52.542220452334732 ], [ -2.1493410684634, 52.543379761744291 ], [ -2.154069051495753, 52.540481488220394 ], [ -2.152177858282812, 52.539322178810835 ], [ -2.152177858282812, 52.538162869401276 ], [ -2.150286665069871, 52.537003559991717 ], [ -2.152177858282812, 52.535844250582159 ], [ -2.151232261676341, 52.535264595877379 ], [ -2.1493410684634, 52.535264595877379 ], [ -2.147449875250459, 52.536423905286938 ], [ -2.145558682037517, 52.536423905286938 ], [ -2.144613085431047, 52.535844250582159 ], [ -2.146504278643988, 52.5346849411726 ], [ -2.145558682037517, 52.53410528646782 ], [ -2.141776295611635, 52.53410528646782 ], [ -2.140830699005164, 52.533525631763041 ], [ -2.140830699005164, 52.532366322353482 ], [ -2.139885102398694, 52.531786667648703 ], [ -2.136102715972811, 52.531786667648703 ], [ -2.13515711936634, 52.531207012943923 ], [ -2.13515711936634, 52.528888394124806 ], [ -2.137048312579282, 52.527729084715247 ], [ -2.136102715972811, 52.527149430010468 ], [ -2.13421152275987, 52.527149430010468 ], [ -2.133265926153399, 52.526569775305688 ], [ -2.137048312579282, 52.524251156486571 ], [ -2.13515711936634, 52.523091847077012 ], [ -2.136102715972811, 52.522512192372233 ], [ -2.137993909185752, 52.522512192372233 ], [ -2.138939505792223, 52.523091847077012 ], [ -2.138939505792223, 52.524251156486571 ], [ -2.141776295611635, 52.525990120600909 ], [ -2.143667488824576, 52.52483081119135 ], [ -2.145558682037517, 52.52483081119135 ], [ -2.147449875250459, 52.525990120600909 ], [ -2.1493410684634, 52.525990120600909 ], [ -2.151232261676341, 52.527149430010468 ], [ -2.152177858282812, 52.526569775305688 ], [ -2.144613085431047, 52.521932537667453 ], [ -2.144613085431047, 52.519613918848336 ], [ -2.145558682037517, 52.519034264143556 ], [ -2.147449875250459, 52.519034264143556 ], [ -2.150286665069871, 52.520773228257895 ], [ -2.150286665069871, 52.521932537667453 ], [ -2.151232261676341, 52.522512192372233 ], [ -2.152177858282812, 52.521932537667453 ], [ -2.152177858282812, 52.519613918848336 ], [ -2.151232261676341, 52.519034264143556 ], [ -2.1493410684634, 52.519034264143556 ], [ -2.148395471856929, 52.518454609438777 ], [ -2.148395471856929, 52.516135990619659 ], [ -2.150286665069871, 52.514976681210101 ], [ -2.150286665069871, 52.513817371800542 ], [ -2.1493410684634, 52.513237717095762 ], [ -2.147449875250459, 52.514397026505321 ], [ -2.145558682037517, 52.513237717095762 ], [ -2.141776295611635, 52.513237717095762 ], [ -2.140830699005164, 52.512658062390983 ], [ -2.141776295611635, 52.512078407686204 ], [ -2.147449875250459, 52.512078407686204 ], [ -2.148395471856929, 52.511498752981424 ], [ -2.148395471856929, 52.510339443571866 ], [ -2.151232261676341, 52.508600479457527 ], [ -2.155014648102224, 52.508600479457527 ], [ -2.155960244708695, 52.508020824752748 ], [ -2.155014648102224, 52.507441170047969 ], [ -2.153123454889283, 52.507441170047969 ], [ -2.152177858282812, 52.506861515343189 ], [ -2.152177858282812, 52.50570220593363 ], [ -2.151232261676341, 52.505122551228851 ], [ -2.1493410684634, 52.50628186063841 ], [ -2.143667488824576, 52.50628186063841 ], [ -2.142721892218105, 52.50570220593363 ], [ -2.142721892218105, 52.504542896524072 ], [ -2.140830699005164, 52.503383587114513 ], [ -2.141776295611635, 52.502803932409734 ], [ -2.143667488824576, 52.502803932409734 ], [ -2.145558682037517, 52.503963241819292 ], [ -2.147449875250459, 52.503963241819292 ], [ -2.1493410684634, 52.502803932409734 ], [ -2.151232261676341, 52.502803932409734 ], [ -2.154069051495753, 52.501064968295395 ], [ -2.154069051495753, 52.499905658885837 ], [ -2.155960244708695, 52.498746349476278 ], [ -2.155014648102224, 52.498166694771498 ], [ -2.153123454889283, 52.499326004181057 ], [ -2.1493410684634, 52.499326004181057 ], [ -2.147449875250459, 52.498166694771498 ], [ -2.145558682037517, 52.499326004181057 ], [ -2.143667488824576, 52.499326004181057 ], [ -2.142721892218105, 52.498746349476278 ], [ -2.142721892218105, 52.497587040066719 ], [ -2.144613085431047, 52.49642773065716 ], [ -2.143667488824576, 52.495848075952381 ] ], [ [ -2.110571607598104, 52.453533282503486 ], [ -2.112462800811045, 52.454692591913044 ], [ -2.112462800811045, 52.455851901322603 ], [ -2.111517204204574, 52.456431556027383 ], [ -2.107734817778692, 52.456431556027383 ], [ -2.10584362456575, 52.457590865436941 ], [ -2.103952431352809, 52.457590865436941 ], [ -2.103006834746338, 52.458170520141721 ], [ -2.103952431352809, 52.4587501748465 ], [ -2.10584362456575, 52.4587501748465 ], [ -2.107734817778692, 52.459909484256059 ], [ -2.108680414385162, 52.45932982955128 ], [ -2.108680414385162, 52.458170520141721 ], [ -2.109626010991633, 52.457590865436941 ], [ -2.110571607598104, 52.458170520141721 ], [ -2.110571607598104, 52.460489138960838 ], [ -2.112462800811045, 52.461648448370397 ], [ -2.111517204204574, 52.462228103075176 ], [ -2.107734817778692, 52.462228103075176 ], [ -2.10584362456575, 52.463387412484735 ], [ -2.102061238139868, 52.463387412484735 ], [ -2.100170044926926, 52.464546721894294 ], [ -2.098278851713985, 52.463387412484735 ], [ -2.094496465288103, 52.465706031303853 ], [ -2.09071407886222, 52.465706031303853 ], [ -2.087877289042808, 52.463967067189515 ], [ -2.087877289042808, 52.460489138960838 ], [ -2.085986095829867, 52.45932982955128 ], [ -2.085986095829867, 52.458170520141721 ], [ -2.09071407886222, 52.455272246617824 ], [ -2.092605272075161, 52.455272246617824 ], [ -2.093550868681632, 52.454692591913044 ], [ -2.093550868681632, 52.453533282503486 ], [ -2.091659675468691, 52.452373973093927 ], [ -2.092605272075161, 52.451794318389148 ], [ -2.094496465288103, 52.451794318389148 ], [ -2.098278851713985, 52.44947569957003 ], [ -2.100170044926926, 52.44947569957003 ], [ -2.102061238139868, 52.448316390160471 ], [ -2.10584362456575, 52.448316390160471 ], [ -2.106789221172221, 52.448896044865251 ], [ -2.103006834746338, 52.451214663684368 ], [ -2.103952431352809, 52.451794318389148 ], [ -2.10584362456575, 52.451794318389148 ], [ -2.107734817778692, 52.452953627798706 ], [ -2.108680414385162, 52.452373973093927 ], [ -2.106789221172221, 52.451214663684368 ], [ -2.106789221172221, 52.450055354274809 ], [ -2.109626010991633, 52.448316390160471 ], [ -2.113408397417516, 52.448316390160471 ], [ -2.114353994023986, 52.447736735455692 ], [ -2.112462800811045, 52.446577426046133 ], [ -2.112462800811045, 52.443099497817457 ], [ -2.114353994023986, 52.441940188407898 ], [ -2.114353994023986, 52.440780878998339 ], [ -2.113408397417516, 52.44020122429356 ], [ -2.111517204204574, 52.44020122429356 ], [ -2.110571607598104, 52.440780878998339 ], [ -2.110571607598104, 52.441940188407898 ], [ -2.10584362456575, 52.444838461931795 ], [ -2.102061238139868, 52.444838461931795 ], [ -2.101115641533397, 52.444258807227015 ], [ -2.103006834746338, 52.443099497817457 ], [ -2.103006834746338, 52.440780878998339 ], [ -2.107734817778692, 52.437882605474442 ], [ -2.109626010991633, 52.439041914884001 ], [ -2.115299590630457, 52.439041914884001 ], [ -2.120973170269281, 52.442519843112677 ], [ -2.122864363482222, 52.442519843112677 ], [ -2.123809960088693, 52.443099497817457 ], [ -2.123809960088693, 52.444258807227015 ], [ -2.122864363482222, 52.444838461931795 ], [ -2.120973170269281, 52.444838461931795 ], [ -2.12002757366281, 52.445418116636574 ], [ -2.121918766875751, 52.446577426046133 ], [ -2.12002757366281, 52.447736735455692 ], [ -2.120973170269281, 52.448316390160471 ], [ -2.122864363482222, 52.447157080750912 ], [ -2.125701153301634, 52.448896044865251 ], [ -2.125701153301634, 52.453533282503486 ], [ -2.124755556695163, 52.454112937208265 ], [ -2.123809960088693, 52.453533282503486 ], [ -2.123809960088693, 52.451214663684368 ], [ -2.122864363482222, 52.450635008979589 ], [ -2.120973170269281, 52.451794318389148 ], [ -2.119081977056339, 52.451794318389148 ], [ -2.118136380449869, 52.452373973093927 ], [ -2.118136380449869, 52.453533282503486 ], [ -2.117190783843398, 52.454112937208265 ], [ -2.116245187236927, 52.453533282503486 ], [ -2.113408397417516, 52.451794318389148 ], [ -2.110571607598104, 52.453533282503486 ] ], [ [ -2.072747743339278, 52.429187784902751 ], [ -2.071802146732807, 52.429767439607531 ], [ -2.069910953519866, 52.429767439607531 ], [ -2.068965356913395, 52.43034709431231 ], [ -2.068965356913395, 52.431506403721869 ], [ -2.067074163700454, 52.432665713131428 ], [ -2.067074163700454, 52.433825022540987 ], [ -2.064237373881042, 52.435563986655325 ], [ -2.060454987455159, 52.435563986655325 ], [ -2.058563794242218, 52.434404677245766 ], [ -2.056672601029277, 52.435563986655325 ], [ -2.054781407816336, 52.435563986655325 ], [ -2.053835811209865, 52.434984331950545 ], [ -2.053835811209865, 52.432665713131428 ], [ -2.054781407816336, 52.432086058426648 ], [ -2.056672601029277, 52.432086058426648 ], [ -2.059509390848689, 52.43034709431231 ], [ -2.059509390848689, 52.423391237854958 ], [ -2.057618197635747, 52.422231928445399 ], [ -2.058563794242218, 52.421652273740619 ], [ -2.060454987455159, 52.421652273740619 ], [ -2.06140058406163, 52.42107261903584 ], [ -2.06140058406163, 52.419913309626281 ], [ -2.062346180668101, 52.419333654921502 ], [ -2.066128567093983, 52.419333654921502 ], [ -2.072747743339278, 52.423391237854958 ], [ -2.072747743339278, 52.424550547264516 ], [ -2.073693339945748, 52.425130201969296 ], [ -2.07558453315869, 52.425130201969296 ], [ -2.07653012976516, 52.425709856674075 ], [ -2.07558453315869, 52.426289511378855 ], [ -2.073693339945748, 52.426289511378855 ], [ -2.072747743339278, 52.426869166083634 ], [ -2.072747743339278, 52.429187784902751 ] ], [ [ -2.045325441751629, 52.400784704368562 ], [ -2.033978282473981, 52.400784704368562 ], [ -2.033032685867511, 52.400205049663782 ], [ -2.033978282473981, 52.399625394959003 ], [ -2.035869475686923, 52.399625394959003 ], [ -2.038706265506335, 52.397886430844665 ], [ -2.038706265506335, 52.394408502615988 ], [ -2.037760668899864, 52.393828847911209 ], [ -2.035869475686923, 52.393828847911209 ], [ -2.034923879080452, 52.393249193206429 ], [ -2.034923879080452, 52.392089883796871 ], [ -2.033032685867511, 52.390930574387312 ], [ -2.033978282473981, 52.390350919682533 ], [ -2.035869475686923, 52.390350919682533 ], [ -2.036815072293393, 52.389771264977753 ], [ -2.036815072293393, 52.388611955568194 ], [ -2.039651862112805, 52.386872991453856 ], [ -2.040597458719276, 52.387452646158636 ], [ -2.040597458719276, 52.388611955568194 ], [ -2.041543055325747, 52.389191610272974 ], [ -2.042488651932217, 52.388611955568194 ], [ -2.042488651932217, 52.387452646158636 ], [ -2.040597458719276, 52.386293336749077 ], [ -2.041543055325747, 52.385713682044297 ], [ -2.043434248538688, 52.385713682044297 ], [ -2.044379845145158, 52.385134027339518 ], [ -2.044379845145158, 52.383974717929959 ], [ -2.045325441751629, 52.38339506322518 ], [ -2.048162231571041, 52.385134027339518 ], [ -2.048162231571041, 52.388611955568194 ], [ -2.0462710383581, 52.389771264977753 ], [ -2.04721663496457, 52.390350919682533 ], [ -2.049107828177512, 52.390350919682533 ], [ -2.050053424783982, 52.390930574387312 ], [ -2.0462710383581, 52.393249193206429 ], [ -2.0462710383581, 52.394408502615988 ], [ -2.04721663496457, 52.394988157320768 ], [ -2.049107828177512, 52.393828847911209 ], [ -2.050999021390453, 52.393828847911209 ], [ -2.051944617996924, 52.394408502615988 ], [ -2.051944617996924, 52.396727121435106 ], [ -2.053835811209865, 52.397886430844665 ], [ -2.052890214603394, 52.398466085549444 ], [ -2.049107828177512, 52.398466085549444 ], [ -2.045325441751629, 52.400784704368562 ] ], [ [ -2.048162231571041, 52.422231928445399 ], [ -2.0462710383581, 52.423391237854958 ], [ -2.0462710383581, 52.426869166083634 ], [ -2.045325441751629, 52.427448820788413 ], [ -2.041543055325747, 52.427448820788413 ], [ -2.038706265506335, 52.429187784902751 ], [ -2.038706265506335, 52.43034709431231 ], [ -2.037760668899864, 52.43092674901709 ], [ -2.033978282473981, 52.43092674901709 ], [ -2.033032685867511, 52.43034709431231 ], [ -2.033032685867511, 52.428028475493193 ], [ -2.031141492654569, 52.426869166083634 ], [ -2.031141492654569, 52.425709856674075 ], [ -2.040597458719276, 52.419913309626281 ], [ -2.040597458719276, 52.416435381397605 ], [ -2.038706265506335, 52.415276071988046 ], [ -2.040597458719276, 52.414116762578487 ], [ -2.040597458719276, 52.412957453168929 ], [ -2.039651862112805, 52.412377798464149 ], [ -2.037760668899864, 52.412377798464149 ], [ -2.036815072293393, 52.41179814375937 ], [ -2.042488651932217, 52.408320215530694 ], [ -2.042488651932217, 52.407160906121135 ], [ -2.043434248538688, 52.406581251416355 ], [ -2.045325441751629, 52.406581251416355 ], [ -2.0462710383581, 52.407160906121135 ], [ -2.0462710383581, 52.408320215530694 ], [ -2.04721663496457, 52.409044783911668 ], [ -2.050999021390453, 52.407740560825914 ], [ -2.051944617996924, 52.408320215530694 ], [ -2.051944617996924, 52.409479524940252 ], [ -2.053835811209865, 52.410638834349811 ], [ -2.053835811209865, 52.414116762578487 ], [ -2.051944617996924, 52.415276071988046 ], [ -2.051944617996924, 52.416435381397605 ], [ -2.050999021390453, 52.417015036102384 ], [ -2.048162231571041, 52.418754000216722 ], [ -2.048162231571041, 52.422231928445399 ] ] ], [ [ [ -1.706801856635138, 52.474980506580323 ], [ -1.705856260028668, 52.475560161285102 ], [ -1.705856260028668, 52.481356708332896 ], [ -1.706801856635138, 52.481936363037676 ], [ -1.70869304984808, 52.481936363037676 ], [ -1.711529839667492, 52.480197398923337 ], [ -1.713421032880433, 52.479038089513779 ], [ -1.712475436273962, 52.478458434808999 ], [ -1.710584243061021, 52.478458434808999 ], [ -1.70963864645455, 52.47787878010422 ], [ -1.70963864645455, 52.476719470694661 ], [ -1.706801856635138, 52.474980506580323 ] ] ] ] } },
{ "type": "Feature", "properties": { "search_id": "Search 5", "FundAsset": "Moorfield - Acton" }, "geometry": { "type": "MultiPolygon", "coordinates": [ [ [ [ -0.447373639093712, 51.500949527107878 ], [ -0.448042359086685, 51.500531574536581 ], [ -0.448042359086685, 51.498859764251392 ], [ -0.448711079079658, 51.498441811680095 ], [ -0.450048519065604, 51.498441811680095 ], [ -0.450717239058577, 51.498859764251392 ], [ -0.449379799072631, 51.499695669393986 ], [ -0.449379799072631, 51.501367479679175 ], [ -0.448711079079658, 51.501785432250472 ], [ -0.447373639093712, 51.501785432250472 ], [ -0.446704919100739, 51.502203384821769 ], [ -0.447373639093712, 51.502621337393066 ], [ -0.448711079079658, 51.502621337393066 ], [ -0.450048519065604, 51.50272582553589 ], [ -0.450717239058577, 51.504711100249551 ], [ -0.451385959051549, 51.505129052820848 ], [ -0.454060839023441, 51.505129052820848 ], [ -0.454729559016414, 51.504711100249551 ], [ -0.454729559016414, 51.503875195106957 ], [ -0.452054679044522, 51.502203384821769 ], [ -0.452723399037495, 51.501785432250472 ], [ -0.454060839023441, 51.501785432250472 ], [ -0.45606699900236, 51.500531574536581 ], [ -0.45606699900236, 51.499695669393986 ], [ -0.456735718995333, 51.499277716822689 ], [ -0.459410598967224, 51.499277716822689 ], [ -0.461416758946143, 51.500531574536581 ], [ -0.461416758946143, 51.502203384821769 ], [ -0.462085478939116, 51.502621337393066 ], [ -0.464760358911008, 51.500949527107878 ], [ -0.466097798896953, 51.501785432250472 ], [ -0.466766518889926, 51.501367479679175 ], [ -0.466766518889926, 51.499695669393986 ], [ -0.468103958875872, 51.498859764251392 ], [ -0.468103958875872, 51.498023859108798 ], [ -0.467435238882899, 51.497605906537501 ], [ -0.466097798896953, 51.497605906537501 ], [ -0.463422918925062, 51.495934096252313 ], [ -0.462085478939116, 51.496770001394907 ], [ -0.460079318960197, 51.495516143681016 ], [ -0.462085478939116, 51.494262285967125 ], [ -0.466097798896953, 51.494262285967125 ], [ -0.466766518889926, 51.493844333395828 ], [ -0.466766518889926, 51.492172523110639 ], [ -0.466097798896953, 51.491754570539342 ], [ -0.463422918925062, 51.491754570539342 ], [ -0.462085478939116, 51.492590475681936 ], [ -0.46074803895317, 51.492590475681936 ], [ -0.460079318960197, 51.492172523110639 ], [ -0.460079318960197, 51.490500712825451 ], [ -0.461416758946143, 51.489664807682857 ], [ -0.46074803895317, 51.48924685511156 ], [ -0.458073158981279, 51.48924685511156 ], [ -0.45606699900236, 51.487992997397669 ], [ -0.457404438988306, 51.487157092255075 ], [ -0.45606699900236, 51.48632118711248 ], [ -0.45606699900236, 51.485485281969886 ], [ -0.457404438988306, 51.484649376827292 ], [ -0.456735718995333, 51.484231424255995 ], [ -0.455398279009387, 51.484231424255995 ], [ -0.454729559016414, 51.483813471684698 ], [ -0.45606699900236, 51.482977566542104 ], [ -0.45606699900236, 51.48214166139951 ], [ -0.456735718995333, 51.481723708828213 ], [ -0.458073158981279, 51.481723708828213 ], [ -0.458741878974251, 51.481305756256916 ], [ -0.458741878974251, 51.480469851114322 ], [ -0.458073158981279, 51.480051898543024 ], [ -0.456735718995333, 51.480887803685619 ], [ -0.455398279009387, 51.480887803685619 ], [ -0.454060839023441, 51.481723708828213 ], [ -0.453392119030468, 51.481305756256916 ], [ -0.453392119030468, 51.480469851114322 ], [ -0.454729559016414, 51.479633945971727 ], [ -0.454729559016414, 51.477962135686539 ], [ -0.453392119030468, 51.477126230543945 ], [ -0.453392119030468, 51.476290325401351 ], [ -0.454729559016414, 51.475454420258757 ], [ -0.453392119030468, 51.474618515116163 ], [ -0.454729559016414, 51.473782609973568 ], [ -0.454060839023441, 51.473364657402271 ], [ -0.452723399037495, 51.473364657402271 ], [ -0.452054679044522, 51.473782609973568 ], [ -0.452054679044522, 51.474618515116163 ], [ -0.450717239058577, 51.475454420258757 ], [ -0.450717239058577, 51.477126230543945 ], [ -0.452054679044522, 51.477962135686539 ], [ -0.450717239058577, 51.478798040829133 ], [ -0.452054679044522, 51.479633945971727 ], [ -0.451385959051549, 51.480051898543024 ], [ -0.450048519065604, 51.480051898543024 ], [ -0.447373639093712, 51.478380088257836 ], [ -0.446704919100739, 51.478798040829133 ], [ -0.446704919100739, 51.479633945971727 ], [ -0.446036199107766, 51.480051898543024 ], [ -0.445367479114793, 51.479633945971727 ], [ -0.445367479114793, 51.478798040829133 ], [ -0.44469875912182, 51.478380088257836 ], [ -0.444030039128847, 51.478798040829133 ], [ -0.444030039128847, 51.479633945971727 ], [ -0.445367479114793, 51.480469851114322 ], [ -0.44469875912182, 51.480887803685619 ], [ -0.443361319135875, 51.480887803685619 ], [ -0.442692599142902, 51.481305756256916 ], [ -0.442692599142902, 51.48214166139951 ], [ -0.446036199107766, 51.484231424255995 ], [ -0.447373639093712, 51.483395519113401 ], [ -0.448711079079658, 51.484231424255995 ], [ -0.450048519065604, 51.484231424255995 ], [ -0.450717239058577, 51.484649376827292 ], [ -0.450717239058577, 51.485485281969886 ], [ -0.451385959051549, 51.485903234541183 ], [ -0.452723399037495, 51.485903234541183 ], [ -0.453392119030468, 51.48632118711248 ], [ -0.453392119030468, 51.487157092255075 ], [ -0.452723399037495, 51.487575044826372 ], [ -0.451385959051549, 51.487575044826372 ], [ -0.450717239058577, 51.487992997397669 ], [ -0.451385959051549, 51.488410949968966 ], [ -0.454060839023441, 51.488410949968966 ], [ -0.454729559016414, 51.488828902540263 ], [ -0.454729559016414, 51.489664807682857 ], [ -0.45606699900236, 51.490500712825451 ], [ -0.45606699900236, 51.491336617968045 ], [ -0.453392119030468, 51.493008428253233 ], [ -0.453392119030468, 51.495516143681016 ], [ -0.452723399037495, 51.495934096252313 ], [ -0.451385959051549, 51.495934096252313 ], [ -0.450048519065604, 51.495098191109719 ], [ -0.447373639093712, 51.495098191109719 ], [ -0.446036199107766, 51.494262285967125 ], [ -0.44469875912182, 51.494262285967125 ], [ -0.443361319135875, 51.495098191109719 ], [ -0.442023879149929, 51.494262285967125 ], [ -0.439348999178037, 51.494262285967125 ], [ -0.438011559192091, 51.49342638082453 ], [ -0.437342839199118, 51.493844333395828 ], [ -0.437342839199118, 51.495516143681016 ], [ -0.436674119206145, 51.495934096252313 ], [ -0.4353366792202, 51.495934096252313 ], [ -0.434667959227227, 51.49635204882361 ], [ -0.4353366792202, 51.496770001394907 ], [ -0.438011559192091, 51.496770001394907 ], [ -0.438680279185064, 51.49635204882361 ], [ -0.438680279185064, 51.495516143681016 ], [ -0.439348999178037, 51.495098191109719 ], [ -0.440686439163983, 51.495934096252313 ], [ -0.442023879149929, 51.495098191109719 ], [ -0.442692599142902, 51.495516143681016 ], [ -0.442692599142902, 51.498023859108798 ], [ -0.442023879149929, 51.498441811680095 ], [ -0.440686439163983, 51.498441811680095 ], [ -0.439348999178037, 51.497605906537501 ], [ -0.438011559192091, 51.497605906537501 ], [ -0.437342839199118, 51.498023859108798 ], [ -0.438011559192091, 51.498441811680095 ], [ -0.439348999178037, 51.499277716822689 ], [ -0.440686439163983, 51.499277716822689 ], [ -0.441355159156956, 51.499695669393986 ], [ -0.441355159156956, 51.503039289964363 ], [ -0.442023879149929, 51.50345724253566 ], [ -0.444030039128847, 51.502203384821769 ], [ -0.444030039128847, 51.501367479679175 ], [ -0.44469875912182, 51.500949527107878 ], [ -0.447373639093712, 51.500949527107878 ] ] ], [ [ [ -0.167179962038063, 51.481305756256916 ], [ -0.168517402024008, 51.479633945971727 ], [ -0.168350222025765, 51.480469851114322 ], [ -0.169186122016981, 51.480992291828443 ], [ -0.171861001988873, 51.480156386685849 ], [ -0.175204601953737, 51.477962135686539 ], [ -0.175204601953737, 51.477126230543945 ], [ -0.176542041939683, 51.476290325401351 ], [ -0.174535881960765, 51.47503646768746 ], [ -0.173198441974819, 51.47503646768746 ], [ -0.171861001988873, 51.475872372830054 ], [ -0.167848682031035, 51.475872372830054 ], [ -0.167179962038063, 51.476290325401351 ], [ -0.167179962038063, 51.477126230543945 ], [ -0.16651124204509, 51.477544183115242 ], [ -0.165173802059144, 51.477544183115242 ], [ -0.163167642080225, 51.478798040829133 ], [ -0.163167642080225, 51.480469851114322 ], [ -0.163836362073198, 51.480887803685619 ], [ -0.165173802059144, 51.480887803685619 ], [ -0.165842522052117, 51.481305756256916 ], [ -0.16651124204509, 51.481828196971037 ], [ -0.167179962038063, 51.481305756256916 ] ] ], [ [ [ -0.526282598264515, 51.552775645948714 ], [ -0.527620038250461, 51.552775645948714 ], [ -0.528288758243434, 51.552357693377417 ], [ -0.527620038250461, 51.55193974080612 ], [ -0.526282598264515, 51.55193974080612 ], [ -0.52494515827857, 51.552775645948714 ], [ -0.522270278306678, 51.551103835663525 ], [ -0.520932838320732, 51.55193974080612 ], [ -0.520264118327759, 51.551521788234822 ], [ -0.520264118327759, 51.550685883092228 ], [ -0.519595398334786, 51.550267930520931 ], [ -0.51825795834884, 51.550267930520931 ], [ -0.516251798369922, 51.54901407280704 ], [ -0.516251798369922, 51.547342262521852 ], [ -0.516920518362895, 51.546924309950555 ], [ -0.51825795834884, 51.547760215093149 ], [ -0.518926678341813, 51.547342262521852 ], [ -0.518926678341813, 51.546506357379258 ], [ -0.520264118327759, 51.545670452236664 ], [ -0.520264118327759, 51.544834547094069 ], [ -0.520932838320732, 51.544416594522772 ], [ -0.522270278306678, 51.544416594522772 ], [ -0.522938998299651, 51.543998641951475 ], [ -0.521601558313705, 51.543162736808881 ], [ -0.521601558313705, 51.541490926523693 ], [ -0.520932838320732, 51.541072973952396 ], [ -0.519595398334786, 51.541072973952396 ], [ -0.51825795834884, 51.540237068809802 ], [ -0.517589238355868, 51.540655021381099 ], [ -0.517589238355868, 51.543998641951475 ], [ -0.514914358383976, 51.545670452236664 ], [ -0.516251798369922, 51.546506357379258 ], [ -0.515583078376949, 51.546924309950555 ], [ -0.512908198405057, 51.546924309950555 ], [ -0.512239478412084, 51.547342262521852 ], [ -0.512239478412084, 51.54901407280704 ], [ -0.510902038426138, 51.549849977949634 ], [ -0.510902038426138, 51.550685883092228 ], [ -0.512908198405057, 51.55193974080612 ], [ -0.516920518362895, 51.55193974080612 ], [ -0.51825795834884, 51.552775645948714 ], [ -0.519595398334786, 51.55193974080612 ], [ -0.522270278306678, 51.553611551091308 ], [ -0.52494515827857, 51.553611551091308 ], [ -0.526282598264515, 51.552775645948714 ] ] ], [ [ [ -0.22351962144603, 51.474618515116163 ], [ -0.21934012148995, 51.471274894545786 ], [ -0.215996521525085, 51.469185131689301 ], [ -0.214659081539139, 51.469185131689301 ], [ -0.213990361546166, 51.468767179118004 ], [ -0.213321641553193, 51.468244738403882 ], [ -0.211482661572518, 51.467095368832815 ], [ -0.210646761581302, 51.466677416261518 ], [ -0.209309321595356, 51.466572928118694 ], [ -0.205297001637518, 51.4657370229761 ], [ -0.202622121665627, 51.464901117833506 ], [ -0.190585161792114, 51.464901117833506 ], [ -0.187910281820223, 51.4657370229761 ], [ -0.183897961862385, 51.468244738403882 ], [ -0.183229241869412, 51.468767179118004 ], [ -0.182560521876439, 51.469916548689071 ], [ -0.181891801883467, 51.470438989403192 ], [ -0.181891801883467, 51.471274894545786 ], [ -0.183229241869412, 51.47211079968838 ], [ -0.182560521876439, 51.472528752259677 ], [ -0.181223081890494, 51.472528752259677 ], [ -0.180387181899277, 51.472946704830974 ], [ -0.180387181899277, 51.474618515116163 ], [ -0.179885641904548, 51.47576788468723 ], [ -0.179049741913332, 51.476290325401351 ], [ -0.174535881960765, 51.481619220685388 ], [ -0.170523562002927, 51.482455125827983 ], [ -0.157149162143469, 51.484126936113171 ], [ -0.153136842185631, 51.484962841255765 ], [ -0.151799402199686, 51.485067329398589 ], [ -0.151130682206713, 51.485485281969886 ], [ -0.151799402199686, 51.485903234541183 ], [ -0.154474282171577, 51.485903234541183 ], [ -0.15514300216455, 51.48632118711248 ], [ -0.15514300216455, 51.487992997397669 ], [ -0.153805562178604, 51.488828902540263 ], [ -0.15514300216455, 51.489664807682857 ], [ -0.15514300216455, 51.490500712825451 ], [ -0.156480442150496, 51.491336617968045 ], [ -0.156480442150496, 51.494680238538422 ], [ -0.157817882136442, 51.495516143681016 ], [ -0.157817882136442, 51.49635204882361 ], [ -0.157149162143469, 51.496770001394907 ], [ -0.155811722157523, 51.496770001394907 ], [ -0.153805562178604, 51.498023859108798 ], [ -0.153805562178604, 51.498859764251392 ], [ -0.153136842185631, 51.499277716822689 ], [ -0.151799402199686, 51.498441811680095 ], [ -0.15046196221374, 51.498441811680095 ], [ -0.149124522227794, 51.497605906537501 ], [ -0.146449642255902, 51.497605906537501 ], [ -0.145780922262929, 51.498023859108798 ], [ -0.147118362248875, 51.498859764251392 ], [ -0.147118362248875, 51.502203384821769 ], [ -0.147787082241848, 51.502621337393066 ], [ -0.149124522227794, 51.502621337393066 ], [ -0.149793242220767, 51.503039289964363 ], [ -0.146449642255902, 51.505129052820848 ], [ -0.145112202269956, 51.504293147678254 ], [ -0.143106042291038, 51.505547005392145 ], [ -0.145780922262929, 51.507218815677334 ], [ -0.144443482276984, 51.508054720819928 ], [ -0.144443482276984, 51.51056243624771 ], [ -0.145112202269956, 51.510980388819007 ], [ -0.146449642255902, 51.510980388819007 ], [ -0.147787082241848, 51.511816293961601 ], [ -0.149124522227794, 51.510980388819007 ], [ -0.149793242220767, 51.511398341390304 ], [ -0.149793242220767, 51.512234246532898 ], [ -0.149124522227794, 51.512652199104195 ], [ -0.145112202269956, 51.512652199104195 ], [ -0.144443482276984, 51.513070151675493 ], [ -0.144443482276984, 51.513906056818087 ], [ -0.145112202269956, 51.514324009389384 ], [ -0.149124522227794, 51.514324009389384 ], [ -0.149793242220767, 51.514741961960681 ], [ -0.149124522227794, 51.515159914531978 ], [ -0.145112202269956, 51.515159914531978 ], [ -0.144443482276984, 51.515577867103275 ], [ -0.144443482276984, 51.516413772245869 ], [ -0.143774762284011, 51.516831724817166 ], [ -0.142437322298065, 51.515995819674572 ], [ -0.141768602305092, 51.516413772245869 ], [ -0.141768602305092, 51.518085582531057 ], [ -0.1390937223332, 51.519757392816246 ], [ -0.1390937223332, 51.52059329795884 ], [ -0.137087562354282, 51.521847155672731 ], [ -0.13441268238239, 51.521847155672731 ], [ -0.133743962389417, 51.522265108244028 ], [ -0.133743962389417, 51.52477282367181 ], [ -0.133075242396444, 51.525190776243107 ], [ -0.129062922438607, 51.525190776243107 ], [ -0.127725482452661, 51.524354871100513 ], [ -0.127056762459688, 51.52477282367181 ], [ -0.128394202445634, 51.525608728814404 ], [ -0.128394202445634, 51.528116444242187 ], [ -0.127725482452661, 51.528534396813484 ], [ -0.126388042466715, 51.528534396813484 ], [ -0.125719322473742, 51.528952349384781 ], [ -0.128394202445634, 51.530624159669969 ], [ -0.128394202445634, 51.531460064812563 ], [ -0.129062922438607, 51.53187801738386 ], [ -0.131737802410498, 51.53187801738386 ], [ -0.133075242396444, 51.532713922526455 ], [ -0.133743962389417, 51.532295969955157 ], [ -0.132406522403471, 51.531460064812563 ], [ -0.132406522403471, 51.529788254527375 ], [ -0.13441268238239, 51.528534396813484 ], [ -0.135750122368336, 51.529370301956078 ], [ -0.137087562354282, 51.528534396813484 ], [ -0.137756282347254, 51.528952349384781 ], [ -0.137756282347254, 51.530624159669969 ], [ -0.141099882312119, 51.532713922526455 ], [ -0.142437322298065, 51.532713922526455 ], [ -0.143106042291038, 51.533131875097752 ], [ -0.143106042291038, 51.53480368538294 ], [ -0.143774762284011, 51.535221637954237 ], [ -0.145112202269956, 51.535221637954237 ], [ -0.145780922262929, 51.535639590525534 ], [ -0.145780922262929, 51.536475495668128 ], [ -0.146449642255902, 51.536893448239425 ], [ -0.149124522227794, 51.536893448239425 ], [ -0.151799402199686, 51.538565258524613 ], [ -0.153136842185631, 51.538565258524613 ], [ -0.153805562178604, 51.538983211095911 ], [ -0.153805562178604, 51.539819116238505 ], [ -0.154474282171577, 51.540237068809802 ], [ -0.157149162143469, 51.540237068809802 ], [ -0.157817882136442, 51.539819116238505 ], [ -0.156480442150496, 51.538983211095911 ], [ -0.156480442150496, 51.538147305953316 ], [ -0.157149162143469, 51.537729353382019 ], [ -0.158486602129415, 51.538565258524613 ], [ -0.15982404211536, 51.538565258524613 ], [ -0.161161482101306, 51.539401163667208 ], [ -0.162498922087252, 51.539401163667208 ], [ -0.163167642080225, 51.539819116238505 ], [ -0.163167642080225, 51.540655021381099 ], [ -0.162498922087252, 51.541072973952396 ], [ -0.161161482101306, 51.541072973952396 ], [ -0.15982404211536, 51.540237068809802 ], [ -0.157817882136442, 51.541490926523693 ], [ -0.158486602129415, 51.54190887909499 ], [ -0.161161482101306, 51.54190887909499 ], [ -0.161830202094279, 51.542326831666287 ], [ -0.161830202094279, 51.543998641951475 ], [ -0.162498922087252, 51.544416594522772 ], [ -0.163836362073198, 51.543580689380178 ], [ -0.16651124204509, 51.543580689380178 ], [ -0.167848682031035, 51.542744784237584 ], [ -0.173198441974819, 51.542744784237584 ], [ -0.173867161967792, 51.543162736808881 ], [ -0.173867161967792, 51.544834547094069 ], [ -0.172529721981846, 51.545670452236664 ], [ -0.172529721981846, 51.54901407280704 ], [ -0.173198441974819, 51.549432025378337 ], [ -0.173867161967792, 51.54901407280704 ], [ -0.173867161967792, 51.548178167664446 ], [ -0.174535881960765, 51.547760215093149 ], [ -0.17587332194671, 51.547760215093149 ], [ -0.176542041939683, 51.547342262521852 ], [ -0.175204601953737, 51.546506357379258 ], [ -0.177210761932656, 51.545252499665366 ], [ -0.178548201918602, 51.545252499665366 ], [ -0.179885641904548, 51.546088404807961 ], [ -0.180554361897521, 51.545670452236664 ], [ -0.180554361897521, 51.544834547094069 ], [ -0.181223081890494, 51.544416594522772 ], [ -0.182560521876439, 51.545252499665366 ], [ -0.183897961862385, 51.545252499665366 ], [ -0.185235401848331, 51.544416594522772 ], [ -0.189247721806169, 51.544416594522772 ], [ -0.189916441799141, 51.544834547094069 ], [ -0.189916441799141, 51.545670452236664 ], [ -0.190585161792114, 51.546088404807961 ], [ -0.199947241693735, 51.546088404807961 ], [ -0.201284681679681, 51.545252499665366 ], [ -0.202622121665627, 51.545252499665366 ], [ -0.2032908416586, 51.544834547094069 ], [ -0.2032908416586, 51.543998641951475 ], [ -0.203959561651573, 51.543580689380178 ], [ -0.211984201567248, 51.543580689380178 ], [ -0.21265292156022, 51.543998641951475 ], [ -0.21265292156022, 51.544834547094069 ], [ -0.213321641553193, 51.545252499665366 ], [ -0.215327801532112, 51.543998641951475 ], [ -0.213990361546166, 51.543162736808881 ], [ -0.213990361546166, 51.541490926523693 ], [ -0.214659081539139, 51.541072973952396 ], [ -0.217333961511031, 51.541072973952396 ], [ -0.218671401496977, 51.540237068809802 ], [ -0.220008841482922, 51.540237068809802 ], [ -0.221346281468868, 51.539401163667208 ], [ -0.222015001461841, 51.539819116238505 ], [ -0.222015001461841, 51.541490926523693 ], [ -0.222683721454814, 51.54190887909499 ], [ -0.22402116144076, 51.541072973952396 ], [ -0.224689881433733, 51.541490926523693 ], [ -0.224689881433733, 51.542326831666287 ], [ -0.223352441447787, 51.543162736808881 ], [ -0.22402116144076, 51.543580689380178 ], [ -0.227364761405624, 51.541490926523693 ], [ -0.227364761405624, 51.540655021381099 ], [ -0.228033481398597, 51.540237068809802 ], [ -0.229370921384543, 51.540237068809802 ], [ -0.230039641377516, 51.540655021381099 ], [ -0.230039641377516, 51.542326831666287 ], [ -0.231377081363462, 51.543162736808881 ], [ -0.231377081363462, 51.543998641951475 ], [ -0.226696041412652, 51.546924309950555 ], [ -0.22402116144076, 51.546924309950555 ], [ -0.217333961511031, 51.551103835663525 ], [ -0.215996521525085, 51.551103835663525 ], [ -0.215327801532112, 51.551521788234822 ], [ -0.215327801532112, 51.552357693377417 ], [ -0.216665241518058, 51.553193598520011 ], [ -0.215996521525085, 51.553611551091308 ], [ -0.214659081539139, 51.553611551091308 ], [ -0.211984201567248, 51.555283361376496 ], [ -0.210646761581302, 51.555283361376496 ], [ -0.207303161616437, 51.553193598520011 ], [ -0.207303161616437, 51.552357693377417 ], [ -0.208640601602383, 51.551521788234822 ], [ -0.208640601602383, 51.550685883092228 ], [ -0.20797188160941, 51.550267930520931 ], [ -0.207303161616437, 51.550685883092228 ], [ -0.207303161616437, 51.551521788234822 ], [ -0.206634441623464, 51.55193974080612 ], [ -0.205297001637518, 51.55193974080612 ], [ -0.203959561651573, 51.552775645948714 ], [ -0.2032908416586, 51.552357693377417 ], [ -0.2032908416586, 51.551521788234822 ], [ -0.201284681679681, 51.550267930520931 ], [ -0.197272361721843, 51.550267930520931 ], [ -0.196603641728871, 51.549849977949634 ], [ -0.196603641728871, 51.54901407280704 ], [ -0.195934921735898, 51.548596120235743 ], [ -0.194597481749952, 51.548596120235743 ], [ -0.193260041764006, 51.549432025378337 ], [ -0.19192260177806, 51.548596120235743 ], [ -0.191253881785087, 51.54901407280704 ], [ -0.191253881785087, 51.550685883092228 ], [ -0.189247721806169, 51.55193974080612 ], [ -0.187910281820223, 51.55193974080612 ], [ -0.186572841834277, 51.551103835663525 ], [ -0.185235401848331, 51.551103835663525 ], [ -0.184566681855358, 51.551521788234822 ], [ -0.184566681855358, 51.553193598520011 ], [ -0.183897961862385, 51.553611551091308 ], [ -0.182560521876439, 51.552775645948714 ], [ -0.181223081890494, 51.552775645948714 ], [ -0.180554361897521, 51.553193598520011 ], [ -0.181223081890494, 51.553611551091308 ], [ -0.182560521876439, 51.553611551091308 ], [ -0.183229241869412, 51.554029503662605 ], [ -0.181891801883467, 51.554865408805199 ], [ -0.181891801883467, 51.555701313947793 ], [ -0.180554361897521, 51.556537219090387 ], [ -0.180554361897521, 51.557373124232981 ], [ -0.177879481925629, 51.55904493451817 ], [ -0.179216921911575, 51.559880839660764 ], [ -0.179216921911575, 51.561552649945952 ], [ -0.179885641904548, 51.561970602517249 ], [ -0.182560521876439, 51.561970602517249 ], [ -0.183229241869412, 51.562388555088546 ], [ -0.183229241869412, 51.56322446023114 ], [ -0.183897961862385, 51.563642412802437 ], [ -0.187910281820223, 51.563642412802437 ], [ -0.188579001813196, 51.564060365373734 ], [ -0.18724156182725, 51.564896270516329 ], [ -0.189916441799141, 51.566568080801517 ], [ -0.189247721806169, 51.566986033372814 ], [ -0.185235401848331, 51.566986033372814 ], [ -0.182560521876439, 51.565314223087626 ], [ -0.181223081890494, 51.565314223087626 ], [ -0.180554361897521, 51.564896270516329 ], [ -0.181891801883467, 51.564060365373734 ], [ -0.179885641904548, 51.562806507659843 ], [ -0.179216921911575, 51.56322446023114 ], [ -0.179216921911575, 51.564896270516329 ], [ -0.180554361897521, 51.565732175658923 ], [ -0.179216921911575, 51.566568080801517 ], [ -0.179216921911575, 51.568239891086705 ], [ -0.177879481925629, 51.569075796229299 ], [ -0.177879481925629, 51.570747606514487 ], [ -0.176542041939683, 51.571583511657082 ], [ -0.177879481925629, 51.572419416799676 ], [ -0.176542041939683, 51.57325532194227 ], [ -0.177210761932656, 51.573673274513567 ], [ -0.178548201918602, 51.572837369370973 ], [ -0.179216921911575, 51.57325532194227 ], [ -0.179216921911575, 51.574091227084864 ], [ -0.179885641904548, 51.574509179656161 ], [ -0.181223081890494, 51.574509179656161 ], [ -0.181891801883467, 51.574927132227458 ], [ -0.181891801883467, 51.576598942512646 ], [ -0.179885641904548, 51.577852800226538 ], [ -0.178548201918602, 51.577852800226538 ], [ -0.177879481925629, 51.578270752797835 ], [ -0.177879481925629, 51.579106657940429 ], [ -0.177210761932656, 51.579524610511726 ], [ -0.174535881960765, 51.577852800226538 ], [ -0.173867161967792, 51.578270752797835 ], [ -0.175204601953737, 51.579106657940429 ], [ -0.175204601953737, 51.579942563083023 ], [ -0.176542041939683, 51.580778468225617 ], [ -0.176542041939683, 51.582450278510805 ], [ -0.177210761932656, 51.582868231082102 ], [ -0.178548201918602, 51.582868231082102 ], [ -0.179216921911575, 51.583286183653399 ], [ -0.179216921911575, 51.584957993938588 ], [ -0.177879481925629, 51.585793899081182 ], [ -0.179216921911575, 51.586629804223776 ], [ -0.178548201918602, 51.587047756795073 ], [ -0.17587332194671, 51.587047756795073 ], [ -0.175204601953737, 51.58746570936637 ], [ -0.17587332194671, 51.587883661937667 ], [ -0.177210761932656, 51.587883661937667 ], [ -0.179216921911575, 51.589137519651558 ], [ -0.179216921911575, 51.589973424794152 ], [ -0.177879481925629, 51.590809329936747 ], [ -0.178548201918602, 51.591227282508044 ], [ -0.179885641904548, 51.591227282508044 ], [ -0.181891801883467, 51.589973424794152 ], [ -0.181891801883467, 51.589137519651558 ], [ -0.182560521876439, 51.588719567080261 ], [ -0.185235401848331, 51.588719567080261 ], [ -0.18724156182725, 51.589973424794152 ], [ -0.18724156182725, 51.590809329936747 ], [ -0.186572841834277, 51.591227282508044 ], [ -0.183897961862385, 51.591227282508044 ], [ -0.183229241869412, 51.591645235079341 ], [ -0.183229241869412, 51.592481140221935 ], [ -0.182560521876439, 51.592899092793232 ], [ -0.181223081890494, 51.592063187650638 ], [ -0.179885641904548, 51.592063187650638 ], [ -0.177879481925629, 51.593317045364529 ], [ -0.178548201918602, 51.593734997935826 ], [ -0.179885641904548, 51.592899092793232 ], [ -0.181223081890494, 51.592899092793232 ], [ -0.183229241869412, 51.594152950507123 ], [ -0.183229241869412, 51.594988855649717 ], [ -0.181223081890494, 51.596242713363608 ], [ -0.178548201918602, 51.596242713363608 ], [ -0.177879481925629, 51.596660665934905 ], [ -0.177879481925629, 51.598332476220094 ], [ -0.17587332194671, 51.599586333933985 ], [ -0.171861001988873, 51.599586333933985 ], [ -0.1711922819959, 51.600004286505282 ], [ -0.1711922819959, 51.60167609679047 ], [ -0.169854842009954, 51.602512001933064 ], [ -0.169854842009954, 51.603347907075658 ], [ -0.170523562002927, 51.603765859646956 ], [ -0.1711922819959, 51.603347907075658 ], [ -0.1711922819959, 51.602512001933064 ], [ -0.171861001988873, 51.602094049361767 ], [ -0.173867161967792, 51.603347907075658 ], [ -0.173867161967792, 51.604183812218253 ], [ -0.172529721981846, 51.605019717360847 ], [ -0.174535881960765, 51.606273575074738 ], [ -0.17587332194671, 51.605437669932144 ], [ -0.181223081890494, 51.605437669932144 ], [ -0.183229241869412, 51.604183812218253 ], [ -0.182560521876439, 51.603765859646956 ], [ -0.181223081890494, 51.60460176478955 ], [ -0.179885641904548, 51.60460176478955 ], [ -0.179216921911575, 51.604183812218253 ], [ -0.179216921911575, 51.602512001933064 ], [ -0.179885641904548, 51.602094049361767 ], [ -0.181223081890494, 51.602929954504361 ], [ -0.185235401848331, 51.602929954504361 ], [ -0.185904121841304, 51.602512001933064 ], [ -0.185904121841304, 51.60167609679047 ], [ -0.186572841834277, 51.601258144219173 ], [ -0.189247721806169, 51.601258144219173 ], [ -0.189916441799141, 51.60167609679047 ], [ -0.189916441799141, 51.602512001933064 ], [ -0.188579001813196, 51.603347907075658 ], [ -0.189916441799141, 51.604183812218253 ], [ -0.189916441799141, 51.605855622503441 ], [ -0.188579001813196, 51.606691527646035 ], [ -0.189247721806169, 51.607109480217332 ], [ -0.190585161792114, 51.606273575074738 ], [ -0.194597481749952, 51.606273575074738 ], [ -0.195266201742925, 51.606691527646035 ], [ -0.195266201742925, 51.607527432788629 ], [ -0.195934921735898, 51.607945385359926 ], [ -0.197272361721843, 51.607109480217332 ], [ -0.198609801707789, 51.607109480217332 ], [ -0.199947241693735, 51.606273575074738 ], [ -0.201284681679681, 51.606273575074738 ], [ -0.202622121665627, 51.605437669932144 ], [ -0.203959561651573, 51.605437669932144 ], [ -0.205965721630491, 51.606691527646035 ], [ -0.205965721630491, 51.608363337931223 ], [ -0.206634441623464, 51.60878129050252 ], [ -0.207303161616437, 51.608363337931223 ], [ -0.207303161616437, 51.607527432788629 ], [ -0.209309321595356, 51.606273575074738 ], [ -0.210646761581302, 51.606273575074738 ], [ -0.211984201567248, 51.605437669932144 ], [ -0.213321641553193, 51.606273575074738 ], [ -0.213990361546166, 51.605855622503441 ], [ -0.21265292156022, 51.605019717360847 ], [ -0.213321641553193, 51.60460176478955 ], [ -0.215996521525085, 51.60460176478955 ], [ -0.216665241518058, 51.604183812218253 ], [ -0.216665241518058, 51.602512001933064 ], [ -0.218671401496977, 51.601258144219173 ], [ -0.21934012148995, 51.60167609679047 ], [ -0.21934012148995, 51.603347907075658 ], [ -0.220008841482922, 51.603765859646956 ], [ -0.221346281468868, 51.603765859646956 ], [ -0.22402116144076, 51.605437669932144 ], [ -0.225358601426706, 51.605437669932144 ], [ -0.227364761405624, 51.606691527646035 ], [ -0.227364761405624, 51.607527432788629 ], [ -0.226696041412652, 51.607945385359926 ], [ -0.225358601426706, 51.607945385359926 ], [ -0.224689881433733, 51.608363337931223 ], [ -0.226696041412652, 51.609617195645114 ], [ -0.228033481398597, 51.60878129050252 ], [ -0.229370921384543, 51.609617195645114 ], [ -0.232045801356435, 51.609617195645114 ], [ -0.232714521349408, 51.610035148216411 ], [ -0.232714521349408, 51.610871053359006 ], [ -0.233383241342381, 51.611289005930303 ], [ -0.234720681328326, 51.611289005930303 ], [ -0.236058121314272, 51.612124911072897 ], [ -0.238733001286164, 51.610453100787709 ], [ -0.239401721279137, 51.610871053359006 ], [ -0.239401721279137, 51.614214673929382 ], [ -0.238733001286164, 51.614632626500679 ], [ -0.238064281293191, 51.614214673929382 ], [ -0.238064281293191, 51.613378768786788 ], [ -0.237395561300218, 51.612960816215491 ], [ -0.236058121314272, 51.612960816215491 ], [ -0.232714521349408, 51.615050579071976 ], [ -0.232714521349408, 51.61588648421457 ], [ -0.233383241342381, 51.616304436785867 ], [ -0.234720681328326, 51.616304436785867 ], [ -0.235389401321299, 51.616722389357165 ], [ -0.235389401321299, 51.617558294499759 ], [ -0.234051961335354, 51.618394199642353 ], [ -0.234051961335354, 51.620901915070135 ], [ -0.232714521349408, 51.621737820212729 ], [ -0.233383241342381, 51.622155772784026 ], [ -0.236058121314272, 51.620483962498838 ], [ -0.238733001286164, 51.620483962498838 ], [ -0.239401721279137, 51.620901915070135 ], [ -0.239401721279137, 51.621737820212729 ], [ -0.238064281293191, 51.622573725355323 ], [ -0.238064281293191, 51.623409630497918 ], [ -0.236726841307245, 51.624245535640512 ], [ -0.236726841307245, 51.625081440783106 ], [ -0.237395561300218, 51.625499393354403 ], [ -0.238733001286164, 51.624663488211809 ], [ -0.24007044127211, 51.624663488211809 ], [ -0.241407881258056, 51.623827583069215 ], [ -0.244082761229947, 51.623827583069215 ], [ -0.24475148122292, 51.624245535640512 ], [ -0.242076601251028, 51.6259173459257 ], [ -0.242745321244001, 51.626335298496997 ], [ -0.245420201215893, 51.624663488211809 ], [ -0.246757641201839, 51.625499393354403 ], [ -0.248095081187785, 51.624663488211809 ], [ -0.24943252117373, 51.624663488211809 ], [ -0.250101241166703, 51.624245535640512 ], [ -0.248763801180758, 51.623409630497918 ], [ -0.248763801180758, 51.622573725355323 ], [ -0.24943252117373, 51.622155772784026 ], [ -0.252107401145622, 51.623827583069215 ], [ -0.253444841131568, 51.62299167792662 ], [ -0.254113561124541, 51.623409630497918 ], [ -0.254113561124541, 51.627589156210888 ], [ -0.254782281117514, 51.628007108782185 ], [ -0.258794601075351, 51.628007108782185 ], [ -0.260132041061297, 51.627171203639591 ], [ -0.26080076105427, 51.627589156210888 ], [ -0.26080076105427, 51.632604587066453 ], [ -0.262138201040216, 51.633440492209047 ], [ -0.262138201040216, 51.635948207636829 ], [ -0.264144361019135, 51.637202065350721 ], [ -0.269494120962918, 51.637202065350721 ], [ -0.271500280941837, 51.635948207636829 ], [ -0.271500280941837, 51.635112302494235 ], [ -0.270162840955891, 51.634276397351641 ], [ -0.270162840955891, 51.633440492209047 ], [ -0.266150520998053, 51.630932776781265 ], [ -0.266150520998053, 51.630096871638671 ], [ -0.263475641026162, 51.628425061353482 ], [ -0.263475641026162, 51.626753251068294 ], [ -0.26080076105427, 51.625081440783106 ], [ -0.263475641026162, 51.623409630497918 ], [ -0.263475641026162, 51.620066009927541 ], [ -0.262138201040216, 51.619230104784947 ], [ -0.264813081012107, 51.617558294499759 ], [ -0.264144361019135, 51.617140341928462 ], [ -0.261469481047243, 51.61881215221365 ], [ -0.26080076105427, 51.618394199642353 ], [ -0.26080076105427, 51.617558294499759 ], [ -0.260132041061297, 51.617140341928462 ], [ -0.258794601075351, 51.617140341928462 ], [ -0.258125881082378, 51.617558294499759 ], [ -0.258125881082378, 51.618394199642353 ], [ -0.257457161089405, 51.61881215221365 ], [ -0.254782281117514, 51.61881215221365 ], [ -0.252776121138595, 51.617558294499759 ], [ -0.252776121138595, 51.616722389357165 ], [ -0.248763801180758, 51.614214673929382 ], [ -0.24943252117373, 51.613796721358085 ], [ -0.252107401145622, 51.613796721358085 ], [ -0.252776121138595, 51.613378768786788 ], [ -0.250101241166703, 51.6117069585016 ], [ -0.250769961159676, 51.611289005930303 ], [ -0.252107401145622, 51.611289005930303 ], [ -0.253444841131568, 51.612124911072897 ], [ -0.25611972110346, 51.612124911072897 ], [ -0.256788441096433, 51.6117069585016 ], [ -0.256788441096433, 51.610871053359006 ], [ -0.257457161089405, 51.610453100787709 ], [ -0.258794601075351, 51.610453100787709 ], [ -0.259463321068324, 51.610035148216411 ], [ -0.257457161089405, 51.60878129050252 ], [ -0.25611972110346, 51.60878129050252 ], [ -0.255451001110487, 51.608363337931223 ], [ -0.255451001110487, 51.606691527646035 ], [ -0.25611972110346, 51.606273575074738 ], [ -0.257457161089405, 51.607109480217332 ], [ -0.258125881082378, 51.606691527646035 ], [ -0.258125881082378, 51.605019717360847 ], [ -0.258794601075351, 51.60460176478955 ], [ -0.261469481047243, 51.60460176478955 ], [ -0.264144361019135, 51.602929954504361 ], [ -0.26548180100508, 51.602929954504361 ], [ -0.266150520998053, 51.602512001933064 ], [ -0.266150520998053, 51.600840191647876 ], [ -0.26548180100508, 51.600422239076579 ], [ -0.264144361019135, 51.601258144219173 ], [ -0.261469481047243, 51.601258144219173 ], [ -0.26080076105427, 51.600840191647876 ], [ -0.26080076105427, 51.600004286505282 ], [ -0.261469481047243, 51.599586333933985 ], [ -0.262806921033189, 51.600422239076579 ], [ -0.263475641026162, 51.600004286505282 ], [ -0.263475641026162, 51.599168381362688 ], [ -0.261469481047243, 51.597914523648797 ], [ -0.260132041061297, 51.598750428791391 ], [ -0.25611972110346, 51.598750428791391 ], [ -0.254113561124541, 51.5974965710775 ], [ -0.257457161089405, 51.595406808221014 ], [ -0.258125881082378, 51.595824760792311 ], [ -0.258125881082378, 51.596660665934905 ], [ -0.258794601075351, 51.597078618506202 ], [ -0.259463321068324, 51.596660665934905 ], [ -0.259463321068324, 51.595824760792311 ], [ -0.261469481047243, 51.59457090307842 ], [ -0.262806921033189, 51.595406808221014 ], [ -0.263475641026162, 51.594988855649717 ], [ -0.263475641026162, 51.594152950507123 ], [ -0.262138201040216, 51.593317045364529 ], [ -0.262138201040216, 51.591645235079341 ], [ -0.262806921033189, 51.591227282508044 ], [ -0.26548180100508, 51.591227282508044 ], [ -0.266150520998053, 51.590809329936747 ], [ -0.26548180100508, 51.590391377365449 ], [ -0.262806921033189, 51.590391377365449 ], [ -0.261469481047243, 51.591227282508044 ], [ -0.260132041061297, 51.591227282508044 ], [ -0.259463321068324, 51.590809329936747 ], [ -0.261469481047243, 51.589555472222855 ], [ -0.26548180100508, 51.589555472222855 ], [ -0.266150520998053, 51.589137519651558 ], [ -0.266150520998053, 51.584957993938588 ], [ -0.266819240991026, 51.584540041367291 ], [ -0.268156680976972, 51.584540041367291 ], [ -0.270162840955891, 51.583286183653399 ], [ -0.269494120962918, 51.582868231082102 ], [ -0.268156680976972, 51.582868231082102 ], [ -0.267487960983999, 51.582450278510805 ], [ -0.268825400969945, 51.581614373368211 ], [ -0.267487960983999, 51.580778468225617 ], [ -0.268825400969945, 51.579942563083023 ], [ -0.268825400969945, 51.578270752797835 ], [ -0.270162840955891, 51.57743484765524 ], [ -0.270162840955891, 51.575763037370052 ], [ -0.272169000934809, 51.574509179656161 ], [ -0.272837720927782, 51.574927132227458 ], [ -0.272837720927782, 51.575763037370052 ], [ -0.273506440920755, 51.576180989941349 ], [ -0.274843880906701, 51.576180989941349 ], [ -0.275512600899674, 51.576598942512646 ], [ -0.275512600899674, 51.57743484765524 ], [ -0.276181320892647, 51.577852800226538 ], [ -0.27685004088562, 51.57743484765524 ], [ -0.27685004088562, 51.576598942512646 ], [ -0.278187480871566, 51.575763037370052 ], [ -0.278187480871566, 51.574927132227458 ], [ -0.277518760878593, 51.574509179656161 ], [ -0.276181320892647, 51.574509179656161 ], [ -0.275512600899674, 51.574091227084864 ], [ -0.277518760878593, 51.572837369370973 ], [ -0.28153108083643, 51.572837369370973 ], [ -0.282199800829403, 51.572419416799676 ], [ -0.282199800829403, 51.571583511657082 ], [ -0.282868520822376, 51.571165559085784 ], [ -0.283537240815349, 51.571583511657082 ], [ -0.283537240815349, 51.572419416799676 ], [ -0.284205960808322, 51.572837369370973 ], [ -0.285543400794268, 51.572001464228379 ], [ -0.289555720752105, 51.572001464228379 ], [ -0.290224440745078, 51.572419416799676 ], [ -0.290224440745078, 51.57325532194227 ], [ -0.290893160738051, 51.573673274513567 ], [ -0.293568040709943, 51.573673274513567 ], [ -0.294236760702915, 51.57325532194227 ], [ -0.29289932071697, 51.572419416799676 ], [ -0.29289932071697, 51.571583511657082 ], [ -0.291561880731024, 51.570747606514487 ], [ -0.292230600723997, 51.57032965394319 ], [ -0.293568040709943, 51.57032965394319 ], [ -0.294236760702915, 51.570747606514487 ], [ -0.294236760702915, 51.571583511657082 ], [ -0.294905480695888, 51.572001464228379 ], [ -0.295574200688861, 51.571583511657082 ], [ -0.295574200688861, 51.568239891086705 ], [ -0.296242920681834, 51.567821938515408 ], [ -0.29758036066778, 51.568657843658002 ], [ -0.298917800653726, 51.567821938515408 ], [ -0.301592680625618, 51.567821938515408 ], [ -0.302930120611563, 51.568657843658002 ], [ -0.304267560597509, 51.567821938515408 ], [ -0.305605000583455, 51.568657843658002 ], [ -0.306273720576428, 51.568239891086705 ], [ -0.306273720576428, 51.567403985944111 ], [ -0.307611160562374, 51.566568080801517 ], [ -0.307611160562374, 51.565732175658923 ], [ -0.308279880555347, 51.565314223087626 ], [ -0.310286040534265, 51.566568080801517 ], [ -0.30894860054832, 51.567403985944111 ], [ -0.309617320541292, 51.567821938515408 ], [ -0.310954760527238, 51.567821938515408 ], [ -0.312292200513184, 51.568657843658002 ], [ -0.31362964049913, 51.568657843658002 ], [ -0.316304520471022, 51.566986033372814 ], [ -0.317641960456967, 51.566986033372814 ], [ -0.31831068044994, 51.567403985944111 ], [ -0.31831068044994, 51.568239891086705 ], [ -0.318979400442913, 51.568657843658002 ], [ -0.320316840428859, 51.568657843658002 ], [ -0.321654280414805, 51.569493748800596 ], [ -0.322323000407778, 51.569075796229299 ], [ -0.322323000407778, 51.567403985944111 ], [ -0.322991720400751, 51.566986033372814 ], [ -0.324329160386696, 51.566986033372814 ], [ -0.324997880379669, 51.566568080801517 ], [ -0.324997880379669, 51.565732175658923 ], [ -0.325666600372642, 51.565314223087626 ], [ -0.32967892033048, 51.565314223087626 ], [ -0.331016360316426, 51.56615012823022 ], [ -0.332353800302371, 51.565314223087626 ], [ -0.335028680274263, 51.565314223087626 ], [ -0.335697400267236, 51.565732175658923 ], [ -0.335697400267236, 51.567403985944111 ], [ -0.336366120260209, 51.567821938515408 ], [ -0.337703560246155, 51.566986033372814 ], [ -0.3390410002321, 51.566986033372814 ], [ -0.339709720225073, 51.566568080801517 ], [ -0.339709720225073, 51.56322446023114 ], [ -0.340378440218046, 51.562806507659843 ], [ -0.341715880203992, 51.562806507659843 ], [ -0.342384600196965, 51.562388555088546 ], [ -0.342384600196965, 51.559880839660764 ], [ -0.343053320189938, 51.559462887089467 ], [ -0.344390760175884, 51.559462887089467 ], [ -0.34572820016183, 51.560298792232061 ], [ -0.351077960105613, 51.560298792232061 ], [ -0.351746680098586, 51.559880839660764 ], [ -0.351746680098586, 51.55904493451817 ], [ -0.352415400091559, 51.558626981946873 ], [ -0.357765160035342, 51.558626981946873 ], [ -0.358433880028315, 51.55904493451817 ], [ -0.358433880028315, 51.560716744803358 ], [ -0.359102600021288, 51.561134697374655 ], [ -0.361777479993179, 51.559462887089467 ], [ -0.363114919979125, 51.559462887089467 ], [ -0.363783639972098, 51.559880839660764 ], [ -0.363783639972098, 51.56322446023114 ], [ -0.364452359965071, 51.563642412802437 ], [ -0.365789799951017, 51.562806507659843 ], [ -0.367127239936963, 51.562806507659843 ], [ -0.367795959929936, 51.562388555088546 ], [ -0.367795959929936, 51.561552649945952 ], [ -0.368464679922909, 51.561134697374655 ], [ -0.369802119908854, 51.561134697374655 ], [ -0.3711395598948, 51.561970602517249 ], [ -0.372476999880746, 51.561970602517249 ], [ -0.375820599845611, 51.559880839660764 ], [ -0.374483159859665, 51.55904493451817 ], [ -0.375151879852638, 51.558626981946873 ], [ -0.377826759824529, 51.558626981946873 ], [ -0.378495479817502, 51.55904493451817 ], [ -0.377158039831556, 51.559880839660764 ], [ -0.377158039831556, 51.560716744803358 ], [ -0.379164199810475, 51.561970602517249 ], [ -0.380501639796421, 51.561134697374655 ], [ -0.381839079782367, 51.561134697374655 ], [ -0.38250779977534, 51.560716744803358 ], [ -0.38250779977534, 51.55904493451817 ], [ -0.383176519768313, 51.558626981946873 ], [ -0.384513959754258, 51.558626981946873 ], [ -0.385182679747231, 51.558209029375575 ], [ -0.384513959754258, 51.557791076804278 ], [ -0.381839079782367, 51.557791076804278 ], [ -0.381170359789394, 51.557373124232981 ], [ -0.381170359789394, 51.554865408805199 ], [ -0.381839079782367, 51.554447456233902 ], [ -0.383176519768313, 51.554447456233902 ], [ -0.385182679747231, 51.553193598520011 ], [ -0.385182679747231, 51.552357693377417 ], [ -0.38718883972615, 51.551103835663525 ], [ -0.389863719698042, 51.551103835663525 ], [ -0.392538599669933, 51.549432025378337 ], [ -0.393876039655879, 51.550267930520931 ], [ -0.395213479641825, 51.550267930520931 ], [ -0.395882199634798, 51.550685883092228 ], [ -0.395882199634798, 51.551521788234822 ], [ -0.397219639620744, 51.552357693377417 ], [ -0.397219639620744, 51.553193598520011 ], [ -0.394544759648852, 51.554865408805199 ], [ -0.395882199634798, 51.555701313947793 ], [ -0.395882199634798, 51.556537219090387 ], [ -0.395213479641825, 51.556955171661684 ], [ -0.392538599669933, 51.555283361376496 ], [ -0.39186987967696, 51.555701313947793 ], [ -0.39186987967696, 51.556537219090387 ], [ -0.392538599669933, 51.556955171661684 ], [ -0.393876039655879, 51.556955171661684 ], [ -0.394544759648852, 51.557373124232981 ], [ -0.393207319662906, 51.558209029375575 ], [ -0.393207319662906, 51.561552649945952 ], [ -0.39186987967696, 51.562388555088546 ], [ -0.392538599669933, 51.562806507659843 ], [ -0.396550919627771, 51.560298792232061 ], [ -0.399225799599662, 51.560298792232061 ], [ -0.399894519592635, 51.559880839660764 ], [ -0.399894519592635, 51.558209029375575 ], [ -0.400563239585608, 51.557791076804278 ], [ -0.401900679571554, 51.557791076804278 ], [ -0.402569399564527, 51.558209029375575 ], [ -0.402569399564527, 51.560716744803358 ], [ -0.401231959578581, 51.561552649945952 ], [ -0.401231959578581, 51.562388555088546 ], [ -0.4032381195575, 51.563642412802437 ], [ -0.407250439515337, 51.561134697374655 ], [ -0.409925319487229, 51.561134697374655 ], [ -0.411262759473175, 51.561970602517249 ], [ -0.413937639445066, 51.561970602517249 ], [ -0.414606359438039, 51.561552649945952 ], [ -0.414606359438039, 51.560716744803358 ], [ -0.413268919452094, 51.559880839660764 ], [ -0.413937639445066, 51.559462887089467 ], [ -0.415275079431012, 51.559462887089467 ], [ -0.415943799423985, 51.55904493451817 ], [ -0.415943799423985, 51.558209029375575 ], [ -0.416612519416958, 51.557791076804278 ], [ -0.420624839374796, 51.557791076804278 ], [ -0.421293559367768, 51.557373124232981 ], [ -0.421293559367768, 51.556537219090387 ], [ -0.422630999353714, 51.555701313947793 ], [ -0.421962279360741, 51.555283361376496 ], [ -0.413937639445066, 51.555283361376496 ], [ -0.413268919452094, 51.554865408805199 ], [ -0.413268919452094, 51.554029503662605 ], [ -0.415275079431012, 51.552775645948714 ], [ -0.421962279360741, 51.552775645948714 ], [ -0.423299719346687, 51.55193974080612 ], [ -0.424637159332633, 51.55193974080612 ], [ -0.425974599318579, 51.551103835663525 ], [ -0.42864947929047, 51.551103835663525 ], [ -0.429986919276416, 51.55193974080612 ], [ -0.431324359262362, 51.55193974080612 ], [ -0.431993079255335, 51.552357693377417 ], [ -0.431993079255335, 51.553193598520011 ], [ -0.432661799248308, 51.553611551091308 ], [ -0.433999239234254, 51.552775645948714 ], [ -0.438011559192091, 51.552775645948714 ], [ -0.438680279185064, 51.553193598520011 ], [ -0.438680279185064, 51.556537219090387 ], [ -0.438011559192091, 51.556955171661684 ], [ -0.436674119206145, 51.55611926651909 ], [ -0.4353366792202, 51.55611926651909 ], [ -0.434667959227227, 51.556537219090387 ], [ -0.434667959227227, 51.557373124232981 ], [ -0.436005399213172, 51.558209029375575 ], [ -0.433330519241281, 51.559880839660764 ], [ -0.433330519241281, 51.561552649945952 ], [ -0.4353366792202, 51.562806507659843 ], [ -0.436674119206145, 51.562806507659843 ], [ -0.438011559192091, 51.563642412802437 ], [ -0.439348999178037, 51.563642412802437 ], [ -0.44001771917101, 51.564060365373734 ], [ -0.439348999178037, 51.564478317945031 ], [ -0.438011559192091, 51.564478317945031 ], [ -0.4353366792202, 51.56615012823022 ], [ -0.433999239234254, 51.56615012823022 ], [ -0.431993079255335, 51.567403985944111 ], [ -0.433999239234254, 51.568657843658002 ], [ -0.4353366792202, 51.568657843658002 ], [ -0.438011559192091, 51.57032965394319 ], [ -0.438680279185064, 51.569911701371893 ], [ -0.438680279185064, 51.569075796229299 ], [ -0.439348999178037, 51.568657843658002 ], [ -0.440686439163983, 51.569493748800596 ], [ -0.443361319135875, 51.569493748800596 ], [ -0.444030039128847, 51.569911701371893 ], [ -0.442692599142902, 51.570747606514487 ], [ -0.443361319135875, 51.571165559085784 ], [ -0.44469875912182, 51.57032965394319 ], [ -0.446036199107766, 51.571165559085784 ], [ -0.447373639093712, 51.571165559085784 ], [ -0.448711079079658, 51.572001464228379 ], [ -0.450048519065604, 51.572001464228379 ], [ -0.451385959051549, 51.572837369370973 ], [ -0.452723399037495, 51.572001464228379 ], [ -0.453392119030468, 51.572419416799676 ], [ -0.453392119030468, 51.57325532194227 ], [ -0.452054679044522, 51.574091227084864 ], [ -0.452723399037495, 51.574509179656161 ], [ -0.454060839023441, 51.574509179656161 ], [ -0.455398279009387, 51.573673274513567 ], [ -0.456735718995333, 51.573673274513567 ], [ -0.457404438988306, 51.57325532194227 ], [ -0.457404438988306, 51.572419416799676 ], [ -0.459410598967224, 51.571165559085784 ], [ -0.46074803895317, 51.571165559085784 ], [ -0.461416758946143, 51.570747606514487 ], [ -0.461416758946143, 51.568239891086705 ], [ -0.462085478939116, 51.567821938515408 ], [ -0.464091638918035, 51.569075796229299 ], [ -0.464091638918035, 51.569911701371893 ], [ -0.465429078903981, 51.570747606514487 ], [ -0.465429078903981, 51.572419416799676 ], [ -0.464091638918035, 51.57325532194227 ], [ -0.464091638918035, 51.574091227084864 ], [ -0.469441398861818, 51.57743484765524 ], [ -0.469441398861818, 51.580778468225617 ], [ -0.470110118854791, 51.581196420796914 ], [ -0.471447558840737, 51.581196420796914 ], [ -0.47211627883371, 51.580778468225617 ], [ -0.47211627883371, 51.579942563083023 ], [ -0.470778838847764, 51.579106657940429 ], [ -0.47211627883371, 51.578270752797835 ], [ -0.470778838847764, 51.57743484765524 ], [ -0.472784998826683, 51.576180989941349 ], [ -0.475459878798574, 51.576180989941349 ], [ -0.476128598791547, 51.575763037370052 ], [ -0.475459878798574, 51.575345084798755 ], [ -0.472784998826683, 51.575345084798755 ], [ -0.471447558840737, 51.576180989941349 ], [ -0.470778838847764, 51.575763037370052 ], [ -0.470778838847764, 51.574927132227458 ], [ -0.47211627883371, 51.574091227084864 ], [ -0.470110118854791, 51.572837369370973 ], [ -0.468772678868845, 51.572837369370973 ], [ -0.468103958875872, 51.572419416799676 ], [ -0.468772678868845, 51.572001464228379 ], [ -0.470110118854791, 51.572001464228379 ], [ -0.47211627883371, 51.570747606514487 ], [ -0.47211627883371, 51.565732175658923 ], [ -0.473453718819655, 51.564896270516329 ], [ -0.473453718819655, 51.562388555088546 ], [ -0.474122438812628, 51.561970602517249 ], [ -0.475459878798574, 51.562806507659843 ], [ -0.47679731878452, 51.561970602517249 ], [ -0.478134758770466, 51.561970602517249 ], [ -0.478803478763439, 51.562388555088546 ], [ -0.478803478763439, 51.56322446023114 ], [ -0.479472198756412, 51.563642412802437 ], [ -0.480809638742357, 51.562806507659843 ], [ -0.48147835873533, 51.56322446023114 ], [ -0.48147835873533, 51.564060365373734 ], [ -0.483484518714249, 51.565314223087626 ], [ -0.484821958700195, 51.565314223087626 ], [ -0.484153238707222, 51.567403985944111 ], [ -0.485490678693168, 51.568239891086705 ], [ -0.485490678693168, 51.569075796229299 ], [ -0.482815798721276, 51.570747606514487 ], [ -0.484153238707222, 51.571583511657082 ], [ -0.484153238707222, 51.572419416799676 ], [ -0.484821958700195, 51.572837369370973 ], [ -0.486159398686141, 51.572837369370973 ], [ -0.487496838672087, 51.572001464228379 ], [ -0.488834278658032, 51.572837369370973 ], [ -0.489502998651005, 51.572419416799676 ], [ -0.489502998651005, 51.569075796229299 ], [ -0.49284659861587, 51.566986033372814 ], [ -0.493515318608843, 51.567403985944111 ], [ -0.493515318608843, 51.569911701371893 ], [ -0.490840438636951, 51.571583511657082 ], [ -0.49284659861587, 51.572837369370973 ], [ -0.495521478587762, 51.572837369370973 ], [ -0.498865078552626, 51.574927132227458 ], [ -0.498865078552626, 51.575763037370052 ], [ -0.499533798545599, 51.576180989941349 ], [ -0.500202518538572, 51.575763037370052 ], [ -0.500202518538572, 51.574927132227458 ], [ -0.501539958524518, 51.574091227084864 ], [ -0.501539958524518, 51.57325532194227 ], [ -0.502208678517491, 51.572837369370973 ], [ -0.502877398510464, 51.57325532194227 ], [ -0.502877398510464, 51.576598942512646 ], [ -0.501539958524518, 51.57743484765524 ], [ -0.502208678517491, 51.577852800226538 ], [ -0.503546118503436, 51.577016895083943 ], [ -0.504883558489382, 51.577852800226538 ], [ -0.505552278482355, 51.57743484765524 ], [ -0.504214838496409, 51.576598942512646 ], [ -0.504883558489382, 51.576180989941349 ], [ -0.506220998475328, 51.576180989941349 ], [ -0.506889718468301, 51.575763037370052 ], [ -0.505552278482355, 51.574927132227458 ], [ -0.505552278482355, 51.57325532194227 ], [ -0.506889718468301, 51.572419416799676 ], [ -0.506889718468301, 51.571583511657082 ], [ -0.507558438461274, 51.571165559085784 ], [ -0.50889587844722, 51.571165559085784 ], [ -0.511570758419111, 51.572837369370973 ], [ -0.512908198405057, 51.572837369370973 ], [ -0.51357691839803, 51.57325532194227 ], [ -0.51357691839803, 51.574091227084864 ], [ -0.514245638391003, 51.574509179656161 ], [ -0.516920518362895, 51.574509179656161 ], [ -0.51825795834884, 51.575345084798755 ], [ -0.519595398334786, 51.575345084798755 ], [ -0.520264118327759, 51.574927132227458 ], [ -0.520264118327759, 51.574091227084864 ], [ -0.520932838320732, 51.573673274513567 ], [ -0.52494515827857, 51.573673274513567 ], [ -0.526282598264515, 51.574509179656161 ], [ -0.528957478236407, 51.574509179656161 ], [ -0.52962619822938, 51.574927132227458 ], [ -0.528288758243434, 51.575763037370052 ], [ -0.531632358208299, 51.577852800226538 ], [ -0.532969798194245, 51.577852800226538 ], [ -0.53430723818019, 51.578688705369132 ], [ -0.534975958173163, 51.578270752797835 ], [ -0.534975958173163, 51.57743484765524 ], [ -0.532301078201272, 51.575763037370052 ], [ -0.532969798194245, 51.575345084798755 ], [ -0.538319558138028, 51.575345084798755 ], [ -0.538988278131001, 51.574927132227458 ], [ -0.536982118152082, 51.573673274513567 ], [ -0.53430723818019, 51.573673274513567 ], [ -0.533638518187217, 51.57325532194227 ], [ -0.535644678166136, 51.572001464228379 ], [ -0.536982118152082, 51.572001464228379 ], [ -0.537650838145055, 51.571583511657082 ], [ -0.537650838145055, 51.569911701371893 ], [ -0.538988278131001, 51.569075796229299 ], [ -0.538988278131001, 51.568239891086705 ], [ -0.538319558138028, 51.567821938515408 ], [ -0.536982118152082, 51.567821938515408 ], [ -0.535644678166136, 51.568657843658002 ], [ -0.53430723818019, 51.568657843658002 ], [ -0.533638518187217, 51.569075796229299 ], [ -0.533638518187217, 51.572419416799676 ], [ -0.532969798194245, 51.572837369370973 ], [ -0.531632358208299, 51.572837369370973 ], [ -0.530294918222353, 51.572001464228379 ], [ -0.526282598264515, 51.572001464228379 ], [ -0.525613878271542, 51.571583511657082 ], [ -0.525613878271542, 51.569075796229299 ], [ -0.523607718292624, 51.567821938515408 ], [ -0.522938998299651, 51.568239891086705 ], [ -0.522938998299651, 51.570747606514487 ], [ -0.522270278306678, 51.571165559085784 ], [ -0.520932838320732, 51.57032965394319 ], [ -0.51825795834884, 51.57032965394319 ], [ -0.516920518362895, 51.569493748800596 ], [ -0.515583078376949, 51.57032965394319 ], [ -0.511570758419111, 51.57032965394319 ], [ -0.510233318433166, 51.569493748800596 ], [ -0.50889587844722, 51.569493748800596 ], [ -0.508227158454247, 51.569075796229299 ], [ -0.508227158454247, 51.568239891086705 ], [ -0.506889718468301, 51.567403985944111 ], [ -0.506889718468301, 51.565732175658923 ], [ -0.505552278482355, 51.564896270516329 ], [ -0.505552278482355, 51.562388555088546 ], [ -0.504214838496409, 51.561552649945952 ], [ -0.505552278482355, 51.560716744803358 ], [ -0.505552278482355, 51.559880839660764 ], [ -0.506220998475328, 51.559462887089467 ], [ -0.510233318433166, 51.559462887089467 ], [ -0.510902038426138, 51.559880839660764 ], [ -0.510902038426138, 51.562388555088546 ], [ -0.511570758419111, 51.562806507659843 ], [ -0.512239478412084, 51.562388555088546 ], [ -0.512239478412084, 51.561552649945952 ], [ -0.512908198405057, 51.561134697374655 ], [ -0.514245638391003, 51.561970602517249 ], [ -0.51825795834884, 51.561970602517249 ], [ -0.518926678341813, 51.561552649945952 ], [ -0.51825795834884, 51.561134697374655 ], [ -0.516920518362895, 51.561134697374655 ], [ -0.516251798369922, 51.560716744803358 ], [ -0.516251798369922, 51.559880839660764 ], [ -0.514245638391003, 51.558626981946873 ], [ -0.512908198405057, 51.558626981946873 ], [ -0.512239478412084, 51.558209029375575 ], [ -0.512239478412084, 51.557373124232981 ], [ -0.511570758419111, 51.556955171661684 ], [ -0.50889587844722, 51.556955171661684 ], [ -0.508227158454247, 51.556537219090387 ], [ -0.508227158454247, 51.554029503662605 ], [ -0.509564598440193, 51.553193598520011 ], [ -0.50889587844722, 51.552775645948714 ], [ -0.507558438461274, 51.553611551091308 ], [ -0.506889718468301, 51.553193598520011 ], [ -0.506889718468301, 51.552357693377417 ], [ -0.507558438461274, 51.55193974080612 ], [ -0.50889587844722, 51.55193974080612 ], [ -0.509564598440193, 51.551521788234822 ], [ -0.509564598440193, 51.550685883092228 ], [ -0.507558438461274, 51.549432025378337 ], [ -0.506220998475328, 51.549432025378337 ], [ -0.505552278482355, 51.549849977949634 ], [ -0.505552278482355, 51.550685883092228 ], [ -0.504883558489382, 51.551103835663525 ], [ -0.502208678517491, 51.551103835663525 ], [ -0.500871238531545, 51.550267930520931 ], [ -0.498196358559653, 51.550267930520931 ], [ -0.49752763856668, 51.550685883092228 ], [ -0.49752763856668, 51.551521788234822 ], [ -0.496858918573707, 51.55193974080612 ], [ -0.496190198580734, 51.551521788234822 ], [ -0.496190198580734, 51.54901407280704 ], [ -0.495521478587762, 51.548596120235743 ], [ -0.491509158629924, 51.548596120235743 ], [ -0.490171718643978, 51.549432025378337 ], [ -0.48816555866506, 51.548178167664446 ], [ -0.48816555866506, 51.547342262521852 ], [ -0.487496838672087, 51.546924309950555 ], [ -0.486828118679114, 51.547342262521852 ], [ -0.486828118679114, 51.548178167664446 ], [ -0.484821958700195, 51.549432025378337 ], [ -0.483484518714249, 51.549432025378337 ], [ -0.482815798721276, 51.549849977949634 ], [ -0.484153238707222, 51.550685883092228 ], [ -0.484153238707222, 51.551521788234822 ], [ -0.483484518714249, 51.55193974080612 ], [ -0.482147078728303, 51.55193974080612 ], [ -0.48147835873533, 51.551521788234822 ], [ -0.48147835873533, 51.54901407280704 ], [ -0.482815798721276, 51.548178167664446 ], [ -0.482815798721276, 51.545670452236664 ], [ -0.480809638742357, 51.544416594522772 ], [ -0.480140918749385, 51.544834547094069 ], [ -0.48147835873533, 51.545670452236664 ], [ -0.48147835873533, 51.546506357379258 ], [ -0.480809638742357, 51.546924309950555 ], [ -0.479472198756412, 51.546088404807961 ], [ -0.478134758770466, 51.546088404807961 ], [ -0.477466038777493, 51.545670452236664 ], [ -0.477466038777493, 51.544834547094069 ], [ -0.478803478763439, 51.543998641951475 ], [ -0.478803478763439, 51.542326831666287 ], [ -0.478134758770466, 51.54190887909499 ], [ -0.477466038777493, 51.542326831666287 ], [ -0.477466038777493, 51.543998641951475 ], [ -0.475459878798574, 51.545252499665366 ], [ -0.474791158805601, 51.544834547094069 ], [ -0.474791158805601, 51.543162736808881 ], [ -0.474122438812628, 51.542744784237584 ], [ -0.472784998826683, 51.542744784237584 ], [ -0.47211627883371, 51.542326831666287 ], [ -0.47211627883371, 51.538147305953316 ], [ -0.471447558840737, 51.537729353382019 ], [ -0.470110118854791, 51.537729353382019 ], [ -0.467435238882899, 51.539401163667208 ], [ -0.463422918925062, 51.539401163667208 ], [ -0.462754198932089, 51.538983211095911 ], [ -0.462754198932089, 51.537311400810722 ], [ -0.463422918925062, 51.536893448239425 ], [ -0.464760358911008, 51.536893448239425 ], [ -0.465429078903981, 51.536475495668128 ], [ -0.465429078903981, 51.535639590525534 ], [ -0.464760358911008, 51.535221637954237 ], [ -0.463422918925062, 51.535221637954237 ], [ -0.462085478939116, 51.534385732811643 ], [ -0.455398279009387, 51.534385732811643 ], [ -0.454729559016414, 51.533967780240346 ], [ -0.454729559016414, 51.533131875097752 ], [ -0.454060839023441, 51.532713922526455 ], [ -0.452723399037495, 51.532713922526455 ], [ -0.452054679044522, 51.532295969955157 ], [ -0.453392119030468, 51.531460064812563 ], [ -0.452723399037495, 51.531042112241266 ], [ -0.448711079079658, 51.531042112241266 ], [ -0.448042359086685, 51.531460064812563 ], [ -0.449379799072631, 51.532295969955157 ], [ -0.449379799072631, 51.533131875097752 ], [ -0.448711079079658, 51.533549827669049 ], [ -0.447373639093712, 51.532713922526455 ], [ -0.446704919100739, 51.533131875097752 ], [ -0.446704919100739, 51.533967780240346 ], [ -0.446036199107766, 51.534385732811643 ], [ -0.44469875912182, 51.534385732811643 ], [ -0.444030039128847, 51.53480368538294 ], [ -0.444030039128847, 51.538147305953316 ], [ -0.443361319135875, 51.538565258524613 ], [ -0.438011559192091, 51.538565258524613 ], [ -0.434667959227227, 51.540655021381099 ], [ -0.434667959227227, 51.543162736808881 ], [ -0.431993079255335, 51.544834547094069 ], [ -0.431993079255335, 51.545670452236664 ], [ -0.431324359262362, 51.546088404807961 ], [ -0.429986919276416, 51.545252499665366 ], [ -0.42864947929047, 51.545252499665366 ], [ -0.427980759297498, 51.544834547094069 ], [ -0.427980759297498, 51.543998641951475 ], [ -0.427312039304525, 51.543580689380178 ], [ -0.421962279360741, 51.543580689380178 ], [ -0.420624839374796, 51.542744784237584 ], [ -0.41928739938885, 51.543580689380178 ], [ -0.415275079431012, 51.543580689380178 ], [ -0.414606359438039, 51.543162736808881 ], [ -0.414606359438039, 51.538983211095911 ], [ -0.413268919452094, 51.538147305953316 ], [ -0.413268919452094, 51.537311400810722 ], [ -0.415275079431012, 51.536057543096831 ], [ -0.416612519416958, 51.536057543096831 ], [ -0.417281239409931, 51.536475495668128 ], [ -0.417281239409931, 51.537311400810722 ], [ -0.417949959402904, 51.537729353382019 ], [ -0.41928739938885, 51.537729353382019 ], [ -0.421293559367768, 51.538983211095911 ], [ -0.418618679395877, 51.540655021381099 ], [ -0.41928739938885, 51.541072973952396 ], [ -0.420624839374796, 51.541072973952396 ], [ -0.421293559367768, 51.540655021381099 ], [ -0.421293559367768, 51.539819116238505 ], [ -0.421962279360741, 51.539401163667208 ], [ -0.423299719346687, 51.540237068809802 ], [ -0.424637159332633, 51.540237068809802 ], [ -0.425974599318579, 51.539401163667208 ], [ -0.431324359262362, 51.539401163667208 ], [ -0.431993079255335, 51.538983211095911 ], [ -0.431993079255335, 51.538147305953316 ], [ -0.432661799248308, 51.537729353382019 ], [ -0.433999239234254, 51.538565258524613 ], [ -0.436005399213172, 51.537311400810722 ], [ -0.4353366792202, 51.536893448239425 ], [ -0.433999239234254, 51.537729353382019 ], [ -0.430655639269389, 51.535639590525534 ], [ -0.430655639269389, 51.533967780240346 ], [ -0.429318199283443, 51.533131875097752 ], [ -0.429318199283443, 51.532295969955157 ], [ -0.429986919276416, 51.53187801738386 ], [ -0.431324359262362, 51.53187801738386 ], [ -0.433330519241281, 51.530624159669969 ], [ -0.431993079255335, 51.529788254527375 ], [ -0.431993079255335, 51.528952349384781 ], [ -0.430655639269389, 51.528116444242187 ], [ -0.430655639269389, 51.527280539099593 ], [ -0.427980759297498, 51.525608728814404 ], [ -0.429318199283443, 51.52477282367181 ], [ -0.425974599318579, 51.522683060815325 ], [ -0.424637159332633, 51.523518965957919 ], [ -0.421962279360741, 51.521847155672731 ], [ -0.420624839374796, 51.521847155672731 ], [ -0.417949959402904, 51.520175345387543 ], [ -0.415275079431012, 51.520175345387543 ], [ -0.414606359438039, 51.519757392816246 ], [ -0.414606359438039, 51.518921487673651 ], [ -0.415275079431012, 51.518503535102354 ], [ -0.416612519416958, 51.518503535102354 ], [ -0.417949959402904, 51.519339440244948 ], [ -0.419956119381823, 51.518085582531057 ], [ -0.419956119381823, 51.517249677388463 ], [ -0.420624839374796, 51.516831724817166 ], [ -0.423299719346687, 51.516831724817166 ], [ -0.42396843933966, 51.516413772245869 ], [ -0.422630999353714, 51.515577867103275 ], [ -0.422630999353714, 51.512234246532898 ], [ -0.421293559367768, 51.511398341390304 ], [ -0.421962279360741, 51.510980388819007 ], [ -0.423299719346687, 51.510980388819007 ], [ -0.424637159332633, 51.511816293961601 ], [ -0.425305879325606, 51.511398341390304 ], [ -0.42396843933966, 51.51056243624771 ], [ -0.42396843933966, 51.509726531105116 ], [ -0.425305879325606, 51.508890625962522 ], [ -0.425305879325606, 51.508054720819928 ], [ -0.424637159332633, 51.507636768248631 ], [ -0.423299719346687, 51.508472673391225 ], [ -0.421962279360741, 51.508472673391225 ], [ -0.421293559367768, 51.508054720819928 ], [ -0.422630999353714, 51.507218815677334 ], [ -0.422630999353714, 51.504711100249551 ], [ -0.423299719346687, 51.504293147678254 ], [ -0.424637159332633, 51.504293147678254 ], [ -0.427312039304525, 51.505964957963442 ], [ -0.429986919276416, 51.505964957963442 ], [ -0.430655639269389, 51.505547005392145 ], [ -0.429986919276416, 51.505129052820848 ], [ -0.42864947929047, 51.505129052820848 ], [ -0.427980759297498, 51.504711100249551 ], [ -0.427980759297498, 51.502203384821769 ], [ -0.427312039304525, 51.501785432250472 ], [ -0.425974599318579, 51.501785432250472 ], [ -0.425305879325606, 51.501367479679175 ], [ -0.425305879325606, 51.498859764251392 ], [ -0.425974599318579, 51.498441811680095 ], [ -0.427312039304525, 51.499277716822689 ], [ -0.42864947929047, 51.499277716822689 ], [ -0.429318199283443, 51.498859764251392 ], [ -0.42864947929047, 51.498441811680095 ], [ -0.427312039304525, 51.498441811680095 ], [ -0.426643319311552, 51.498023859108798 ], [ -0.427312039304525, 51.497605906537501 ], [ -0.42864947929047, 51.497605906537501 ], [ -0.429318199283443, 51.497187953966204 ], [ -0.427312039304525, 51.495934096252313 ], [ -0.424637159332633, 51.497605906537501 ], [ -0.423299719346687, 51.497605906537501 ], [ -0.421293559367768, 51.49635204882361 ], [ -0.422630999353714, 51.495516143681016 ], [ -0.422630999353714, 51.494680238538422 ], [ -0.42396843933966, 51.493844333395828 ], [ -0.423299719346687, 51.49342638082453 ], [ -0.421962279360741, 51.49342638082453 ], [ -0.420624839374796, 51.492590475681936 ], [ -0.417949959402904, 51.492590475681936 ], [ -0.417281239409931, 51.492172523110639 ], [ -0.417281239409931, 51.490500712825451 ], [ -0.418618679395877, 51.489664807682857 ], [ -0.418618679395877, 51.488828902540263 ], [ -0.417949959402904, 51.488410949968966 ], [ -0.415275079431012, 51.488410949968966 ], [ -0.414606359438039, 51.487992997397669 ], [ -0.414606359438039, 51.48632118711248 ], [ -0.413268919452094, 51.485485281969886 ], [ -0.413268919452094, 51.484649376827292 ], [ -0.415275079431012, 51.483395519113401 ], [ -0.417949959402904, 51.485067329398589 ], [ -0.420624839374796, 51.485067329398589 ], [ -0.421293559367768, 51.484649376827292 ], [ -0.421293559367768, 51.483813471684698 ], [ -0.420624839374796, 51.483395519113401 ], [ -0.41928739938885, 51.483395519113401 ], [ -0.417281239409931, 51.48214166139951 ], [ -0.417949959402904, 51.481723708828213 ], [ -0.420624839374796, 51.481723708828213 ], [ -0.421293559367768, 51.481305756256916 ], [ -0.420624839374796, 51.480887803685619 ], [ -0.41928739938885, 51.480887803685619 ], [ -0.418618679395877, 51.480469851114322 ], [ -0.418618679395877, 51.479633945971727 ], [ -0.417949959402904, 51.47921599340043 ], [ -0.416612519416958, 51.480051898543024 ], [ -0.415943799423985, 51.479633945971727 ], [ -0.415943799423985, 51.477962135686539 ], [ -0.413268919452094, 51.476290325401351 ], [ -0.413268919452094, 51.475454420258757 ], [ -0.411931479466148, 51.474618515116163 ], [ -0.411931479466148, 51.472946704830974 ], [ -0.409256599494256, 51.471274894545786 ], [ -0.409256599494256, 51.470438989403192 ], [ -0.409925319487229, 51.470021036831895 ], [ -0.411262759473175, 51.470856941974489 ], [ -0.414606359438039, 51.468767179118004 ], [ -0.414606359438039, 51.46793127397541 ], [ -0.415943799423985, 51.467095368832815 ], [ -0.415275079431012, 51.466677416261518 ], [ -0.413937639445066, 51.467513321404113 ], [ -0.411262759473175, 51.467513321404113 ], [ -0.409925319487229, 51.466677416261518 ], [ -0.40791915950831, 51.46793127397541 ], [ -0.40791915950831, 51.469603084260598 ], [ -0.407250439515337, 51.470021036831895 ], [ -0.405912999529392, 51.470021036831895 ], [ -0.4032381195575, 51.468349226546707 ], [ -0.401900679571554, 51.468349226546707 ], [ -0.400563239585608, 51.467513321404113 ], [ -0.399894519592635, 51.46793127397541 ], [ -0.401231959578581, 51.468767179118004 ], [ -0.401231959578581, 51.469603084260598 ], [ -0.399894519592635, 51.470438989403192 ], [ -0.399894519592635, 51.471274894545786 ], [ -0.401231959578581, 51.47211079968838 ], [ -0.401231959578581, 51.472946704830974 ], [ -0.399225799599662, 51.474200562544866 ], [ -0.393876039655879, 51.474200562544866 ], [ -0.393207319662906, 51.473782609973568 ], [ -0.395213479641825, 51.472528752259677 ], [ -0.396550919627771, 51.472528752259677 ], [ -0.397219639620744, 51.47211079968838 ], [ -0.396550919627771, 51.471692847117083 ], [ -0.395213479641825, 51.471692847117083 ], [ -0.394544759648852, 51.471274894545786 ], [ -0.394544759648852, 51.469603084260598 ], [ -0.393876039655879, 51.469185131689301 ], [ -0.39186987967696, 51.470438989403192 ], [ -0.393207319662906, 51.471274894545786 ], [ -0.392538599669933, 51.471692847117083 ], [ -0.38718883972615, 51.471692847117083 ], [ -0.386520119733177, 51.47211079968838 ], [ -0.38718883972615, 51.472528752259677 ], [ -0.389863719698042, 51.472528752259677 ], [ -0.390532439691015, 51.472946704830974 ], [ -0.390532439691015, 51.474618515116163 ], [ -0.39186987967696, 51.475454420258757 ], [ -0.391201159683987, 51.475872372830054 ], [ -0.389863719698042, 51.475872372830054 ], [ -0.388526279712096, 51.476708277972648 ], [ -0.38718883972615, 51.476708277972648 ], [ -0.385851399740204, 51.475872372830054 ], [ -0.381839079782367, 51.475872372830054 ], [ -0.379832919803448, 51.477126230543945 ], [ -0.381170359789394, 51.477962135686539 ], [ -0.381170359789394, 51.480469851114322 ], [ -0.380501639796421, 51.480887803685619 ], [ -0.379164199810475, 51.480887803685619 ], [ -0.378495479817502, 51.481305756256916 ], [ -0.379164199810475, 51.481723708828213 ], [ -0.380501639796421, 51.481723708828213 ], [ -0.381170359789394, 51.48214166139951 ], [ -0.379832919803448, 51.482977566542104 ], [ -0.379832919803448, 51.483813471684698 ], [ -0.379164199810475, 51.484231424255995 ], [ -0.377826759824529, 51.484231424255995 ], [ -0.376489319838583, 51.485067329398589 ], [ -0.375151879852638, 51.485067329398589 ], [ -0.374483159859665, 51.485485281969886 ], [ -0.375820599845611, 51.48632118711248 ], [ -0.375820599845611, 51.491336617968045 ], [ -0.377158039831556, 51.492172523110639 ], [ -0.377158039831556, 51.493008428253233 ], [ -0.379164199810475, 51.494262285967125 ], [ -0.380501639796421, 51.49342638082453 ], [ -0.383176519768313, 51.49342638082453 ], [ -0.384513959754258, 51.492590475681936 ], [ -0.389863719698042, 51.492590475681936 ], [ -0.390532439691015, 51.492172523110639 ], [ -0.389863719698042, 51.491754570539342 ], [ -0.388526279712096, 51.491754570539342 ], [ -0.387857559719123, 51.491336617968045 ], [ -0.387857559719123, 51.490500712825451 ], [ -0.388526279712096, 51.490082760254154 ], [ -0.393876039655879, 51.490082760254154 ], [ -0.395213479641825, 51.48924685511156 ], [ -0.396550919627771, 51.490082760254154 ], [ -0.397888359613717, 51.490082760254154 ], [ -0.399225799599662, 51.48924685511156 ], [ -0.400563239585608, 51.48924685511156 ], [ -0.402569399564527, 51.490500712825451 ], [ -0.401900679571554, 51.490918665396748 ], [ -0.400563239585608, 51.490918665396748 ], [ -0.39855707960669, 51.492172523110639 ], [ -0.39855707960669, 51.494680238538422 ], [ -0.397888359613717, 51.495098191109719 ], [ -0.396550919627771, 51.495098191109719 ], [ -0.395882199634798, 51.495516143681016 ], [ -0.395882199634798, 51.498023859108798 ], [ -0.396550919627771, 51.498441811680095 ], [ -0.397888359613717, 51.497605906537501 ], [ -0.399225799599662, 51.497605906537501 ], [ -0.401900679571554, 51.499277716822689 ], [ -0.404575559543446, 51.499277716822689 ], [ -0.406581719522364, 51.500531574536581 ], [ -0.406581719522364, 51.501367479679175 ], [ -0.405244279536419, 51.502203384821769 ], [ -0.405244279536419, 51.503039289964363 ], [ -0.403906839550473, 51.503875195106957 ], [ -0.403906839550473, 51.504711100249551 ], [ -0.402569399564527, 51.505547005392145 ], [ -0.402569399564527, 51.506382910534739 ], [ -0.401900679571554, 51.506800863106037 ], [ -0.400563239585608, 51.506800863106037 ], [ -0.399225799599662, 51.505964957963442 ], [ -0.397888359613717, 51.506800863106037 ], [ -0.396550919627771, 51.505964957963442 ], [ -0.393876039655879, 51.505964957963442 ], [ -0.392538599669933, 51.506800863106037 ], [ -0.389863719698042, 51.506800863106037 ], [ -0.389194999705069, 51.506382910534739 ], [ -0.389194999705069, 51.505547005392145 ], [ -0.388526279712096, 51.505129052820848 ], [ -0.38718883972615, 51.505129052820848 ], [ -0.385851399740204, 51.504293147678254 ], [ -0.384513959754258, 51.504293147678254 ], [ -0.383845239761285, 51.504711100249551 ], [ -0.383845239761285, 51.505547005392145 ], [ -0.383176519768313, 51.505964957963442 ], [ -0.381839079782367, 51.505129052820848 ], [ -0.380501639796421, 51.505964957963442 ], [ -0.377826759824529, 51.505964957963442 ], [ -0.376489319838583, 51.506800863106037 ], [ -0.375151879852638, 51.505964957963442 ], [ -0.373814439866692, 51.506800863106037 ], [ -0.369802119908854, 51.506800863106037 ], [ -0.368464679922909, 51.507636768248631 ], [ -0.367127239936963, 51.507636768248631 ], [ -0.365789799951017, 51.508472673391225 ], [ -0.357765160035342, 51.508472673391225 ], [ -0.356427720049396, 51.509308578533819 ], [ -0.355759000056423, 51.508890625962522 ], [ -0.355759000056423, 51.508054720819928 ], [ -0.353752840077505, 51.506800863106037 ], [ -0.352415400091559, 51.506800863106037 ], [ -0.351746680098586, 51.507218815677334 ], [ -0.352415400091559, 51.507636768248631 ], [ -0.353752840077505, 51.507636768248631 ], [ -0.354421560070477, 51.508054720819928 ], [ -0.354421560070477, 51.508890625962522 ], [ -0.353752840077505, 51.509308578533819 ], [ -0.352415400091559, 51.508472673391225 ], [ -0.349740520119667, 51.508472673391225 ], [ -0.349071800126694, 51.508054720819928 ], [ -0.35040924011264, 51.507218815677334 ], [ -0.349071800126694, 51.506382910534739 ], [ -0.349071800126694, 51.505547005392145 ], [ -0.348403080133721, 51.505129052820848 ], [ -0.347065640147775, 51.505964957963442 ], [ -0.34572820016183, 51.505964957963442 ], [ -0.345059480168857, 51.505547005392145 ], [ -0.345059480168857, 51.504711100249551 ], [ -0.346396920154803, 51.503875195106957 ], [ -0.346396920154803, 51.503039289964363 ], [ -0.343722040182911, 51.501367479679175 ], [ -0.343722040182911, 51.499695669393986 ], [ -0.3390410002321, 51.496770001394907 ], [ -0.337703560246155, 51.496770001394907 ], [ -0.336366120260209, 51.497605906537501 ], [ -0.333691240288317, 51.497605906537501 ], [ -0.333022520295344, 51.497187953966204 ], [ -0.333022520295344, 51.49635204882361 ], [ -0.330347640323453, 51.494680238538422 ], [ -0.330347640323453, 51.493844333395828 ], [ -0.32967892033048, 51.49342638082453 ], [ -0.328341480344534, 51.49342638082453 ], [ -0.327672760351561, 51.493008428253233 ], [ -0.328341480344534, 51.492590475681936 ], [ -0.32967892033048, 51.492590475681936 ], [ -0.330347640323453, 51.492172523110639 ], [ -0.330347640323453, 51.491336617968045 ], [ -0.329010200337507, 51.490500712825451 ], [ -0.32967892033048, 51.490082760254154 ], [ -0.331016360316426, 51.490082760254154 ], [ -0.331685080309398, 51.489664807682857 ], [ -0.331685080309398, 51.488828902540263 ], [ -0.332353800302371, 51.488410949968966 ], [ -0.333691240288317, 51.48924685511156 ], [ -0.335028680274263, 51.48924685511156 ], [ -0.335697400267236, 51.489664807682857 ], [ -0.335697400267236, 51.490500712825451 ], [ -0.336366120260209, 51.490918665396748 ], [ -0.337703560246155, 51.490918665396748 ], [ -0.338372280239128, 51.491336617968045 ], [ -0.338372280239128, 51.492172523110639 ], [ -0.339709720225073, 51.493008428253233 ], [ -0.339709720225073, 51.494680238538422 ], [ -0.340378440218046, 51.495098191109719 ], [ -0.341715880203992, 51.495098191109719 ], [ -0.342384600196965, 51.494680238538422 ], [ -0.341047160211019, 51.493844333395828 ], [ -0.341047160211019, 51.491336617968045 ], [ -0.342384600196965, 51.490500712825451 ], [ -0.342384600196965, 51.487992997397669 ], [ -0.345059480168857, 51.48632118711248 ], [ -0.345059480168857, 51.485485281969886 ], [ -0.34572820016183, 51.485067329398589 ], [ -0.347734360140748, 51.48632118711248 ], [ -0.346396920154803, 51.487157092255075 ], [ -0.346396920154803, 51.488828902540263 ], [ -0.347065640147775, 51.48924685511156 ], [ -0.349740520119667, 51.48924685511156 ], [ -0.35040924011264, 51.488828902540263 ], [ -0.35040924011264, 51.48632118711248 ], [ -0.349071800126694, 51.485485281969886 ], [ -0.349071800126694, 51.484649376827292 ], [ -0.351077960105613, 51.483395519113401 ], [ -0.351746680098586, 51.483813471684698 ], [ -0.351746680098586, 51.484649376827292 ], [ -0.352415400091559, 51.485067329398589 ], [ -0.353752840077505, 51.485067329398589 ], [ -0.35509028006345, 51.484231424255995 ], [ -0.356427720049396, 51.484231424255995 ], [ -0.357096440042369, 51.483813471684698 ], [ -0.357096440042369, 51.48214166139951 ], [ -0.355759000056423, 51.481305756256916 ], [ -0.355759000056423, 51.480469851114322 ], [ -0.356427720049396, 51.480051898543024 ], [ -0.361777479993179, 51.480051898543024 ], [ -0.364452359965071, 51.478380088257836 ], [ -0.365789799951017, 51.47921599340043 ], [ -0.367127239936963, 51.47921599340043 ], [ -0.367795959929936, 51.478798040829133 ], [ -0.367795959929936, 51.477126230543945 ], [ -0.367127239936963, 51.476708277972648 ], [ -0.365789799951017, 51.476708277972648 ], [ -0.364452359965071, 51.475872372830054 ], [ -0.363114919979125, 51.476708277972648 ], [ -0.361777479993179, 51.475872372830054 ], [ -0.360440040007234, 51.475872372830054 ], [ -0.359102600021288, 51.476708277972648 ], [ -0.356427720049396, 51.476708277972648 ], [ -0.355759000056423, 51.476290325401351 ], [ -0.355759000056423, 51.475454420258757 ], [ -0.35509028006345, 51.47503646768746 ], [ -0.353752840077505, 51.475872372830054 ], [ -0.351746680098586, 51.474618515116163 ], [ -0.351746680098586, 51.472946704830974 ], [ -0.351077960105613, 51.472528752259677 ], [ -0.35040924011264, 51.472946704830974 ], [ -0.35040924011264, 51.474618515116163 ], [ -0.349740520119667, 51.47503646768746 ], [ -0.347734360140748, 51.473782609973568 ], [ -0.349071800126694, 51.472946704830974 ], [ -0.349071800126694, 51.47211079968838 ], [ -0.348403080133721, 51.471692847117083 ], [ -0.347734360140748, 51.47211079968838 ], [ -0.347734360140748, 51.472946704830974 ], [ -0.347065640147775, 51.473364657402271 ], [ -0.34572820016183, 51.472528752259677 ], [ -0.340378440218046, 51.472528752259677 ], [ -0.339709720225073, 51.47211079968838 ], [ -0.339709720225073, 51.471274894545786 ], [ -0.3390410002321, 51.470856941974489 ], [ -0.335028680274263, 51.470856941974489 ], [ -0.332353800302371, 51.469185131689301 ], [ -0.331016360316426, 51.470021036831895 ], [ -0.329010200337507, 51.468767179118004 ], [ -0.329010200337507, 51.46793127397541 ], [ -0.330347640323453, 51.467095368832815 ], [ -0.330347640323453, 51.466259463690221 ], [ -0.329010200337507, 51.465423558547627 ], [ -0.32967892033048, 51.46500560597633 ], [ -0.331016360316426, 51.46500560597633 ], [ -0.331685080309398, 51.464587653405033 ], [ -0.331685080309398, 51.463751748262439 ], [ -0.330347640323453, 51.462915843119845 ], [ -0.330347640323453, 51.462079937977251 ], [ -0.331016360316426, 51.461661985405954 ], [ -0.332353800302371, 51.461661985405954 ], [ -0.333022520295344, 51.461244032834657 ], [ -0.331685080309398, 51.460408127692062 ], [ -0.331685080309398, 51.458736317406874 ], [ -0.330347640323453, 51.45790041226428 ], [ -0.335028680274263, 51.454974744265201 ], [ -0.336366120260209, 51.454974744265201 ], [ -0.337703560246155, 51.455810649407795 ], [ -0.3390410002321, 51.455810649407795 ], [ -0.341047160211019, 51.454556791693904 ], [ -0.340378440218046, 51.454138839122606 ], [ -0.3390410002321, 51.454974744265201 ], [ -0.338372280239128, 51.454556791693904 ], [ -0.338372280239128, 51.453720886551309 ], [ -0.339709720225073, 51.452884981408715 ], [ -0.3390410002321, 51.452467028837418 ], [ -0.335028680274263, 51.452467028837418 ], [ -0.33435996028129, 51.452049076266121 ], [ -0.335028680274263, 51.451631123694824 ], [ -0.337703560246155, 51.451631123694824 ], [ -0.338372280239128, 51.451213171123527 ], [ -0.337034840253182, 51.450377265980933 ], [ -0.337034840253182, 51.449541360838339 ], [ -0.336366120260209, 51.449123408267042 ], [ -0.335697400267236, 51.449541360838339 ], [ -0.335697400267236, 51.450377265980933 ], [ -0.335028680274263, 51.45079521855223 ], [ -0.332353800302371, 51.45079521855223 ], [ -0.331685080309398, 51.450377265980933 ], [ -0.331685080309398, 51.449541360838339 ], [ -0.333022520295344, 51.448705455695745 ], [ -0.332353800302371, 51.448287503124448 ], [ -0.331016360316426, 51.449123408267042 ], [ -0.325666600372642, 51.449123408267042 ], [ -0.321654280414805, 51.446615692839259 ], [ -0.320985560421832, 51.447033645410556 ], [ -0.322323000407778, 51.44786955055315 ], [ -0.322323000407778, 51.449541360838339 ], [ -0.322991720400751, 51.449959313409636 ], [ -0.324329160386696, 51.449959313409636 ], [ -0.324997880379669, 51.450377265980933 ], [ -0.324329160386696, 51.45079521855223 ], [ -0.322991720400751, 51.45079521855223 ], [ -0.322323000407778, 51.451213171123527 ], [ -0.322323000407778, 51.452049076266121 ], [ -0.320316840428859, 51.453302933980012 ], [ -0.319648120435886, 51.452884981408715 ], [ -0.319648120435886, 51.450377265980933 ], [ -0.317641960456967, 51.449123408267042 ], [ -0.316304520471022, 51.449123408267042 ], [ -0.315635800478049, 51.449541360838339 ], [ -0.316973240463994, 51.450377265980933 ], [ -0.316973240463994, 51.451213171123527 ], [ -0.315635800478049, 51.452049076266121 ], [ -0.315635800478049, 51.452884981408715 ], [ -0.314967080485076, 51.453302933980012 ], [ -0.310954760527238, 51.453302933980012 ], [ -0.309617320541292, 51.452467028837418 ], [ -0.308279880555347, 51.453302933980012 ], [ -0.305605000583455, 51.453302933980012 ], [ -0.304936280590482, 51.453720886551309 ], [ -0.304936280590482, 51.455392696836498 ], [ -0.30226140061859, 51.455392696836498 ], [ -0.303598840604536, 51.454556791693904 ], [ -0.302930120611563, 51.454138839122606 ], [ -0.301592680625618, 51.454138839122606 ], [ -0.300923960632645, 51.453720886551309 ], [ -0.300923960632645, 51.452884981408715 ], [ -0.30226140061859, 51.452049076266121 ], [ -0.30226140061859, 51.450377265980933 ], [ -0.299586520646699, 51.448705455695745 ], [ -0.300923960632645, 51.44786955055315 ], [ -0.300923960632645, 51.447033645410556 ], [ -0.301592680625618, 51.446615692839259 ], [ -0.304267560597509, 51.446615692839259 ], [ -0.304936280590482, 51.446197740267962 ], [ -0.301592680625618, 51.444107977411477 ], [ -0.300923960632645, 51.444525929982774 ], [ -0.300923960632645, 51.445361835125368 ], [ -0.300255240639672, 51.445779787696665 ], [ -0.298917800653726, 51.444943882554071 ], [ -0.29758036066778, 51.445779787696665 ], [ -0.296242920681834, 51.445779787696665 ], [ -0.295574200688861, 51.445361835125368 ], [ -0.295574200688861, 51.444525929982774 ], [ -0.294236760702915, 51.44369002484018 ], [ -0.294236760702915, 51.442018214554992 ], [ -0.292230600723997, 51.4407643568411 ], [ -0.289555720752105, 51.4407643568411 ], [ -0.288887000759132, 51.441182309412397 ], [ -0.289555720752105, 51.441600261983695 ], [ -0.290893160738051, 51.441600261983695 ], [ -0.291561880731024, 51.442018214554992 ], [ -0.291561880731024, 51.44369002484018 ], [ -0.29289932071697, 51.444525929982774 ], [ -0.29289932071697, 51.447033645410556 ], [ -0.292230600723997, 51.447451597981853 ], [ -0.288218280766159, 51.447451597981853 ], [ -0.286880840780213, 51.448287503124448 ], [ -0.285543400794268, 51.448287503124448 ], [ -0.284874680801295, 51.448705455695745 ], [ -0.285543400794268, 51.449123408267042 ], [ -0.286880840780213, 51.449123408267042 ], [ -0.288218280766159, 51.449959313409636 ], [ -0.289555720752105, 51.449959313409636 ], [ -0.290224440745078, 51.450377265980933 ], [ -0.290224440745078, 51.451213171123527 ], [ -0.289555720752105, 51.451631123694824 ], [ -0.288218280766159, 51.451631123694824 ], [ -0.286212120787241, 51.452884981408715 ], [ -0.286212120787241, 51.453720886551309 ], [ -0.284205960808322, 51.454974744265201 ], [ -0.282868520822376, 51.454974744265201 ], [ -0.28153108083643, 51.455810649407795 ], [ -0.278856200864539, 51.455810649407795 ], [ -0.278187480871566, 51.455392696836498 ], [ -0.278187480871566, 51.454556791693904 ], [ -0.277518760878593, 51.454138839122606 ], [ -0.273506440920755, 51.454138839122606 ], [ -0.272169000934809, 51.454974744265201 ], [ -0.270831560948864, 51.454138839122606 ], [ -0.269494120962918, 51.454138839122606 ], [ -0.268156680976972, 51.453302933980012 ], [ -0.26548180100508, 51.453302933980012 ], [ -0.264813081012107, 51.453720886551309 ], [ -0.264813081012107, 51.454556791693904 ], [ -0.264144361019135, 51.454974744265201 ], [ -0.261469481047243, 51.454974744265201 ], [ -0.26080076105427, 51.455392696836498 ], [ -0.26080076105427, 51.457064507121686 ], [ -0.260132041061297, 51.457482459692983 ], [ -0.257457161089405, 51.457482459692983 ], [ -0.256788441096433, 51.457064507121686 ], [ -0.256788441096433, 51.456228601979092 ], [ -0.257457161089405, 51.455810649407795 ], [ -0.258794601075351, 51.455810649407795 ], [ -0.259463321068324, 51.455392696836498 ], [ -0.258125881082378, 51.454556791693904 ], [ -0.258125881082378, 51.453720886551309 ], [ -0.257457161089405, 51.453302933980012 ], [ -0.250769961159676, 51.453302933980012 ], [ -0.248763801180758, 51.454556791693904 ], [ -0.251438681152649, 51.456228601979092 ], [ -0.251438681152649, 51.45790041226428 ], [ -0.248095081187785, 51.459990175120765 ], [ -0.246757641201839, 51.459990175120765 ], [ -0.246088921208866, 51.459572222549468 ], [ -0.246088921208866, 51.458736317406874 ], [ -0.24475148122292, 51.45790041226428 ], [ -0.246088921208866, 51.457064507121686 ], [ -0.246088921208866, 51.456228601979092 ], [ -0.245420201215893, 51.455810649407795 ], [ -0.244082761229947, 51.455810649407795 ], [ -0.243414041236974, 51.455392696836498 ], [ -0.244082761229947, 51.454974744265201 ], [ -0.246757641201839, 51.454974744265201 ], [ -0.247426361194812, 51.454556791693904 ], [ -0.246757641201839, 51.454138839122606 ], [ -0.245420201215893, 51.454138839122606 ], [ -0.24475148122292, 51.453720886551309 ], [ -0.24475148122292, 51.452884981408715 ], [ -0.246088921208866, 51.452049076266121 ], [ -0.245420201215893, 51.451631123694824 ], [ -0.244082761229947, 51.451631123694824 ], [ -0.243414041236974, 51.452049076266121 ], [ -0.243414041236974, 51.454556791693904 ], [ -0.24007044127211, 51.456646554550389 ], [ -0.238733001286164, 51.456646554550389 ], [ -0.237395561300218, 51.455810649407795 ], [ -0.236058121314272, 51.456646554550389 ], [ -0.234720681328326, 51.456646554550389 ], [ -0.234051961335354, 51.457064507121686 ], [ -0.234051961335354, 51.459572222549468 ], [ -0.232714521349408, 51.460408127692062 ], [ -0.234051961335354, 51.461244032834657 ], [ -0.234051961335354, 51.462915843119845 ], [ -0.233383241342381, 51.463333795691142 ], [ -0.232045801356435, 51.463333795691142 ], [ -0.230708361370489, 51.462497890548548 ], [ -0.229370921384543, 51.462497890548548 ], [ -0.22870220139157, 51.462915843119845 ], [ -0.230039641377516, 51.463751748262439 ], [ -0.230039641377516, 51.465423558547627 ], [ -0.22870220139157, 51.466259463690221 ], [ -0.22870220139157, 51.468767179118004 ], [ -0.229370921384543, 51.469185131689301 ], [ -0.230708361370489, 51.469185131689301 ], [ -0.232045801356435, 51.470021036831895 ], [ -0.233383241342381, 51.470021036831895 ], [ -0.234051961335354, 51.470438989403192 ], [ -0.234051961335354, 51.47211079968838 ], [ -0.234720681328326, 51.472528752259677 ], [ -0.236058121314272, 51.472528752259677 ], [ -0.238064281293191, 51.473782609973568 ], [ -0.238064281293191, 51.474618515116163 ], [ -0.237395561300218, 51.47503646768746 ], [ -0.234720681328326, 51.47503646768746 ], [ -0.234051961335354, 51.475454420258757 ], [ -0.234720681328326, 51.475872372830054 ], [ -0.237395561300218, 51.475872372830054 ], [ -0.238064281293191, 51.476290325401351 ], [ -0.237395561300218, 51.476708277972648 ], [ -0.236058121314272, 51.476708277972648 ], [ -0.235389401321299, 51.477126230543945 ], [ -0.236726841307245, 51.477962135686539 ], [ -0.236726841307245, 51.480469851114322 ], [ -0.238733001286164, 51.481723708828213 ], [ -0.24007044127211, 51.481723708828213 ], [ -0.240739161265083, 51.48214166139951 ], [ -0.240739161265083, 51.482977566542104 ], [ -0.24007044127211, 51.483395519113401 ], [ -0.238733001286164, 51.482559613970807 ], [ -0.237395561300218, 51.482559613970807 ], [ -0.236058121314272, 51.481723708828213 ], [ -0.235389401321299, 51.48214166139951 ], [ -0.235389401321299, 51.482977566542104 ], [ -0.238064281293191, 51.484649376827292 ], [ -0.238064281293191, 51.487157092255075 ], [ -0.24007044127211, 51.488410949968966 ], [ -0.240739161265083, 51.487992997397669 ], [ -0.239401721279137, 51.487157092255075 ], [ -0.239401721279137, 51.48632118711248 ], [ -0.24007044127211, 51.485903234541183 ], [ -0.241407881258056, 51.486739139683777 ], [ -0.242745321244001, 51.485903234541183 ], [ -0.245420201215893, 51.485903234541183 ], [ -0.246256101207109, 51.485485281969886 ], [ -0.248930981179001, 51.483813471684698 ], [ -0.248095081187785, 51.483395519113401 ], [ -0.247259181196569, 51.483813471684698 ], [ -0.247593541193055, 51.48214166139951 ], [ -0.248930981179001, 51.479633945971727 ], [ -0.250268421164947, 51.476290325401351 ], [ -0.252406567335129, 51.474163055419922 ], [ -0.251271501154406, 51.476290325401351 ], [ -0.24993406116846, 51.483813471684698 ], [ -0.246757641201839, 51.486634651540953 ], [ -0.242745321244001, 51.489142366968736 ], [ -0.228869381389813, 51.487992997397669 ], [ -0.227364761405624, 51.48632118711248 ], [ -0.226696041412652, 51.485798746398359 ], [ -0.224857061431976, 51.482977566542104 ], [ -0.22351962144603, 51.474618515116163 ] ] ], [ [ [ -0.1390937223332, 51.609199243073817 ], [ -0.1390937223332, 51.610035148216411 ], [ -0.139762442326173, 51.610453100787709 ], [ -0.142437322298065, 51.610453100787709 ], [ -0.143774762284011, 51.609617195645114 ], [ -0.145112202269956, 51.609617195645114 ], [ -0.149124522227794, 51.607109480217332 ], [ -0.151799402199686, 51.607109480217332 ], [ -0.152468122192658, 51.607527432788629 ], [ -0.152468122192658, 51.608363337931223 ], [ -0.153136842185631, 51.60878129050252 ], [ -0.154474282171577, 51.607945385359926 ], [ -0.155811722157523, 51.60878129050252 ], [ -0.158486602129415, 51.607109480217332 ], [ -0.15982404211536, 51.607109480217332 ], [ -0.161161482101306, 51.606273575074738 ], [ -0.163836362073198, 51.606273575074738 ], [ -0.164505082066171, 51.605855622503441 ], [ -0.164505082066171, 51.605019717360847 ], [ -0.163836362073198, 51.60460176478955 ], [ -0.162498922087252, 51.605437669932144 ], [ -0.15046196221374, 51.605437669932144 ], [ -0.145112202269956, 51.60878129050252 ], [ -0.139762442326173, 51.60878129050252 ], [ -0.1390937223332, 51.609199243073817 ] ] ] ] } },
{ "type": "Feature", "properties": { "search_id": "Search 14", "FundAsset": "Hines - Ashford" }, "geometry": { "type": "MultiPolygon", "coordinates": [ [ [ [ 0.706529115093872, 51.219729792472208 ], [ 0.707297917164396, 51.219244389445521 ], [ 0.707297917164396, 51.218273583392147 ], [ 0.708066719234921, 51.21778818036546 ], [ 0.711141927517019, 51.21778818036546 ], [ 0.712679531658068, 51.216817374312086 ], [ 0.713448333728593, 51.217302777338773 ], [ 0.713448333728593, 51.218273583392147 ], [ 0.714985937869642, 51.219244389445521 ], [ 0.712679531658068, 51.220700598525582 ], [ 0.711718529069913, 51.220215195498895 ], [ 0.710565325964126, 51.220215195498895 ], [ 0.70960432337597, 51.220700598525582 ], [ 0.708066719234921, 51.219729792472208 ], [ 0.707297917164396, 51.220215195498895 ], [ 0.707297917164396, 51.223127613659017 ], [ 0.708066719234921, 51.223613016685704 ], [ 0.712679531658068, 51.223613016685704 ], [ 0.714217135799117, 51.22264221063233 ], [ 0.716523542010691, 51.224098419712391 ], [ 0.715754739940166, 51.224583822739078 ], [ 0.714217135799117, 51.224583822739078 ], [ 0.713448333728593, 51.225069225765765 ], [ 0.713448333728593, 51.226040031819139 ], [ 0.711910729587544, 51.227010837872513 ], [ 0.713448333728593, 51.227981643925887 ], [ 0.712679531658068, 51.228467046952574 ], [ 0.70960432337597, 51.226525434845826 ], [ 0.708066719234921, 51.226525434845826 ], [ 0.707297917164396, 51.227010837872513 ], [ 0.707297917164396, 51.228952449979261 ], [ 0.70960432337597, 51.230408659059322 ], [ 0.711141927517019, 51.230408659059322 ], [ 0.711910729587544, 51.230894062086008 ], [ 0.710373125446495, 51.231864868139382 ], [ 0.716523542010691, 51.235748092352878 ], [ 0.715754739940166, 51.236233495379565 ], [ 0.714217135799117, 51.236233495379565 ], [ 0.712679531658068, 51.237204301432939 ], [ 0.711910729587544, 51.236718898406252 ], [ 0.713448333728593, 51.235748092352878 ], [ 0.713448333728593, 51.234777286299504 ], [ 0.712679531658068, 51.234291883272817 ], [ 0.711141927517019, 51.234291883272817 ], [ 0.70960432337597, 51.235262689326191 ], [ 0.708066719234921, 51.235262689326191 ], [ 0.705760313023347, 51.23380648024613 ], [ 0.707297917164396, 51.232835674192756 ], [ 0.706529115093872, 51.232350271166069 ], [ 0.704991510952823, 51.232350271166069 ], [ 0.704222708882298, 51.231864868139382 ], [ 0.704222708882298, 51.230894062086008 ], [ 0.703453906811774, 51.230408659059322 ], [ 0.701916302670725, 51.231379465112695 ], [ 0.698841094388627, 51.231379465112695 ], [ 0.697303490247577, 51.232350271166069 ], [ 0.695765886106528, 51.232350271166069 ], [ 0.694997084036004, 51.231864868139382 ], [ 0.694997084036004, 51.230894062086008 ], [ 0.694804883518373, 51.229923256032635 ], [ 0.693459479894955, 51.230894062086008 ], [ 0.69269067782443, 51.231379465112695 ], [ 0.690384271612857, 51.229923256032635 ], [ 0.691153073683381, 51.229437853005948 ], [ 0.69269067782443, 51.229437853005948 ], [ 0.693459479894955, 51.228952449979261 ], [ 0.693459479894955, 51.227010837872513 ], [ 0.69269067782443, 51.226525434845826 ], [ 0.691153073683381, 51.226525434845826 ], [ 0.690384271612857, 51.226040031819139 ], [ 0.691153073683381, 51.225554628792452 ], [ 0.69269067782443, 51.225554628792452 ], [ 0.694228281965479, 51.226525434845826 ], [ 0.698841094388627, 51.226525434845826 ], [ 0.700378698529676, 51.2274962408992 ], [ 0.7011475006002, 51.227010837872513 ], [ 0.7011475006002, 51.223127613659017 ], [ 0.700378698529676, 51.22264221063233 ], [ 0.698841094388627, 51.22264221063233 ], [ 0.698072292318102, 51.222156807605643 ], [ 0.698072292318102, 51.217302777338773 ], [ 0.697303490247577, 51.216817374312086 ], [ 0.696534688177053, 51.217302777338773 ], [ 0.696534688177053, 51.218273583392147 ], [ 0.695765886106528, 51.218758986418834 ], [ 0.694997084036004, 51.218273583392147 ], [ 0.694997084036004, 51.217302777338773 ], [ 0.696534688177053, 51.216331971285399 ], [ 0.696534688177053, 51.215361165232025 ], [ 0.697303490247577, 51.214875762205338 ], [ 0.698841094388627, 51.214875762205338 ], [ 0.700378698529676, 51.213904956151964 ], [ 0.701916302670725, 51.213904956151964 ], [ 0.702685104741249, 51.214390359178651 ], [ 0.7011475006002, 51.215361165232025 ], [ 0.7011475006002, 51.218273583392147 ], [ 0.701916302670725, 51.218758986418834 ], [ 0.703453906811774, 51.218758986418834 ], [ 0.704991510952823, 51.219729792472208 ], [ 0.706529115093872, 51.219729792472208 ] ] ], [ [ [ 0.721905156504363, 51.101291453960584 ], [ 0.723442760645412, 51.100320647907211 ], [ 0.724980364786461, 51.100320647907211 ], [ 0.725749166856986, 51.100806050933897 ], [ 0.725749166856986, 51.102747663040645 ], [ 0.724980364786461, 51.103233066067332 ], [ 0.723442760645412, 51.103233066067332 ], [ 0.721905156504363, 51.102262260013958 ], [ 0.720367552363314, 51.103233066067332 ], [ 0.718829948222265, 51.102262260013958 ], [ 0.715754739940166, 51.102262260013958 ], [ 0.714985937869642, 51.102747663040645 ], [ 0.714985937869642, 51.104689275147393 ], [ 0.715754739940166, 51.10517467817408 ], [ 0.717292344081216, 51.10517467817408 ], [ 0.718829948222265, 51.104203872120706 ], [ 0.724980364786461, 51.104203872120706 ], [ 0.727286770998035, 51.105660081200767 ], [ 0.727286770998035, 51.106630887254141 ], [ 0.728055573068559, 51.107116290280828 ], [ 0.732668385491706, 51.107116290280828 ], [ 0.734205989632756, 51.108087096334202 ], [ 0.735743593773805, 51.108087096334202 ], [ 0.737281197914854, 51.109057902387576 ], [ 0.738049999985378, 51.108572499360889 ], [ 0.738049999985378, 51.106630887254141 ], [ 0.734205989632756, 51.104203872120706 ], [ 0.732668385491706, 51.10517467817408 ], [ 0.729593177209608, 51.10517467817408 ], [ 0.728824375139084, 51.104689275147393 ], [ 0.728824375139084, 51.102747663040645 ], [ 0.727286770998035, 51.101776856987271 ], [ 0.727286770998035, 51.099835244880524 ], [ 0.728055573068559, 51.099349841853837 ], [ 0.729593177209608, 51.099349841853837 ], [ 0.731130781350657, 51.100320647907211 ], [ 0.732668385491706, 51.100320647907211 ], [ 0.735743593773805, 51.098379035800463 ], [ 0.737281197914854, 51.099349841853837 ], [ 0.738818802055903, 51.099349841853837 ], [ 0.741125208267476, 51.097893632773776 ], [ 0.741125208267476, 51.096922826720402 ], [ 0.740356406196952, 51.096437423693715 ], [ 0.737281197914854, 51.096437423693715 ], [ 0.736512395844329, 51.095952020667028 ], [ 0.738049999985378, 51.094981214613654 ], [ 0.738049999985378, 51.09401040856028 ], [ 0.738818802055903, 51.093525005533593 ], [ 0.740356406196952, 51.093525005533593 ], [ 0.741894010338001, 51.094495811586967 ], [ 0.744969218620099, 51.094495811586967 ], [ 0.745738020690624, 51.09401040856028 ], [ 0.745738020690624, 51.093039602506906 ], [ 0.747275624831673, 51.092068796453532 ], [ 0.747275624831673, 51.090127184346784 ], [ 0.744969218620099, 51.088670975266723 ], [ 0.74343161447905, 51.088670975266723 ], [ 0.742662812408525, 51.088185572240036 ], [ 0.744969218620099, 51.086729363159975 ], [ 0.746506822761148, 51.087700169213349 ], [ 0.748044426902197, 51.087700169213349 ], [ 0.748813228972722, 51.088185572240036 ], [ 0.748813228972722, 51.08915637829341 ], [ 0.752657239325345, 51.091583393426845 ], [ 0.753426041395869, 51.091097990400158 ], [ 0.753426041395869, 51.090127184346784 ], [ 0.754194843466394, 51.089641781320097 ], [ 0.757270051748492, 51.089641781320097 ], [ 0.758038853819016, 51.08915637829341 ], [ 0.758038853819016, 51.088185572240036 ], [ 0.758807655889541, 51.087700169213349 ], [ 0.766495676594786, 51.087700169213349 ], [ 0.767264478665311, 51.087214766186662 ], [ 0.767264478665311, 51.086243960133288 ], [ 0.766495676594786, 51.085758557106601 ], [ 0.764958072453737, 51.085758557106601 ], [ 0.763420468312688, 51.084787751053227 ], [ 0.761882864171639, 51.084787751053227 ], [ 0.76034526003059, 51.083816944999853 ], [ 0.757270051748492, 51.083816944999853 ], [ 0.755732447607443, 51.084787751053227 ], [ 0.748044426902197, 51.084787751053227 ], [ 0.747275624831673, 51.08430234802654 ], [ 0.747275624831673, 51.083331541973166 ], [ 0.749582031043246, 51.081875332893105 ], [ 0.757270051748492, 51.081875332893105 ], [ 0.76034526003059, 51.079933720786357 ], [ 0.761882864171639, 51.080904526839731 ], [ 0.764958072453737, 51.080904526839731 ], [ 0.765726874524262, 51.080419123813044 ], [ 0.765726874524262, 51.077506705652922 ], [ 0.769570884876885, 51.075079690519487 ], [ 0.771108489017934, 51.075079690519487 ], [ 0.771877291088458, 51.074594287492801 ], [ 0.771877291088458, 51.070711063279305 ], [ 0.771108489017934, 51.070225660252618 ], [ 0.769570884876885, 51.070225660252618 ], [ 0.768033280735835, 51.071196466305992 ], [ 0.764958072453737, 51.071196466305992 ], [ 0.763420468312688, 51.072167272359366 ], [ 0.761882864171639, 51.071196466305992 ], [ 0.76034526003059, 51.072167272359366 ], [ 0.757270051748492, 51.072167272359366 ], [ 0.755732447607443, 51.071196466305992 ], [ 0.754963645536918, 51.071681869332679 ], [ 0.754963645536918, 51.072652675386053 ], [ 0.754194843466394, 51.07313807841274 ], [ 0.752657239325345, 51.07313807841274 ], [ 0.75188843725482, 51.072652675386053 ], [ 0.75188843725482, 51.071681869332679 ], [ 0.751119635184295, 51.071196466305992 ], [ 0.748044426902197, 51.071196466305992 ], [ 0.746506822761148, 51.072167272359366 ], [ 0.745738020690624, 51.071681869332679 ], [ 0.748044426902197, 51.070225660252618 ], [ 0.751119635184295, 51.070225660252618 ], [ 0.752657239325345, 51.069254854199244 ], [ 0.76034526003059, 51.069254854199244 ], [ 0.761114062101115, 51.068769451172557 ], [ 0.759576457960065, 51.067798645119183 ], [ 0.759576457960065, 51.066827839065809 ], [ 0.758038853819016, 51.065857033012435 ], [ 0.758038853819016, 51.064886226959061 ], [ 0.758807655889541, 51.064400823932374 ], [ 0.759576457960065, 51.064886226959061 ], [ 0.759576457960065, 51.065857033012435 ], [ 0.761882864171639, 51.067313242092496 ], [ 0.763420468312688, 51.067313242092496 ], [ 0.764958072453737, 51.06828404814587 ], [ 0.766495676594786, 51.06828404814587 ], [ 0.768033280735835, 51.067313242092496 ], [ 0.769570884876885, 51.067313242092496 ], [ 0.770339686947409, 51.066827839065809 ], [ 0.770339686947409, 51.065857033012435 ], [ 0.772646093158983, 51.064400823932374 ], [ 0.776490103511605, 51.066827839065809 ], [ 0.776490103511605, 51.067798645119183 ], [ 0.77725890558213, 51.06828404814587 ], [ 0.778796509723179, 51.06828404814587 ], [ 0.781102915934753, 51.066827839065809 ], [ 0.781102915934753, 51.065857033012435 ], [ 0.780334113864228, 51.065371629985748 ], [ 0.778796509723179, 51.065371629985748 ], [ 0.778027707652654, 51.064886226959061 ], [ 0.778027707652654, 51.062944614852313 ], [ 0.778796509723179, 51.062459211825626 ], [ 0.780334113864228, 51.062459211825626 ], [ 0.781871718005277, 51.063430017879 ], [ 0.783409322146326, 51.063430017879 ], [ 0.784946926287375, 51.064400823932374 ], [ 0.786484530428424, 51.064400823932374 ], [ 0.787253332498949, 51.063915420905687 ], [ 0.787253332498949, 51.062944614852313 ], [ 0.788022134569474, 51.062459211825626 ], [ 0.789559738710523, 51.062459211825626 ], [ 0.790328540781047, 51.061973808798939 ], [ 0.790328540781047, 51.058090584585443 ], [ 0.787253332498949, 51.056148972478695 ], [ 0.788790936639998, 51.055178166425321 ], [ 0.784946926287375, 51.052751151291886 ], [ 0.783409322146326, 51.052751151291886 ], [ 0.782640520075802, 51.052265748265199 ], [ 0.782640520075802, 51.051294942211825 ], [ 0.781102915934753, 51.050324136158451 ], [ 0.781102915934753, 51.048382524051704 ], [ 0.778796509723179, 51.046926314971643 ], [ 0.77725890558213, 51.046926314971643 ], [ 0.776490103511605, 51.046440911944956 ], [ 0.77725890558213, 51.045955508918269 ], [ 0.778796509723179, 51.045955508918269 ], [ 0.782640520075802, 51.043528493784834 ], [ 0.780334113864228, 51.042072284704773 ], [ 0.778796509723179, 51.042072284704773 ], [ 0.778027707652654, 51.041586881678086 ], [ 0.778027707652654, 51.040616075624712 ], [ 0.779565311793704, 51.039645269571338 ], [ 0.779565311793704, 51.038674463517964 ], [ 0.778027707652654, 51.03770365746459 ], [ 0.778027707652654, 51.036732851411216 ], [ 0.778796509723179, 51.036247448384529 ], [ 0.780334113864228, 51.036247448384529 ], [ 0.781102915934753, 51.036732851411216 ], [ 0.781102915934753, 51.03770365746459 ], [ 0.781871718005277, 51.038189060491277 ], [ 0.784178124216851, 51.036732851411216 ], [ 0.784178124216851, 51.035762045357842 ], [ 0.787253332498949, 51.033820433251094 ], [ 0.787253332498949, 51.03284962719772 ], [ 0.788022134569474, 51.032364224171033 ], [ 0.788790936639998, 51.03284962719772 ], [ 0.788790936639998, 51.033820433251094 ], [ 0.789559738710523, 51.034305836277781 ], [ 0.791097342851572, 51.034305836277781 ], [ 0.791866144922096, 51.034791239304468 ], [ 0.787253332498949, 51.03770365746459 ], [ 0.788790936639998, 51.038674463517964 ], [ 0.787253332498949, 51.039645269571338 ], [ 0.787253332498949, 51.040616075624712 ], [ 0.789559738710523, 51.042072284704773 ], [ 0.791097342851572, 51.042072284704773 ], [ 0.792634946992621, 51.043043090758147 ], [ 0.795710155274719, 51.043043090758147 ], [ 0.798785363556817, 51.044984702864895 ], [ 0.801860571838915, 51.044984702864895 ], [ 0.803398175979964, 51.045955508918269 ], [ 0.804935780121014, 51.045955508918269 ], [ 0.806473384262063, 51.044984702864895 ], [ 0.81108619668521, 51.047897121025017 ], [ 0.814161404967308, 51.047897121025017 ], [ 0.817236613249406, 51.045955508918269 ], [ 0.818774217390455, 51.045955508918269 ], [ 0.821080623602029, 51.044499299838208 ], [ 0.821080623602029, 51.043528493784834 ], [ 0.822618227743078, 51.04255768773146 ], [ 0.822618227743078, 51.041586881678086 ], [ 0.823387029813603, 51.041101478651399 ], [ 0.824924633954652, 51.041101478651399 ], [ 0.825693436025176, 51.040616075624712 ], [ 0.825693436025176, 51.039645269571338 ], [ 0.827231040166225, 51.038674463517964 ], [ 0.827231040166225, 51.03770365746459 ], [ 0.82799984223675, 51.037218254437903 ], [ 0.829537446377799, 51.037218254437903 ], [ 0.830306248448323, 51.03770365746459 ], [ 0.830306248448323, 51.038674463517964 ], [ 0.828768644307274, 51.039645269571338 ], [ 0.828768644307274, 51.040616075624712 ], [ 0.827231040166225, 51.041586881678086 ], [ 0.827231040166225, 51.043528493784834 ], [ 0.825693436025176, 51.044499299838208 ], [ 0.827231040166225, 51.045470105891582 ], [ 0.825693436025176, 51.046440911944956 ], [ 0.827231040166225, 51.04741171799833 ], [ 0.821849425672553, 51.050809539185138 ], [ 0.820311821531504, 51.050809539185138 ], [ 0.81954301946098, 51.051294942211825 ], [ 0.81954301946098, 51.052265748265199 ], [ 0.821080623602029, 51.053236554318573 ], [ 0.821080623602029, 51.054207360371947 ], [ 0.823387029813603, 51.055663569452008 ], [ 0.82799984223675, 51.055663569452008 ], [ 0.828768644307274, 51.055178166425321 ], [ 0.828768644307274, 51.053236554318573 ], [ 0.831075050518848, 51.051780345238512 ], [ 0.832612654659897, 51.051780345238512 ], [ 0.833381456730422, 51.051294942211825 ], [ 0.833381456730422, 51.050324136158451 ], [ 0.834919060871471, 51.049353330105077 ], [ 0.834919060871471, 51.04741171799833 ], [ 0.83645666501252, 51.046440911944956 ], [ 0.83645666501252, 51.036732851411216 ], [ 0.835687862941995, 51.036247448384529 ], [ 0.829537446377799, 51.036247448384529 ], [ 0.828768644307274, 51.035762045357842 ], [ 0.828768644307274, 51.034791239304468 ], [ 0.829537446377799, 51.034305836277781 ], [ 0.831075050518848, 51.034305836277781 ], [ 0.831843852589373, 51.033820433251094 ], [ 0.831843852589373, 51.030908015090972 ], [ 0.829537446377799, 51.029451806010911 ], [ 0.82799984223675, 51.029451806010911 ], [ 0.827231040166225, 51.029937209037598 ], [ 0.827231040166225, 51.030908015090972 ], [ 0.826462238095701, 51.031393418117659 ], [ 0.823387029813603, 51.031393418117659 ], [ 0.821849425672553, 51.032364224171033 ], [ 0.821080623602029, 51.031878821144346 ], [ 0.827231040166225, 51.02799559693085 ], [ 0.827231040166225, 51.027024790877476 ], [ 0.830306248448323, 51.025083178770728 ], [ 0.830306248448323, 51.022170760610607 ], [ 0.831843852589373, 51.021199954557233 ], [ 0.831843852589373, 51.019258342450485 ], [ 0.832612654659897, 51.018772939423798 ], [ 0.834150258800946, 51.019743745477172 ], [ 0.835687862941995, 51.019743745477172 ], [ 0.837994269153569, 51.018287536397111 ], [ 0.83645666501252, 51.017316730343737 ], [ 0.83645666501252, 51.015375118236989 ], [ 0.834919060871471, 51.014404312183615 ], [ 0.83645666501252, 51.013433506130241 ], [ 0.835687862941995, 51.012948103103554 ], [ 0.834150258800946, 51.012948103103554 ], [ 0.833381456730422, 51.012462700076867 ], [ 0.834150258800946, 51.01197729705018 ], [ 0.835687862941995, 51.01197729705018 ], [ 0.837225467083044, 51.012948103103554 ], [ 0.837994269153569, 51.012462700076867 ], [ 0.837994269153569, 51.009550281916745 ], [ 0.837225467083044, 51.009064878890058 ], [ 0.835687862941995, 51.009064878890058 ], [ 0.833381456730422, 51.007608669809997 ], [ 0.833381456730422, 51.005667057703249 ], [ 0.832612654659897, 51.005181654676562 ], [ 0.82799984223675, 51.005181654676562 ], [ 0.827231040166225, 51.005667057703249 ], [ 0.827231040166225, 51.006637863756623 ], [ 0.828768644307274, 51.007608669809997 ], [ 0.82799984223675, 51.008094072836684 ], [ 0.826462238095701, 51.008094072836684 ], [ 0.823387029813603, 51.006152460729936 ], [ 0.821849425672553, 51.006152460729936 ], [ 0.820311821531504, 51.00712326678331 ], [ 0.81954301946098, 51.006637863756623 ], [ 0.81954301946098, 51.005667057703249 ], [ 0.822618227743078, 51.003725445596501 ], [ 0.822618227743078, 51.001783833489753 ], [ 0.821849425672553, 51.001298430463066 ], [ 0.820311821531504, 51.001298430463066 ], [ 0.818774217390455, 51.000327624409692 ], [ 0.817236613249406, 51.000327624409692 ], [ 0.816467811178882, 50.999842221383005 ], [ 0.816467811178882, 50.998871415329631 ], [ 0.815699009108357, 50.998386012302944 ], [ 0.814161404967308, 50.998386012302944 ], [ 0.810317394614685, 50.99595899716951 ], [ 0.810317394614685, 50.994988191116136 ], [ 0.81108619668521, 50.994502788089449 ], [ 0.812623800826259, 50.995473594142823 ], [ 0.813392602896784, 50.994988191116136 ], [ 0.813392602896784, 50.994017385062762 ], [ 0.814930207037833, 50.993046579009388 ], [ 0.814930207037833, 50.99110496690264 ], [ 0.813392602896784, 50.990134160849266 ], [ 0.813392602896784, 50.989163354795892 ], [ 0.812623800826259, 50.988677951769205 ], [ 0.81108619668521, 50.988677951769205 ], [ 0.810317394614685, 50.988192548742518 ], [ 0.810317394614685, 50.987221742689144 ], [ 0.808779790473636, 50.98625093663577 ], [ 0.809548592544161, 50.985765533609083 ], [ 0.812623800826259, 50.985765533609083 ], [ 0.813392602896784, 50.985280130582396 ], [ 0.811854998755734, 50.984309324529022 ], [ 0.811854998755734, 50.983338518475648 ], [ 0.812623800826259, 50.982853115448961 ], [ 0.814161404967308, 50.982853115448961 ], [ 0.814930207037833, 50.983338518475648 ], [ 0.814930207037833, 50.984309324529022 ], [ 0.815699009108357, 50.984794727555709 ], [ 0.817236613249406, 50.984794727555709 ], [ 0.821080623602029, 50.987221742689144 ], [ 0.820311821531504, 50.987707145715831 ], [ 0.818774217390455, 50.987707145715831 ], [ 0.817236613249406, 50.986736339662457 ], [ 0.815699009108357, 50.986736339662457 ], [ 0.814930207037833, 50.987221742689144 ], [ 0.817236613249406, 50.988677951769205 ], [ 0.824924633954652, 50.988677951769205 ], [ 0.826462238095701, 50.987707145715831 ], [ 0.827231040166225, 50.988192548742518 ], [ 0.827231040166225, 50.989163354795892 ], [ 0.826462238095701, 50.989648757822579 ], [ 0.824924633954652, 50.989648757822579 ], [ 0.824155831884127, 50.990134160849266 ], [ 0.824155831884127, 50.99110496690264 ], [ 0.826462238095701, 50.992561175982701 ], [ 0.82799984223675, 50.991590369929327 ], [ 0.831075050518848, 50.991590369929327 ], [ 0.831843852589373, 50.99110496690264 ], [ 0.831075050518848, 50.990619563875953 ], [ 0.829537446377799, 50.990619563875953 ], [ 0.828768644307274, 50.990134160849266 ], [ 0.829537446377799, 50.989648757822579 ], [ 0.831075050518848, 50.989648757822579 ], [ 0.832612654659897, 50.990619563875953 ], [ 0.834150258800946, 50.990619563875953 ], [ 0.837225467083044, 50.988677951769205 ], [ 0.837994269153569, 50.989163354795892 ], [ 0.837994269153569, 50.990134160849266 ], [ 0.83645666501252, 50.99110496690264 ], [ 0.83645666501252, 50.994017385062762 ], [ 0.838763071224093, 50.995473594142823 ], [ 0.840300675365143, 50.995473594142823 ], [ 0.843375883647241, 50.99741520624957 ], [ 0.846451091929339, 50.99741520624957 ], [ 0.848757498140913, 50.99595899716951 ], [ 0.847219893999863, 50.994988191116136 ], [ 0.847219893999863, 50.994017385062762 ], [ 0.848757498140913, 50.993046579009388 ], [ 0.848757498140913, 50.99110496690264 ], [ 0.851063904352486, 50.989648757822579 ], [ 0.851832706423011, 50.990134160849266 ], [ 0.851832706423011, 50.992075772956014 ], [ 0.854907914705109, 50.994017385062762 ], [ 0.85337031056406, 50.994988191116136 ], [ 0.85337031056406, 50.99595899716951 ], [ 0.854139112634584, 50.996444400196197 ], [ 0.855676716775633, 50.995473594142823 ], [ 0.857214320916682, 50.995473594142823 ], [ 0.858751925057732, 50.996444400196197 ], [ 0.860289529198781, 50.996444400196197 ], [ 0.86182713333983, 50.99741520624957 ], [ 0.863364737480879, 50.99741520624957 ], [ 0.864902341621928, 50.998386012302944 ], [ 0.866439945762977, 50.998386012302944 ], [ 0.867208747833502, 50.997900609276257 ], [ 0.867208747833502, 50.996929803222883 ], [ 0.864133539551403, 50.994988191116136 ], [ 0.864133539551403, 50.993046579009388 ], [ 0.866439945762977, 50.991590369929327 ], [ 0.867208747833502, 50.992075772956014 ], [ 0.8702839561156, 50.992075772956014 ], [ 0.867208747833502, 50.990134160849266 ], [ 0.867208747833502, 50.989163354795892 ], [ 0.866439945762977, 50.988677951769205 ], [ 0.864902341621928, 50.988677951769205 ], [ 0.86182713333983, 50.990619563875953 ], [ 0.859520727128256, 50.989163354795892 ], [ 0.86182713333983, 50.987707145715831 ], [ 0.864902341621928, 50.987707145715831 ], [ 0.866439945762977, 50.986736339662457 ], [ 0.867977549904026, 50.987707145715831 ], [ 0.871052758186124, 50.985765533609083 ], [ 0.872590362327173, 50.985765533609083 ], [ 0.874127966468222, 50.984794727555709 ], [ 0.874896768538747, 50.985280130582396 ], [ 0.871821560256649, 50.987221742689144 ], [ 0.871821560256649, 50.989163354795892 ], [ 0.874896768538747, 50.99110496690264 ], [ 0.874896768538747, 50.993046579009388 ], [ 0.875665570609272, 50.993531982036075 ], [ 0.87874077889137, 50.993531982036075 ], [ 0.880278383032419, 50.992561175982701 ], [ 0.883353591314517, 50.992561175982701 ], [ 0.884122393385042, 50.992075772956014 ], [ 0.884122393385042, 50.99110496690264 ], [ 0.883353591314517, 50.990619563875953 ], [ 0.880278383032419, 50.990619563875953 ], [ 0.87874077889137, 50.989648757822579 ], [ 0.877203174750321, 50.990619563875953 ], [ 0.876434372679796, 50.990134160849266 ], [ 0.876434372679796, 50.989163354795892 ], [ 0.874896768538747, 50.988192548742518 ], [ 0.874896768538747, 50.987221742689144 ], [ 0.875665570609272, 50.986736339662457 ], [ 0.87874077889137, 50.988677951769205 ], [ 0.880278383032419, 50.987707145715831 ], [ 0.883353591314517, 50.987707145715831 ], [ 0.884122393385042, 50.987221742689144 ], [ 0.884122393385042, 50.985280130582396 ], [ 0.882584789243992, 50.984309324529022 ], [ 0.882584789243992, 50.983338518475648 ], [ 0.881815987173468, 50.982853115448961 ], [ 0.87874077889137, 50.982853115448961 ], [ 0.877971976820845, 50.982367712422274 ], [ 0.879509580961894, 50.9813969063689 ], [ 0.879509580961894, 50.980426100315526 ], [ 0.880278383032419, 50.979940697288839 ], [ 0.881815987173468, 50.979940697288839 ], [ 0.882584789243992, 50.980426100315526 ], [ 0.882584789243992, 50.9813969063689 ], [ 0.883353591314517, 50.981882309395587 ], [ 0.884891195455566, 50.981882309395587 ], [ 0.885659997526091, 50.982367712422274 ], [ 0.885659997526091, 50.983338518475648 ], [ 0.888735205808189, 50.985280130582396 ], [ 0.888735205808189, 50.98625093663577 ], [ 0.889504007878713, 50.986736339662457 ], [ 0.891041612019762, 50.986736339662457 ], [ 0.891810414090287, 50.98625093663577 ], [ 0.891810414090287, 50.983338518475648 ], [ 0.893348018231336, 50.982367712422274 ], [ 0.893348018231336, 50.9813969063689 ], [ 0.894885622372385, 50.980426100315526 ], [ 0.893348018231336, 50.979455294262152 ], [ 0.893348018231336, 50.978484488208778 ], [ 0.894116820301861, 50.977999085182091 ], [ 0.897192028583959, 50.977999085182091 ], [ 0.897960830654483, 50.978484488208778 ], [ 0.896423226513434, 50.979455294262152 ], [ 0.896423226513434, 50.982367712422274 ], [ 0.894885622372385, 50.983338518475648 ], [ 0.897960830654483, 50.985280130582396 ], [ 0.896423226513434, 50.98625093663577 ], [ 0.897192028583959, 50.986736339662457 ], [ 0.900267236866057, 50.986736339662457 ], [ 0.901804841007106, 50.985765533609083 ], [ 0.911030465853401, 50.985765533609083 ], [ 0.914105674135499, 50.983823921502335 ], [ 0.918718486558646, 50.983823921502335 ], [ 0.919487288629171, 50.983338518475648 ], [ 0.919487288629171, 50.982367712422274 ], [ 0.921793694840744, 50.980911503342213 ], [ 0.922562496911269, 50.9813969063689 ], [ 0.922562496911269, 50.983338518475648 ], [ 0.924868903122842, 50.984794727555709 ], [ 0.92794411140494, 50.984794727555709 ], [ 0.92948171554599, 50.985765533609083 ], [ 0.934094527969137, 50.982853115448961 ], [ 0.935632132110186, 50.982853115448961 ], [ 0.937169736251235, 50.983823921502335 ], [ 0.938707340392284, 50.983823921502335 ], [ 0.940244944533333, 50.984794727555709 ], [ 0.941782548674382, 50.983823921502335 ], [ 0.942551350744907, 50.984309324529022 ], [ 0.941013746603858, 50.985280130582396 ], [ 0.944088954885956, 50.987221742689144 ], [ 0.943320152815431, 50.987707145715831 ], [ 0.941782548674382, 50.986736339662457 ], [ 0.940244944533333, 50.987707145715831 ], [ 0.938707340392284, 50.987707145715831 ], [ 0.93793853832176, 50.987221742689144 ], [ 0.93793853832176, 50.98625093663577 ], [ 0.937169736251235, 50.985765533609083 ], [ 0.934094527969137, 50.987707145715831 ], [ 0.932556923828088, 50.987707145715831 ], [ 0.931019319687039, 50.988677951769205 ], [ 0.92794411140494, 50.988677951769205 ], [ 0.925637705193367, 50.987221742689144 ], [ 0.925637705193367, 50.98625093663577 ], [ 0.924868903122842, 50.985765533609083 ], [ 0.923331298981793, 50.985765533609083 ], [ 0.921793694840744, 50.986736339662457 ], [ 0.917180882417597, 50.986736339662457 ], [ 0.915643278276548, 50.987707145715831 ], [ 0.91256806999445, 50.987707145715831 ], [ 0.911030465853401, 50.988677951769205 ], [ 0.906417653430253, 50.988677951769205 ], [ 0.903342445148155, 50.990619563875953 ], [ 0.901804841007106, 50.990619563875953 ], [ 0.899498434795532, 50.992075772956014 ], [ 0.900267236866057, 50.992561175982701 ], [ 0.901804841007106, 50.992561175982701 ], [ 0.905648851359729, 50.994988191116136 ], [ 0.905648851359729, 50.996929803222883 ], [ 0.906417653430253, 50.99741520624957 ], [ 0.907955257571302, 50.99741520624957 ], [ 0.909492861712351, 50.996444400196197 ], [ 0.911030465853401, 50.996444400196197 ], [ 0.91256806999445, 50.995473594142823 ], [ 0.914105674135499, 50.995473594142823 ], [ 0.918718486558646, 50.992561175982701 ], [ 0.919487288629171, 50.993046579009388 ], [ 0.916412080347072, 50.994988191116136 ], [ 0.916412080347072, 50.99595899716951 ], [ 0.914105674135499, 50.99741520624957 ], [ 0.91256806999445, 50.99741520624957 ], [ 0.911799267923925, 50.997900609276257 ], [ 0.911799267923925, 50.999842221383005 ], [ 0.91256806999445, 51.000327624409692 ], [ 0.914105674135499, 51.000327624409692 ], [ 0.917180882417597, 51.00226923651644 ], [ 0.920256090699695, 51.00226923651644 ], [ 0.92102489277022, 51.002754639543127 ], [ 0.918718486558646, 51.004210848623188 ], [ 0.917180882417597, 51.003240042569814 ], [ 0.915643278276548, 51.003240042569814 ], [ 0.914105674135499, 51.00226923651644 ], [ 0.906417653430253, 51.00226923651644 ], [ 0.905648851359729, 51.002754639543127 ], [ 0.905648851359729, 51.006637863756623 ], [ 0.904880049289204, 51.00712326678331 ], [ 0.903342445148155, 51.00712326678331 ], [ 0.902573643077631, 51.007608669809997 ], [ 0.90411124721868, 51.008579475863371 ], [ 0.903342445148155, 51.009064878890058 ], [ 0.901804841007106, 51.009064878890058 ], [ 0.898729632725008, 51.011006490996806 ], [ 0.897192028583959, 51.011006490996806 ], [ 0.894885622372385, 51.012462700076867 ], [ 0.89565442444291, 51.012948103103554 ], [ 0.897192028583959, 51.012948103103554 ], [ 0.900267236866057, 51.014889715210302 ], [ 0.901804841007106, 51.014889715210302 ], [ 0.90411124721868, 51.016345924290363 ], [ 0.902573643077631, 51.017316730343737 ], [ 0.903342445148155, 51.017802133370424 ], [ 0.904880049289204, 51.017802133370424 ], [ 0.905648851359729, 51.018287536397111 ], [ 0.905648851359729, 51.019258342450485 ], [ 0.907186455500778, 51.020229148503859 ], [ 0.907186455500778, 51.021199954557233 ], [ 0.908724059641827, 51.022170760610607 ], [ 0.908724059641827, 51.02314156666398 ], [ 0.907955257571302, 51.023626969690667 ], [ 0.904880049289204, 51.023626969690667 ], [ 0.90411124721868, 51.02314156666398 ], [ 0.90411124721868, 51.022170760610607 ], [ 0.900267236866057, 51.019743745477172 ], [ 0.89565442444291, 51.019743745477172 ], [ 0.892579216160811, 51.017802133370424 ], [ 0.889504007878713, 51.017802133370424 ], [ 0.888735205808189, 51.018287536397111 ], [ 0.888735205808189, 51.019258342450485 ], [ 0.889504007878713, 51.019743745477172 ], [ 0.891041612019762, 51.019743745477172 ], [ 0.891810414090287, 51.020229148503859 ], [ 0.891810414090287, 51.021199954557233 ], [ 0.892579216160811, 51.02168535758392 ], [ 0.894116820301861, 51.02168535758392 ], [ 0.894885622372385, 51.022170760610607 ], [ 0.894885622372385, 51.02314156666398 ], [ 0.89565442444291, 51.023626969690667 ], [ 0.897192028583959, 51.023626969690667 ], [ 0.90411124721868, 51.02799559693085 ], [ 0.90411124721868, 51.031878821144346 ], [ 0.904880049289204, 51.032364224171033 ], [ 0.907955257571302, 51.032364224171033 ], [ 0.908724059641827, 51.031878821144346 ], [ 0.908724059641827, 51.029937209037598 ], [ 0.910261663782876, 51.028966402984224 ], [ 0.910261663782876, 51.02799559693085 ], [ 0.911030465853401, 51.027510193904163 ], [ 0.911799267923925, 51.02799559693085 ], [ 0.911799267923925, 51.028966402984224 ], [ 0.910261663782876, 51.029937209037598 ], [ 0.910261663782876, 51.031878821144346 ], [ 0.908724059641827, 51.03284962719772 ], [ 0.908724059641827, 51.034791239304468 ], [ 0.907186455500778, 51.035762045357842 ], [ 0.909492861712351, 51.037218254437903 ], [ 0.91256806999445, 51.037218254437903 ], [ 0.913336872064974, 51.03770365746459 ], [ 0.913336872064974, 51.038674463517964 ], [ 0.91256806999445, 51.039159866544651 ], [ 0.911030465853401, 51.039159866544651 ], [ 0.910261663782876, 51.039645269571338 ], [ 0.910261663782876, 51.040616075624712 ], [ 0.911030465853401, 51.041101478651399 ], [ 0.91256806999445, 51.041101478651399 ], [ 0.914105674135499, 51.042072284704773 ], [ 0.915643278276548, 51.041101478651399 ], [ 0.916412080347072, 51.041586881678086 ], [ 0.916412080347072, 51.044499299838208 ], [ 0.914874476206023, 51.045470105891582 ], [ 0.914874476206023, 51.04741171799833 ], [ 0.917180882417597, 51.04886792707839 ], [ 0.918718486558646, 51.04886792707839 ], [ 0.920256090699695, 51.049838733131764 ], [ 0.922562496911269, 51.048382524051704 ], [ 0.922562496911269, 51.044499299838208 ], [ 0.921793694840744, 51.044013896811521 ], [ 0.918718486558646, 51.044013896811521 ], [ 0.917949684488121, 51.043528493784834 ], [ 0.917949684488121, 51.041586881678086 ], [ 0.920256090699695, 51.040130672598025 ], [ 0.924868903122842, 51.043043090758147 ], [ 0.926406507263891, 51.043043090758147 ], [ 0.927175309334416, 51.04255768773146 ], [ 0.927175309334416, 51.041586881678086 ], [ 0.92794411140494, 51.041101478651399 ], [ 0.92948171554599, 51.041101478651399 ], [ 0.931019319687039, 51.040130672598025 ], [ 0.932556923828088, 51.040130672598025 ], [ 0.933325725898612, 51.040616075624712 ], [ 0.932556923828088, 51.041101478651399 ], [ 0.931019319687039, 51.041101478651399 ], [ 0.930250517616514, 51.041586881678086 ], [ 0.930250517616514, 51.043528493784834 ], [ 0.931019319687039, 51.044013896811521 ], [ 0.932556923828088, 51.044013896811521 ], [ 0.934094527969137, 51.043043090758147 ], [ 0.934863330039661, 51.043528493784834 ], [ 0.933325725898612, 51.044499299838208 ], [ 0.933325725898612, 51.045470105891582 ], [ 0.934863330039661, 51.046440911944956 ], [ 0.932556923828088, 51.047897121025017 ], [ 0.931788121757563, 51.04741171799833 ], [ 0.931788121757563, 51.046440911944956 ], [ 0.931019319687039, 51.045955508918269 ], [ 0.92794411140494, 51.045955508918269 ], [ 0.927175309334416, 51.046440911944956 ], [ 0.927175309334416, 51.048382524051704 ], [ 0.925637705193367, 51.049353330105077 ], [ 0.927175309334416, 51.050324136158451 ], [ 0.927175309334416, 51.051294942211825 ], [ 0.925637705193367, 51.052265748265199 ], [ 0.925637705193367, 51.053236554318573 ], [ 0.92794411140494, 51.054692763398634 ], [ 0.931019319687039, 51.054692763398634 ], [ 0.932556923828088, 51.055663569452008 ], [ 0.934094527969137, 51.054692763398634 ], [ 0.935632132110186, 51.054692763398634 ], [ 0.93640093418071, 51.055178166425321 ], [ 0.93640093418071, 51.056148972478695 ], [ 0.938707340392284, 51.057605181558756 ], [ 0.939476142462809, 51.057119778532069 ], [ 0.939476142462809, 51.056148972478695 ], [ 0.940244944533333, 51.055663569452008 ], [ 0.941782548674382, 51.055663569452008 ], [ 0.943320152815431, 51.054692763398634 ], [ 0.94485775695648, 51.054692763398634 ], [ 0.945626559027005, 51.055178166425321 ], [ 0.945626559027005, 51.056148972478695 ], [ 0.94485775695648, 51.056634375505382 ], [ 0.943320152815431, 51.056634375505382 ], [ 0.941782548674382, 51.057605181558756 ], [ 0.940244944533333, 51.057605181558756 ], [ 0.939476142462809, 51.058090584585443 ], [ 0.939476142462809, 51.059061390638817 ], [ 0.93793853832176, 51.060032196692191 ], [ 0.93793853832176, 51.061003002745565 ], [ 0.939476142462809, 51.061973808798939 ], [ 0.939476142462809, 51.063915420905687 ], [ 0.93640093418071, 51.065857033012435 ], [ 0.939476142462809, 51.067798645119183 ], [ 0.939476142462809, 51.073623481439427 ], [ 0.93793853832176, 51.074594287492801 ], [ 0.93793853832176, 51.075565093546174 ], [ 0.938707340392284, 51.076050496572861 ], [ 0.94485775695648, 51.076050496572861 ], [ 0.947164163168054, 51.074594287492801 ], [ 0.947164163168054, 51.073623481439427 ], [ 0.948701767309103, 51.072652675386053 ], [ 0.948701767309103, 51.071681869332679 ], [ 0.950239371450152, 51.070711063279305 ], [ 0.950239371450152, 51.069740257225931 ], [ 0.951776975591201, 51.068769451172557 ], [ 0.951776975591201, 51.063915420905687 ], [ 0.95331457973225, 51.062944614852313 ], [ 0.95331457973225, 51.061003002745565 ], [ 0.951776975591201, 51.060032196692191 ], [ 0.951776975591201, 51.058090584585443 ], [ 0.950239371450152, 51.057119778532069 ], [ 0.951008173520677, 51.056634375505382 ], [ 0.955620985943824, 51.056634375505382 ], [ 0.957158590084873, 51.055663569452008 ], [ 0.957927392155398, 51.056148972478695 ], [ 0.956389788014349, 51.057119778532069 ], [ 0.956389788014349, 51.059061390638817 ], [ 0.9548521838733, 51.060032196692191 ], [ 0.956389788014349, 51.061003002745565 ], [ 0.956389788014349, 51.064886226959061 ], [ 0.957927392155398, 51.065857033012435 ], [ 0.957927392155398, 51.068769451172557 ], [ 0.958696194225922, 51.069254854199244 ], [ 0.963309006649069, 51.069254854199244 ], [ 0.964077808719594, 51.069740257225931 ], [ 0.964077808719594, 51.070711063279305 ], [ 0.963309006649069, 51.071196466305992 ], [ 0.960233798366971, 51.071196466305992 ], [ 0.958696194225922, 51.072167272359366 ], [ 0.957158590084873, 51.072167272359366 ], [ 0.955620985943824, 51.071196466305992 ], [ 0.9548521838733, 51.071681869332679 ], [ 0.9548521838733, 51.072652675386053 ], [ 0.956389788014349, 51.073623481439427 ], [ 0.956389788014349, 51.074594287492801 ], [ 0.957927392155398, 51.075565093546174 ], [ 0.957927392155398, 51.077506705652922 ], [ 0.958696194225922, 51.077992108679609 ], [ 0.960233798366971, 51.077992108679609 ], [ 0.96177140250802, 51.078962914732983 ], [ 0.964846610790119, 51.078962914732983 ], [ 0.967921819072217, 51.077021302626235 ], [ 0.970997027354315, 51.077021302626235 ], [ 0.972534631495364, 51.077992108679609 ], [ 0.977147443918511, 51.077992108679609 ], [ 0.97868504805956, 51.077021302626235 ], [ 0.984835464623757, 51.077021302626235 ], [ 0.985604266694281, 51.076535899599548 ], [ 0.984066662553232, 51.075565093546174 ], [ 0.984066662553232, 51.074594287492801 ], [ 0.984835464623757, 51.074108884466114 ], [ 0.990985881187953, 51.074108884466114 ], [ 0.992523485329002, 51.07313807841274 ], [ 0.994061089470051, 51.07313807841274 ], [ 0.994829891540576, 51.073623481439427 ], [ 0.994829891540576, 51.074594287492801 ], [ 0.996367495681625, 51.075565093546174 ], [ 0.996367495681625, 51.076535899599548 ], [ 0.997136297752149, 51.077021302626235 ], [ 0.999442703963723, 51.075565093546174 ], [ 0.997905099822674, 51.074594287492801 ], [ 0.998673901893198, 51.074108884466114 ], [ 1.001749110175297, 51.074108884466114 ], [ 1.002517912245821, 51.073623481439427 ], [ 1.002517912245821, 51.072652675386053 ], [ 1.003286714316346, 51.072167272359366 ], [ 1.00405551638687, 51.072652675386053 ], [ 1.00405551638687, 51.073623481439427 ], [ 1.002517912245821, 51.074594287492801 ], [ 1.00405551638687, 51.075565093546174 ], [ 1.00405551638687, 51.077506705652922 ], [ 1.004824318457395, 51.077992108679609 ], [ 1.009437130880542, 51.077992108679609 ], [ 1.010205932951067, 51.077506705652922 ], [ 1.010205932951067, 51.074594287492801 ], [ 1.008668328810018, 51.073623481439427 ], [ 1.008668328810018, 51.072652675386053 ], [ 1.007130724668968, 51.071681869332679 ], [ 1.007899526739493, 51.071196466305992 ], [ 1.010205932951067, 51.072652675386053 ], [ 1.010205932951067, 51.073623481439427 ], [ 1.010974735021591, 51.074108884466114 ], [ 1.013281141233165, 51.072652675386053 ], [ 1.011743537092116, 51.071681869332679 ], [ 1.01251233916264, 51.071196466305992 ], [ 1.015587547444738, 51.071196466305992 ], [ 1.017893953656312, 51.069740257225931 ], [ 1.016356349515263, 51.068769451172557 ], [ 1.017125151585788, 51.06828404814587 ], [ 1.018662755726837, 51.069254854199244 ], [ 1.020200359867886, 51.069254854199244 ], [ 1.02096916193841, 51.069740257225931 ], [ 1.02096916193841, 51.070711063279305 ], [ 1.021737964008935, 51.071196466305992 ], [ 1.027888380573131, 51.071196466305992 ], [ 1.030194786784705, 51.069740257225931 ], [ 1.030194786784705, 51.068769451172557 ], [ 1.028657182643656, 51.067798645119183 ], [ 1.028657182643656, 51.066827839065809 ], [ 1.024044370220508, 51.063915420905687 ], [ 1.024813172291033, 51.063430017879 ], [ 1.026350776432082, 51.063430017879 ], [ 1.030963588855229, 51.066342436039122 ], [ 1.034038797137327, 51.066342436039122 ], [ 1.034807599207852, 51.066827839065809 ], [ 1.034807599207852, 51.073623481439427 ], [ 1.035576401278377, 51.074108884466114 ], [ 1.037114005419426, 51.07313807841274 ], [ 1.040189213701524, 51.07313807841274 ], [ 1.041726817842573, 51.072167272359366 ], [ 1.044802026124671, 51.072167272359366 ], [ 1.04633963026572, 51.071196466305992 ], [ 1.054027650970966, 51.071196466305992 ], [ 1.055565255112015, 51.070225660252618 ], [ 1.059409265464637, 51.072652675386053 ], [ 1.059409265464637, 51.073623481439427 ], [ 1.060178067535162, 51.074108884466114 ], [ 1.061715671676211, 51.074108884466114 ], [ 1.062484473746736, 51.073623481439427 ], [ 1.062484473746736, 51.072652675386053 ], [ 1.067097286169883, 51.069740257225931 ], [ 1.064022077887785, 51.067798645119183 ], [ 1.064022077887785, 51.066827839065809 ], [ 1.06325327581726, 51.066342436039122 ], [ 1.061715671676211, 51.066342436039122 ], [ 1.060178067535162, 51.067313242092496 ], [ 1.058640463394113, 51.067313242092496 ], [ 1.057871661323588, 51.066827839065809 ], [ 1.058640463394113, 51.066342436039122 ], [ 1.060178067535162, 51.066342436039122 ], [ 1.060946869605687, 51.065857033012435 ], [ 1.057871661323588, 51.063915420905687 ], [ 1.058640463394113, 51.063430017879 ], [ 1.061715671676211, 51.065371629985748 ], [ 1.064790879958309, 51.065371629985748 ], [ 1.065559682028834, 51.065857033012435 ], [ 1.065559682028834, 51.066827839065809 ], [ 1.066328484099358, 51.067313242092496 ], [ 1.067866088240407, 51.067313242092496 ], [ 1.069403692381456, 51.066342436039122 ], [ 1.070941296522506, 51.067313242092496 ], [ 1.074016504804604, 51.067313242092496 ], [ 1.074785306875128, 51.067798645119183 ], [ 1.074785306875128, 51.069740257225931 ], [ 1.075554108945653, 51.070225660252618 ], [ 1.077091713086702, 51.069254854199244 ], [ 1.078629317227751, 51.069254854199244 ], [ 1.079398119298276, 51.068769451172557 ], [ 1.079398119298276, 51.067798645119183 ], [ 1.077860515157226, 51.066827839065809 ], [ 1.078629317227751, 51.066342436039122 ], [ 1.081704525509849, 51.066342436039122 ], [ 1.086317337932996, 51.069254854199244 ], [ 1.087854942074046, 51.069254854199244 ], [ 1.08862374414457, 51.069740257225931 ], [ 1.08862374414457, 51.070711063279305 ], [ 1.090930150356144, 51.072167272359366 ], [ 1.091698952426668, 51.071681869332679 ], [ 1.091698952426668, 51.070711063279305 ], [ 1.092467754497193, 51.070225660252618 ], [ 1.093236556567717, 51.070711063279305 ], [ 1.093236556567717, 51.071681869332679 ], [ 1.094005358638242, 51.072167272359366 ], [ 1.09708056692034, 51.072167272359366 ], [ 1.098618171061389, 51.071196466305992 ], [ 1.103230983484536, 51.071196466305992 ], [ 1.103999785555061, 51.071681869332679 ], [ 1.103230983484536, 51.072167272359366 ], [ 1.098618171061389, 51.072167272359366 ], [ 1.097849368990865, 51.072652675386053 ], [ 1.097849368990865, 51.073623481439427 ], [ 1.09708056692034, 51.074108884466114 ], [ 1.095542962779291, 51.074108884466114 ], [ 1.094005358638242, 51.07313807841274 ], [ 1.093236556567717, 51.073623481439427 ], [ 1.093236556567717, 51.074594287492801 ], [ 1.094005358638242, 51.075079690519487 ], [ 1.095542962779291, 51.075079690519487 ], [ 1.096311764849816, 51.075565093546174 ], [ 1.094774160708766, 51.076535899599548 ], [ 1.09708056692034, 51.077992108679609 ], [ 1.098618171061389, 51.077992108679609 ], [ 1.100155775202438, 51.078962914732983 ], [ 1.104768587625585, 51.078962914732983 ], [ 1.10553738969611, 51.07944831775967 ], [ 1.10553738969611, 51.08915637829341 ], [ 1.103999785555061, 51.090127184346784 ], [ 1.104768587625585, 51.090612587373471 ], [ 1.107843795907684, 51.090612587373471 ], [ 1.109381400048733, 51.091583393426845 ], [ 1.110919004189782, 51.090612587373471 ], [ 1.112456608330831, 51.091583393426845 ], [ 1.115531816612929, 51.091583393426845 ], [ 1.117069420753978, 51.090612587373471 ], [ 1.120144629036076, 51.090612587373471 ], [ 1.120913431106601, 51.090127184346784 ], [ 1.119375826965552, 51.08915637829341 ], [ 1.121682233177125, 51.087700169213349 ], [ 1.123219837318175, 51.087700169213349 ], [ 1.124757441459224, 51.086729363159975 ], [ 1.126295045600273, 51.086729363159975 ], [ 1.127832649741322, 51.087700169213349 ], [ 1.135520670446567, 51.087700169213349 ], [ 1.136289472517092, 51.087214766186662 ], [ 1.136289472517092, 51.08430234802654 ], [ 1.137058274587616, 51.083816944999853 ], [ 1.140902284940239, 51.086243960133288 ], [ 1.140902284940239, 51.087214766186662 ], [ 1.141671087010764, 51.087700169213349 ], [ 1.143208691151813, 51.087700169213349 ], [ 1.144746295292862, 51.086729363159975 ], [ 1.145515097363386, 51.087214766186662 ], [ 1.145515097363386, 51.08915637829341 ], [ 1.143977493222337, 51.090127184346784 ], [ 1.145515097363386, 51.091097990400158 ], [ 1.143977493222337, 51.092068796453532 ], [ 1.145515097363386, 51.093039602506906 ], [ 1.144746295292862, 51.093525005533593 ], [ 1.141671087010764, 51.093525005533593 ], [ 1.140133482869714, 51.094495811586967 ], [ 1.135520670446567, 51.094495811586967 ], [ 1.133983066305518, 51.095466617640341 ], [ 1.133214264234994, 51.094981214613654 ], [ 1.133214264234994, 51.09401040856028 ], [ 1.132445462164469, 51.093525005533593 ], [ 1.129370253882371, 51.093525005533593 ], [ 1.128601451811846, 51.09401040856028 ], [ 1.129370253882371, 51.094495811586967 ], [ 1.13090785802342, 51.094495811586967 ], [ 1.131676660093945, 51.094981214613654 ], [ 1.128601451811846, 51.096922826720402 ], [ 1.128601451811846, 51.097893632773776 ], [ 1.127832649741322, 51.098379035800463 ], [ 1.124757441459224, 51.098379035800463 ], [ 1.123988639388699, 51.09886443882715 ], [ 1.124757441459224, 51.099349841853837 ], [ 1.126295045600273, 51.099349841853837 ], [ 1.127063847670797, 51.099835244880524 ], [ 1.124757441459224, 51.101291453960584 ], [ 1.123988639388699, 51.100806050933897 ], [ 1.123988639388699, 51.099835244880524 ], [ 1.123219837318175, 51.099349841853837 ], [ 1.121682233177125, 51.100320647907211 ], [ 1.117069420753978, 51.100320647907211 ], [ 1.114763014542405, 51.09886443882715 ], [ 1.114763014542405, 51.096922826720402 ], [ 1.11399421247188, 51.096437423693715 ], [ 1.112456608330831, 51.096437423693715 ], [ 1.111687806260306, 51.096922826720402 ], [ 1.111687806260306, 51.097893632773776 ], [ 1.110919004189782, 51.098379035800463 ], [ 1.106306191766635, 51.098379035800463 ], [ 1.100924577272963, 51.101776856987271 ], [ 1.100924577272963, 51.105660081200767 ], [ 1.097849368990865, 51.107601693307515 ], [ 1.100155775202438, 51.109057902387576 ], [ 1.101693379343487, 51.109057902387576 ], [ 1.102462181414012, 51.109543305414263 ], [ 1.100924577272963, 51.110514111467637 ], [ 1.100924577272963, 51.111484917521011 ], [ 1.100155775202438, 51.111970320547698 ], [ 1.09708056692034, 51.111970320547698 ], [ 1.096311764849816, 51.112455723574385 ], [ 1.097849368990865, 51.113426529627759 ], [ 1.097849368990865, 51.114397335681133 ], [ 1.093236556567717, 51.117309753841255 ], [ 1.093236556567717, 51.118280559894629 ], [ 1.092467754497193, 51.118765962921316 ], [ 1.090930150356144, 51.117795156867942 ], [ 1.087854942074046, 51.117795156867942 ], [ 1.087086140003521, 51.118280559894629 ], [ 1.087086140003521, 51.119251365948003 ], [ 1.090161348285619, 51.121192978054751 ], [ 1.090161348285619, 51.122163784108125 ], [ 1.090930150356144, 51.122649187134812 ], [ 1.092467754497193, 51.122649187134812 ], [ 1.093236556567717, 51.123134590161499 ], [ 1.093236556567717, 51.124105396214873 ], [ 1.090161348285619, 51.126047008321621 ], [ 1.091698952426668, 51.127017814374994 ], [ 1.090930150356144, 51.127503217401681 ], [ 1.08862374414457, 51.126047008321621 ], [ 1.090161348285619, 51.125076202268247 ], [ 1.090161348285619, 51.123134590161499 ], [ 1.089392546215095, 51.122649187134812 ], [ 1.087854942074046, 51.122649187134812 ], [ 1.083242129650898, 51.11973676897469 ], [ 1.077091713086702, 51.11973676897469 ], [ 1.075554108945653, 51.120707575028064 ], [ 1.074016504804604, 51.120707575028064 ], [ 1.072478900663555, 51.121678381081438 ], [ 1.070941296522506, 51.121678381081438 ], [ 1.070172494451981, 51.121192978054751 ], [ 1.070172494451981, 51.120222172001377 ], [ 1.070941296522506, 51.11973676897469 ], [ 1.072478900663555, 51.11973676897469 ], [ 1.074016504804604, 51.118765962921316 ], [ 1.075554108945653, 51.118765962921316 ], [ 1.077860515157226, 51.117309753841255 ], [ 1.077860515157226, 51.116338947787881 ], [ 1.077091713086702, 51.115853544761194 ], [ 1.075554108945653, 51.115853544761194 ], [ 1.074016504804604, 51.11488273870782 ], [ 1.072478900663555, 51.11488273870782 ], [ 1.07171009859303, 51.114397335681133 ], [ 1.07171009859303, 51.113426529627759 ], [ 1.070941296522506, 51.112941126601072 ], [ 1.066328484099358, 51.112941126601072 ], [ 1.064790879958309, 51.113911932654446 ], [ 1.06325327581726, 51.113911932654446 ], [ 1.061715671676211, 51.11488273870782 ], [ 1.060178067535162, 51.11488273870782 ], [ 1.055565255112015, 51.117795156867942 ], [ 1.054027650970966, 51.117795156867942 ], [ 1.053258848900441, 51.118280559894629 ], [ 1.054027650970966, 51.118765962921316 ], [ 1.067866088240407, 51.118765962921316 ], [ 1.068634890310932, 51.119251365948003 ], [ 1.068634890310932, 51.122163784108125 ], [ 1.069403692381456, 51.122649187134812 ], [ 1.070941296522506, 51.122649187134812 ], [ 1.07171009859303, 51.123134590161499 ], [ 1.07171009859303, 51.124105396214873 ], [ 1.073247702734079, 51.125076202268247 ], [ 1.073247702734079, 51.126047008321621 ], [ 1.072478900663555, 51.126532411348308 ], [ 1.07171009859303, 51.126047008321621 ], [ 1.07171009859303, 51.125076202268247 ], [ 1.070941296522506, 51.12459079924156 ], [ 1.069403692381456, 51.12459079924156 ], [ 1.068634890310932, 51.124105396214873 ], [ 1.068634890310932, 51.123134590161499 ], [ 1.067866088240407, 51.122649187134812 ], [ 1.066328484099358, 51.123619993188186 ], [ 1.06325327581726, 51.121678381081438 ], [ 1.061715671676211, 51.121678381081438 ], [ 1.060178067535162, 51.122649187134812 ], [ 1.058640463394113, 51.122649187134812 ], [ 1.057871661323588, 51.123134590161499 ], [ 1.057871661323588, 51.124105396214873 ], [ 1.054027650970966, 51.126532411348308 ], [ 1.052490046829917, 51.126532411348308 ], [ 1.051721244759392, 51.127017814374994 ], [ 1.051721244759392, 51.127988620428368 ], [ 1.052490046829917, 51.128474023455055 ], [ 1.057102859253064, 51.128474023455055 ], [ 1.058640463394113, 51.127503217401681 ], [ 1.059409265464637, 51.127988620428368 ], [ 1.059409265464637, 51.128959426481742 ], [ 1.058640463394113, 51.129444829508429 ], [ 1.057102859253064, 51.129444829508429 ], [ 1.054027650970966, 51.131386441615177 ], [ 1.050952442688867, 51.131386441615177 ], [ 1.050183640618343, 51.131871844641864 ], [ 1.050183640618343, 51.132842650695238 ], [ 1.050952442688867, 51.133328053721925 ], [ 1.052490046829917, 51.133328053721925 ], [ 1.054027650970966, 51.134298859775299 ], [ 1.055565255112015, 51.134298859775299 ], [ 1.059409265464637, 51.136725874908734 ], [ 1.057102859253064, 51.138182083988795 ], [ 1.053258848900441, 51.13575506885536 ], [ 1.053258848900441, 51.134784262801986 ], [ 1.052490046829917, 51.134298859775299 ], [ 1.051721244759392, 51.134784262801986 ], [ 1.051721244759392, 51.137696680962108 ], [ 1.050952442688867, 51.138182083988795 ], [ 1.049414838547818, 51.138182083988795 ], [ 1.048646036477294, 51.137696680962108 ], [ 1.048646036477294, 51.136725874908734 ], [ 1.047108432336245, 51.13575506885536 ], [ 1.047108432336245, 51.133813456748612 ], [ 1.044033224054147, 51.131871844641864 ], [ 1.044033224054147, 51.128959426481742 ], [ 1.043264421983622, 51.128474023455055 ], [ 1.039420411630999, 51.13090103858849 ], [ 1.039420411630999, 51.134784262801986 ], [ 1.03788280748995, 51.13575506885536 ], [ 1.03788280748995, 51.136725874908734 ], [ 1.037114005419426, 51.137211277935421 ], [ 1.034807599207852, 51.13575506885536 ], [ 1.036345203348901, 51.134784262801986 ], [ 1.036345203348901, 51.133813456748612 ], [ 1.035576401278377, 51.133328053721925 ], [ 1.032501192996278, 51.133328053721925 ], [ 1.030963588855229, 51.132357247668551 ], [ 1.02942598471418, 51.133328053721925 ], [ 1.027888380573131, 51.133328053721925 ], [ 1.026350776432082, 51.134298859775299 ], [ 1.024813172291033, 51.134298859775299 ], [ 1.023275568149984, 51.135269665828673 ], [ 1.021737964008935, 51.135269665828673 ], [ 1.02096916193841, 51.13575506885536 ], [ 1.02096916193841, 51.136725874908734 ], [ 1.018662755726837, 51.138182083988795 ], [ 1.017125151585788, 51.137211277935421 ], [ 1.016356349515263, 51.137696680962108 ], [ 1.016356349515263, 51.138667487015482 ], [ 1.019431557797361, 51.14060909912223 ], [ 1.019431557797361, 51.141579905175604 ], [ 1.020200359867886, 51.142065308202291 ], [ 1.021737964008935, 51.142065308202291 ], [ 1.022506766079459, 51.142550711228978 ], [ 1.020200359867886, 51.144006920309039 ], [ 1.015587547444738, 51.141094502148917 ], [ 1.010974735021591, 51.141094502148917 ], [ 1.009437130880542, 51.140123696095543 ], [ 1.00405551638687, 51.143521517282352 ], [ 1.00405551638687, 51.146433935442474 ], [ 1.007130724668968, 51.148375547549222 ], [ 1.006361922598444, 51.148860950575909 ], [ 1.004824318457395, 51.148860950575909 ], [ 1.00405551638687, 51.148375547549222 ], [ 1.00405551638687, 51.147404741495848 ], [ 1.003286714316346, 51.146919338469161 ], [ 1.000211506034248, 51.146919338469161 ], [ 0.998673901893198, 51.145948532415787 ], [ 0.997136297752149, 51.145948532415787 ], [ 0.996367495681625, 51.146433935442474 ], [ 0.996367495681625, 51.147404741495848 ], [ 0.9955986936111, 51.147890144522535 ], [ 0.994061089470051, 51.147890144522535 ], [ 0.993292287399527, 51.148375547549222 ], [ 0.994829891540576, 51.149346353602596 ], [ 0.991754683258478, 51.151287965709344 ], [ 0.991754683258478, 51.152258771762718 ], [ 0.990217079117429, 51.153229577816091 ], [ 0.990217079117429, 51.154200383869465 ], [ 0.988679474976379, 51.155171189922839 ], [ 0.989448277046904, 51.155656592949526 ], [ 0.990985881187953, 51.155656592949526 ], [ 0.994061089470051, 51.153714980842778 ], [ 0.996367495681625, 51.155171189922839 ], [ 0.9955986936111, 51.155656592949526 ], [ 0.992523485329002, 51.155656592949526 ], [ 0.991754683258478, 51.156141995976213 ], [ 0.991754683258478, 51.158083608082961 ], [ 0.990985881187953, 51.158569011109648 ], [ 0.984835464623757, 51.158569011109648 ], [ 0.983297860482708, 51.157598205056274 ], [ 0.980222652200609, 51.157598205056274 ], [ 0.979453850130085, 51.158083608082961 ], [ 0.979453850130085, 51.162937638349831 ], [ 0.977147443918511, 51.164393847429892 ], [ 0.975609839777462, 51.164393847429892 ], [ 0.97022822528379, 51.167791668616701 ], [ 0.97022822528379, 51.168762474670075 ], [ 0.967153017001692, 51.170704086776823 ], [ 0.967153017001692, 51.172645698883571 ], [ 0.965615412860643, 51.173616504936945 ], [ 0.965615412860643, 51.176528923097067 ], [ 0.964846610790119, 51.177014326123754 ], [ 0.96177140250802, 51.177014326123754 ], [ 0.959464996296447, 51.178470535203815 ], [ 0.959464996296447, 51.179441341257188 ], [ 0.961002600437496, 51.180412147310562 ], [ 0.961002600437496, 51.181382953363936 ], [ 0.960233798366971, 51.181868356390623 ], [ 0.957158590084873, 51.181868356390623 ], [ 0.956389788014349, 51.18235375941731 ], [ 0.956389788014349, 51.184295371524058 ], [ 0.955620985943824, 51.184780774550745 ], [ 0.954083381802775, 51.184780774550745 ], [ 0.95331457973225, 51.184295371524058 ], [ 0.95331457973225, 51.18235375941731 ], [ 0.952545777661726, 51.181868356390623 ], [ 0.951008173520677, 51.181868356390623 ], [ 0.948701767309103, 51.183324565470684 ], [ 0.948701767309103, 51.185266177577432 ], [ 0.945626559027005, 51.18720778968418 ], [ 0.945626559027005, 51.188178595737554 ], [ 0.944088954885956, 51.189149401790928 ], [ 0.94485775695648, 51.189634804817615 ], [ 0.94639536109753, 51.189634804817615 ], [ 0.947164163168054, 51.190120207844302 ], [ 0.947164163168054, 51.191091013897676 ], [ 0.94485775695648, 51.192547222977737 ], [ 0.942551350744907, 51.191091013897676 ], [ 0.942551350744907, 51.190120207844302 ], [ 0.941782548674382, 51.189634804817615 ], [ 0.92794411140494, 51.189634804817615 ], [ 0.927175309334416, 51.190120207844302 ], [ 0.927175309334416, 51.191091013897676 ], [ 0.926406507263891, 51.191576416924363 ], [ 0.924868903122842, 51.191576416924363 ], [ 0.924100101052318, 51.19206181995105 ], [ 0.924100101052318, 51.194003432057798 ], [ 0.926406507263891, 51.195459641137859 ], [ 0.92794411140494, 51.195459641137859 ], [ 0.92948171554599, 51.196430447191233 ], [ 0.931019319687039, 51.196430447191233 ], [ 0.933325725898612, 51.197886656271294 ], [ 0.933325725898612, 51.198857462324668 ], [ 0.934094527969137, 51.199342865351355 ], [ 0.935632132110186, 51.199342865351355 ], [ 0.93793853832176, 51.200799074431416 ], [ 0.93793853832176, 51.20176988048479 ], [ 0.938707340392284, 51.202255283511477 ], [ 0.94485775695648, 51.202255283511477 ], [ 0.947164163168054, 51.203711492591538 ], [ 0.947164163168054, 51.204682298644911 ], [ 0.945626559027005, 51.205653104698285 ], [ 0.947164163168054, 51.206623910751659 ], [ 0.947164163168054, 51.207594716805033 ], [ 0.948701767309103, 51.208565522858407 ], [ 0.948701767309103, 51.210507134965155 ], [ 0.9548521838733, 51.214390359178651 ], [ 0.9548521838733, 51.215361165232025 ], [ 0.955620985943824, 51.215846568258712 ], [ 0.957158590084873, 51.215846568258712 ], [ 0.958696194225922, 51.214875762205338 ], [ 0.960233798366971, 51.214875762205338 ], [ 0.962540204578545, 51.216331971285399 ], [ 0.962540204578545, 51.217302777338773 ], [ 0.963309006649069, 51.21778818036546 ], [ 0.967921819072217, 51.21778818036546 ], [ 0.968690621142741, 51.218273583392147 ], [ 0.968690621142741, 51.219244389445521 ], [ 0.967921819072217, 51.219729792472208 ], [ 0.966384214931168, 51.219729792472208 ], [ 0.965615412860643, 51.220215195498895 ], [ 0.965615412860643, 51.221186001552269 ], [ 0.967153017001692, 51.222156807605643 ], [ 0.967153017001692, 51.223127613659017 ], [ 0.967921819072217, 51.223613016685704 ], [ 0.972534631495364, 51.223613016685704 ], [ 0.973303433565889, 51.224098419712391 ], [ 0.973303433565889, 51.225069225765765 ], [ 0.97022822528379, 51.227010837872513 ], [ 0.97022822528379, 51.228952449979261 ], [ 0.970997027354315, 51.229437853005948 ], [ 0.972534631495364, 51.228467046952574 ], [ 0.973303433565889, 51.228952449979261 ], [ 0.973303433565889, 51.229923256032635 ], [ 0.972534631495364, 51.230408659059322 ], [ 0.970997027354315, 51.230408659059322 ], [ 0.969459423213266, 51.231379465112695 ], [ 0.968690621142741, 51.230894062086008 ], [ 0.968690621142741, 51.227010837872513 ], [ 0.965615412860643, 51.225069225765765 ], [ 0.965615412860643, 51.224098419712391 ], [ 0.964846610790119, 51.223613016685704 ], [ 0.96177140250802, 51.223613016685704 ], [ 0.961002600437496, 51.223127613659017 ], [ 0.961002600437496, 51.222156807605643 ], [ 0.959464996296447, 51.221186001552269 ], [ 0.959464996296447, 51.220215195498895 ], [ 0.958696194225922, 51.219729792472208 ], [ 0.957158590084873, 51.219729792472208 ], [ 0.956389788014349, 51.220215195498895 ], [ 0.956389788014349, 51.221186001552269 ], [ 0.955620985943824, 51.221671404578956 ], [ 0.952545777661726, 51.221671404578956 ], [ 0.951008173520677, 51.22264221063233 ], [ 0.949470569379628, 51.221671404578956 ], [ 0.94639536109753, 51.221671404578956 ], [ 0.945626559027005, 51.221186001552269 ], [ 0.945626559027005, 51.219244389445521 ], [ 0.944088954885956, 51.218273583392147 ], [ 0.944088954885956, 51.217302777338773 ], [ 0.94485775695648, 51.216817374312086 ], [ 0.94639536109753, 51.21778818036546 ], [ 0.947164163168054, 51.217302777338773 ], [ 0.947164163168054, 51.213419553125277 ], [ 0.94639536109753, 51.21293415009859 ], [ 0.94485775695648, 51.21293415009859 ], [ 0.943320152815431, 51.211963344045216 ], [ 0.941782548674382, 51.211963344045216 ], [ 0.941013746603858, 51.211477941018529 ], [ 0.941013746603858, 51.210507134965155 ], [ 0.940244944533333, 51.210021731938468 ], [ 0.938707340392284, 51.210021731938468 ], [ 0.93793853832176, 51.209536328911781 ], [ 0.93793853832176, 51.208565522858407 ], [ 0.932556923828088, 51.205167701671598 ], [ 0.92948171554599, 51.205167701671598 ], [ 0.928712913475465, 51.204682298644911 ], [ 0.928712913475465, 51.202740686538164 ], [ 0.92794411140494, 51.202255283511477 ], [ 0.924868903122842, 51.202255283511477 ], [ 0.923331298981793, 51.201284477458103 ], [ 0.921793694840744, 51.201284477458103 ], [ 0.920256090699695, 51.200313671404729 ], [ 0.919487288629171, 51.200799074431416 ], [ 0.919487288629171, 51.202740686538164 ], [ 0.916412080347072, 51.204682298644911 ], [ 0.916412080347072, 51.205653104698285 ], [ 0.91256806999445, 51.20808011983172 ], [ 0.911030465853401, 51.20808011983172 ], [ 0.910261663782876, 51.208565522858407 ], [ 0.910261663782876, 51.209536328911781 ], [ 0.909492861712351, 51.210021731938468 ], [ 0.907955257571302, 51.210021731938468 ], [ 0.904880049289204, 51.211963344045216 ], [ 0.901804841007106, 51.211963344045216 ], [ 0.900267236866057, 51.21293415009859 ], [ 0.898729632725008, 51.21293415009859 ], [ 0.897192028583959, 51.213904956151964 ], [ 0.89565442444291, 51.213904956151964 ], [ 0.894885622372385, 51.213419553125277 ], [ 0.894885622372385, 51.212448747071903 ], [ 0.893348018231336, 51.211477941018529 ], [ 0.893348018231336, 51.210507134965155 ], [ 0.894116820301861, 51.210021731938468 ], [ 0.89565442444291, 51.210021731938468 ], [ 0.896423226513434, 51.210507134965155 ], [ 0.896423226513434, 51.211477941018529 ], [ 0.897192028583959, 51.211963344045216 ], [ 0.898729632725008, 51.210992537991842 ], [ 0.900267236866057, 51.210992537991842 ], [ 0.908724059641827, 51.205653104698285 ], [ 0.908724059641827, 51.204682298644911 ], [ 0.907955257571302, 51.204196895618225 ], [ 0.903342445148155, 51.204196895618225 ], [ 0.901804841007106, 51.205167701671598 ], [ 0.900267236866057, 51.205167701671598 ], [ 0.899498434795532, 51.205653104698285 ], [ 0.899498434795532, 51.206623910751659 ], [ 0.897960830654483, 51.207594716805033 ], [ 0.897960830654483, 51.208565522858407 ], [ 0.897192028583959, 51.209050925885094 ], [ 0.894885622372385, 51.207594716805033 ], [ 0.896423226513434, 51.206623910751659 ], [ 0.896423226513434, 51.205653104698285 ], [ 0.897960830654483, 51.204682298644911 ], [ 0.897960830654483, 51.203711492591538 ], [ 0.898729632725008, 51.203226089564851 ], [ 0.900267236866057, 51.203226089564851 ], [ 0.901036038936581, 51.202740686538164 ], [ 0.901036038936581, 51.200799074431416 ], [ 0.900267236866057, 51.200313671404729 ], [ 0.898729632725008, 51.200313671404729 ], [ 0.896423226513434, 51.198857462324668 ], [ 0.896423226513434, 51.197886656271294 ], [ 0.89565442444291, 51.197401253244607 ], [ 0.894116820301861, 51.197401253244607 ], [ 0.893348018231336, 51.19691585021792 ], [ 0.893348018231336, 51.194974238111172 ], [ 0.890272809949238, 51.193032626004424 ], [ 0.890272809949238, 51.191091013897676 ], [ 0.887966403737664, 51.189634804817615 ], [ 0.886428799596615, 51.189634804817615 ], [ 0.885659997526091, 51.190120207844302 ], [ 0.885659997526091, 51.191091013897676 ], [ 0.886428799596615, 51.191576416924363 ], [ 0.887966403737664, 51.191576416924363 ], [ 0.888735205808189, 51.19206181995105 ], [ 0.886428799596615, 51.193518029031111 ], [ 0.883353591314517, 51.193518029031111 ], [ 0.877971976820845, 51.190120207844302 ], [ 0.877971976820845, 51.189149401790928 ], [ 0.876434372679796, 51.188178595737554 ], [ 0.877203174750321, 51.187571841954195 ], [ 0.877779776303214, 51.18720778968418 ], [ 0.87874077889137, 51.186722386657493 ], [ 0.880278383032419, 51.186722386657493 ], [ 0.881815987173468, 51.187693192710867 ], [ 0.883353591314517, 51.187693192710867 ], [ 0.885659997526091, 51.186236983630806 ], [ 0.885659997526091, 51.184295371524058 ], [ 0.882584789243992, 51.18235375941731 ], [ 0.882584789243992, 51.180412147310562 ], [ 0.881815987173468, 51.179926744283875 ], [ 0.879509580961894, 51.181382953363936 ], [ 0.879509580961894, 51.18235375941731 ], [ 0.882584789243992, 51.184295371524058 ], [ 0.882584789243992, 51.185266177577432 ], [ 0.881815987173468, 51.185751580604119 ], [ 0.880278383032419, 51.185751580604119 ], [ 0.879509580961894, 51.185266177577432 ], [ 0.879317380444263, 51.184295371524058 ], [ 0.876626573197427, 51.184295371524058 ], [ 0.875665570609272, 51.184780774550745 ], [ 0.873359164397698, 51.185266177577432 ], [ 0.873359164397698, 51.186236983630806 ], [ 0.874896768538747, 51.18720778968418 ], [ 0.874127966468222, 51.187693192710867 ], [ 0.872590362327173, 51.187693192710867 ], [ 0.871821560256649, 51.18720778968418 ], [ 0.871821560256649, 51.186236983630806 ], [ 0.8702839561156, 51.185266177577432 ], [ 0.8702839561156, 51.184295371524058 ], [ 0.869515154045075, 51.183809968497371 ], [ 0.868746351974551, 51.184295371524058 ], [ 0.868746351974551, 51.186236983630806 ], [ 0.867208747833502, 51.18720778968418 ], [ 0.867208747833502, 51.188178595737554 ], [ 0.866439945762977, 51.188663998764241 ], [ 0.863364737480879, 51.188663998764241 ], [ 0.86182713333983, 51.189634804817615 ], [ 0.855676716775633, 51.189634804817615 ], [ 0.854907914705109, 51.190120207844302 ], [ 0.854907914705109, 51.191091013897676 ], [ 0.854139112634584, 51.191576416924363 ], [ 0.852601508493535, 51.190605610870989 ], [ 0.851063904352486, 51.191576416924363 ], [ 0.849526300211437, 51.191576416924363 ], [ 0.848757498140913, 51.19206181995105 ], [ 0.848757498140913, 51.193032626004424 ], [ 0.847988696070388, 51.193518029031111 ], [ 0.84491348778829, 51.193518029031111 ], [ 0.844144685717765, 51.193032626004424 ], [ 0.844144685717765, 51.191091013897676 ], [ 0.842607081576716, 51.190120207844302 ], [ 0.842607081576716, 51.189149401790928 ], [ 0.843375883647241, 51.188663998764241 ], [ 0.84491348778829, 51.188663998764241 ], [ 0.845682289858814, 51.188178595737554 ], [ 0.844144685717765, 51.18720778968418 ], [ 0.844144685717765, 51.186236983630806 ], [ 0.843375883647241, 51.185751580604119 ], [ 0.840300675365143, 51.185751580604119 ], [ 0.838763071224093, 51.184780774550745 ], [ 0.835687862941995, 51.184780774550745 ], [ 0.834150258800946, 51.185751580604119 ], [ 0.82799984223675, 51.181868356390623 ], [ 0.824924633954652, 51.181868356390623 ], [ 0.824155831884127, 51.18235375941731 ], [ 0.824155831884127, 51.183324565470684 ], [ 0.825693436025176, 51.184295371524058 ], [ 0.825693436025176, 51.188178595737554 ], [ 0.827231040166225, 51.189149401790928 ], [ 0.827231040166225, 51.194003432057798 ], [ 0.826462238095701, 51.194488835084485 ], [ 0.824924633954652, 51.194488835084485 ], [ 0.824155831884127, 51.194974238111172 ], [ 0.824155831884127, 51.195945044164546 ], [ 0.823387029813603, 51.196430447191233 ], [ 0.821849425672553, 51.195459641137859 ], [ 0.820311821531504, 51.195459641137859 ], [ 0.818774217390455, 51.196430447191233 ], [ 0.818005415319931, 51.195945044164546 ], [ 0.822618227743078, 51.193032626004424 ], [ 0.822618227743078, 51.191091013897676 ], [ 0.821849425672553, 51.190605610870989 ], [ 0.820311821531504, 51.191576416924363 ], [ 0.818774217390455, 51.191576416924363 ], [ 0.817236613249406, 51.192547222977737 ], [ 0.816467811178882, 51.19206181995105 ], [ 0.816467811178882, 51.191091013897676 ], [ 0.815699009108357, 51.190605610870989 ], [ 0.811854998755734, 51.193032626004424 ], [ 0.813392602896784, 51.194003432057798 ], [ 0.812623800826259, 51.194488835084485 ], [ 0.81108619668521, 51.194488835084485 ], [ 0.810317394614685, 51.194974238111172 ], [ 0.810317394614685, 51.197886656271294 ], [ 0.812623800826259, 51.199342865351355 ], [ 0.814161404967308, 51.199342865351355 ], [ 0.814930207037833, 51.199828268378042 ], [ 0.814930207037833, 51.20176988048479 ], [ 0.814161404967308, 51.202255283511477 ], [ 0.812623800826259, 51.201284477458103 ], [ 0.81108619668521, 51.201284477458103 ], [ 0.808010988403112, 51.199342865351355 ], [ 0.807242186332587, 51.199828268378042 ], [ 0.807242186332587, 51.20176988048479 ], [ 0.808779790473636, 51.202740686538164 ], [ 0.808779790473636, 51.203711492591538 ], [ 0.808010988403112, 51.204196895618225 ], [ 0.807242186332587, 51.203711492591538 ], [ 0.807242186332587, 51.202740686538164 ], [ 0.806473384262063, 51.202255283511477 ], [ 0.804935780121014, 51.202255283511477 ], [ 0.801860571838915, 51.204196895618225 ], [ 0.800322967697866, 51.204196895618225 ], [ 0.799554165627342, 51.204682298644911 ], [ 0.799554165627342, 51.205653104698285 ], [ 0.798016561486293, 51.206623910751659 ], [ 0.798016561486293, 51.209536328911781 ], [ 0.798785363556817, 51.210021731938468 ], [ 0.800322967697866, 51.209050925885094 ], [ 0.801091769768391, 51.209536328911781 ], [ 0.798016561486293, 51.211477941018529 ], [ 0.798016561486293, 51.212448747071903 ], [ 0.800322967697866, 51.213904956151964 ], [ 0.801860571838915, 51.213904956151964 ], [ 0.803398175979964, 51.214875762205338 ], [ 0.806473384262063, 51.214875762205338 ], [ 0.807242186332587, 51.215361165232025 ], [ 0.807242186332587, 51.216331971285399 ], [ 0.804935780121014, 51.21778818036546 ], [ 0.804166978050489, 51.217302777338773 ], [ 0.804166978050489, 51.216331971285399 ], [ 0.803398175979964, 51.215846568258712 ], [ 0.80262937390944, 51.216331971285399 ], [ 0.80262937390944, 51.217302777338773 ], [ 0.801860571838915, 51.21778818036546 ], [ 0.801091769768391, 51.217302777338773 ], [ 0.801091769768391, 51.216331971285399 ], [ 0.800322967697866, 51.215846568258712 ], [ 0.798785363556817, 51.215846568258712 ], [ 0.797247759415768, 51.214875762205338 ], [ 0.795710155274719, 51.214875762205338 ], [ 0.79417255113367, 51.213904956151964 ], [ 0.792634946992621, 51.214875762205338 ], [ 0.789559738710523, 51.214875762205338 ], [ 0.788022134569474, 51.215846568258712 ], [ 0.784946926287375, 51.215846568258712 ], [ 0.783409322146326, 51.216817374312086 ], [ 0.781871718005277, 51.216817374312086 ], [ 0.778027707652654, 51.219244389445521 ], [ 0.778027707652654, 51.221186001552269 ], [ 0.77725890558213, 51.221671404578956 ], [ 0.776490103511605, 51.221186001552269 ], [ 0.776490103511605, 51.220215195498895 ], [ 0.775721301441081, 51.219729792472208 ], [ 0.772646093158983, 51.221671404578956 ], [ 0.771108489017934, 51.221671404578956 ], [ 0.770339686947409, 51.221186001552269 ], [ 0.770339686947409, 51.220215195498895 ], [ 0.773414895229507, 51.218273583392147 ], [ 0.773414895229507, 51.217302777338773 ], [ 0.774183697300032, 51.216817374312086 ], [ 0.77725890558213, 51.216817374312086 ], [ 0.779565311793704, 51.215361165232025 ], [ 0.779565311793704, 51.214390359178651 ], [ 0.774952499370556, 51.211477941018529 ], [ 0.776490103511605, 51.210507134965155 ], [ 0.775721301441081, 51.210021731938468 ], [ 0.774183697300032, 51.210021731938468 ], [ 0.772646093158983, 51.209050925885094 ], [ 0.769570884876885, 51.209050925885094 ], [ 0.766495676594786, 51.210992537991842 ], [ 0.764958072453737, 51.210992537991842 ], [ 0.764189270383213, 51.211477941018529 ], [ 0.764958072453737, 51.211963344045216 ], [ 0.769570884876885, 51.211963344045216 ], [ 0.770339686947409, 51.212448747071903 ], [ 0.770339686947409, 51.214390359178651 ], [ 0.769570884876885, 51.214875762205338 ], [ 0.768033280735835, 51.214875762205338 ], [ 0.766495676594786, 51.215846568258712 ], [ 0.765726874524262, 51.215361165232025 ], [ 0.765726874524262, 51.214390359178651 ], [ 0.764958072453737, 51.213904956151964 ], [ 0.763420468312688, 51.213904956151964 ], [ 0.761882864171639, 51.214875762205338 ], [ 0.758807655889541, 51.214875762205338 ], [ 0.758038853819016, 51.214390359178651 ], [ 0.758807655889541, 51.213904956151964 ], [ 0.76034526003059, 51.213904956151964 ], [ 0.761114062101115, 51.213419553125277 ], [ 0.761114062101115, 51.212448747071903 ], [ 0.76034526003059, 51.211963344045216 ], [ 0.752657239325345, 51.211963344045216 ], [ 0.749582031043246, 51.213904956151964 ], [ 0.748813228972722, 51.213419553125277 ], [ 0.748813228972722, 51.209536328911781 ], [ 0.747275624831673, 51.208565522858407 ], [ 0.748813228972722, 51.207594716805033 ], [ 0.748813228972722, 51.206623910751659 ], [ 0.749582031043246, 51.206138507724972 ], [ 0.751119635184295, 51.206138507724972 ], [ 0.752657239325345, 51.207109313778346 ], [ 0.754194843466394, 51.207109313778346 ], [ 0.755732447607443, 51.206138507724972 ], [ 0.758807655889541, 51.206138507724972 ], [ 0.759576457960065, 51.205653104698285 ], [ 0.758807655889541, 51.205167701671598 ], [ 0.757270051748492, 51.205167701671598 ], [ 0.756501249677967, 51.204682298644911 ], [ 0.756501249677967, 51.203711492591538 ], [ 0.754963645536918, 51.202740686538164 ], [ 0.758807655889541, 51.200313671404729 ], [ 0.76034526003059, 51.200313671404729 ], [ 0.761114062101115, 51.199828268378042 ], [ 0.761114062101115, 51.198857462324668 ], [ 0.758807655889541, 51.197401253244607 ], [ 0.751119635184295, 51.197401253244607 ], [ 0.749582031043246, 51.198372059297981 ], [ 0.748044426902197, 51.198372059297981 ], [ 0.747275624831673, 51.198857462324668 ], [ 0.747275624831673, 51.199828268378042 ], [ 0.746506822761148, 51.200313671404729 ], [ 0.745738020690624, 51.199828268378042 ], [ 0.745738020690624, 51.197886656271294 ], [ 0.748813228972722, 51.195945044164546 ], [ 0.748813228972722, 51.194003432057798 ], [ 0.751119635184295, 51.192547222977737 ], [ 0.754194843466394, 51.194488835084485 ], [ 0.755732447607443, 51.194488835084485 ], [ 0.756501249677967, 51.194003432057798 ], [ 0.750350833113771, 51.190120207844302 ], [ 0.750350833113771, 51.189149401790928 ], [ 0.749582031043246, 51.188663998764241 ], [ 0.746506822761148, 51.188663998764241 ], [ 0.744200416549575, 51.18720778968418 ], [ 0.744200416549575, 51.186236983630806 ], [ 0.74343161447905, 51.185751580604119 ], [ 0.741894010338001, 51.185751580604119 ], [ 0.741125208267476, 51.185266177577432 ], [ 0.74343161447905, 51.183809968497371 ], [ 0.744969218620099, 51.183809968497371 ], [ 0.745738020690624, 51.183324565470684 ], [ 0.745738020690624, 51.180412147310562 ], [ 0.748044426902197, 51.178955938230501 ], [ 0.749582031043246, 51.178955938230501 ], [ 0.75188843725482, 51.177499729150441 ], [ 0.751119635184295, 51.177014326123754 ], [ 0.749582031043246, 51.177014326123754 ], [ 0.748813228972722, 51.176528923097067 ], [ 0.748813228972722, 51.174587310990319 ], [ 0.744969218620099, 51.172160295856884 ], [ 0.74343161447905, 51.172160295856884 ], [ 0.741894010338001, 51.17118948980351 ], [ 0.740356406196952, 51.17118948980351 ], [ 0.739587604126427, 51.170704086776823 ], [ 0.739587604126427, 51.169733280723449 ], [ 0.74343161447905, 51.167306265590014 ], [ 0.748044426902197, 51.167306265590014 ], [ 0.748813228972722, 51.166820862563327 ], [ 0.748813228972722, 51.163908444403205 ], [ 0.749582031043246, 51.163423041376518 ], [ 0.750350833113771, 51.163908444403205 ], [ 0.750350833113771, 51.164879250456579 ], [ 0.754194843466394, 51.167306265590014 ], [ 0.755732447607443, 51.167306265590014 ], [ 0.758038853819016, 51.165850056509953 ], [ 0.756501249677967, 51.164879250456579 ], [ 0.757270051748492, 51.164393847429892 ], [ 0.758807655889541, 51.165364653483266 ], [ 0.76034526003059, 51.165364653483266 ], [ 0.761114062101115, 51.165850056509953 ], [ 0.761114062101115, 51.167791668616701 ], [ 0.76034526003059, 51.168277071643388 ], [ 0.755732447607443, 51.168277071643388 ], [ 0.754963645536918, 51.168762474670075 ], [ 0.758807655889541, 51.17118948980351 ], [ 0.76034526003059, 51.17118948980351 ], [ 0.761114062101115, 51.171674892830197 ], [ 0.761114062101115, 51.172645698883571 ], [ 0.761882864171639, 51.173131101910258 ], [ 0.762651666242164, 51.172645698883571 ], [ 0.762651666242164, 51.171674892830197 ], [ 0.763420468312688, 51.17118948980351 ], [ 0.771108489017934, 51.17118948980351 ], [ 0.771877291088458, 51.171674892830197 ], [ 0.771877291088458, 51.172645698883571 ], [ 0.773414895229507, 51.173616504936945 ], [ 0.773414895229507, 51.174587310990319 ], [ 0.774183697300032, 51.175072714017006 ], [ 0.775721301441081, 51.175072714017006 ], [ 0.77725890558213, 51.17604352007038 ], [ 0.783409322146326, 51.17604352007038 ], [ 0.784946926287375, 51.175072714017006 ], [ 0.786484530428424, 51.175072714017006 ], [ 0.787253332498949, 51.174587310990319 ], [ 0.786484530428424, 51.174101907963632 ], [ 0.784946926287375, 51.174101907963632 ], [ 0.781102915934753, 51.171674892830197 ], [ 0.781871718005277, 51.17118948980351 ], [ 0.783409322146326, 51.17118948980351 ], [ 0.784946926287375, 51.172160295856884 ], [ 0.788022134569474, 51.172160295856884 ], [ 0.789559738710523, 51.173131101910258 ], [ 0.795710155274719, 51.173131101910258 ], [ 0.796478957345244, 51.172645698883571 ], [ 0.796478957345244, 51.171674892830197 ], [ 0.797247759415768, 51.17118948980351 ], [ 0.798785363556817, 51.17118948980351 ], [ 0.801860571838915, 51.169247877696762 ], [ 0.804935780121014, 51.169247877696762 ], [ 0.805704582191538, 51.168762474670075 ], [ 0.804935780121014, 51.168277071643388 ], [ 0.801860571838915, 51.168277071643388 ], [ 0.799554165627342, 51.166820862563327 ], [ 0.799554165627342, 51.165850056509953 ], [ 0.798016561486293, 51.164879250456579 ], [ 0.798016561486293, 51.163908444403205 ], [ 0.796478957345244, 51.162937638349831 ], [ 0.798016561486293, 51.161966832296457 ], [ 0.797247759415768, 51.16148142926977 ], [ 0.792634946992621, 51.16148142926977 ], [ 0.791097342851572, 51.162452235323144 ], [ 0.788022134569474, 51.162452235323144 ], [ 0.786484530428424, 51.163423041376518 ], [ 0.780334113864228, 51.163423041376518 ], [ 0.778796509723179, 51.162452235323144 ], [ 0.77725890558213, 51.162452235323144 ], [ 0.771108489017934, 51.16633545953664 ], [ 0.770339686947409, 51.165850056509953 ], [ 0.771877291088458, 51.164879250456579 ], [ 0.770339686947409, 51.163908444403205 ], [ 0.771108489017934, 51.163423041376518 ], [ 0.772646093158983, 51.163423041376518 ], [ 0.778796509723179, 51.159539817163022 ], [ 0.780334113864228, 51.160510623216396 ], [ 0.781871718005277, 51.160510623216396 ], [ 0.782640520075802, 51.160025220189709 ], [ 0.782640520075802, 51.158083608082961 ], [ 0.783409322146326, 51.157598205056274 ], [ 0.786484530428424, 51.157598205056274 ], [ 0.788790936639998, 51.156141995976213 ], [ 0.788022134569474, 51.155656592949526 ], [ 0.786484530428424, 51.155656592949526 ], [ 0.7857157283579, 51.155171189922839 ], [ 0.7857157283579, 51.154200383869465 ], [ 0.784946926287375, 51.153714980842778 ], [ 0.783409322146326, 51.153714980842778 ], [ 0.782640520075802, 51.153229577816091 ], [ 0.782640520075802, 51.152258771762718 ], [ 0.781871718005277, 51.151773368736031 ], [ 0.780334113864228, 51.151773368736031 ], [ 0.779565311793704, 51.151287965709344 ], [ 0.779565311793704, 51.15031715965597 ], [ 0.781871718005277, 51.148860950575909 ], [ 0.784946926287375, 51.150802562682657 ], [ 0.786484530428424, 51.150802562682657 ], [ 0.788022134569474, 51.151773368736031 ], [ 0.789559738710523, 51.151773368736031 ], [ 0.791097342851572, 51.152744174789404 ], [ 0.79417255113367, 51.152744174789404 ], [ 0.794941353204194, 51.152258771762718 ], [ 0.793403749063145, 51.151287965709344 ], [ 0.793403749063145, 51.15031715965597 ], [ 0.792634946992621, 51.149831756629283 ], [ 0.791097342851572, 51.149831756629283 ], [ 0.790328540781047, 51.149346353602596 ], [ 0.790328540781047, 51.148375547549222 ], [ 0.789559738710523, 51.147890144522535 ], [ 0.784946926287375, 51.147890144522535 ], [ 0.780334113864228, 51.144977726362413 ], [ 0.778796509723179, 51.144977726362413 ], [ 0.778027707652654, 51.144492323335726 ], [ 0.778027707652654, 51.143521517282352 ], [ 0.775721301441081, 51.142065308202291 ], [ 0.774183697300032, 51.142065308202291 ], [ 0.771877291088458, 51.14060909912223 ], [ 0.771877291088458, 51.139638293068856 ], [ 0.771108489017934, 51.139152890042169 ], [ 0.769570884876885, 51.139152890042169 ], [ 0.76880208280636, 51.139638293068856 ], [ 0.76880208280636, 51.14060909912223 ], [ 0.770339686947409, 51.141579905175604 ], [ 0.770339686947409, 51.143521517282352 ], [ 0.774952499370556, 51.146433935442474 ], [ 0.774952499370556, 51.147404741495848 ], [ 0.776490103511605, 51.148375547549222 ], [ 0.776490103511605, 51.149346353602596 ], [ 0.774183697300032, 51.150802562682657 ], [ 0.771877291088458, 51.149346353602596 ], [ 0.771877291088458, 51.147404741495848 ], [ 0.769570884876885, 51.145948532415787 ], [ 0.766495676594786, 51.145948532415787 ], [ 0.765726874524262, 51.1454631293891 ], [ 0.765726874524262, 51.143521517282352 ], [ 0.767264478665311, 51.142550711228978 ], [ 0.766495676594786, 51.142065308202291 ], [ 0.764958072453737, 51.142065308202291 ], [ 0.76034526003059, 51.144977726362413 ], [ 0.754194843466394, 51.144977726362413 ], [ 0.752657239325345, 51.145948532415787 ], [ 0.746506822761148, 51.145948532415787 ], [ 0.745738020690624, 51.146433935442474 ], [ 0.745738020690624, 51.147404741495848 ], [ 0.744969218620099, 51.147890144522535 ], [ 0.74343161447905, 51.147890144522535 ], [ 0.742662812408525, 51.147404741495848 ], [ 0.745738020690624, 51.1454631293891 ], [ 0.745738020690624, 51.144492323335726 ], [ 0.744969218620099, 51.144006920309039 ], [ 0.74343161447905, 51.144977726362413 ], [ 0.741894010338001, 51.144977726362413 ], [ 0.740356406196952, 51.144006920309039 ], [ 0.738818802055903, 51.144006920309039 ], [ 0.737281197914854, 51.144977726362413 ], [ 0.735743593773805, 51.144977726362413 ], [ 0.733437187562231, 51.143521517282352 ], [ 0.733437187562231, 51.142550711228978 ], [ 0.731899583421182, 51.141579905175604 ], [ 0.731899583421182, 51.14060909912223 ], [ 0.734205989632756, 51.139152890042169 ], [ 0.735743593773805, 51.139152890042169 ], [ 0.736512395844329, 51.139638293068856 ], [ 0.736512395844329, 51.14060909912223 ], [ 0.737281197914854, 51.141094502148917 ], [ 0.738818802055903, 51.141094502148917 ], [ 0.739587604126427, 51.14060909912223 ], [ 0.739587604126427, 51.139638293068856 ], [ 0.741125208267476, 51.138667487015482 ], [ 0.741125208267476, 51.136725874908734 ], [ 0.741894010338001, 51.136240471882047 ], [ 0.74343161447905, 51.136240471882047 ], [ 0.745738020690624, 51.134784262801986 ], [ 0.745738020690624, 51.132842650695238 ], [ 0.744969218620099, 51.132357247668551 ], [ 0.741894010338001, 51.134298859775299 ], [ 0.732668385491706, 51.134298859775299 ], [ 0.730361979280133, 51.13575506885536 ], [ 0.730361979280133, 51.138667487015482 ], [ 0.728055573068559, 51.140123696095543 ], [ 0.72651796892751, 51.140123696095543 ], [ 0.725749166856986, 51.139638293068856 ], [ 0.725749166856986, 51.138667487015482 ], [ 0.727286770998035, 51.137696680962108 ], [ 0.727286770998035, 51.136725874908734 ], [ 0.725749166856986, 51.13575506885536 ], [ 0.725749166856986, 51.134784262801986 ], [ 0.72651796892751, 51.134298859775299 ], [ 0.728055573068559, 51.134298859775299 ], [ 0.728824375139084, 51.133813456748612 ], [ 0.728824375139084, 51.132842650695238 ], [ 0.729593177209608, 51.132357247668551 ], [ 0.731130781350657, 51.132357247668551 ], [ 0.731899583421182, 51.131871844641864 ], [ 0.731899583421182, 51.13090103858849 ], [ 0.732668385491706, 51.130415635561803 ], [ 0.735743593773805, 51.130415635561803 ], [ 0.737281197914854, 51.129444829508429 ], [ 0.738818802055903, 51.129444829508429 ], [ 0.739587604126427, 51.128959426481742 ], [ 0.738818802055903, 51.128474023455055 ], [ 0.724980364786461, 51.128474023455055 ], [ 0.723442760645412, 51.129444829508429 ], [ 0.721905156504363, 51.129444829508429 ], [ 0.720367552363314, 51.130415635561803 ], [ 0.718829948222265, 51.130415635561803 ], [ 0.717292344081216, 51.131386441615177 ], [ 0.715754739940166, 51.131386441615177 ], [ 0.714217135799117, 51.130415635561803 ], [ 0.712679531658068, 51.131386441615177 ], [ 0.711141927517019, 51.131386441615177 ], [ 0.710373125446495, 51.13090103858849 ], [ 0.710373125446495, 51.129930232535116 ], [ 0.711141927517019, 51.129444829508429 ], [ 0.712679531658068, 51.129444829508429 ], [ 0.714217135799117, 51.128474023455055 ], [ 0.717292344081216, 51.128474023455055 ], [ 0.71806114615174, 51.127988620428368 ], [ 0.71806114615174, 51.127017814374994 ], [ 0.719598750292789, 51.126047008321621 ], [ 0.718829948222265, 51.125561605294934 ], [ 0.717292344081216, 51.125561605294934 ], [ 0.715754739940166, 51.12459079924156 ], [ 0.714217135799117, 51.12459079924156 ], [ 0.712679531658068, 51.123619993188186 ], [ 0.711141927517019, 51.123619993188186 ], [ 0.708835521305446, 51.122163784108125 ], [ 0.708835521305446, 51.120222172001377 ], [ 0.708066719234921, 51.11973676897469 ], [ 0.704991510952823, 51.11973676897469 ], [ 0.702685104741249, 51.118280559894629 ], [ 0.703453906811774, 51.117795156867942 ], [ 0.704991510952823, 51.118765962921316 ], [ 0.708066719234921, 51.118765962921316 ], [ 0.711141927517019, 51.120707575028064 ], [ 0.714217135799117, 51.120707575028064 ], [ 0.714985937869642, 51.121192978054751 ], [ 0.714985937869642, 51.122163784108125 ], [ 0.715754739940166, 51.122649187134812 ], [ 0.717292344081216, 51.121678381081438 ], [ 0.718829948222265, 51.121678381081438 ], [ 0.720367552363314, 51.122649187134812 ], [ 0.721905156504363, 51.122649187134812 ], [ 0.723442760645412, 51.123619993188186 ], [ 0.732668385491706, 51.123619993188186 ], [ 0.735743593773805, 51.121678381081438 ], [ 0.737281197914854, 51.121678381081438 ], [ 0.738049999985378, 51.121192978054751 ], [ 0.738049999985378, 51.120222172001377 ], [ 0.735743593773805, 51.118765962921316 ], [ 0.734205989632756, 51.118765962921316 ], [ 0.732668385491706, 51.11973676897469 ], [ 0.729593177209608, 51.11973676897469 ], [ 0.728824375139084, 51.119251365948003 ], [ 0.728824375139084, 51.117309753841255 ], [ 0.729593177209608, 51.116824350814568 ], [ 0.732668385491706, 51.116824350814568 ], [ 0.733437187562231, 51.116338947787881 ], [ 0.733437187562231, 51.115368141734507 ], [ 0.73497479170328, 51.114397335681133 ], [ 0.73497479170328, 51.113426529627759 ], [ 0.734205989632756, 51.112941126601072 ], [ 0.731130781350657, 51.112941126601072 ], [ 0.728824375139084, 51.111484917521011 ], [ 0.728824375139084, 51.110514111467637 ], [ 0.728055573068559, 51.11002870844095 ], [ 0.72651796892751, 51.11002870844095 ], [ 0.724980364786461, 51.110999514494324 ], [ 0.721905156504363, 51.110999514494324 ], [ 0.721136354433838, 51.110514111467637 ], [ 0.721136354433838, 51.109543305414263 ], [ 0.721905156504363, 51.109057902387576 ], [ 0.724980364786461, 51.109057902387576 ], [ 0.725749166856986, 51.108572499360889 ], [ 0.723442760645412, 51.107116290280828 ], [ 0.715754739940166, 51.107116290280828 ], [ 0.714217135799117, 51.106145484227454 ], [ 0.712679531658068, 51.106145484227454 ], [ 0.711910729587544, 51.105660081200767 ], [ 0.711910729587544, 51.104689275147393 ], [ 0.711141927517019, 51.104203872120706 ], [ 0.70960432337597, 51.104203872120706 ], [ 0.708835521305446, 51.103718469094019 ], [ 0.708835521305446, 51.102747663040645 ], [ 0.70960432337597, 51.102262260013958 ], [ 0.711141927517019, 51.102262260013958 ], [ 0.712679531658068, 51.102262260013958 ], [ 0.714217135799117, 51.101291453960584 ], [ 0.715754739940166, 51.101291453960584 ], [ 0.716523542010691, 51.100806050933897 ], [ 0.716523542010691, 51.099835244880524 ], [ 0.718829948222265, 51.098379035800463 ], [ 0.720367552363314, 51.098379035800463 ], [ 0.721136354433838, 51.09886443882715 ], [ 0.719598750292789, 51.099835244880524 ], [ 0.721905156504363, 51.101291453960584 ] ], [ [ 0.939476142462809, 51.176528923097067 ], [ 0.941782548674382, 51.177985132177128 ], [ 0.944088954885956, 51.176528923097067 ], [ 0.943320152815431, 51.17604352007038 ], [ 0.941782548674382, 51.17604352007038 ], [ 0.941013746603858, 51.175558117043693 ], [ 0.941013746603858, 51.174587310990319 ], [ 0.939476142462809, 51.173616504936945 ], [ 0.940244944533333, 51.173131101910258 ], [ 0.94639536109753, 51.177014326123754 ], [ 0.947164163168054, 51.176528923097067 ], [ 0.947164163168054, 51.174587310990319 ], [ 0.947932965238579, 51.174101907963632 ], [ 0.948701767309103, 51.174587310990319 ], [ 0.948701767309103, 51.176528923097067 ], [ 0.947164163168054, 51.177499729150441 ], [ 0.947164163168054, 51.178470535203815 ], [ 0.947932965238579, 51.178955938230501 ], [ 0.952545777661726, 51.178955938230501 ], [ 0.95331457973225, 51.178470535203815 ], [ 0.95331457973225, 51.177499729150441 ], [ 0.950239371450152, 51.175558117043693 ], [ 0.950239371450152, 51.174587310990319 ], [ 0.952545777661726, 51.173131101910258 ], [ 0.95331457973225, 51.173616504936945 ], [ 0.95331457973225, 51.175558117043693 ], [ 0.954083381802775, 51.17604352007038 ], [ 0.957158590084873, 51.17604352007038 ], [ 0.961002600437496, 51.173616504936945 ], [ 0.961002600437496, 51.169733280723449 ], [ 0.958696194225922, 51.168277071643388 ], [ 0.955620985943824, 51.168277071643388 ], [ 0.952545777661726, 51.16633545953664 ], [ 0.951008173520677, 51.16633545953664 ], [ 0.949470569379628, 51.165364653483266 ], [ 0.938707340392284, 51.165364653483266 ], [ 0.93793853832176, 51.165850056509953 ], [ 0.93793853832176, 51.174587310990319 ], [ 0.938707340392284, 51.175072714017006 ], [ 0.939476142462809, 51.175558117043693 ], [ 0.939476142462809, 51.176528923097067 ] ], [ [ 0.793403749063145, 51.09401040856028 ], [ 0.801860571838915, 51.099349841853837 ], [ 0.80262937390944, 51.09886443882715 ], [ 0.80262937390944, 51.097893632773776 ], [ 0.804935780121014, 51.096437423693715 ], [ 0.809548592544161, 51.096437423693715 ], [ 0.810317394614685, 51.095952020667028 ], [ 0.810317394614685, 51.094981214613654 ], [ 0.808779790473636, 51.09401040856028 ], [ 0.808779790473636, 51.093039602506906 ], [ 0.814161404967308, 51.089641781320097 ], [ 0.818774217390455, 51.089641781320097 ], [ 0.821849425672553, 51.087700169213349 ], [ 0.823387029813603, 51.087700169213349 ], [ 0.824155831884127, 51.087214766186662 ], [ 0.823387029813603, 51.086729363159975 ], [ 0.817236613249406, 51.086729363159975 ], [ 0.815699009108357, 51.087700169213349 ], [ 0.804935780121014, 51.087700169213349 ], [ 0.804166978050489, 51.088185572240036 ], [ 0.804166978050489, 51.08915637829341 ], [ 0.800322967697866, 51.091583393426845 ], [ 0.797247759415768, 51.091583393426845 ], [ 0.795710155274719, 51.092554199480219 ], [ 0.79417255113367, 51.092554199480219 ], [ 0.793403749063145, 51.093039602506906 ], [ 0.793403749063145, 51.09401040856028 ] ], [ [ 0.966384214931168, 51.086729363159975 ], [ 0.969459423213266, 51.086729363159975 ], [ 0.973303433565889, 51.08915637829341 ], [ 0.973303433565889, 51.090127184346784 ], [ 0.976378641847987, 51.092068796453532 ], [ 0.976378641847987, 51.09401040856028 ], [ 0.973303433565889, 51.095952020667028 ], [ 0.973303433565889, 51.096922826720402 ], [ 0.974072235636413, 51.097408229747089 ], [ 0.97868504805956, 51.094495811586967 ], [ 0.981760256341659, 51.094495811586967 ], [ 0.982529058412183, 51.09401040856028 ], [ 0.982529058412183, 51.092068796453532 ], [ 0.980991454271134, 51.091097990400158 ], [ 0.980991454271134, 51.090127184346784 ], [ 0.982529058412183, 51.08915637829341 ], [ 0.982529058412183, 51.088185572240036 ], [ 0.983297860482708, 51.087700169213349 ], [ 0.984835464623757, 51.087700169213349 ], [ 0.985604266694281, 51.087214766186662 ], [ 0.985604266694281, 51.08430234802654 ], [ 0.984066662553232, 51.083331541973166 ], [ 0.984066662553232, 51.082360735919792 ], [ 0.983297860482708, 51.081875332893105 ], [ 0.981760256341659, 51.081875332893105 ], [ 0.980991454271134, 51.082360735919792 ], [ 0.980991454271134, 51.083331541973166 ], [ 0.980222652200609, 51.083816944999853 ], [ 0.969459423213266, 51.083816944999853 ], [ 0.967921819072217, 51.084787751053227 ], [ 0.966384214931168, 51.084787751053227 ], [ 0.965615412860643, 51.085273154079914 ], [ 0.965615412860643, 51.086243960133288 ], [ 0.966384214931168, 51.086729363159975 ] ], [ [ 0.896423226513434, 51.03284962719772 ], [ 0.896423226513434, 51.030908015090972 ], [ 0.894116820301861, 51.029451806010911 ], [ 0.892579216160811, 51.029451806010911 ], [ 0.887966403737664, 51.026539387850789 ], [ 0.886428799596615, 51.026539387850789 ], [ 0.885659997526091, 51.026053984824102 ], [ 0.885659997526091, 51.025083178770728 ], [ 0.884891195455566, 51.024597775744041 ], [ 0.883353591314517, 51.024597775744041 ], [ 0.882584789243992, 51.025083178770728 ], [ 0.882584789243992, 51.026053984824102 ], [ 0.884122393385042, 51.027024790877476 ], [ 0.883353591314517, 51.027510193904163 ], [ 0.881815987173468, 51.027510193904163 ], [ 0.880278383032419, 51.028480999957537 ], [ 0.87874077889137, 51.028480999957537 ], [ 0.877971976820845, 51.028966402984224 ], [ 0.877971976820845, 51.030908015090972 ], [ 0.879509580961894, 51.031878821144346 ], [ 0.879509580961894, 51.03284962719772 ], [ 0.877971976820845, 51.033820433251094 ], [ 0.877971976820845, 51.034791239304468 ], [ 0.876434372679796, 51.035762045357842 ], [ 0.876434372679796, 51.03770365746459 ], [ 0.873359164397698, 51.039645269571338 ], [ 0.874127966468222, 51.040130672598025 ], [ 0.87874077889137, 51.040130672598025 ], [ 0.879509580961894, 51.040616075624712 ], [ 0.879509580961894, 51.041586881678086 ], [ 0.881815987173468, 51.043043090758147 ], [ 0.883353591314517, 51.042072284704773 ], [ 0.884891195455566, 51.043043090758147 ], [ 0.887966403737664, 51.043043090758147 ], [ 0.891041612019762, 51.044984702864895 ], [ 0.892579216160811, 51.044984702864895 ], [ 0.893348018231336, 51.044499299838208 ], [ 0.893348018231336, 51.043528493784834 ], [ 0.894885622372385, 51.04255768773146 ], [ 0.899498434795532, 51.039645269571338 ], [ 0.897960830654483, 51.038674463517964 ], [ 0.897960830654483, 51.033820433251094 ], [ 0.896423226513434, 51.03284962719772 ] ], [ [ 0.890272809949238, 51.006637863756623 ], [ 0.891041612019762, 51.00712326678331 ], [ 0.892579216160811, 51.00712326678331 ], [ 0.894116820301861, 51.006152460729936 ], [ 0.897192028583959, 51.006152460729936 ], [ 0.899498434795532, 51.004696251649875 ], [ 0.899498434795532, 51.002754639543127 ], [ 0.90411124721868, 50.999842221383005 ], [ 0.902573643077631, 50.998871415329631 ], [ 0.902573643077631, 50.996929803222883 ], [ 0.898729632725008, 50.994502788089449 ], [ 0.89565442444291, 50.994502788089449 ], [ 0.894116820301861, 50.993531982036075 ], [ 0.892579216160811, 50.993531982036075 ], [ 0.891041612019762, 50.994502788089449 ], [ 0.889504007878713, 50.994502788089449 ], [ 0.887966403737664, 50.995473594142823 ], [ 0.886428799596615, 50.995473594142823 ], [ 0.885659997526091, 50.99595899716951 ], [ 0.885659997526091, 50.996929803222883 ], [ 0.884891195455566, 50.99741520624957 ], [ 0.881815987173468, 50.99741520624957 ], [ 0.881047185102943, 50.997900609276257 ], [ 0.881047185102943, 50.998871415329631 ], [ 0.881815987173468, 50.999356818356318 ], [ 0.883353591314517, 50.999356818356318 ], [ 0.884122393385042, 50.999842221383005 ], [ 0.882584789243992, 51.000813027436379 ], [ 0.883353591314517, 51.001298430463066 ], [ 0.884891195455566, 51.001298430463066 ], [ 0.885659997526091, 51.001783833489753 ], [ 0.885659997526091, 51.002754639543127 ], [ 0.886428799596615, 51.003240042569814 ], [ 0.887966403737664, 51.003240042569814 ], [ 0.889504007878713, 51.003240042569814 ], [ 0.890272809949238, 51.003725445596501 ], [ 0.890272809949238, 51.006637863756623 ] ], [ [ 0.92102489277022, 51.071681869332679 ], [ 0.921793694840744, 51.072167272359366 ], [ 0.924868903122842, 51.072167272359366 ], [ 0.925637705193367, 51.072652675386053 ], [ 0.925637705193367, 51.074594287492801 ], [ 0.926406507263891, 51.075079690519487 ], [ 0.927175309334416, 51.074594287492801 ], [ 0.927175309334416, 51.072652675386053 ], [ 0.930250517616514, 51.070711063279305 ], [ 0.928712913475465, 51.069740257225931 ], [ 0.928712913475465, 51.066827839065809 ], [ 0.92948171554599, 51.066342436039122 ], [ 0.931019319687039, 51.066342436039122 ], [ 0.931788121757563, 51.065857033012435 ], [ 0.931788121757563, 51.063915420905687 ], [ 0.934863330039661, 51.061973808798939 ], [ 0.933325725898612, 51.061003002745565 ], [ 0.933325725898612, 51.059061390638817 ], [ 0.932556923828088, 51.05857598761213 ], [ 0.931019319687039, 51.05857598761213 ], [ 0.92948171554599, 51.059546793665504 ], [ 0.92794411140494, 51.059546793665504 ], [ 0.926406507263891, 51.05857598761213 ], [ 0.923331298981793, 51.05857598761213 ], [ 0.922562496911269, 51.059061390638817 ], [ 0.922562496911269, 51.060032196692191 ], [ 0.921793694840744, 51.060517599718878 ], [ 0.920256090699695, 51.060517599718878 ], [ 0.919487288629171, 51.061003002745565 ], [ 0.919487288629171, 51.061973808798939 ], [ 0.918718486558646, 51.062459211825626 ], [ 0.917180882417597, 51.062459211825626 ], [ 0.916412080347072, 51.062944614852313 ], [ 0.917949684488121, 51.063915420905687 ], [ 0.917949684488121, 51.066827839065809 ], [ 0.919487288629171, 51.067798645119183 ], [ 0.919487288629171, 51.068769451172557 ], [ 0.917949684488121, 51.069740257225931 ], [ 0.918718486558646, 51.070225660252618 ], [ 0.920256090699695, 51.070225660252618 ], [ 0.92102489277022, 51.070711063279305 ], [ 0.92102489277022, 51.071681869332679 ] ], [ [ 1.011743537092116, 51.134784262801986 ], [ 1.010205932951067, 51.13575506885536 ], [ 1.010974735021591, 51.136240471882047 ], [ 1.014049943303689, 51.136240471882047 ], [ 1.015587547444738, 51.137211277935421 ], [ 1.016356349515263, 51.136725874908734 ], [ 1.016356349515263, 51.13575506885536 ], [ 1.018662755726837, 51.134298859775299 ], [ 1.020200359867886, 51.134298859775299 ], [ 1.021737964008935, 51.133328053721925 ], [ 1.026350776432082, 51.133328053721925 ], [ 1.027119578502607, 51.132842650695238 ], [ 1.027119578502607, 51.13090103858849 ], [ 1.024813172291033, 51.129444829508429 ], [ 1.023275568149984, 51.129444829508429 ], [ 1.022506766079459, 51.129930232535116 ], [ 1.022506766079459, 51.131871844641864 ], [ 1.021737964008935, 51.132357247668551 ], [ 1.020200359867886, 51.132357247668551 ], [ 1.019431557797361, 51.131871844641864 ], [ 1.019431557797361, 51.13090103858849 ], [ 1.017893953656312, 51.129930232535116 ], [ 1.017893953656312, 51.128959426481742 ], [ 1.017125151585788, 51.128474023455055 ], [ 1.015587547444738, 51.128474023455055 ], [ 1.014818745374214, 51.127988620428368 ], [ 1.014818745374214, 51.126047008321621 ], [ 1.014049943303689, 51.125561605294934 ], [ 1.013281141233165, 51.126047008321621 ], [ 1.013281141233165, 51.127017814374994 ], [ 1.01251233916264, 51.127503217401681 ], [ 1.009437130880542, 51.127503217401681 ], [ 1.003286714316346, 51.123619993188186 ], [ 1.001749110175297, 51.123619993188186 ], [ 1.000211506034248, 51.122649187134812 ], [ 0.999442703963723, 51.123134590161499 ], [ 0.999442703963723, 51.125076202268247 ], [ 1.000980308104772, 51.126047008321621 ], [ 1.000980308104772, 51.127017814374994 ], [ 0.999442703963723, 51.127988620428368 ], [ 0.999442703963723, 51.128959426481742 ], [ 0.998673901893198, 51.129444829508429 ], [ 0.997136297752149, 51.129444829508429 ], [ 0.9955986936111, 51.130415635561803 ], [ 0.990985881187953, 51.130415635561803 ], [ 0.989448277046904, 51.129444829508429 ], [ 0.988679474976379, 51.129930232535116 ], [ 0.988679474976379, 51.13090103858849 ], [ 0.989448277046904, 51.131386441615177 ], [ 0.990985881187953, 51.131386441615177 ], [ 0.992523485329002, 51.132357247668551 ], [ 0.9955986936111, 51.132357247668551 ], [ 0.998673901893198, 51.134298859775299 ], [ 1.000211506034248, 51.134298859775299 ], [ 1.001749110175297, 51.134298859775299 ], [ 1.003286714316346, 51.133328053721925 ], [ 1.009437130880542, 51.133328053721925 ], [ 1.011743537092116, 51.134784262801986 ] ], [ [ 1.004824318457395, 51.082846138946479 ], [ 1.002517912245821, 51.081389929866418 ], [ 1.002517912245821, 51.080419123813044 ], [ 1.001749110175297, 51.079933720786357 ], [ 1.000211506034248, 51.079933720786357 ], [ 0.997136297752149, 51.081875332893105 ], [ 0.994061089470051, 51.081875332893105 ], [ 0.992523485329002, 51.080904526839731 ], [ 0.989448277046904, 51.080904526839731 ], [ 0.988679474976379, 51.081389929866418 ], [ 0.989448277046904, 51.081875332893105 ], [ 0.990985881187953, 51.081875332893105 ], [ 0.991754683258478, 51.082360735919792 ], [ 0.991754683258478, 51.083331541973166 ], [ 0.993292287399527, 51.08430234802654 ], [ 0.993292287399527, 51.085273154079914 ], [ 0.994829891540576, 51.086243960133288 ], [ 0.994829891540576, 51.090127184346784 ], [ 0.993292287399527, 51.091097990400158 ], [ 0.993292287399527, 51.092068796453532 ], [ 0.994829891540576, 51.093039602506906 ], [ 0.994829891540576, 51.096922826720402 ], [ 0.9955986936111, 51.097408229747089 ], [ 0.996367495681625, 51.096922826720402 ], [ 0.996367495681625, 51.095952020667028 ], [ 0.998673901893198, 51.094495811586967 ], [ 1.001749110175297, 51.094495811586967 ], [ 1.003286714316346, 51.093525005533593 ], [ 1.004824318457395, 51.093525005533593 ], [ 1.005593120527919, 51.093039602506906 ], [ 1.005593120527919, 51.088185572240036 ], [ 1.007130724668968, 51.087214766186662 ], [ 1.007130724668968, 51.085273154079914 ], [ 1.008668328810018, 51.08430234802654 ], [ 1.008668328810018, 51.083331541973166 ], [ 1.006361922598444, 51.081875332893105 ], [ 1.004824318457395, 51.082846138946479 ] ], [ [ 1.100924577272963, 51.08430234802654 ], [ 1.100924577272963, 51.082360735919792 ], [ 1.098618171061389, 51.080904526839731 ], [ 1.09708056692034, 51.080904526839731 ], [ 1.095542962779291, 51.079933720786357 ], [ 1.094005358638242, 51.079933720786357 ], [ 1.093236556567717, 51.07944831775967 ], [ 1.093236556567717, 51.078477511706296 ], [ 1.090930150356144, 51.077021302626235 ], [ 1.08862374414457, 51.078477511706296 ], [ 1.08862374414457, 51.07944831775967 ], [ 1.087854942074046, 51.079933720786357 ], [ 1.086317337932996, 51.079933720786357 ], [ 1.085548535862472, 51.080419123813044 ], [ 1.085548535862472, 51.086243960133288 ], [ 1.084779733791947, 51.086729363159975 ], [ 1.083242129650898, 51.086729363159975 ], [ 1.082473327580374, 51.087214766186662 ], [ 1.082473327580374, 51.08915637829341 ], [ 1.083242129650898, 51.089641781320097 ], [ 1.084779733791947, 51.089641781320097 ], [ 1.085548535862472, 51.090127184346784 ], [ 1.085548535862472, 51.092068796453532 ], [ 1.086317337932996, 51.092554199480219 ], [ 1.092467754497193, 51.092554199480219 ], [ 1.094005358638242, 51.091583393426845 ], [ 1.095542962779291, 51.092554199480219 ], [ 1.097849368990865, 51.091097990400158 ], [ 1.099386973131914, 51.090127184346784 ], [ 1.099386973131914, 51.085273154079914 ], [ 1.100924577272963, 51.08430234802654 ] ] ], [ [ [ 1.151665513927583, 51.091097990400158 ], [ 1.152434315998107, 51.090612587373471 ], [ 1.153971920139156, 51.091583393426845 ], [ 1.155509524280205, 51.091583393426845 ], [ 1.15627832635073, 51.091097990400158 ], [ 1.154740722209681, 51.090127184346784 ], [ 1.15627832635073, 51.08915637829341 ], [ 1.15627832635073, 51.088185572240036 ], [ 1.157047128421254, 51.087700169213349 ], [ 1.158584732562304, 51.088670975266723 ], [ 1.160122336703353, 51.088670975266723 ], [ 1.160891138773877, 51.08915637829341 ], [ 1.157815930491779, 51.091097990400158 ], [ 1.160122336703353, 51.092554199480219 ], [ 1.163197544985451, 51.092554199480219 ], [ 1.163966347055975, 51.092068796453532 ], [ 1.163966347055975, 51.091097990400158 ], [ 1.1647351491265, 51.090612587373471 ], [ 1.165503951197024, 51.091097990400158 ], [ 1.165503951197024, 51.09401040856028 ], [ 1.166272753267549, 51.094495811586967 ], [ 1.167810357408598, 51.093525005533593 ], [ 1.168579159479123, 51.09401040856028 ], [ 1.168579159479123, 51.095952020667028 ], [ 1.169347961549647, 51.096437423693715 ], [ 1.170885565690696, 51.096437423693715 ], [ 1.171654367761221, 51.096922826720402 ], [ 1.171654367761221, 51.097893632773776 ], [ 1.170885565690696, 51.098379035800463 ], [ 1.169347961549647, 51.098379035800463 ], [ 1.168579159479123, 51.097893632773776 ], [ 1.168579159479123, 51.096922826720402 ], [ 1.167810357408598, 51.096437423693715 ], [ 1.167041555338074, 51.096922826720402 ], [ 1.167041555338074, 51.099835244880524 ], [ 1.166272753267549, 51.100320647907211 ], [ 1.162428742914926, 51.097893632773776 ], [ 1.162428742914926, 51.096922826720402 ], [ 1.161659940844402, 51.096437423693715 ], [ 1.160891138773877, 51.096922826720402 ], [ 1.160891138773877, 51.097893632773776 ], [ 1.158584732562304, 51.099349841853837 ], [ 1.157623729974148, 51.09886443882715 ], [ 1.156470526868361, 51.097893632773776 ], [ 1.154932922727312, 51.09886443882715 ], [ 1.153971920139156, 51.099349841853837 ], [ 1.150896711857058, 51.097408229747089 ], [ 1.150127909786534, 51.097893632773776 ], [ 1.150127909786534, 51.09886443882715 ], [ 1.149359107716009, 51.099349841853837 ], [ 1.144746295292862, 51.099349841853837 ], [ 1.143977493222337, 51.09886443882715 ], [ 1.147052701504435, 51.096922826720402 ], [ 1.147052701504435, 51.095952020667028 ], [ 1.14782150357496, 51.095466617640341 ], [ 1.149359107716009, 51.095466617640341 ], [ 1.150896711857058, 51.096437423693715 ], [ 1.152434315998107, 51.095466617640341 ], [ 1.153971920139156, 51.095466617640341 ], [ 1.154740722209681, 51.094981214613654 ], [ 1.154740722209681, 51.093039602506906 ], [ 1.153971920139156, 51.092554199480219 ], [ 1.152434315998107, 51.092554199480219 ], [ 1.151665513927583, 51.092068796453532 ], [ 1.151665513927583, 51.091097990400158 ] ] ], [ [ [ 1.183186398819089, 51.091583393426845 ], [ 1.184724002960138, 51.090612587373471 ], [ 1.185492805030663, 51.091097990400158 ], [ 1.185492805030663, 51.092068796453532 ], [ 1.187030409171712, 51.093039602506906 ], [ 1.187030409171712, 51.094981214613654 ], [ 1.186261607101187, 51.095466617640341 ], [ 1.184724002960138, 51.094495811586967 ], [ 1.18164879467804, 51.094495811586967 ], [ 1.180879992607515, 51.094981214613654 ], [ 1.180879992607515, 51.095952020667028 ], [ 1.180111190536991, 51.096437423693715 ], [ 1.179342388466466, 51.095952020667028 ], [ 1.179342388466466, 51.093039602506906 ], [ 1.180879992607515, 51.092068796453532 ], [ 1.180879992607515, 51.091097990400158 ], [ 1.18164879467804, 51.090612587373471 ], [ 1.183186398819089, 51.091583393426845 ] ] ], [ [ [ 1.170116763620172, 51.101776856987271 ], [ 1.170116763620172, 51.102747663040645 ], [ 1.170885565690696, 51.103233066067332 ], [ 1.172423169831745, 51.103233066067332 ], [ 1.174729576043319, 51.104689275147393 ], [ 1.174729576043319, 51.105660081200767 ], [ 1.176267180184368, 51.106630887254141 ], [ 1.176267180184368, 51.108572499360889 ], [ 1.175498378113844, 51.109057902387576 ], [ 1.174729576043319, 51.108572499360889 ], [ 1.172423169831745, 51.107116290280828 ], [ 1.170885565690696, 51.108087096334202 ], [ 1.168579159479123, 51.106630887254141 ], [ 1.170116763620172, 51.105660081200767 ], [ 1.168579159479123, 51.104689275147393 ], [ 1.168579159479123, 51.101776856987271 ], [ 1.169347961549647, 51.101291453960584 ], [ 1.170116763620172, 51.101776856987271 ] ] ] ] } },
{ "type": "Feature", "properties": { "search_id": "Search 15", "FundAsset": "Hines - Chatham" }, "geometry": { "type": "MultiPolygon", "coordinates": [ [ [ [ 0.322248841868713, 51.423422846215544 ], [ 0.325339957838878, 51.423422846215544 ], [ 0.326112736831419, 51.422937463154085 ], [ 0.326112736831419, 51.420025164785329 ], [ 0.327658294816501, 51.419054398662411 ], [ 0.327658294816501, 51.415171334170736 ], [ 0.328431073809043, 51.414685951109277 ], [ 0.329203852801584, 51.415171334170736 ], [ 0.329203852801584, 51.418083632539492 ], [ 0.330749410786666, 51.419054398662411 ], [ 0.329203852801584, 51.420025164785329 ], [ 0.329203852801584, 51.420995930908248 ], [ 0.331522189779207, 51.422452080092626 ], [ 0.334613305749372, 51.422452080092626 ], [ 0.336158863734454, 51.421481313969707 ], [ 0.339249979704618, 51.421481313969707 ], [ 0.34002275869716, 51.421966697031166 ], [ 0.337704421719536, 51.423422846215544 ], [ 0.336158863734454, 51.422452080092626 ], [ 0.335386084741913, 51.422937463154085 ], [ 0.335386084741913, 51.424878995399922 ], [ 0.334613305749372, 51.425364378461381 ], [ 0.333067747764289, 51.424393612338463 ], [ 0.332294968771748, 51.424878995399922 ], [ 0.332294968771748, 51.427791293768678 ], [ 0.333840526756831, 51.428762059891596 ], [ 0.333067747764289, 51.429247442953056 ], [ 0.329976631794125, 51.427305910707219 ], [ 0.32688551582396, 51.427305910707219 ], [ 0.323794399853796, 51.429247442953056 ], [ 0.320703283883631, 51.429247442953056 ], [ 0.319157725898549, 51.430218209075974 ], [ 0.317612167913467, 51.430218209075974 ], [ 0.316839388920926, 51.429732826014515 ], [ 0.317612167913467, 51.429247442953056 ], [ 0.319157725898549, 51.429247442953056 ], [ 0.320703283883631, 51.428276676830137 ], [ 0.322248841868713, 51.428276676830137 ], [ 0.324567178846337, 51.426820527645759 ], [ 0.323794399853796, 51.4263351445843 ], [ 0.322248841868713, 51.4263351445843 ], [ 0.320703283883631, 51.425364378461381 ], [ 0.319157725898549, 51.425364378461381 ], [ 0.317612167913467, 51.4263351445843 ], [ 0.316066609928384, 51.4263351445843 ], [ 0.314521051943302, 51.427305910707219 ], [ 0.312202714965679, 51.425849761522841 ], [ 0.31297549395822, 51.425364378461381 ], [ 0.314521051943302, 51.425364378461381 ], [ 0.315293830935843, 51.424878995399922 ], [ 0.315293830935843, 51.422937463154085 ], [ 0.314521051943302, 51.422452080092626 ], [ 0.31297549395822, 51.422452080092626 ], [ 0.312202714965679, 51.421966697031166 ], [ 0.312202714965679, 51.420995930908248 ], [ 0.31297549395822, 51.420510547846789 ], [ 0.316066609928384, 51.422452080092626 ], [ 0.316839388920926, 51.421966697031166 ], [ 0.316839388920926, 51.419054398662411 ], [ 0.317612167913467, 51.418569015600951 ], [ 0.319157725898549, 51.418569015600951 ], [ 0.31993050489109, 51.419054398662411 ], [ 0.31993050489109, 51.421966697031166 ], [ 0.322248841868713, 51.423422846215544 ] ] ], [ [ [ 0.350841664592735, 51.298679399420507 ], [ 0.350068885600194, 51.299164782481967 ], [ 0.348523327615112, 51.298194016359048 ], [ 0.346204990637489, 51.299650165543426 ], [ 0.346204990637489, 51.300620931666344 ], [ 0.345432211644948, 51.301106314727804 ], [ 0.344659432652406, 51.300620931666344 ], [ 0.344659432652406, 51.299650165543426 ], [ 0.343886653659865, 51.299164782481967 ], [ 0.342341095674783, 51.299164782481967 ], [ 0.34002275869716, 51.300620931666344 ], [ 0.34002275869716, 51.301591697789263 ], [ 0.339249979704618, 51.302077080850722 ], [ 0.337704421719536, 51.302077080850722 ], [ 0.336931642726995, 51.302562463912182 ], [ 0.336931642726995, 51.304503996158019 ], [ 0.336158863734454, 51.304989379219478 ], [ 0.334613305749372, 51.304989379219478 ], [ 0.333840526756831, 51.305474762280937 ], [ 0.333840526756831, 51.306445528403856 ], [ 0.333067747764289, 51.306930911465315 ], [ 0.328431073809043, 51.306930911465315 ], [ 0.325339957838878, 51.308872443711152 ], [ 0.323021620861255, 51.307416294526774 ], [ 0.32688551582396, 51.304989379219478 ], [ 0.329976631794125, 51.304989379219478 ], [ 0.330749410786666, 51.304503996158019 ], [ 0.330749410786666, 51.3035332300351 ], [ 0.332294968771748, 51.302562463912182 ], [ 0.332294968771748, 51.300620931666344 ], [ 0.334613305749372, 51.299164782481967 ], [ 0.336158863734454, 51.299164782481967 ], [ 0.336931642726995, 51.298679399420507 ], [ 0.336931642726995, 51.29673786717467 ], [ 0.336158863734454, 51.296252484113211 ], [ 0.334613305749372, 51.297223250236129 ], [ 0.333067747764289, 51.297223250236129 ], [ 0.332294968771748, 51.29673786717467 ], [ 0.332294968771748, 51.294796334928833 ], [ 0.333067747764289, 51.294310951867374 ], [ 0.334613305749372, 51.294310951867374 ], [ 0.336158863734454, 51.295281717990292 ], [ 0.336931642726995, 51.294796334928833 ], [ 0.336931642726995, 51.293825568805914 ], [ 0.337704421719536, 51.293340185744455 ], [ 0.338477200712077, 51.293825568805914 ], [ 0.338477200712077, 51.295767101051752 ], [ 0.340795537689701, 51.297223250236129 ], [ 0.348523327615112, 51.297223250236129 ], [ 0.350841664592735, 51.298679399420507 ] ] ], [ [ [ 0.356251117540523, 51.395270628650906 ], [ 0.359342233510688, 51.395270628650906 ], [ 0.360115012503229, 51.395756011712365 ], [ 0.360115012503229, 51.396726777835283 ], [ 0.359342233510688, 51.397212160896743 ], [ 0.357796675525606, 51.397212160896743 ], [ 0.357023896533065, 51.397697543958202 ], [ 0.357023896533065, 51.399639076204039 ], [ 0.359342233510688, 51.401095225388417 ], [ 0.36088779149577, 51.400124459265498 ], [ 0.363206128473394, 51.401580608449876 ], [ 0.363206128473394, 51.402551374572795 ], [ 0.362433349480852, 51.403036757634254 ], [ 0.36088779149577, 51.403036757634254 ], [ 0.360115012503229, 51.403522140695713 ], [ 0.36088779149577, 51.404007523757173 ], [ 0.370161139406264, 51.404007523757173 ], [ 0.370933918398805, 51.403522140695713 ], [ 0.370933918398805, 51.402551374572795 ], [ 0.369388360413723, 51.401580608449876 ], [ 0.370933918398805, 51.400609842326958 ], [ 0.370933918398805, 51.397697543958202 ], [ 0.372479476383887, 51.396726777835283 ], [ 0.371706697391346, 51.396241394773824 ], [ 0.370161139406264, 51.396241394773824 ], [ 0.369388360413723, 51.395756011712365 ], [ 0.369388360413723, 51.392843713343609 ], [ 0.366297244443558, 51.390902181097772 ], [ 0.367070023436099, 51.390416798036313 ], [ 0.368615581421182, 51.391387564159231 ], [ 0.370161139406264, 51.390416798036313 ], [ 0.371706697391346, 51.391387564159231 ], [ 0.373252255376428, 51.390416798036313 ], [ 0.374797813361511, 51.391387564159231 ], [ 0.375570592354052, 51.390902181097772 ], [ 0.375570592354052, 51.389931414974853 ], [ 0.376343371346593, 51.389446031913394 ], [ 0.377888929331675, 51.389446031913394 ], [ 0.378661708324216, 51.388960648851935 ], [ 0.377116150339134, 51.387989882729016 ], [ 0.378661708324216, 51.387019116606098 ], [ 0.378661708324216, 51.386048350483179 ], [ 0.375570592354052, 51.384106818237342 ], [ 0.377116150339134, 51.383136052114423 ], [ 0.377116150339134, 51.381194519868586 ], [ 0.377888929331675, 51.380709136807127 ], [ 0.381752824294381, 51.383136052114423 ], [ 0.381752824294381, 51.384106818237342 ], [ 0.383298382279463, 51.385077584360261 ], [ 0.383298382279463, 51.386048350483179 ], [ 0.388707835227251, 51.389446031913394 ], [ 0.39489006716758, 51.389446031913394 ], [ 0.396435625152662, 51.388475265790476 ], [ 0.397981183137745, 51.388475265790476 ], [ 0.400299520115368, 51.387019116606098 ], [ 0.398753962130286, 51.386048350483179 ], [ 0.398753962130286, 51.384106818237342 ], [ 0.400299520115368, 51.383136052114423 ], [ 0.398753962130286, 51.382165285991505 ], [ 0.398753962130286, 51.381194519868586 ], [ 0.400299520115368, 51.380223753745668 ], [ 0.400299520115368, 51.379252987622749 ], [ 0.399526741122827, 51.37876760456129 ], [ 0.397981183137745, 51.379738370684208 ], [ 0.391798951197416, 51.379738370684208 ], [ 0.391026172204874, 51.380223753745668 ], [ 0.391026172204874, 51.381194519868586 ], [ 0.390253393212333, 51.381679902930046 ], [ 0.388707835227251, 51.381679902930046 ], [ 0.38793505623471, 51.381194519868586 ], [ 0.38793505623471, 51.379252987622749 ], [ 0.390253393212333, 51.377796838438371 ], [ 0.393344509182498, 51.377796838438371 ], [ 0.39489006716758, 51.376826072315453 ], [ 0.397981183137745, 51.376826072315453 ], [ 0.398753962130286, 51.376340689253993 ], [ 0.398753962130286, 51.375369923131075 ], [ 0.397208404145204, 51.374399157008156 ], [ 0.397208404145204, 51.373428390885238 ], [ 0.396435625152662, 51.372943007823778 ], [ 0.393344509182498, 51.372943007823778 ], [ 0.391798951197416, 51.37197224170086 ], [ 0.385616719257087, 51.37197224170086 ], [ 0.384843940264545, 51.3714868586394 ], [ 0.384843940264545, 51.370516092516482 ], [ 0.384071161272004, 51.370030709455023 ], [ 0.379434487316757, 51.370030709455023 ], [ 0.378661708324216, 51.369545326393563 ], [ 0.379434487316757, 51.369059943332104 ], [ 0.385616719257087, 51.369059943332104 ], [ 0.386389498249628, 51.368574560270645 ], [ 0.386389498249628, 51.367603794147726 ], [ 0.384843940264545, 51.366633028024808 ], [ 0.384843940264545, 51.365662261901889 ], [ 0.385616719257087, 51.36517687884043 ], [ 0.387162277242169, 51.36517687884043 ], [ 0.38793505623471, 51.365662261901889 ], [ 0.38793505623471, 51.366633028024808 ], [ 0.389480614219792, 51.367603794147726 ], [ 0.389480614219792, 51.368574560270645 ], [ 0.391798951197416, 51.370030709455023 ], [ 0.39489006716758, 51.370030709455023 ], [ 0.395662846160121, 51.369545326393563 ], [ 0.395662846160121, 51.368574560270645 ], [ 0.396435625152662, 51.368089177209185 ], [ 0.397981183137745, 51.368089177209185 ], [ 0.399526741122827, 51.369059943332104 ], [ 0.401072299107909, 51.369059943332104 ], [ 0.403390636085533, 51.367603794147726 ], [ 0.403390636085533, 51.361779197410215 ], [ 0.404163415078074, 51.361293814348755 ], [ 0.404936194070615, 51.361779197410215 ], [ 0.404936194070615, 51.362749963533133 ], [ 0.406481752055697, 51.363720729656052 ], [ 0.406481752055697, 51.365662261901889 ], [ 0.408027310040779, 51.366633028024808 ], [ 0.408027310040779, 51.369545326393563 ], [ 0.414209541981108, 51.373428390885238 ], [ 0.414209541981108, 51.374399157008156 ], [ 0.415755099966191, 51.375369923131075 ], [ 0.415755099966191, 51.376340689253993 ], [ 0.416527878958732, 51.376826072315453 ], [ 0.421164552913979, 51.376826072315453 ], [ 0.42193733190652, 51.376340689253993 ], [ 0.42193733190652, 51.373428390885238 ], [ 0.422710110899061, 51.372943007823778 ], [ 0.424255668884143, 51.372943007823778 ], [ 0.425801226869226, 51.37197224170086 ], [ 0.427346784854308, 51.37197224170086 ], [ 0.42889234283939, 51.372943007823778 ], [ 0.429665121831931, 51.372457624762319 ], [ 0.429665121831931, 51.3714868586394 ], [ 0.431983458809555, 51.370030709455023 ], [ 0.433529016794637, 51.370030709455023 ], [ 0.434301795787178, 51.369545326393563 ], [ 0.434301795787178, 51.368574560270645 ], [ 0.432756237802096, 51.367603794147726 ], [ 0.434301795787178, 51.366633028024808 ], [ 0.434301795787178, 51.363720729656052 ], [ 0.433529016794637, 51.363235346594593 ], [ 0.431983458809555, 51.363235346594593 ], [ 0.429665121831931, 51.361779197410215 ], [ 0.429665121831931, 51.360808431287296 ], [ 0.428119563846849, 51.359837665164378 ], [ 0.428119563846849, 51.35789613291854 ], [ 0.427346784854308, 51.357410749857081 ], [ 0.424255668884143, 51.357410749857081 ], [ 0.42193733190652, 51.355954600672703 ], [ 0.42193733190652, 51.354013068426866 ], [ 0.423482889891602, 51.353042302303948 ], [ 0.422710110899061, 51.352556919242488 ], [ 0.419618994928896, 51.352556919242488 ], [ 0.418073436943814, 51.35158615311957 ], [ 0.411891205003485, 51.35158615311957 ], [ 0.410345647018403, 51.350615386996651 ], [ 0.407254531048238, 51.350615386996651 ], [ 0.406481752055697, 51.350130003935192 ], [ 0.406481752055697, 51.349159237812273 ], [ 0.408800089033321, 51.347703088627895 ], [ 0.419618994928896, 51.347703088627895 ], [ 0.420391773921438, 51.347217705566436 ], [ 0.420391773921438, 51.345276173320599 ], [ 0.418846215936355, 51.34430540719768 ], [ 0.418846215936355, 51.343334641074762 ], [ 0.418073436943814, 51.342849258013302 ], [ 0.41498232097365, 51.342849258013302 ], [ 0.414209541981108, 51.342363874951843 ], [ 0.414209541981108, 51.340422342706006 ], [ 0.415755099966191, 51.339451576583087 ], [ 0.415755099966191, 51.338480810460169 ], [ 0.416527878958732, 51.33799542739871 ], [ 0.419618994928896, 51.33799542739871 ], [ 0.420391773921438, 51.338480810460169 ], [ 0.420391773921438, 51.339451576583087 ], [ 0.421164552913979, 51.339936959644547 ], [ 0.422710110899061, 51.339936959644547 ], [ 0.424255668884143, 51.340907725767465 ], [ 0.425801226869226, 51.339936959644547 ], [ 0.42889234283939, 51.339936959644547 ], [ 0.429665121831931, 51.339451576583087 ], [ 0.429665121831931, 51.338480810460169 ], [ 0.431210679817013, 51.33751004433725 ], [ 0.431210679817013, 51.336539278214332 ], [ 0.432756237802096, 51.335568512091413 ], [ 0.430437900824472, 51.334112362907035 ], [ 0.41498232097365, 51.334112362907035 ], [ 0.414209541981108, 51.333626979845576 ], [ 0.414209541981108, 51.332656213722657 ], [ 0.416527878958732, 51.33120006453828 ], [ 0.418073436943814, 51.332170830661198 ], [ 0.422710110899061, 51.332170830661198 ], [ 0.424255668884143, 51.33120006453828 ], [ 0.42522164262482, 51.331685447599739 ], [ 0.427346784854308, 51.332049484895833 ], [ 0.42889234283939, 51.330350644180726 ], [ 0.428119563846849, 51.329743915353902 ], [ 0.427926369098714, 51.328773149230983 ], [ 0.425801226869226, 51.326346233923687 ], [ 0.424255668884143, 51.325375467800768 ], [ 0.419618994928896, 51.325375467800768 ], [ 0.418073436943814, 51.326346233923687 ], [ 0.416527878958732, 51.326346233923687 ], [ 0.415755099966191, 51.325860850862227 ], [ 0.415755099966191, 51.322948552493472 ], [ 0.416527878958732, 51.322463169432012 ], [ 0.418073436943814, 51.322463169432012 ], [ 0.418846215936355, 51.321977786370553 ], [ 0.418846215936355, 51.321007020247635 ], [ 0.419618994928896, 51.320521637186175 ], [ 0.420391773921438, 51.321007020247635 ], [ 0.420391773921438, 51.322948552493472 ], [ 0.421164552913979, 51.323433935554931 ], [ 0.422710110899061, 51.322463169432012 ], [ 0.424255668884143, 51.322463169432012 ], [ 0.425028447876684, 51.321977786370553 ], [ 0.425028447876684, 51.321007020247635 ], [ 0.426574005861767, 51.320036254124716 ], [ 0.426574005861767, 51.319065488001797 ], [ 0.428119563846849, 51.318094721878879 ], [ 0.428119563846849, 51.31712395575596 ], [ 0.427346784854308, 51.316638572694501 ], [ 0.425801226869226, 51.317609338817419 ], [ 0.42193733190652, 51.315182423510123 ], [ 0.42193733190652, 51.314211657387204 ], [ 0.422710110899061, 51.313726274325745 ], [ 0.424255668884143, 51.31360492856038 ], [ 0.421164552913979, 51.311784742079908 ], [ 0.419618994928896, 51.311784742079908 ], [ 0.418846215936355, 51.312270125141367 ], [ 0.420391773921438, 51.313240891264286 ], [ 0.417300657951273, 51.315182423510123 ], [ 0.417300657951273, 51.316153189633042 ], [ 0.415755099966191, 51.31712395575596 ], [ 0.415755099966191, 51.318094721878879 ], [ 0.412663983996026, 51.320036254124716 ], [ 0.412663983996026, 51.321007020247635 ], [ 0.414209541981108, 51.321977786370553 ], [ 0.414209541981108, 51.32391931861639 ], [ 0.412663983996026, 51.324890084739309 ], [ 0.412663983996026, 51.325860850862227 ], [ 0.411891205003485, 51.326346233923687 ], [ 0.411118426010944, 51.325860850862227 ], [ 0.411118426010944, 51.322948552493472 ], [ 0.410345647018403, 51.322463169432012 ], [ 0.405708973063156, 51.322463169432012 ], [ 0.403390636085533, 51.321007020247635 ], [ 0.406481752055697, 51.319065488001797 ], [ 0.404163415078074, 51.317609338817419 ], [ 0.402617857092991, 51.317609338817419 ], [ 0.40184507810045, 51.31712395575596 ], [ 0.40184507810045, 51.316153189633042 ], [ 0.401072299107909, 51.315667806571582 ], [ 0.399526741122827, 51.315667806571582 ], [ 0.397208404145204, 51.314211657387204 ], [ 0.397981183137745, 51.313726274325745 ], [ 0.401072299107909, 51.313726274325745 ], [ 0.40184507810045, 51.314211657387204 ], [ 0.40184507810045, 51.315182423510123 ], [ 0.402617857092991, 51.315667806571582 ], [ 0.410345647018403, 51.315667806571582 ], [ 0.411118426010944, 51.315182423510123 ], [ 0.411118426010944, 51.312270125141367 ], [ 0.410345647018403, 51.311784742079908 ], [ 0.408800089033321, 51.311784742079908 ], [ 0.407254531048238, 51.312755508202827 ], [ 0.405708973063156, 51.312755508202827 ], [ 0.40184507810045, 51.31032859289553 ], [ 0.40184507810045, 51.309357826772612 ], [ 0.401072299107909, 51.308872443711152 ], [ 0.399526741122827, 51.308872443711152 ], [ 0.398753962130286, 51.308387060649693 ], [ 0.398753962130286, 51.307416294526774 ], [ 0.399526741122827, 51.306930911465315 ], [ 0.401072299107909, 51.306930911465315 ], [ 0.40184507810045, 51.306445528403856 ], [ 0.398753962130286, 51.304503996158019 ], [ 0.398753962130286, 51.3035332300351 ], [ 0.397981183137745, 51.303047846973641 ], [ 0.396435625152662, 51.303047846973641 ], [ 0.39489006716758, 51.302077080850722 ], [ 0.394117288175039, 51.302562463912182 ], [ 0.394117288175039, 51.304503996158019 ], [ 0.392571730189957, 51.305474762280937 ], [ 0.392571730189957, 51.306445528403856 ], [ 0.391798951197416, 51.306930911465315 ], [ 0.391026172204874, 51.306445528403856 ], [ 0.391026172204874, 51.305474762280937 ], [ 0.392571730189957, 51.304503996158019 ], [ 0.390253393212333, 51.303047846973641 ], [ 0.388707835227251, 51.304018613096559 ], [ 0.387162277242169, 51.303047846973641 ], [ 0.382525603286922, 51.303047846973641 ], [ 0.38098004530184, 51.304018613096559 ], [ 0.377116150339134, 51.301591697789263 ], [ 0.377888929331675, 51.301106314727804 ], [ 0.379434487316757, 51.302077080850722 ], [ 0.385616719257087, 51.302077080850722 ], [ 0.387162277242169, 51.301106314727804 ], [ 0.388707835227251, 51.302077080850722 ], [ 0.390253393212333, 51.302077080850722 ], [ 0.394117288175039, 51.299650165543426 ], [ 0.392571730189957, 51.298679399420507 ], [ 0.393344509182498, 51.298194016359048 ], [ 0.396435625152662, 51.298194016359048 ], [ 0.397208404145204, 51.297708633297589 ], [ 0.397208404145204, 51.29673786717467 ], [ 0.397981183137745, 51.296252484113211 ], [ 0.399526741122827, 51.296252484113211 ], [ 0.400299520115368, 51.29673786717467 ], [ 0.395662846160121, 51.299650165543426 ], [ 0.396435625152662, 51.300135548604885 ], [ 0.399526741122827, 51.300135548604885 ], [ 0.400299520115368, 51.299650165543426 ], [ 0.400299520115368, 51.298679399420507 ], [ 0.402617857092991, 51.297223250236129 ], [ 0.404163415078074, 51.298194016359048 ], [ 0.405708973063156, 51.298194016359048 ], [ 0.406481752055697, 51.297708633297589 ], [ 0.406481752055697, 51.295767101051752 ], [ 0.404936194070615, 51.294796334928833 ], [ 0.407254531048238, 51.293340185744455 ], [ 0.410345647018403, 51.293340185744455 ], [ 0.411118426010944, 51.292854802682996 ], [ 0.411118426010944, 51.290913270437159 ], [ 0.411891205003485, 51.290427887375699 ], [ 0.412663983996026, 51.290913270437159 ], [ 0.412663983996026, 51.291884036560077 ], [ 0.413436762988567, 51.292369419621537 ], [ 0.41498232097365, 51.292369419621537 ], [ 0.415755099966191, 51.291884036560077 ], [ 0.414209541981108, 51.290913270437159 ], [ 0.41498232097365, 51.290427887375699 ], [ 0.418073436943814, 51.290427887375699 ], [ 0.418846215936355, 51.28994250431424 ], [ 0.417300657951273, 51.288971738191321 ], [ 0.418073436943814, 51.288486355129862 ], [ 0.419618994928896, 51.288486355129862 ], [ 0.420391773921438, 51.288971738191321 ], [ 0.420391773921438, 51.28994250431424 ], [ 0.42193733190652, 51.290913270437159 ], [ 0.42193733190652, 51.295767101051752 ], [ 0.422710110899061, 51.296252484113211 ], [ 0.424255668884143, 51.296252484113211 ], [ 0.425801226869226, 51.297223250236129 ], [ 0.427346784854308, 51.296252484113211 ], [ 0.42889234283939, 51.297223250236129 ], [ 0.430437900824472, 51.297223250236129 ], [ 0.431210679817013, 51.297708633297589 ], [ 0.431210679817013, 51.300620931666344 ], [ 0.431983458809555, 51.301106314727804 ], [ 0.433529016794637, 51.301106314727804 ], [ 0.435074574779719, 51.300135548604885 ], [ 0.436620132764801, 51.300135548604885 ], [ 0.439711248734966, 51.298194016359048 ], [ 0.445893480675295, 51.298194016359048 ], [ 0.448211817652918, 51.29673786717467 ], [ 0.448211817652918, 51.293825568805914 ], [ 0.449757375638001, 51.292854802682996 ], [ 0.449757375638001, 51.291884036560077 ], [ 0.450530154630542, 51.291398653498618 ], [ 0.452075712615624, 51.291398653498618 ], [ 0.45593960757833, 51.288971738191321 ], [ 0.45593960757833, 51.288000972068403 ], [ 0.457485165563412, 51.287030205945484 ], [ 0.457485165563412, 51.285088673699647 ], [ 0.458257944555953, 51.284603290638188 ], [ 0.461349060526118, 51.284603290638188 ], [ 0.462121839518659, 51.285088673699647 ], [ 0.462121839518659, 51.286059439822566 ], [ 0.4628946185112, 51.286544822884025 ], [ 0.464440176496282, 51.286544822884025 ], [ 0.465985734481364, 51.285574056761106 ], [ 0.467531292466447, 51.286544822884025 ], [ 0.46984962944407, 51.285088673699647 ], [ 0.469076850451529, 51.284603290638188 ], [ 0.467531292466447, 51.284603290638188 ], [ 0.465212955488823, 51.28314714145381 ], [ 0.465212955488823, 51.279264076962136 ], [ 0.463667397503741, 51.278293310839217 ], [ 0.464440176496282, 51.277686582012393 ], [ 0.465212955488823, 51.27635177859338 ], [ 0.465985734481364, 51.275866395531921 ], [ 0.467531292466447, 51.275866395531921 ], [ 0.470622408436611, 51.277807927777758 ], [ 0.472167966421694, 51.277807927777758 ], [ 0.472940745414235, 51.277322544716299 ], [ 0.471395187429152, 51.27635177859338 ], [ 0.472167966421694, 51.275866395531921 ], [ 0.473713524406776, 51.275866395531921 ], [ 0.474486303399317, 51.275381012470461 ], [ 0.474486303399317, 51.272468714101706 ], [ 0.473713524406776, 51.271983331040246 ], [ 0.469076850451529, 51.271983331040246 ], [ 0.468304071458988, 51.271497947978787 ], [ 0.468304071458988, 51.270527181855869 ], [ 0.466758513473906, 51.26955641573295 ], [ 0.46984962944407, 51.267614883487113 ], [ 0.46984962944407, 51.260819520626683 ], [ 0.470622408436611, 51.260334137565224 ], [ 0.471395187429152, 51.260819520626683 ], [ 0.471395187429152, 51.261790286749601 ], [ 0.472167966421694, 51.262275669811061 ], [ 0.47680464037694, 51.262275669811061 ], [ 0.478350198362023, 51.261304903688142 ], [ 0.479895756347105, 51.261304903688142 ], [ 0.480668535339646, 51.260819520626683 ], [ 0.480668535339646, 51.256936456135008 ], [ 0.481441314332187, 51.256451073073549 ], [ 0.482986872317269, 51.256451073073549 ], [ 0.483759651309811, 51.25596569001209 ], [ 0.483759651309811, 51.254024157766253 ], [ 0.484532430302352, 51.253538774704793 ], [ 0.485305209294893, 51.254024157766253 ], [ 0.485305209294893, 51.254994923889171 ], [ 0.486850767279975, 51.25596569001209 ], [ 0.485305209294893, 51.256936456135008 ], [ 0.486850767279975, 51.257907222257927 ], [ 0.485305209294893, 51.258877988380846 ], [ 0.485305209294893, 51.260819520626683 ], [ 0.486077988287434, 51.261304903688142 ], [ 0.493805778212845, 51.261304903688142 ], [ 0.495351336197928, 51.260334137565224 ], [ 0.49689689418301, 51.260334137565224 ], [ 0.498442452168092, 51.261304903688142 ], [ 0.499988010153174, 51.261304903688142 ], [ 0.500760789145716, 51.261790286749601 ], [ 0.500760789145716, 51.26276105287252 ], [ 0.501533568138257, 51.263246435933979 ], [ 0.502306347130798, 51.26276105287252 ], [ 0.502306347130798, 51.260819520626683 ], [ 0.50385190511588, 51.259848754503764 ], [ 0.502306347130798, 51.258877988380846 ], [ 0.502306347130798, 51.257907222257927 ], [ 0.500760789145716, 51.256936456135008 ], [ 0.502306347130798, 51.25596569001209 ], [ 0.502306347130798, 51.254024157766253 ], [ 0.503079126123339, 51.253538774704793 ], [ 0.505397463100962, 51.254994923889171 ], [ 0.505397463100962, 51.256936456135008 ], [ 0.507715800078586, 51.258392605319386 ], [ 0.509261358063668, 51.258392605319386 ], [ 0.513125253026374, 51.25596569001209 ], [ 0.512352474033833, 51.255480306950631 ], [ 0.509261358063668, 51.255480306950631 ], [ 0.508488579071127, 51.254994923889171 ], [ 0.509261358063668, 51.254509540827712 ], [ 0.51080691604875, 51.254509540827712 ], [ 0.511579695041291, 51.254024157766253 ], [ 0.511579695041291, 51.24917032715166 ], [ 0.512352474033833, 51.248684944090201 ], [ 0.513125253026374, 51.24917032715166 ], [ 0.513125253026374, 51.251111859397497 ], [ 0.513898032018915, 51.251597242458956 ], [ 0.515443590003997, 51.251597242458956 ], [ 0.516989147989079, 51.252568008581875 ], [ 0.518534705974162, 51.252568008581875 ], [ 0.519307484966703, 51.252082625520416 ], [ 0.519307484966703, 51.24917032715166 ], [ 0.518534705974162, 51.248684944090201 ], [ 0.516989147989079, 51.248684944090201 ], [ 0.516216368996538, 51.248199561028741 ], [ 0.51776192698162, 51.247228794905823 ], [ 0.516216368996538, 51.246258028782904 ], [ 0.516216368996538, 51.244316496537067 ], [ 0.51776192698162, 51.243345730414148 ], [ 0.51776192698162, 51.241404198168311 ], [ 0.516989147989079, 51.240918815106852 ], [ 0.515443590003997, 51.241889581229771 ], [ 0.514670811011456, 51.241404198168311 ], [ 0.514670811011456, 51.2355796014308 ], [ 0.513125253026374, 51.234608835307881 ], [ 0.513125253026374, 51.232667303062044 ], [ 0.511579695041291, 51.231696536939126 ], [ 0.511579695041291, 51.22878423857037 ], [ 0.512352474033833, 51.22829885550891 ], [ 0.513125253026374, 51.22878423857037 ], [ 0.513125253026374, 51.229755004693288 ], [ 0.516216368996538, 51.231696536939126 ], [ 0.516216368996538, 51.232667303062044 ], [ 0.51776192698162, 51.233638069184963 ], [ 0.51776192698162, 51.236550367553718 ], [ 0.520080263959244, 51.238006516738096 ], [ 0.521625821944326, 51.237035750615178 ], [ 0.522398600936867, 51.237521133676637 ], [ 0.522398600936867, 51.239462665922474 ], [ 0.520853042951785, 51.240433432045393 ], [ 0.520853042951785, 51.241404198168311 ], [ 0.521625821944326, 51.241889581229771 ], [ 0.524716937914491, 51.241889581229771 ], [ 0.526262495899573, 51.242860347352689 ], [ 0.53089916985482, 51.242860347352689 ], [ 0.531671948847361, 51.243345730414148 ], [ 0.531671948847361, 51.246258028782904 ], [ 0.533990285824984, 51.247714177967282 ], [ 0.535535843810067, 51.247714177967282 ], [ 0.540945296757855, 51.244316496537067 ], [ 0.540945296757855, 51.24237496429123 ], [ 0.541718075750396, 51.241889581229771 ], [ 0.543263633735478, 51.241889581229771 ], [ 0.544036412728019, 51.24237496429123 ], [ 0.544036412728019, 51.243345730414148 ], [ 0.54480919172056, 51.243831113475608 ], [ 0.546354749705642, 51.243831113475608 ], [ 0.547900307690725, 51.242860347352689 ], [ 0.549445865675807, 51.242860347352689 ], [ 0.550991423660889, 51.241889581229771 ], [ 0.55176420265343, 51.24237496429123 ], [ 0.55176420265343, 51.244316496537067 ], [ 0.552536981645972, 51.244801879598526 ], [ 0.554082539631054, 51.243831113475608 ], [ 0.555628097616136, 51.243831113475608 ], [ 0.556400876608677, 51.244316496537067 ], [ 0.554082539631054, 51.245772645721445 ], [ 0.552536981645972, 51.245772645721445 ], [ 0.55176420265343, 51.246258028782904 ], [ 0.55176420265343, 51.247228794905823 ], [ 0.554082539631054, 51.248684944090201 ], [ 0.555628097616136, 51.248684944090201 ], [ 0.556400876608677, 51.24917032715166 ], [ 0.556400876608677, 51.251111859397497 ], [ 0.557173655601218, 51.251597242458956 ], [ 0.558719213586301, 51.251597242458956 ], [ 0.559491992578842, 51.251111859397497 ], [ 0.559491992578842, 51.250141093274578 ], [ 0.561810329556465, 51.248684944090201 ], [ 0.562583108549006, 51.24917032715166 ], [ 0.561037550563924, 51.250141093274578 ], [ 0.561037550563924, 51.251111859397497 ], [ 0.562583108549006, 51.252082625520416 ], [ 0.560264771571383, 51.253538774704793 ], [ 0.557173655601218, 51.253538774704793 ], [ 0.556400876608677, 51.254024157766253 ], [ 0.556400876608677, 51.254994923889171 ], [ 0.557173655601218, 51.255480306950631 ], [ 0.558719213586301, 51.255480306950631 ], [ 0.560264771571383, 51.254509540827712 ], [ 0.561810329556465, 51.254509540827712 ], [ 0.563355887541547, 51.253538774704793 ], [ 0.564128666534089, 51.254024157766253 ], [ 0.564128666534089, 51.256936456135008 ], [ 0.56490144552663, 51.257421839196468 ], [ 0.569538119481876, 51.257421839196468 ], [ 0.571083677466959, 51.258392605319386 ], [ 0.572629235452041, 51.258392605319386 ], [ 0.573402014444582, 51.258877988380846 ], [ 0.573402014444582, 51.260819520626683 ], [ 0.574174793437123, 51.261304903688142 ], [ 0.575720351422206, 51.261304903688142 ], [ 0.576493130414747, 51.260819520626683 ], [ 0.574947572429664, 51.259848754503764 ], [ 0.574947572429664, 51.256936456135008 ], [ 0.573402014444582, 51.25596569001209 ], [ 0.573402014444582, 51.254994923889171 ], [ 0.574947572429664, 51.254024157766253 ], [ 0.574947572429664, 51.253053391643334 ], [ 0.575720351422206, 51.252568008581875 ], [ 0.577265909407288, 51.252568008581875 ], [ 0.578038688399829, 51.253053391643334 ], [ 0.576493130414747, 51.254024157766253 ], [ 0.576493130414747, 51.254994923889171 ], [ 0.578038688399829, 51.25596569001209 ], [ 0.578038688399829, 51.256936456135008 ], [ 0.576493130414747, 51.257907222257927 ], [ 0.57881146739237, 51.259363371442305 ], [ 0.580357025377452, 51.259363371442305 ], [ 0.581129804369994, 51.258877988380846 ], [ 0.581129804369994, 51.256936456135008 ], [ 0.581902583362535, 51.256451073073549 ], [ 0.584993699332699, 51.256451073073549 ], [ 0.586539257317781, 51.255480306950631 ], [ 0.588084815302864, 51.255480306950631 ], [ 0.588857594295405, 51.254994923889171 ], [ 0.58576647832524, 51.253053391643334 ], [ 0.58576647832524, 51.252082625520416 ], [ 0.586539257317781, 51.251597242458956 ], [ 0.592721489258111, 51.251597242458956 ], [ 0.595039826235734, 51.250141093274578 ], [ 0.595039826235734, 51.248199561028741 ], [ 0.595812605228275, 51.247714177967282 ], [ 0.597358163213357, 51.248684944090201 ], [ 0.600449279183522, 51.248684944090201 ], [ 0.602767616161145, 51.247228794905823 ], [ 0.602767616161145, 51.24237496429123 ], [ 0.601222058176063, 51.241404198168311 ], [ 0.601222058176063, 51.240433432045393 ], [ 0.601994837168604, 51.239948048983933 ], [ 0.603540395153686, 51.239948048983933 ], [ 0.607404290116392, 51.24237496429123 ], [ 0.607404290116392, 51.243345730414148 ], [ 0.608949848101474, 51.244316496537067 ], [ 0.608949848101474, 51.245287262659986 ], [ 0.611268185079098, 51.246743411844363 ], [ 0.614359301049262, 51.246743411844363 ], [ 0.615132080041803, 51.246258028782904 ], [ 0.615132080041803, 51.239462665922474 ], [ 0.614359301049262, 51.238977282861015 ], [ 0.61281374306418, 51.238977282861015 ], [ 0.612040964071639, 51.238491899799556 ], [ 0.612040964071639, 51.237521133676637 ], [ 0.61281374306418, 51.237035750615178 ], [ 0.615904859034345, 51.238977282861015 ], [ 0.620541532989591, 51.238977282861015 ], [ 0.621314311982132, 51.239462665922474 ], [ 0.618223196011968, 51.241404198168311 ], [ 0.61976875399705, 51.24237496429123 ], [ 0.61976875399705, 51.245287262659986 ], [ 0.618995975004509, 51.245772645721445 ], [ 0.617450417019427, 51.245772645721445 ], [ 0.616677638026886, 51.246258028782904 ], [ 0.618223196011968, 51.247228794905823 ], [ 0.618223196011968, 51.248199561028741 ], [ 0.61976875399705, 51.24917032715166 ], [ 0.61976875399705, 51.250141093274578 ], [ 0.622087090974674, 51.251597242458956 ], [ 0.623632648959756, 51.251597242458956 ], [ 0.624405427952297, 51.251111859397497 ], [ 0.624405427952297, 51.24917032715166 ], [ 0.622859869967215, 51.248199561028741 ], [ 0.625178206944838, 51.246743411844363 ], [ 0.62672376492992, 51.246743411844363 ], [ 0.627689738670597, 51.247228794905823 ], [ 0.628848907159409, 51.247228794905823 ], [ 0.629814880900085, 51.246622066078999 ], [ 0.630587659892626, 51.245287262659986 ], [ 0.631360438885167, 51.244801879598526 ], [ 0.63290599687025, 51.244801879598526 ], [ 0.633678775862791, 51.244316496537067 ], [ 0.630587659892626, 51.24237496429123 ], [ 0.630587659892626, 51.240433432045393 ], [ 0.629042101907544, 51.239462665922474 ], [ 0.630587659892626, 51.238491899799556 ], [ 0.627496543922462, 51.236550367553718 ], [ 0.628269322915003, 51.236064984492259 ], [ 0.629814880900085, 51.236064984492259 ], [ 0.630587659892626, 51.236550367553718 ], [ 0.630587659892626, 51.237521133676637 ], [ 0.633678775862791, 51.239462665922474 ], [ 0.633678775862791, 51.240433432045393 ], [ 0.638315449818037, 51.243345730414148 ], [ 0.638315449818037, 51.244316496537067 ], [ 0.63986100780312, 51.245287262659986 ], [ 0.63986100780312, 51.246258028782904 ], [ 0.640633786795661, 51.246743411844363 ], [ 0.643724902765825, 51.246743411844363 ], [ 0.646043239743449, 51.245287262659986 ], [ 0.646043239743449, 51.243345730414148 ], [ 0.648361576721072, 51.241889581229771 ], [ 0.651452692691237, 51.241889581229771 ], [ 0.652225471683778, 51.24237496429123 ], [ 0.650679913698696, 51.243345730414148 ], [ 0.650679913698696, 51.244316496537067 ], [ 0.651452692691237, 51.244801879598526 ], [ 0.654543808661401, 51.244801879598526 ], [ 0.656089366646484, 51.243831113475608 ], [ 0.657634924631566, 51.243831113475608 ], [ 0.659180482616648, 51.242860347352689 ], [ 0.662271598586813, 51.242860347352689 ], [ 0.663817156571895, 51.241889581229771 ], [ 0.665362714556977, 51.242860347352689 ], [ 0.666908272542059, 51.242860347352689 ], [ 0.669999388512224, 51.240918815106852 ], [ 0.670772167504765, 51.241404198168311 ], [ 0.669226609519683, 51.24237496429123 ], [ 0.670772167504765, 51.243345730414148 ], [ 0.669999388512224, 51.243831113475608 ], [ 0.663817156571895, 51.243831113475608 ], [ 0.663044377579354, 51.244316496537067 ], [ 0.664589935564436, 51.245287262659986 ], [ 0.664589935564436, 51.247228794905823 ], [ 0.663817156571895, 51.247714177967282 ], [ 0.663044377579354, 51.247228794905823 ], [ 0.663044377579354, 51.246258028782904 ], [ 0.662271598586813, 51.245772645721445 ], [ 0.66072604060173, 51.245772645721445 ], [ 0.658407703624107, 51.247228794905823 ], [ 0.658407703624107, 51.248199561028741 ], [ 0.654543808661401, 51.250626476336038 ], [ 0.652998250676319, 51.250626476336038 ], [ 0.650679913698696, 51.252082625520416 ], [ 0.650679913698696, 51.253053391643334 ], [ 0.652998250676319, 51.254509540827712 ], [ 0.654543808661401, 51.254509540827712 ], [ 0.655316587653942, 51.254994923889171 ], [ 0.65377102966886, 51.25596569001209 ], [ 0.65377102966886, 51.256936456135008 ], [ 0.652998250676319, 51.257421839196468 ], [ 0.650679913698696, 51.25596569001209 ], [ 0.650679913698696, 51.254994923889171 ], [ 0.647588797728531, 51.253053391643334 ], [ 0.647588797728531, 51.252082625520416 ], [ 0.64681601873599, 51.251597242458956 ], [ 0.645270460750908, 51.251597242458956 ], [ 0.643724902765825, 51.250626476336038 ], [ 0.640633786795661, 51.250626476336038 ], [ 0.63986100780312, 51.251111859397497 ], [ 0.63986100780312, 51.252082625520416 ], [ 0.640633786795661, 51.252568008581875 ], [ 0.642179344780743, 51.252568008581875 ], [ 0.644497681758367, 51.254024157766253 ], [ 0.644497681758367, 51.254994923889171 ], [ 0.646043239743449, 51.25596569001209 ], [ 0.646043239743449, 51.256936456135008 ], [ 0.64681601873599, 51.257421839196468 ], [ 0.649907134706154, 51.257421839196468 ], [ 0.650679913698696, 51.257907222257927 ], [ 0.64681601873599, 51.260334137565224 ], [ 0.645270460750908, 51.260334137565224 ], [ 0.644497681758367, 51.260819520626683 ], [ 0.644497681758367, 51.261790286749601 ], [ 0.642952123773284, 51.26276105287252 ], [ 0.642952123773284, 51.263731818995439 ], [ 0.643724902765825, 51.264217202056898 ], [ 0.64681601873599, 51.264217202056898 ], [ 0.648361576721072, 51.263246435933979 ], [ 0.649134355713613, 51.263731818995439 ], [ 0.649134355713613, 51.264702585118357 ], [ 0.646043239743449, 51.266644117364194 ], [ 0.646043239743449, 51.267614883487113 ], [ 0.647588797728531, 51.268585649610031 ], [ 0.647588797728531, 51.26955641573295 ], [ 0.648361576721072, 51.270041798794409 ], [ 0.649907134706154, 51.270041798794409 ], [ 0.650679913698696, 51.270527181855869 ], [ 0.650679913698696, 51.271497947978787 ], [ 0.649907134706154, 51.271983331040246 ], [ 0.648361576721072, 51.271983331040246 ], [ 0.64681601873599, 51.271012564917328 ], [ 0.645270460750908, 51.271012564917328 ], [ 0.643724902765825, 51.270041798794409 ], [ 0.640633786795661, 51.270041798794409 ], [ 0.639088228810579, 51.269071032671491 ], [ 0.638315449818037, 51.26955641573295 ], [ 0.638315449818037, 51.271497947978787 ], [ 0.636769891832955, 51.272468714101706 ], [ 0.636769891832955, 51.27635177859338 ], [ 0.635997112840414, 51.276837161654839 ], [ 0.63290599687025, 51.276837161654839 ], [ 0.632133217877708, 51.277322544716299 ], [ 0.632133217877708, 51.278293310839217 ], [ 0.629814880900085, 51.279749460023595 ], [ 0.628269322915003, 51.279749460023595 ], [ 0.625950985937379, 51.281205609207973 ], [ 0.62672376492992, 51.281690992269432 ], [ 0.63290599687025, 51.281690992269432 ], [ 0.633678775862791, 51.282176375330891 ], [ 0.633678775862791, 51.284117907576729 ], [ 0.631360438885167, 51.285574056761106 ], [ 0.629814880900085, 51.285574056761106 ], [ 0.628269322915003, 51.284603290638188 ], [ 0.622087090974674, 51.284603290638188 ], [ 0.620541532989591, 51.285574056761106 ], [ 0.618995975004509, 51.285574056761106 ], [ 0.617450417019427, 51.286544822884025 ], [ 0.615904859034345, 51.286544822884025 ], [ 0.615132080041803, 51.287030205945484 ], [ 0.615132080041803, 51.288000972068403 ], [ 0.613586522056721, 51.288971738191321 ], [ 0.615132080041803, 51.28994250431424 ], [ 0.615132080041803, 51.292854802682996 ], [ 0.616677638026886, 51.293825568805914 ], [ 0.616677638026886, 51.294796334928833 ], [ 0.618995975004509, 51.296252484113211 ], [ 0.61976875399705, 51.295767101051752 ], [ 0.61976875399705, 51.294796334928833 ], [ 0.618223196011968, 51.293825568805914 ], [ 0.618223196011968, 51.291884036560077 ], [ 0.616677638026886, 51.290913270437159 ], [ 0.617450417019427, 51.290427887375699 ], [ 0.618995975004509, 51.290427887375699 ], [ 0.61976875399705, 51.290913270437159 ], [ 0.61976875399705, 51.291884036560077 ], [ 0.621314311982132, 51.292854802682996 ], [ 0.621314311982132, 51.293825568805914 ], [ 0.622859869967215, 51.294796334928833 ], [ 0.622859869967215, 51.295767101051752 ], [ 0.623632648959756, 51.296252484113211 ], [ 0.625178206944838, 51.296252484113211 ], [ 0.62672376492992, 51.297223250236129 ], [ 0.627496543922462, 51.29673786717467 ], [ 0.627496543922462, 51.295767101051752 ], [ 0.628269322915003, 51.295281717990292 ], [ 0.630587659892626, 51.29673786717467 ], [ 0.630587659892626, 51.297708633297589 ], [ 0.633678775862791, 51.299650165543426 ], [ 0.632133217877708, 51.300620931666344 ], [ 0.633678775862791, 51.301591697789263 ], [ 0.633678775862791, 51.302562463912182 ], [ 0.635997112840414, 51.304018613096559 ], [ 0.640633786795661, 51.304018613096559 ], [ 0.642179344780743, 51.304989379219478 ], [ 0.645270460750908, 51.304989379219478 ], [ 0.646043239743449, 51.304503996158019 ], [ 0.646043239743449, 51.301591697789263 ], [ 0.647588797728531, 51.300620931666344 ], [ 0.647588797728531, 51.299650165543426 ], [ 0.649134355713613, 51.298679399420507 ], [ 0.649134355713613, 51.297708633297589 ], [ 0.649907134706154, 51.297223250236129 ], [ 0.652998250676319, 51.297223250236129 ], [ 0.654543808661401, 51.296252484113211 ], [ 0.656089366646484, 51.296252484113211 ], [ 0.656862145639025, 51.29673786717467 ], [ 0.656862145639025, 51.297708633297589 ], [ 0.658407703624107, 51.298679399420507 ], [ 0.658407703624107, 51.301591697789263 ], [ 0.66072604060173, 51.303047846973641 ], [ 0.662271598586813, 51.303047846973641 ], [ 0.663044377579354, 51.302562463912182 ], [ 0.663044377579354, 51.299650165543426 ], [ 0.663817156571895, 51.299164782481967 ], [ 0.667681051534601, 51.301591697789263 ], [ 0.667681051534601, 51.305474762280937 ], [ 0.666908272542059, 51.305960145342397 ], [ 0.663817156571895, 51.305960145342397 ], [ 0.663044377579354, 51.306445528403856 ], [ 0.663817156571895, 51.306930911465315 ], [ 0.668453830527142, 51.306930911465315 ], [ 0.669999388512224, 51.307901677588234 ], [ 0.671544946497306, 51.307901677588234 ], [ 0.673090504482388, 51.308872443711152 ], [ 0.67386328347493, 51.308387060649693 ], [ 0.67386328347493, 51.307416294526774 ], [ 0.675408841460012, 51.306445528403856 ], [ 0.675408841460012, 51.305474762280937 ], [ 0.674636062467471, 51.304989379219478 ], [ 0.673090504482388, 51.304989379219478 ], [ 0.672317725489847, 51.304503996158019 ], [ 0.672317725489847, 51.301591697789263 ], [ 0.673090504482388, 51.301106314727804 ], [ 0.674636062467471, 51.302077080850722 ], [ 0.676181620452553, 51.302077080850722 ], [ 0.678499957430176, 51.3035332300351 ], [ 0.678499957430176, 51.308387060649693 ], [ 0.679272736422718, 51.308872443711152 ], [ 0.6808182944078, 51.308872443711152 ], [ 0.681591073400341, 51.309357826772612 ], [ 0.681591073400341, 51.31032859289553 ], [ 0.682363852392882, 51.310813975956989 ], [ 0.683136631385423, 51.31032859289553 ], [ 0.683136631385423, 51.309357826772612 ], [ 0.683909410377964, 51.308872443711152 ], [ 0.688546084333211, 51.308872443711152 ], [ 0.693182758288458, 51.311784742079908 ], [ 0.696273874258623, 51.311784742079908 ], [ 0.697046653251164, 51.312270125141367 ], [ 0.696273874258623, 51.312755508202827 ], [ 0.691637200303376, 51.312755508202827 ], [ 0.690091642318293, 51.311784742079908 ], [ 0.688546084333211, 51.311784742079908 ], [ 0.687000526348129, 51.310813975956989 ], [ 0.685454968363047, 51.311784742079908 ], [ 0.682363852392882, 51.311784742079908 ], [ 0.681591073400341, 51.312270125141367 ], [ 0.684682189370506, 51.314211657387204 ], [ 0.684682189370506, 51.315182423510123 ], [ 0.689318863325752, 51.318094721878879 ], [ 0.689318863325752, 51.319065488001797 ], [ 0.690864421310835, 51.320036254124716 ], [ 0.690864421310835, 51.321007020247635 ], [ 0.69472831627354, 51.323433935554931 ], [ 0.699364990228787, 51.323433935554931 ], [ 0.700137769221328, 51.322948552493472 ], [ 0.700137769221328, 51.321977786370553 ], [ 0.698592211236246, 51.321007020247635 ], [ 0.698592211236246, 51.320036254124716 ], [ 0.693955537280999, 51.31712395575596 ], [ 0.69472831627354, 51.316638572694501 ], [ 0.700137769221328, 51.320036254124716 ], [ 0.700137769221328, 51.321007020247635 ], [ 0.703228885191493, 51.322948552493472 ], [ 0.703228885191493, 51.32391931861639 ], [ 0.704001664184034, 51.32440470167785 ], [ 0.705547222169116, 51.32440470167785 ], [ 0.706320001161657, 51.324890084739309 ], [ 0.706320001161657, 51.327802383108065 ], [ 0.70786555914674, 51.328773149230983 ], [ 0.707092780154198, 51.329258532292442 ], [ 0.703228885191493, 51.326831616985146 ], [ 0.703228885191493, 51.325860850862227 ], [ 0.702456106198952, 51.325375467800768 ], [ 0.700910548213869, 51.325375467800768 ], [ 0.699364990228787, 51.326346233923687 ], [ 0.697819432243705, 51.326346233923687 ], [ 0.697046653251164, 51.326831616985146 ], [ 0.697046653251164, 51.327802383108065 ], [ 0.695501095266081, 51.328773149230983 ], [ 0.697046653251164, 51.329743915353902 ], [ 0.697046653251164, 51.33071468147682 ], [ 0.698592211236246, 51.331685447599739 ], [ 0.698592211236246, 51.332656213722657 ], [ 0.702456106198952, 51.335083129029954 ], [ 0.704001664184034, 51.335083129029954 ], [ 0.704774443176575, 51.335568512091413 ], [ 0.704001664184034, 51.336053895152872 ], [ 0.702456106198952, 51.336053895152872 ], [ 0.700910548213869, 51.335083129029954 ], [ 0.700137769221328, 51.335568512091413 ], [ 0.700137769221328, 51.336539278214332 ], [ 0.698592211236246, 51.33751004433725 ], [ 0.698592211236246, 51.338480810460169 ], [ 0.697046653251164, 51.339451576583087 ], [ 0.698592211236246, 51.340422342706006 ], [ 0.698592211236246, 51.342363874951843 ], [ 0.699364990228787, 51.342849258013302 ], [ 0.700910548213869, 51.341878491890384 ], [ 0.702456106198952, 51.341878491890384 ], [ 0.703228885191493, 51.341393108828925 ], [ 0.703228885191493, 51.340422342706006 ], [ 0.70168332720641, 51.339451576583087 ], [ 0.703228885191493, 51.338480810460169 ], [ 0.703228885191493, 51.33751004433725 ], [ 0.704001664184034, 51.337024661275791 ], [ 0.705547222169116, 51.337024661275791 ], [ 0.70786555914674, 51.338480810460169 ], [ 0.70786555914674, 51.340422342706006 ], [ 0.708638338139281, 51.340907725767465 ], [ 0.710183896124363, 51.340907725767465 ], [ 0.711729454109445, 51.341878491890384 ], [ 0.713275012094527, 51.341878491890384 ], [ 0.717138907057233, 51.339451576583087 ], [ 0.717138907057233, 51.338480810460169 ], [ 0.717911686049774, 51.33799542739871 ], [ 0.720230023027398, 51.339451576583087 ], [ 0.720230023027398, 51.341393108828925 ], [ 0.721002802019939, 51.341878491890384 ], [ 0.724093917990103, 51.341878491890384 ], [ 0.724866696982644, 51.342363874951843 ], [ 0.724866696982644, 51.343334641074762 ], [ 0.72873059194535, 51.345761556382058 ], [ 0.733367265900597, 51.345761556382058 ], [ 0.734140044893138, 51.346246939443517 ], [ 0.732594486908056, 51.347217705566436 ], [ 0.732594486908056, 51.349159237812273 ], [ 0.734140044893138, 51.350130003935192 ], [ 0.733367265900597, 51.350615386996651 ], [ 0.731821707915515, 51.349644620873732 ], [ 0.730276149930432, 51.349644620873732 ], [ 0.723321138997562, 51.354013068426866 ], [ 0.723321138997562, 51.355954600672703 ], [ 0.722548360005021, 51.356439983734163 ], [ 0.719457244034857, 51.356439983734163 ], [ 0.718684465042315, 51.356925366795622 ], [ 0.719457244034857, 51.357410749857081 ], [ 0.722548360005021, 51.357410749857081 ], [ 0.724093917990103, 51.35838151598 ], [ 0.725639475975186, 51.35838151598 ], [ 0.726412254967727, 51.358866899041459 ], [ 0.726412254967727, 51.361779197410215 ], [ 0.727957812952809, 51.362749963533133 ], [ 0.726412254967727, 51.363720729656052 ], [ 0.727185033960268, 51.364206112717511 ], [ 0.730276149930432, 51.364206112717511 ], [ 0.731048928922974, 51.36469149577897 ], [ 0.729503370937891, 51.365662261901889 ], [ 0.729503370937891, 51.366633028024808 ], [ 0.727185033960268, 51.368089177209185 ], [ 0.726412254967727, 51.367603794147726 ], [ 0.726412254967727, 51.366633028024808 ], [ 0.724866696982644, 51.365662261901889 ], [ 0.724866696982644, 51.36469149577897 ], [ 0.722548360005021, 51.363235346594593 ], [ 0.719457244034857, 51.363235346594593 ], [ 0.717911686049774, 51.362264580471674 ], [ 0.713275012094527, 51.362264580471674 ], [ 0.711729454109445, 51.363235346594593 ], [ 0.710183896124363, 51.363235346594593 ], [ 0.707092780154198, 51.36517687884043 ], [ 0.705547222169116, 51.36517687884043 ], [ 0.704774443176575, 51.36469149577897 ], [ 0.707092780154198, 51.363235346594593 ], [ 0.708638338139281, 51.363235346594593 ], [ 0.709411117131822, 51.362749963533133 ], [ 0.709411117131822, 51.361779197410215 ], [ 0.710183896124363, 51.361293814348755 ], [ 0.711729454109445, 51.362264580471674 ], [ 0.712502233101986, 51.361779197410215 ], [ 0.712502233101986, 51.360808431287296 ], [ 0.713275012094527, 51.360323048225837 ], [ 0.71482057007961, 51.360323048225837 ], [ 0.715593349072151, 51.359837665164378 ], [ 0.713275012094527, 51.35838151598 ], [ 0.708638338139281, 51.35838151598 ], [ 0.707092780154198, 51.359352282102918 ], [ 0.704001664184034, 51.359352282102918 ], [ 0.702456106198952, 51.360323048225837 ], [ 0.699364990228787, 51.360323048225837 ], [ 0.697819432243705, 51.361293814348755 ], [ 0.697046653251164, 51.360808431287296 ], [ 0.698592211236246, 51.359837665164378 ], [ 0.698592211236246, 51.358866899041459 ], [ 0.699364990228787, 51.35838151598 ], [ 0.700910548213869, 51.359352282102918 ], [ 0.702456106198952, 51.35838151598 ], [ 0.704001664184034, 51.35838151598 ], [ 0.704774443176575, 51.35789613291854 ], [ 0.704774443176575, 51.356925366795622 ], [ 0.706320001161657, 51.355954600672703 ], [ 0.706320001161657, 51.354983834549785 ], [ 0.704774443176575, 51.354013068426866 ], [ 0.704774443176575, 51.353042302303948 ], [ 0.704001664184034, 51.352556919242488 ], [ 0.699364990228787, 51.352556919242488 ], [ 0.698592211236246, 51.353042302303948 ], [ 0.698592211236246, 51.354013068426866 ], [ 0.700137769221328, 51.354983834549785 ], [ 0.700137769221328, 51.356925366795622 ], [ 0.699364990228787, 51.357410749857081 ], [ 0.697819432243705, 51.357410749857081 ], [ 0.697046653251164, 51.356925366795622 ], [ 0.697046653251164, 51.355954600672703 ], [ 0.696273874258623, 51.355469217611244 ], [ 0.69472831627354, 51.355469217611244 ], [ 0.693955537280999, 51.354983834549785 ], [ 0.693955537280999, 51.354013068426866 ], [ 0.691637200303376, 51.352556919242488 ], [ 0.690091642318293, 51.353527685365407 ], [ 0.687000526348129, 51.35158615311957 ], [ 0.686227747355588, 51.352071536181029 ], [ 0.686227747355588, 51.353042302303948 ], [ 0.685454968363047, 51.353527685365407 ], [ 0.682363852392882, 51.353527685365407 ], [ 0.681591073400341, 51.353042302303948 ], [ 0.681591073400341, 51.352071536181029 ], [ 0.6808182944078, 51.35158615311957 ], [ 0.679272736422718, 51.35158615311957 ], [ 0.676954399445094, 51.353042302303948 ], [ 0.676954399445094, 51.354013068426866 ], [ 0.675408841460012, 51.354983834549785 ], [ 0.675408841460012, 51.355954600672703 ], [ 0.674636062467471, 51.356439983734163 ], [ 0.673090504482388, 51.356439983734163 ], [ 0.672317725489847, 51.356925366795622 ], [ 0.67386328347493, 51.35789613291854 ], [ 0.67386328347493, 51.358866899041459 ], [ 0.673090504482388, 51.359352282102918 ], [ 0.671544946497306, 51.359352282102918 ], [ 0.670772167504765, 51.359837665164378 ], [ 0.672317725489847, 51.360808431287296 ], [ 0.671544946497306, 51.361293814348755 ], [ 0.669226609519683, 51.359837665164378 ], [ 0.670772167504765, 51.358866899041459 ], [ 0.669999388512224, 51.35838151598 ], [ 0.668453830527142, 51.35838151598 ], [ 0.667681051534601, 51.35789613291854 ], [ 0.667681051534601, 51.356925366795622 ], [ 0.669226609519683, 51.355954600672703 ], [ 0.666908272542059, 51.354498451488325 ], [ 0.665362714556977, 51.355469217611244 ], [ 0.66072604060173, 51.355469217611244 ], [ 0.659180482616648, 51.356439983734163 ], [ 0.657634924631566, 51.356439983734163 ], [ 0.656862145639025, 51.356925366795622 ], [ 0.657634924631566, 51.357410749857081 ], [ 0.663817156571895, 51.357410749857081 ], [ 0.666135493549518, 51.358866899041459 ], [ 0.665362714556977, 51.359352282102918 ], [ 0.66072604060173, 51.359352282102918 ], [ 0.659953261609189, 51.359837665164378 ], [ 0.659953261609189, 51.360808431287296 ], [ 0.659180482616648, 51.361293814348755 ], [ 0.657634924631566, 51.361293814348755 ], [ 0.656862145639025, 51.361779197410215 ], [ 0.656862145639025, 51.363720729656052 ], [ 0.657634924631566, 51.364206112717511 ], [ 0.659180482616648, 51.364206112717511 ], [ 0.659953261609189, 51.363720729656052 ], [ 0.659953261609189, 51.362749963533133 ], [ 0.66072604060173, 51.362264580471674 ], [ 0.662271598586813, 51.362264580471674 ], [ 0.663044377579354, 51.362749963533133 ], [ 0.663044377579354, 51.363720729656052 ], [ 0.661498819594271, 51.36469149577897 ], [ 0.661498819594271, 51.365662261901889 ], [ 0.659953261609189, 51.366633028024808 ], [ 0.661498819594271, 51.367603794147726 ], [ 0.661498819594271, 51.368574560270645 ], [ 0.664589935564436, 51.370516092516482 ], [ 0.664589935564436, 51.3714868586394 ], [ 0.663817156571895, 51.37197224170086 ], [ 0.66072604060173, 51.370030709455023 ], [ 0.659180482616648, 51.370030709455023 ], [ 0.656862145639025, 51.368574560270645 ], [ 0.656862145639025, 51.367603794147726 ], [ 0.656089366646484, 51.367118411086267 ], [ 0.65377102966886, 51.368574560270645 ], [ 0.658407703624107, 51.3714868586394 ], [ 0.658407703624107, 51.372457624762319 ], [ 0.656862145639025, 51.373428390885238 ], [ 0.656862145639025, 51.374399157008156 ], [ 0.657634924631566, 51.374884540069615 ], [ 0.66072604060173, 51.374884540069615 ], [ 0.662271598586813, 51.373913773946697 ], [ 0.663817156571895, 51.373913773946697 ], [ 0.665362714556977, 51.372943007823778 ], [ 0.668453830527142, 51.372943007823778 ], [ 0.669226609519683, 51.373428390885238 ], [ 0.669226609519683, 51.374399157008156 ], [ 0.668453830527142, 51.374884540069615 ], [ 0.666908272542059, 51.373913773946697 ], [ 0.665362714556977, 51.373913773946697 ], [ 0.664589935564436, 51.374399157008156 ], [ 0.664589935564436, 51.375369923131075 ], [ 0.66072604060173, 51.377796838438371 ], [ 0.659180482616648, 51.377796838438371 ], [ 0.658407703624107, 51.37828222149983 ], [ 0.658407703624107, 51.379252987622749 ], [ 0.661498819594271, 51.381194519868586 ], [ 0.658407703624107, 51.383136052114423 ], [ 0.658407703624107, 51.386048350483179 ], [ 0.657634924631566, 51.386533733544638 ], [ 0.656862145639025, 51.386048350483179 ], [ 0.656862145639025, 51.384106818237342 ], [ 0.656089366646484, 51.383621435175883 ], [ 0.654543808661401, 51.383621435175883 ], [ 0.65377102966886, 51.383136052114423 ], [ 0.65377102966886, 51.382165285991505 ], [ 0.652998250676319, 51.381679902930046 ], [ 0.651452692691237, 51.381679902930046 ], [ 0.650679913698696, 51.382165285991505 ], [ 0.652225471683778, 51.383136052114423 ], [ 0.648361576721072, 51.38556296742172 ], [ 0.647588797728531, 51.385077584360261 ], [ 0.647588797728531, 51.383136052114423 ], [ 0.649134355713613, 51.382165285991505 ], [ 0.649134355713613, 51.380223753745668 ], [ 0.648361576721072, 51.379738370684208 ], [ 0.64681601873599, 51.380709136807127 ], [ 0.645270460750908, 51.380709136807127 ], [ 0.644497681758367, 51.380223753745668 ], [ 0.644497681758367, 51.379252987622749 ], [ 0.643724902765825, 51.37876760456129 ], [ 0.640633786795661, 51.37876760456129 ], [ 0.639088228810579, 51.377796838438371 ], [ 0.63290599687025, 51.377796838438371 ], [ 0.631360438885167, 51.37876760456129 ], [ 0.629814880900085, 51.37876760456129 ], [ 0.627496543922462, 51.377311455376912 ], [ 0.627303349174326, 51.376340689253993 ], [ 0.626144180685515, 51.375369923131075 ], [ 0.625178206944838, 51.375976651957899 ], [ 0.622859869967215, 51.376340689253993 ], [ 0.622087090974674, 51.376826072315453 ], [ 0.620541532989591, 51.376826072315453 ], [ 0.61976875399705, 51.377311455376912 ], [ 0.61976875399705, 51.37828222149983 ], [ 0.619961948745186, 51.379252987622749 ], [ 0.618995975004509, 51.379859716449573 ], [ 0.618030001263833, 51.379252987622749 ], [ 0.615904859034345, 51.378888950326655 ], [ 0.611268185079098, 51.379859716449573 ], [ 0.609722627094015, 51.380830482572492 ], [ 0.608756653353339, 51.380223753745668 ], [ 0.607597484864527, 51.380223753745668 ], [ 0.606051926879445, 51.381194519868586 ], [ 0.604313174146228, 51.382165285991505 ], [ 0.602767616161145, 51.383136052114423 ], [ 0.601994837168604, 51.383742780941247 ], [ 0.599869694939116, 51.384106818237342 ], [ 0.59890372119844, 51.384713547064166 ], [ 0.598324136954034, 51.386048350483179 ], [ 0.597358163213357, 51.386533733544638 ], [ 0.593687462998787, 51.387989882729016 ], [ 0.591948710265569, 51.388960648851935 ], [ 0.589630373287946, 51.390416798036313 ], [ 0.588084815302864, 51.390416798036313 ], [ 0.586539257317781, 51.391387564159231 ], [ 0.585573283577105, 51.390902181097772 ], [ 0.583448141347617, 51.390538143801678 ], [ 0.581322999118129, 51.390902181097772 ], [ 0.580357025377452, 51.391387564159231 ], [ 0.57881146739237, 51.390416798036313 ], [ 0.575720351422206, 51.390416798036313 ], [ 0.574174793437123, 51.391387564159231 ], [ 0.569538119481876, 51.391387564159231 ], [ 0.568765340489335, 51.391872947220691 ], [ 0.568765340489335, 51.392843713343609 ], [ 0.564128666534089, 51.395756011712365 ], [ 0.563355887541547, 51.396362740539189 ], [ 0.560264771571383, 51.396241394773824 ], [ 0.559491992578842, 51.395756011712365 ], [ 0.559491992578842, 51.394785245589446 ], [ 0.558719213586301, 51.394299862527987 ], [ 0.557173655601218, 51.394299862527987 ], [ 0.555628097616136, 51.395270628650906 ], [ 0.554082539631054, 51.394299862527987 ], [ 0.552536981645972, 51.394299862527987 ], [ 0.550991423660889, 51.395270628650906 ], [ 0.54480919172056, 51.395270628650906 ], [ 0.542490854742937, 51.393814479466528 ], [ 0.542490854742937, 51.392843713343609 ], [ 0.541718075750396, 51.39235833028215 ], [ 0.540945296757855, 51.392843713343609 ], [ 0.540945296757855, 51.393814479466528 ], [ 0.540172517765313, 51.394299862527987 ], [ 0.538626959780231, 51.393329096405068 ], [ 0.53089916985482, 51.393329096405068 ], [ 0.530126390862279, 51.393814479466528 ], [ 0.532444727839902, 51.395270628650906 ], [ 0.533990285824984, 51.395270628650906 ], [ 0.534763064817525, 51.395756011712365 ], [ 0.534763064817525, 51.397697543958202 ], [ 0.533990285824984, 51.398182927019661 ], [ 0.532444727839902, 51.398182927019661 ], [ 0.53089916985482, 51.39915369314258 ], [ 0.529353611869738, 51.39915369314258 ], [ 0.528580832877196, 51.398668310081121 ], [ 0.528580832877196, 51.397697543958202 ], [ 0.525489716907032, 51.395756011712365 ], [ 0.525296522158897, 51.394785245589446 ], [ 0.525296522158897, 51.393814479466528 ], [ 0.524716937914491, 51.392479676047515 ], [ 0.52394415892195, 51.391872947220691 ], [ 0.523750964173814, 51.389931414974853 ], [ 0.522205406188732, 51.387989882729016 ], [ 0.522205406188732, 51.387019116606098 ], [ 0.520080263959244, 51.384713547064166 ], [ 0.518534705974162, 51.384713547064166 ], [ 0.517568732233485, 51.384106818237342 ], [ 0.516409563744674, 51.384106818237342 ], [ 0.515443590003997, 51.384713547064166 ], [ 0.513318447774509, 51.385077584360261 ], [ 0.512352474033833, 51.385684313187085 ], [ 0.511772889789427, 51.387019116606098 ], [ 0.511772889789427, 51.387989882729016 ], [ 0.51080691604875, 51.38859661155584 ], [ 0.510227331804344, 51.389931414974853 ], [ 0.510227331804344, 51.391872947220691 ], [ 0.510034137056209, 51.392843713343609 ], [ 0.507715800078586, 51.394299862527987 ], [ 0.506749826337909, 51.393814479466528 ], [ 0.504624684108421, 51.393450442170433 ], [ 0.497476478427416, 51.388960648851935 ], [ 0.49689689418301, 51.387625845432922 ], [ 0.495930920442333, 51.387019116606098 ], [ 0.495930920442333, 51.385077584360261 ], [ 0.495351336197928, 51.383742780941247 ], [ 0.494385362457251, 51.383136052114423 ], [ 0.493805778212845, 51.38180124869541 ], [ 0.489748688502004, 51.379252987622749 ], [ 0.487623546272516, 51.378888950326655 ], [ 0.48665757253184, 51.37828222149983 ], [ 0.484532430302352, 51.377918184203736 ], [ 0.483566456561675, 51.377311455376912 ], [ 0.482407288072864, 51.377311455376912 ], [ 0.481441314332187, 51.377918184203736 ], [ 0.480475340591511, 51.377311455376912 ], [ 0.479895756347105, 51.375976651957899 ], [ 0.478929782606428, 51.375369923131075 ], [ 0.47680464037694, 51.37500588583498 ], [ 0.475838666636264, 51.374399157008156 ], [ 0.473713524406776, 51.374035119712062 ], [ 0.470622408436611, 51.374035119712062 ], [ 0.469656434695935, 51.373428390885238 ], [ 0.467531292466447, 51.373064353589143 ], [ 0.465019760740688, 51.3714868586394 ], [ 0.4628946185112, 51.371122821343306 ], [ 0.458837528800359, 51.368574560270645 ], [ 0.456712386570871, 51.36821052297455 ], [ 0.455746412830194, 51.367603794147726 ], [ 0.453621270600706, 51.367239756851632 ], [ 0.449564180889865, 51.36469149577897 ], [ 0.449564180889865, 51.361779197410215 ], [ 0.450530154630542, 51.361172468583391 ], [ 0.451109738874948, 51.359837665164378 ], [ 0.451109738874948, 51.358866899041459 ], [ 0.452075712615624, 51.358260170214635 ], [ 0.452848491608165, 51.358866899041459 ], [ 0.452848491608165, 51.360808431287296 ], [ 0.454394049593247, 51.361779197410215 ], [ 0.454394049593247, 51.362749963533133 ], [ 0.45593960757833, 51.363720729656052 ], [ 0.45593960757833, 51.36469149577897 ], [ 0.456712386570871, 51.36517687884043 ], [ 0.457485165563412, 51.36469149577897 ], [ 0.457485165563412, 51.358866899041459 ], [ 0.456712386570871, 51.35838151598 ], [ 0.455166828585789, 51.35838151598 ], [ 0.454394049593247, 51.35789613291854 ], [ 0.454394049593247, 51.356925366795622 ], [ 0.45593960757833, 51.355954600672703 ], [ 0.455746412830194, 51.354983834549785 ], [ 0.454587244341383, 51.354983834549785 ], [ 0.453621270600706, 51.355469217611244 ], [ 0.451302933623083, 51.355954600672703 ], [ 0.451496128371218, 51.356925366795622 ], [ 0.44898459664546, 51.358502861745364 ], [ 0.448405012401054, 51.359837665164378 ], [ 0.448405012401054, 51.36469149577897 ], [ 0.44898459664546, 51.366026299197983 ], [ 0.451496128371218, 51.367603794147726 ], [ 0.453621270600706, 51.367967831443821 ], [ 0.460769476281712, 51.372457624762319 ], [ 0.4628946185112, 51.372821662058413 ], [ 0.466951708222041, 51.375369923131075 ], [ 0.469076850451529, 51.375733960427169 ], [ 0.472167966421694, 51.375733960427169 ], [ 0.474679498147452, 51.377311455376912 ], [ 0.475259082391858, 51.378646258795925 ], [ 0.476225056132535, 51.379252987622749 ], [ 0.478350198362023, 51.379617024918844 ], [ 0.480861730087781, 51.381194519868586 ], [ 0.482986872317269, 51.381558557164681 ], [ 0.489169104257599, 51.381558557164681 ], [ 0.491680635983357, 51.383136052114423 ], [ 0.491680635983357, 51.385077584360261 ], [ 0.490714662242681, 51.385684313187085 ], [ 0.490714662242681, 51.386412387779274 ], [ 0.491680635983357, 51.387019116606098 ], [ 0.490714662242681, 51.387625845432922 ], [ 0.490714662242681, 51.388353920025111 ], [ 0.491680635983357, 51.388960648851935 ], [ 0.492260220227763, 51.390295452270948 ], [ 0.493226193968439, 51.390902181097772 ], [ 0.495351336197928, 51.391266218393866 ], [ 0.496317309938604, 51.391872947220691 ], [ 0.498442452168092, 51.392236984516785 ], [ 0.500953983893851, 51.393814479466528 ], [ 0.501533568138257, 51.395149282885541 ], [ 0.504045099864015, 51.396726777835283 ], [ 0.506170242093503, 51.397090815131378 ], [ 0.508295384322992, 51.396726777835283 ], [ 0.509261358063668, 51.396120049008459 ], [ 0.510034137056209, 51.394785245589446 ], [ 0.51080691604875, 51.394299862527987 ], [ 0.512352474033833, 51.394299862527987 ], [ 0.514670811011456, 51.392843713343609 ], [ 0.514670811011456, 51.391872947220691 ], [ 0.515443590003997, 51.391387564159231 ], [ 0.518534705974162, 51.391387564159231 ], [ 0.520853042951785, 51.392843713343609 ], [ 0.520853042951785, 51.393814479466528 ], [ 0.51776192698162, 51.395756011712365 ], [ 0.518534705974162, 51.396241394773824 ], [ 0.520080263959244, 51.396241394773824 ], [ 0.520853042951785, 51.396726777835283 ], [ 0.520080263959244, 51.397212160896743 ], [ 0.518534705974162, 51.397212160896743 ], [ 0.51776192698162, 51.397697543958202 ], [ 0.51776192698162, 51.398668310081121 ], [ 0.516989147989079, 51.39915369314258 ], [ 0.515443590003997, 51.39915369314258 ], [ 0.513898032018915, 51.398182927019661 ], [ 0.512352474033833, 51.398182927019661 ], [ 0.511579695041291, 51.398668310081121 ], [ 0.511579695041291, 51.401580608449876 ], [ 0.512352474033833, 51.402065991511336 ], [ 0.513125253026374, 51.401580608449876 ], [ 0.513125253026374, 51.400609842326958 ], [ 0.513898032018915, 51.400124459265498 ], [ 0.516216368996538, 51.401580608449876 ], [ 0.516216368996538, 51.402551374572795 ], [ 0.51776192698162, 51.403522140695713 ], [ 0.513125253026374, 51.406434439064469 ], [ 0.513898032018915, 51.406919822125928 ], [ 0.515443590003997, 51.406919822125928 ], [ 0.516989147989079, 51.40594905600301 ], [ 0.51776192698162, 51.406434439064469 ], [ 0.51776192698162, 51.407405205187388 ], [ 0.518534705974162, 51.407890588248847 ], [ 0.520080263959244, 51.407890588248847 ], [ 0.520853042951785, 51.408375971310306 ], [ 0.520080263959244, 51.408861354371766 ], [ 0.518534705974162, 51.408861354371766 ], [ 0.51776192698162, 51.409346737433225 ], [ 0.51776192698162, 51.411288269679062 ], [ 0.520853042951785, 51.413229801924899 ], [ 0.520853042951785, 51.417112866416574 ], [ 0.521625821944326, 51.417598249478033 ], [ 0.523171379929408, 51.416627483355114 ], [ 0.524716937914491, 51.417598249478033 ], [ 0.525489716907032, 51.417112866416574 ], [ 0.525489716907032, 51.416142100293655 ], [ 0.526262495899573, 51.415656717232196 ], [ 0.527035274892114, 51.416142100293655 ], [ 0.527035274892114, 51.417112866416574 ], [ 0.530126390862279, 51.419054398662411 ], [ 0.528580832877196, 51.420025164785329 ], [ 0.529353611869738, 51.420510547846789 ], [ 0.53089916985482, 51.420510547846789 ], [ 0.532444727839902, 51.41953978172387 ], [ 0.533990285824984, 51.420510547846789 ], [ 0.535535843810067, 51.420510547846789 ], [ 0.537081401795149, 51.41953978172387 ], [ 0.538626959780231, 51.41953978172387 ], [ 0.539399738772772, 51.420025164785329 ], [ 0.538626959780231, 51.420510547846789 ], [ 0.537081401795149, 51.420510547846789 ], [ 0.535535843810067, 51.421481313969707 ], [ 0.53089916985482, 51.421481313969707 ], [ 0.530126390862279, 51.421966697031166 ], [ 0.530126390862279, 51.422937463154085 ], [ 0.528580832877196, 51.423908229277004 ], [ 0.528580832877196, 51.425849761522841 ], [ 0.527808053884655, 51.4263351445843 ], [ 0.526262495899573, 51.4263351445843 ], [ 0.525489716907032, 51.425849761522841 ], [ 0.525489716907032, 51.424878995399922 ], [ 0.52394415892195, 51.423908229277004 ], [ 0.524716937914491, 51.423422846215544 ], [ 0.526262495899573, 51.424393612338463 ], [ 0.527035274892114, 51.423908229277004 ], [ 0.527035274892114, 51.422937463154085 ], [ 0.524716937914491, 51.421481313969707 ], [ 0.523171379929408, 51.421481313969707 ], [ 0.520853042951785, 51.420025164785329 ], [ 0.520853042951785, 51.418083632539492 ], [ 0.520080263959244, 51.417598249478033 ], [ 0.519307484966703, 51.418083632539492 ], [ 0.519307484966703, 51.419054398662411 ], [ 0.518534705974162, 51.41953978172387 ], [ 0.51776192698162, 51.419054398662411 ], [ 0.51776192698162, 51.418083632539492 ], [ 0.519307484966703, 51.417112866416574 ], [ 0.519307484966703, 51.413229801924899 ], [ 0.518534705974162, 51.41274441886344 ], [ 0.51776192698162, 51.413229801924899 ], [ 0.51776192698162, 51.416142100293655 ], [ 0.516989147989079, 51.416627483355114 ], [ 0.515443590003997, 51.416627483355114 ], [ 0.514670811011456, 51.417112866416574 ], [ 0.516216368996538, 51.418083632539492 ], [ 0.516216368996538, 51.419054398662411 ], [ 0.515443590003997, 51.41953978172387 ], [ 0.512352474033833, 51.41953978172387 ], [ 0.51080691604875, 51.418569015600951 ], [ 0.509261358063668, 51.418569015600951 ], [ 0.508488579071127, 51.419054398662411 ], [ 0.510034137056209, 51.420025164785329 ], [ 0.505397463100962, 51.422937463154085 ], [ 0.505397463100962, 51.424878995399922 ], [ 0.504624684108421, 51.425364378461381 ], [ 0.503079126123339, 51.425364378461381 ], [ 0.501533568138257, 51.4263351445843 ], [ 0.498442452168092, 51.4263351445843 ], [ 0.49689689418301, 51.427305910707219 ], [ 0.495351336197928, 51.427305910707219 ], [ 0.494578557205386, 51.427791293768678 ], [ 0.494578557205386, 51.428762059891596 ], [ 0.493805778212845, 51.429368788718421 ], [ 0.494385362457251, 51.430703592137434 ], [ 0.495351336197928, 51.430218209075974 ], [ 0.498442452168092, 51.430218209075974 ], [ 0.499988010153174, 51.429247442953056 ], [ 0.503079126123339, 51.429247442953056 ], [ 0.505397463100962, 51.430703592137434 ], [ 0.505397463100962, 51.432645124383271 ], [ 0.50385190511588, 51.433615890506189 ], [ 0.50385190511588, 51.434586656629108 ], [ 0.504624684108421, 51.435072039690567 ], [ 0.506170242093503, 51.435072039690567 ], [ 0.507715800078586, 51.436042805813486 ], [ 0.509261358063668, 51.436042805813486 ], [ 0.510034137056209, 51.436528188874945 ], [ 0.509261358063668, 51.437013571936404 ], [ 0.503079126123339, 51.437013571936404 ], [ 0.501533568138257, 51.437984338059323 ], [ 0.499988010153174, 51.437984338059323 ], [ 0.499215231160633, 51.438469721120782 ], [ 0.500760789145716, 51.439440487243701 ], [ 0.498442452168092, 51.440896636428079 ], [ 0.49689689418301, 51.440896636428079 ], [ 0.496124115190469, 51.440411253366619 ], [ 0.496124115190469, 51.439440487243701 ], [ 0.495351336197928, 51.438955104182241 ], [ 0.492260220227763, 51.438955104182241 ], [ 0.491487441235222, 51.438469721120782 ], [ 0.491487441235222, 51.435557422752026 ], [ 0.48994188325014, 51.434586656629108 ], [ 0.48994188325014, 51.433615890506189 ], [ 0.491487441235222, 51.432645124383271 ], [ 0.490714662242681, 51.432159741321811 ], [ 0.484532430302352, 51.432159741321811 ], [ 0.483759651309811, 51.432645124383271 ], [ 0.483759651309811, 51.433615890506189 ], [ 0.485305209294893, 51.434586656629108 ], [ 0.484532430302352, 51.435072039690567 ], [ 0.482986872317269, 51.434101273567649 ], [ 0.481441314332187, 51.434101273567649 ], [ 0.479895756347105, 51.43313050744473 ], [ 0.478350198362023, 51.43313050744473 ], [ 0.47680464037694, 51.434101273567649 ], [ 0.475259082391858, 51.434101273567649 ], [ 0.473713524406776, 51.43313050744473 ], [ 0.472167966421694, 51.43313050744473 ], [ 0.46984962944407, 51.434586656629108 ], [ 0.46984962944407, 51.435557422752026 ], [ 0.468304071458988, 51.436528188874945 ], [ 0.468304071458988, 51.437498954997864 ], [ 0.46984962944407, 51.438469721120782 ], [ 0.46984962944407, 51.440411253366619 ], [ 0.471395187429152, 51.441382019489538 ], [ 0.470622408436611, 51.441867402550997 ], [ 0.469076850451529, 51.441867402550997 ], [ 0.467531292466447, 51.440896636428079 ], [ 0.465985734481364, 51.440896636428079 ], [ 0.465212955488823, 51.440411253366619 ], [ 0.465985734481364, 51.43992587030516 ], [ 0.467531292466447, 51.43992587030516 ], [ 0.468304071458988, 51.439440487243701 ], [ 0.465212955488823, 51.437498954997864 ], [ 0.465212955488823, 51.435557422752026 ], [ 0.461349060526118, 51.43313050744473 ], [ 0.460576281533577, 51.433615890506189 ], [ 0.460576281533577, 51.435557422752026 ], [ 0.459803502541035, 51.436042805813486 ], [ 0.459030723548494, 51.435557422752026 ], [ 0.459030723548494, 51.434586656629108 ], [ 0.457485165563412, 51.433615890506189 ], [ 0.457485165563412, 51.432645124383271 ], [ 0.459030723548494, 51.431674358260352 ], [ 0.458257944555953, 51.431188975198893 ], [ 0.455166828585789, 51.431188975198893 ], [ 0.453621270600706, 51.430218209075974 ], [ 0.450530154630542, 51.430218209075974 ], [ 0.449757375638001, 51.430703592137434 ], [ 0.449757375638001, 51.431674358260352 ], [ 0.44898459664546, 51.432159741321811 ], [ 0.446666259667836, 51.430703592137434 ], [ 0.446666259667836, 51.429732826014515 ], [ 0.445893480675295, 51.429247442953056 ], [ 0.436620132764801, 51.429247442953056 ], [ 0.435074574779719, 51.430218209075974 ], [ 0.433529016794637, 51.430218209075974 ], [ 0.432756237802096, 51.429732826014515 ], [ 0.432756237802096, 51.423908229277004 ], [ 0.431983458809555, 51.423422846215544 ], [ 0.42889234283939, 51.423422846215544 ], [ 0.427346784854308, 51.424393612338463 ], [ 0.425801226869226, 51.424393612338463 ], [ 0.425028447876684, 51.424878995399922 ], [ 0.425028447876684, 51.425849761522841 ], [ 0.424255668884143, 51.4263351445843 ], [ 0.422710110899061, 51.4263351445843 ], [ 0.42193733190652, 51.426820527645759 ], [ 0.42193733190652, 51.427791293768678 ], [ 0.421164552913979, 51.428276676830137 ], [ 0.418073436943814, 51.428276676830137 ], [ 0.41498232097365, 51.430218209075974 ], [ 0.413436762988567, 51.430218209075974 ], [ 0.412663983996026, 51.430703592137434 ], [ 0.415755099966191, 51.432645124383271 ], [ 0.41498232097365, 51.43313050744473 ], [ 0.410345647018403, 51.43313050744473 ], [ 0.409572868025862, 51.432645124383271 ], [ 0.409572868025862, 51.431674358260352 ], [ 0.408800089033321, 51.431188975198893 ], [ 0.407254531048238, 51.431188975198893 ], [ 0.405708973063156, 51.432159741321811 ], [ 0.39489006716758, 51.432159741321811 ], [ 0.394117288175039, 51.431674358260352 ], [ 0.397208404145204, 51.429732826014515 ], [ 0.397208404145204, 51.427791293768678 ], [ 0.394117288175039, 51.425849761522841 ], [ 0.394117288175039, 51.424878995399922 ], [ 0.393344509182498, 51.424393612338463 ], [ 0.388707835227251, 51.424393612338463 ], [ 0.385616719257087, 51.422452080092626 ], [ 0.384071161272004, 51.422452080092626 ], [ 0.381752824294381, 51.423908229277004 ], [ 0.381752824294381, 51.424878995399922 ], [ 0.38098004530184, 51.425364378461381 ], [ 0.377888929331675, 51.425364378461381 ], [ 0.377116150339134, 51.425849761522841 ], [ 0.377116150339134, 51.426820527645759 ], [ 0.376343371346593, 51.427305910707219 ], [ 0.374797813361511, 51.427305910707219 ], [ 0.373252255376428, 51.428276676830137 ], [ 0.371706697391346, 51.427305910707219 ], [ 0.370933918398805, 51.427791293768678 ], [ 0.370933918398805, 51.428762059891596 ], [ 0.370161139406264, 51.429247442953056 ], [ 0.363978907465935, 51.429247442953056 ], [ 0.363206128473394, 51.428762059891596 ], [ 0.363206128473394, 51.426820527645759 ], [ 0.361660570488311, 51.425849761522841 ], [ 0.361660570488311, 51.422937463154085 ], [ 0.360115012503229, 51.421966697031166 ], [ 0.360115012503229, 51.420025164785329 ], [ 0.359342233510688, 51.41953978172387 ], [ 0.358569454518147, 51.420025164785329 ], [ 0.358569454518147, 51.420995930908248 ], [ 0.357796675525606, 51.421481313969707 ], [ 0.354705559555441, 51.421481313969707 ], [ 0.3539327805629, 51.420995930908248 ], [ 0.3539327805629, 51.419054398662411 ], [ 0.351614443585277, 51.417598249478033 ], [ 0.350068885600194, 51.417598249478033 ], [ 0.349296106607653, 51.418083632539492 ], [ 0.349296106607653, 51.419054398662411 ], [ 0.348523327615112, 51.41953978172387 ], [ 0.345432211644948, 51.41953978172387 ], [ 0.344659432652406, 51.419054398662411 ], [ 0.344659432652406, 51.417112866416574 ], [ 0.34697776963003, 51.415656717232196 ], [ 0.351614443585277, 51.415656717232196 ], [ 0.353160001570359, 51.414685951109277 ], [ 0.354705559555441, 51.414685951109277 ], [ 0.355478338547982, 51.414200568047818 ], [ 0.355478338547982, 51.413229801924899 ], [ 0.3539327805629, 51.412259035801981 ], [ 0.3539327805629, 51.410317503556143 ], [ 0.353160001570359, 51.409832120494684 ], [ 0.345432211644948, 51.409832120494684 ], [ 0.342341095674783, 51.407890588248847 ], [ 0.340795537689701, 51.407890588248847 ], [ 0.34002275869716, 51.407405205187388 ], [ 0.343113874667324, 51.405463672941551 ], [ 0.341568316682242, 51.404492906818632 ], [ 0.346204990637489, 51.401580608449876 ], [ 0.346204990637489, 51.400609842326958 ], [ 0.349296106607653, 51.398668310081121 ], [ 0.349296106607653, 51.396726777835283 ], [ 0.346204990637489, 51.394785245589446 ], [ 0.34697776963003, 51.394299862527987 ], [ 0.350068885600194, 51.396241394773824 ], [ 0.351614443585277, 51.396241394773824 ], [ 0.352387222577818, 51.395756011712365 ], [ 0.352387222577818, 51.393814479466528 ], [ 0.350841664592735, 51.392843713343609 ], [ 0.350841664592735, 51.391872947220691 ], [ 0.352387222577818, 51.390902181097772 ], [ 0.352387222577818, 51.389931414974853 ], [ 0.3539327805629, 51.388960648851935 ], [ 0.3539327805629, 51.387989882729016 ], [ 0.354705559555441, 51.387504499667557 ], [ 0.355478338547982, 51.387989882729016 ], [ 0.355478338547982, 51.388960648851935 ], [ 0.356251117540523, 51.389446031913394 ], [ 0.357796675525606, 51.389446031913394 ], [ 0.358569454518147, 51.389931414974853 ], [ 0.357796675525606, 51.390416798036313 ], [ 0.354705559555441, 51.390416798036313 ], [ 0.3539327805629, 51.390902181097772 ], [ 0.3539327805629, 51.393814479466528 ], [ 0.356251117540523, 51.395270628650906 ] ], [ [ 0.445893480675295, 51.316638572694501 ], [ 0.446666259667836, 51.31712395575596 ], [ 0.445893480675295, 51.317730684582784 ], [ 0.445893480675295, 51.318458759174973 ], [ 0.448405012401054, 51.320036254124716 ], [ 0.450530154630542, 51.322341823666648 ], [ 0.451496128371218, 51.322948552493472 ], [ 0.451496128371218, 51.32391931861639 ], [ 0.450530154630542, 51.324526047443214 ], [ 0.452075712615624, 51.326224888158322 ], [ 0.453621270600706, 51.326346233923687 ], [ 0.45593960757833, 51.327802383108065 ], [ 0.455166828585789, 51.328409111934889 ], [ 0.453621270600706, 51.328409111934889 ], [ 0.453621270600706, 51.329137186527078 ], [ 0.454394049593247, 51.329743915353902 ], [ 0.452848491608165, 51.33071468147682 ], [ 0.452848491608165, 51.332656213722657 ], [ 0.452075712615624, 51.333262942549482 ], [ 0.451302933623083, 51.334597745968495 ], [ 0.449757375638001, 51.335568512091413 ], [ 0.452075712615624, 51.337024661275791 ], [ 0.453621270600706, 51.337024661275791 ], [ 0.454394049593247, 51.336539278214332 ], [ 0.454394049593247, 51.335568512091413 ], [ 0.455166828585789, 51.335083129029954 ], [ 0.456712386570871, 51.3342337086724 ], [ 0.45593960757833, 51.333626979845576 ], [ 0.45593960757833, 51.33071468147682 ], [ 0.457485165563412, 51.329743915353902 ], [ 0.458257944555953, 51.329137186527078 ], [ 0.458257944555953, 51.328409111934889 ], [ 0.457485165563412, 51.327802383108065 ], [ 0.459030723548494, 51.326831616985146 ], [ 0.459803502541035, 51.326224888158322 ], [ 0.460383086785441, 51.324890084739309 ], [ 0.45922391829663, 51.324890084739309 ], [ 0.458257944555953, 51.325496813566133 ], [ 0.457485165563412, 51.324890084739309 ], [ 0.457485165563412, 51.322948552493472 ], [ 0.458257944555953, 51.322341823666648 ], [ 0.459030723548494, 51.321007020247635 ], [ 0.461349060526118, 51.319550871063257 ], [ 0.4628946185112, 51.319550871063257 ], [ 0.464440176496282, 51.320521637186175 ], [ 0.467531292466447, 51.320521637186175 ], [ 0.468304071458988, 51.321007020247635 ], [ 0.468304071458988, 51.321977786370553 ], [ 0.46984962944407, 51.322948552493472 ], [ 0.468304071458988, 51.32391931861639 ], [ 0.469076850451529, 51.32440470167785 ], [ 0.470622408436611, 51.32440470167785 ], [ 0.471395187429152, 51.32391931861639 ], [ 0.472167966421694, 51.323312589789566 ], [ 0.473713524406776, 51.322584515197377 ], [ 0.472747550666099, 51.321977786370553 ], [ 0.470622408436611, 51.321613749074459 ], [ 0.46984962944407, 51.321007020247635 ], [ 0.46984962944407, 51.319065488001797 ], [ 0.468304071458988, 51.318094721878879 ], [ 0.468304071458988, 51.31712395575596 ], [ 0.469076850451529, 51.316638572694501 ], [ 0.470622408436611, 51.316638572694501 ], [ 0.471395187429152, 51.316153189633042 ], [ 0.471395187429152, 51.315182423510123 ], [ 0.470622408436611, 51.314697040448664 ], [ 0.464440176496282, 51.314697040448664 ], [ 0.463667397503741, 51.315182423510123 ], [ 0.463667397503741, 51.316153189633042 ], [ 0.4628946185112, 51.316638572694501 ], [ 0.461349060526118, 51.316638572694501 ], [ 0.459030723548494, 51.315182423510123 ], [ 0.457485165563412, 51.315182423510123 ], [ 0.456712386570871, 51.315667806571582 ], [ 0.456712386570871, 51.316638572694501 ], [ 0.457485165563412, 51.31712395575596 ], [ 0.456712386570871, 51.317609338817419 ], [ 0.455166828585789, 51.316638572694501 ], [ 0.450530154630542, 51.316638572694501 ], [ 0.449757375638001, 51.316153189633042 ], [ 0.449757375638001, 51.315182423510123 ], [ 0.447439038660377, 51.313726274325745 ], [ 0.445313896430889, 51.314211657387204 ], [ 0.444347922690213, 51.314697040448664 ], [ 0.44280236470513, 51.314697040448664 ], [ 0.441836390964454, 51.314211657387204 ], [ 0.440290832979372, 51.313240891264286 ], [ 0.438165690749884, 51.312876853968191 ], [ 0.436620132764801, 51.314575694683299 ], [ 0.437586106505478, 51.315182423510123 ], [ 0.439711248734966, 51.315667806571582 ], [ 0.440484027727507, 51.316153189633042 ], [ 0.439711248734966, 51.316759918459866 ], [ 0.439711248734966, 51.317487993052055 ], [ 0.440677222475642, 51.318094721878879 ], [ 0.441836390964454, 51.318094721878879 ], [ 0.441836390964454, 51.31712395575596 ], [ 0.44280236470513, 51.316638572694501 ], [ 0.445893480675295, 51.316638572694501 ] ], [ [ 0.409572868025862, 51.417112866416574 ], [ 0.408027310040779, 51.418083632539492 ], [ 0.408800089033321, 51.418569015600951 ], [ 0.410345647018403, 51.418569015600951 ], [ 0.411118426010944, 51.419054398662411 ], [ 0.408800089033321, 51.420510547846789 ], [ 0.407254531048238, 51.420510547846789 ], [ 0.405708973063156, 51.421481313969707 ], [ 0.402617857092991, 51.421481313969707 ], [ 0.400299520115368, 51.422937463154085 ], [ 0.40184507810045, 51.423908229277004 ], [ 0.40184507810045, 51.425849761522841 ], [ 0.403390636085533, 51.426820527645759 ], [ 0.40184507810045, 51.427791293768678 ], [ 0.402617857092991, 51.428276676830137 ], [ 0.408800089033321, 51.428276676830137 ], [ 0.411891205003485, 51.4263351445843 ], [ 0.413436762988567, 51.4263351445843 ], [ 0.421164552913979, 51.421481313969707 ], [ 0.422710110899061, 51.421481313969707 ], [ 0.424255668884143, 51.420510547846789 ], [ 0.425801226869226, 51.420510547846789 ], [ 0.426574005861767, 51.420025164785329 ], [ 0.426574005861767, 51.418083632539492 ], [ 0.425028447876684, 51.417112866416574 ], [ 0.425028447876684, 51.416142100293655 ], [ 0.424255668884143, 51.415656717232196 ], [ 0.422710110899061, 51.415656717232196 ], [ 0.421164552913979, 51.414685951109277 ], [ 0.419618994928896, 51.414685951109277 ], [ 0.418073436943814, 51.413715184986359 ], [ 0.416527878958732, 51.413715184986359 ], [ 0.41498232097365, 51.414685951109277 ], [ 0.410345647018403, 51.414685951109277 ], [ 0.409572868025862, 51.415171334170736 ], [ 0.408027310040779, 51.416142100293655 ], [ 0.409572868025862, 51.417112866416574 ] ], [ [ 0.391026172204874, 51.402551374572795 ], [ 0.391798951197416, 51.403036757634254 ], [ 0.393344509182498, 51.403036757634254 ], [ 0.394117288175039, 51.402551374572795 ], [ 0.394117288175039, 51.400609842326958 ], [ 0.39489006716758, 51.400124459265498 ], [ 0.395662846160121, 51.400609842326958 ], [ 0.395662846160121, 51.402551374572795 ], [ 0.396435625152662, 51.403036757634254 ], [ 0.397208404145204, 51.402551374572795 ], [ 0.397208404145204, 51.400609842326958 ], [ 0.398753962130286, 51.399639076204039 ], [ 0.398753962130286, 51.398668310081121 ], [ 0.399526741122827, 51.398182927019661 ], [ 0.401072299107909, 51.398182927019661 ], [ 0.40184507810045, 51.397697543958202 ], [ 0.40184507810045, 51.396726777835283 ], [ 0.404163415078074, 51.395270628650906 ], [ 0.405708973063156, 51.396241394773824 ], [ 0.410345647018403, 51.396241394773824 ], [ 0.411118426010944, 51.396726777835283 ], [ 0.410345647018403, 51.397212160896743 ], [ 0.408800089033321, 51.397212160896743 ], [ 0.408027310040779, 51.397697543958202 ], [ 0.408027310040779, 51.398668310081121 ], [ 0.410345647018403, 51.400124459265498 ], [ 0.412663983996026, 51.398668310081121 ], [ 0.412663983996026, 51.393814479466528 ], [ 0.41498232097365, 51.39235833028215 ], [ 0.419618994928896, 51.39235833028215 ], [ 0.421164552913979, 51.391387564159231 ], [ 0.423482889891602, 51.392843713343609 ], [ 0.423482889891602, 51.396726777835283 ], [ 0.424255668884143, 51.397212160896743 ], [ 0.427346784854308, 51.397212160896743 ], [ 0.42889234283939, 51.398182927019661 ], [ 0.429665121831931, 51.397697543958202 ], [ 0.429665121831931, 51.395756011712365 ], [ 0.428119563846849, 51.394785245589446 ], [ 0.428119563846849, 51.393814479466528 ], [ 0.426574005861767, 51.392843713343609 ], [ 0.42889234283939, 51.391387564159231 ], [ 0.431983458809555, 51.391387564159231 ], [ 0.43584735377226, 51.393814479466528 ], [ 0.43584735377226, 51.394785245589446 ], [ 0.438165690749884, 51.396241394773824 ], [ 0.440484027727507, 51.394785245589446 ], [ 0.440484027727507, 51.393814479466528 ], [ 0.44280236470513, 51.39235833028215 ], [ 0.444347922690213, 51.39235833028215 ], [ 0.445893480675295, 51.393329096405068 ], [ 0.447439038660377, 51.39235833028215 ], [ 0.44898459664546, 51.39235833028215 ], [ 0.449757375638001, 51.392843713343609 ], [ 0.449757375638001, 51.393814479466528 ], [ 0.450530154630542, 51.394299862527987 ], [ 0.452075712615624, 51.393329096405068 ], [ 0.452848491608165, 51.393814479466528 ], [ 0.451302933623083, 51.394785245589446 ], [ 0.452075712615624, 51.395270628650906 ], [ 0.453621270600706, 51.395270628650906 ], [ 0.454394049593247, 51.394785245589446 ], [ 0.454394049593247, 51.391872947220691 ], [ 0.459030723548494, 51.388960648851935 ], [ 0.458257944555953, 51.388475265790476 ], [ 0.453621270600706, 51.388475265790476 ], [ 0.449757375638001, 51.386048350483179 ], [ 0.449757375638001, 51.384106818237342 ], [ 0.447439038660377, 51.382650669052964 ], [ 0.445893480675295, 51.382650669052964 ], [ 0.444347922690213, 51.383621435175883 ], [ 0.436620132764801, 51.383621435175883 ], [ 0.435074574779719, 51.382650669052964 ], [ 0.433529016794637, 51.382650669052964 ], [ 0.431983458809555, 51.381679902930046 ], [ 0.42889234283939, 51.381679902930046 ], [ 0.427346784854308, 51.382650669052964 ], [ 0.425801226869226, 51.382650669052964 ], [ 0.424255668884143, 51.383621435175883 ], [ 0.41498232097365, 51.383621435175883 ], [ 0.409572868025862, 51.387019116606098 ], [ 0.409572868025862, 51.387989882729016 ], [ 0.411118426010944, 51.388960648851935 ], [ 0.411118426010944, 51.389931414974853 ], [ 0.410345647018403, 51.390416798036313 ], [ 0.408800089033321, 51.390416798036313 ], [ 0.407254531048238, 51.389446031913394 ], [ 0.406481752055697, 51.389931414974853 ], [ 0.406481752055697, 51.390902181097772 ], [ 0.407254531048238, 51.391387564159231 ], [ 0.408800089033321, 51.391387564159231 ], [ 0.409572868025862, 51.391872947220691 ], [ 0.408027310040779, 51.392843713343609 ], [ 0.409572868025862, 51.393814479466528 ], [ 0.409572868025862, 51.394785245589446 ], [ 0.408800089033321, 51.395270628650906 ], [ 0.407254531048238, 51.395270628650906 ], [ 0.406481752055697, 51.394785245589446 ], [ 0.408027310040779, 51.393814479466528 ], [ 0.407254531048238, 51.393329096405068 ], [ 0.405708973063156, 51.393329096405068 ], [ 0.404163415078074, 51.39235833028215 ], [ 0.401072299107909, 51.39235833028215 ], [ 0.400299520115368, 51.392843713343609 ], [ 0.400299520115368, 51.393814479466528 ], [ 0.399526741122827, 51.394299862527987 ], [ 0.396435625152662, 51.394299862527987 ], [ 0.39489006716758, 51.393329096405068 ], [ 0.393344509182498, 51.393329096405068 ], [ 0.392571730189957, 51.393814479466528 ], [ 0.392571730189957, 51.394785245589446 ], [ 0.391026172204874, 51.395756011712365 ], [ 0.391026172204874, 51.397697543958202 ], [ 0.389480614219792, 51.398668310081121 ], [ 0.389480614219792, 51.400609842326958 ], [ 0.390253393212333, 51.401095225388417 ], [ 0.391026172204874, 51.401580608449876 ], [ 0.391026172204874, 51.402551374572795 ] ], [ [ 0.673090504482388, 51.32440470167785 ], [ 0.674636062467471, 51.325375467800768 ], [ 0.677727178437635, 51.325375467800768 ], [ 0.679272736422718, 51.32440470167785 ], [ 0.687000526348129, 51.32440470167785 ], [ 0.68777330534067, 51.32391931861639 ], [ 0.68777330534067, 51.320036254124716 ], [ 0.686227747355588, 51.319065488001797 ], [ 0.686227747355588, 51.318094721878879 ], [ 0.685454968363047, 51.317609338817419 ], [ 0.683909410377964, 51.317609338817419 ], [ 0.683136631385423, 51.31712395575596 ], [ 0.683136631385423, 51.316153189633042 ], [ 0.681591073400341, 51.315182423510123 ], [ 0.681591073400341, 51.314211657387204 ], [ 0.6808182944078, 51.313726274325745 ], [ 0.679272736422718, 51.313726274325745 ], [ 0.677727178437635, 51.314697040448664 ], [ 0.674636062467471, 51.314697040448664 ], [ 0.673090504482388, 51.313726274325745 ], [ 0.672317725489847, 51.314211657387204 ], [ 0.672317725489847, 51.316153189633042 ], [ 0.67386328347493, 51.31712395575596 ], [ 0.67386328347493, 51.318094721878879 ], [ 0.669999388512224, 51.320521637186175 ], [ 0.668453830527142, 51.320521637186175 ], [ 0.667681051534601, 51.321007020247635 ], [ 0.667681051534601, 51.322948552493472 ], [ 0.668453830527142, 51.323433935554931 ], [ 0.669999388512224, 51.32440470167785 ], [ 0.673090504482388, 51.32440470167785 ] ], [ [ 0.617450417019427, 51.280720226146514 ], [ 0.618223196011968, 51.280234843085054 ], [ 0.618223196011968, 51.279264076962136 ], [ 0.618995975004509, 51.278778693900676 ], [ 0.620541532989591, 51.278778693900676 ], [ 0.622087090974674, 51.277807927777758 ], [ 0.623632648959756, 51.277807927777758 ], [ 0.625178206944838, 51.276837161654839 ], [ 0.62672376492992, 51.276837161654839 ], [ 0.628269322915003, 51.275866395531921 ], [ 0.629814880900085, 51.275866395531921 ], [ 0.632133217877708, 51.274410246347543 ], [ 0.632133217877708, 51.271497947978787 ], [ 0.63290599687025, 51.271012564917328 ], [ 0.634451554855332, 51.271012564917328 ], [ 0.635997112840414, 51.271983331040246 ], [ 0.636769891832955, 51.271497947978787 ], [ 0.636769891832955, 51.267614883487113 ], [ 0.635997112840414, 51.267129500425654 ], [ 0.63290599687025, 51.267129500425654 ], [ 0.631360438885167, 51.266158734302735 ], [ 0.629814880900085, 51.267129500425654 ], [ 0.62672376492992, 51.267129500425654 ], [ 0.623632648959756, 51.265187968179816 ], [ 0.620541532989591, 51.265187968179816 ], [ 0.61976875399705, 51.265673351241276 ], [ 0.621314311982132, 51.266644117364194 ], [ 0.621314311982132, 51.268585649610031 ], [ 0.618995975004509, 51.270041798794409 ], [ 0.617450417019427, 51.270041798794409 ], [ 0.615904859034345, 51.271012564917328 ], [ 0.61281374306418, 51.271012564917328 ], [ 0.612040964071639, 51.270527181855869 ], [ 0.612040964071639, 51.26955641573295 ], [ 0.611268185079098, 51.269071032671491 ], [ 0.60585873213131, 51.272468714101706 ], [ 0.60585873213131, 51.273439480224624 ], [ 0.607404290116392, 51.274410246347543 ], [ 0.607404290116392, 51.27635177859338 ], [ 0.608177069108933, 51.276837161654839 ], [ 0.611268185079098, 51.276837161654839 ], [ 0.612040964071639, 51.277322544716299 ], [ 0.612040964071639, 51.278293310839217 ], [ 0.61281374306418, 51.278778693900676 ], [ 0.613586522056721, 51.279264076962136 ], [ 0.613586522056721, 51.280234843085054 ], [ 0.614359301049262, 51.280720226146514 ], [ 0.617450417019427, 51.280720226146514 ] ] ], [ [ [ 0.625950985937379, 51.387019116606098 ], [ 0.625950985937379, 51.385077584360261 ], [ 0.625178206944838, 51.384592201298801 ], [ 0.623632648959756, 51.384592201298801 ], [ 0.622087090974674, 51.383621435175883 ], [ 0.621121117233997, 51.383136052114423 ], [ 0.620541532989591, 51.38180124869541 ], [ 0.619575559248915, 51.381194519868586 ], [ 0.620541532989591, 51.380587791041762 ], [ 0.625178206944838, 51.381679902930046 ], [ 0.630587659892626, 51.385077584360261 ], [ 0.630587659892626, 51.386048350483179 ], [ 0.629814880900085, 51.386533733544638 ], [ 0.628269322915003, 51.386655079310003 ], [ 0.627689738670597, 51.387019116606098 ], [ 0.62672376492992, 51.387504499667557 ], [ 0.625950985937379, 51.387019116606098 ] ] ] ] } },
{ "type": "Feature", "properties": { "search_id": "Search 16", "FundAsset": "Hines - Ebbsfleet" }, "geometry": { "type": "MultiPolygon", "coordinates": [ [ [ [ 0.050284114200622, 51.458445727825165 ], [ 0.048550179228187, 51.459533333778381 ], [ 0.050284114200622, 51.460620939731598 ], [ 0.047683211741969, 51.462252348661423 ], [ 0.045949276769534, 51.462252348661423 ], [ 0.045082309283316, 51.461708545684814 ], [ 0.046816244255751, 51.460620939731598 ], [ 0.046816244255751, 51.459533333778381 ], [ 0.045949276769534, 51.458989530801773 ], [ 0.044215341797099, 51.458989530801773 ], [ 0.041614439338446, 51.457358121871948 ], [ 0.041614439338446, 51.456270515918732 ], [ 0.03988050436601, 51.455182909965515 ], [ 0.03988050436601, 51.453007698059082 ], [ 0.040747471852228, 51.452463895082474 ], [ 0.044215341797099, 51.452463895082474 ], [ 0.045949276769534, 51.45355150103569 ], [ 0.047683211741969, 51.45355150103569 ], [ 0.048550179228187, 51.454095304012299 ], [ 0.048550179228187, 51.455182909965515 ], [ 0.046816244255751, 51.456270515918732 ], [ 0.047683211741969, 51.45681431889534 ], [ 0.049417146714404, 51.45681431889534 ], [ 0.050284114200622, 51.457358121871948 ], [ 0.050284114200622, 51.458445727825165 ] ] ], [ [ [ 0.267892953241244, 51.499230951070786 ], [ 0.267025985755026, 51.499774754047394 ], [ 0.267025985755026, 51.50086236000061 ], [ 0.264425083296373, 51.502493768930435 ], [ 0.260957213351503, 51.502493768930435 ], [ 0.260090245865285, 51.503037571907043 ], [ 0.260090245865285, 51.50412517786026 ], [ 0.259223278379068, 51.504668980836868 ], [ 0.25835631089285, 51.50412517786026 ], [ 0.25835631089285, 51.503037571907043 ], [ 0.257489343406633, 51.502493768930435 ], [ 0.254021473461762, 51.502493768930435 ], [ 0.253154505975544, 51.503037571907043 ], [ 0.253154505975544, 51.50412517786026 ], [ 0.252287538489327, 51.504668980836868 ], [ 0.241883928654715, 51.504668980836868 ], [ 0.241016961168498, 51.50412517786026 ], [ 0.241883928654715, 51.503581374883652 ], [ 0.245351798599586, 51.503581374883652 ], [ 0.246218766085804, 51.503037571907043 ], [ 0.246218766085804, 51.501949965953827 ], [ 0.245351798599586, 51.501406162977219 ], [ 0.243617863627151, 51.501406162977219 ], [ 0.242750896140933, 51.50086236000061 ], [ 0.242750896140933, 51.499774754047394 ], [ 0.241883928654715, 51.499230951070786 ], [ 0.24014999368228, 51.500318557024002 ], [ 0.238416058709845, 51.499230951070786 ], [ 0.23668212373741, 51.500318557024002 ], [ 0.234948188764974, 51.500318557024002 ], [ 0.233214253792539, 51.501406162977219 ], [ 0.231480318820104, 51.501406162977219 ], [ 0.230613351333886, 51.501949965953827 ], [ 0.234081221278757, 51.50412517786026 ], [ 0.233214253792539, 51.504668980836868 ], [ 0.229746383847669, 51.504668980836868 ], [ 0.228879416361451, 51.505212783813477 ], [ 0.228879416361451, 51.50738799571991 ], [ 0.228012448875234, 51.507931798696518 ], [ 0.224544578930363, 51.507931798696518 ], [ 0.223677611444145, 51.50738799571991 ], [ 0.223677611444145, 51.506300389766693 ], [ 0.225411546416581, 51.505212783813477 ], [ 0.225411546416581, 51.501949965953827 ], [ 0.222810643957928, 51.500318557024002 ], [ 0.22194367647171, 51.50086236000061 ], [ 0.22194367647171, 51.501949965953827 ], [ 0.221076708985493, 51.502493768930435 ], [ 0.21847580652684, 51.50086236000061 ], [ 0.21847580652684, 51.499774754047394 ], [ 0.219342774013057, 51.499095000326633 ], [ 0.219992999627721, 51.498687148094177 ], [ 0.22194367647171, 51.497599542140961 ], [ 0.224544578930363, 51.495968133211136 ], [ 0.226278513902798, 51.495832182466984 ], [ 0.228662674489897, 51.494336724281311 ], [ 0.230613351333886, 51.493249118328094 ], [ 0.233214253792539, 51.49161770939827 ], [ 0.234948188764974, 51.49161770939827 ], [ 0.235815156251192, 51.491073906421661 ], [ 0.233214253792539, 51.489442497491837 ], [ 0.231480318820104, 51.489442497491837 ], [ 0.230613351333886, 51.488898694515228 ], [ 0.230613351333886, 51.485635876655579 ], [ 0.231480318820104, 51.48509207367897 ], [ 0.235815156251192, 51.487811088562012 ], [ 0.234081221278757, 51.488898694515228 ], [ 0.23668212373741, 51.490530103445053 ], [ 0.237549091223627, 51.489986300468445 ], [ 0.237549091223627, 51.487811088562012 ], [ 0.239283026196063, 51.486723482608795 ], [ 0.237549091223627, 51.485635876655579 ], [ 0.237549091223627, 51.482373058795929 ], [ 0.23668212373741, 51.481829255819321 ], [ 0.234948188764974, 51.481829255819321 ], [ 0.234081221278757, 51.481285452842712 ], [ 0.237549091223627, 51.479110240936279 ], [ 0.238416058709845, 51.478430487215519 ], [ 0.240800219296943, 51.47584742307663 ], [ 0.243617863627151, 51.474080063402653 ], [ 0.246002024214249, 51.473672211170197 ], [ 0.247952701058239, 51.47258460521698 ], [ 0.248819668544456, 51.472040802240372 ], [ 0.250553603516892, 51.47190485149622 ], [ 0.252287538489327, 51.470817245543003 ], [ 0.254671699076425, 51.470409393310547 ], [ 0.256405634048861, 51.46932178735733 ], [ 0.257489343406633, 51.468777984380722 ], [ 0.259223278379068, 51.46864203363657 ], [ 0.260957213351503, 51.46864203363657 ], [ 0.263341373938601, 51.468234181404114 ], [ 0.264425083296373, 51.467554427683353 ], [ 0.266159018268809, 51.467690378427505 ], [ 0.267892953241244, 51.468777984380722 ], [ 0.269626888213679, 51.468777984380722 ], [ 0.271360823186114, 51.467690378427505 ], [ 0.274828693130985, 51.467690378427505 ], [ 0.27656262810342, 51.466602772474289 ], [ 0.278296563075855, 51.466602772474289 ], [ 0.279163530562073, 51.467146575450897 ], [ 0.277429595589638, 51.468234181404114 ], [ 0.277429595589638, 51.470409393310547 ], [ 0.278296563075855, 51.470953196287155 ], [ 0.281764433020726, 51.470953196287155 ], [ 0.282631400506943, 51.471496999263763 ], [ 0.282631400506943, 51.473672211170197 ], [ 0.280897465534508, 51.474759817123413 ], [ 0.280897465534508, 51.476935029029846 ], [ 0.279163530562073, 51.478022634983063 ], [ 0.281764433020726, 51.479654043912888 ], [ 0.283498367993161, 51.478566437959671 ], [ 0.286966237938032, 51.478566437959671 ], [ 0.287833205424249, 51.478022634983063 ], [ 0.287833205424249, 51.476935029029846 ], [ 0.286099270451814, 51.47584742307663 ], [ 0.286966237938032, 51.475303620100021 ], [ 0.288700172910467, 51.475303620100021 ], [ 0.289567140396684, 51.47584742307663 ], [ 0.289567140396684, 51.478022634983063 ], [ 0.287833205424249, 51.479110240936279 ], [ 0.287833205424249, 51.481285452842712 ], [ 0.286099270451814, 51.482373058795929 ], [ 0.286099270451814, 51.484548270702362 ], [ 0.286966237938032, 51.48509207367897 ], [ 0.288700172910467, 51.48509207367897 ], [ 0.289567140396684, 51.485635876655579 ], [ 0.289567140396684, 51.486723482608795 ], [ 0.29130107536912, 51.487811088562012 ], [ 0.29130107536912, 51.489986300468445 ], [ 0.292168042855337, 51.490530103445053 ], [ 0.293901977827772, 51.489442497491837 ], [ 0.29476894531399, 51.489986300468445 ], [ 0.29476894531399, 51.493249118328094 ], [ 0.293901977827772, 51.493792921304703 ], [ 0.293035010341555, 51.494336724281311 ], [ 0.293035010341555, 51.495424330234528 ], [ 0.288700172910467, 51.498143345117569 ], [ 0.274828693130985, 51.498143345117569 ], [ 0.273961725644767, 51.498687148094177 ], [ 0.273961725644767, 51.499774754047394 ], [ 0.27309475815855, 51.500318557024002 ], [ 0.271360823186114, 51.499230951070786 ], [ 0.267892953241244, 51.499230951070786 ] ] ], [ [ [ 0.321644937386736, 51.505756586790085 ], [ 0.320777969900519, 51.505212783813477 ], [ 0.324245839845389, 51.503037571907043 ], [ 0.321644937386736, 51.501406162977219 ], [ 0.320777969900519, 51.501949965953827 ], [ 0.320777969900519, 51.503037571907043 ], [ 0.319911002414301, 51.503581374883652 ], [ 0.318177067441866, 51.503581374883652 ], [ 0.316443132469431, 51.502493768930435 ], [ 0.31297526252456, 51.502493768930435 ], [ 0.311241327552125, 51.501406162977219 ], [ 0.30950739257969, 51.501406162977219 ], [ 0.306039522634819, 51.499230951070786 ], [ 0.300837717717513, 51.499230951070786 ], [ 0.299970750231296, 51.498687148094177 ], [ 0.301704685203731, 51.497599542140961 ], [ 0.300837717717513, 51.497055739164352 ], [ 0.299103782745078, 51.497055739164352 ], [ 0.296502880286425, 51.495424330234528 ], [ 0.296502880286425, 51.494336724281311 ], [ 0.297369847772643, 51.493792921304703 ], [ 0.299103782745078, 51.494880527257919 ], [ 0.300837717717513, 51.493792921304703 ], [ 0.302571652689949, 51.493792921304703 ], [ 0.304305587662384, 51.494880527257919 ], [ 0.311241327552125, 51.494880527257919 ], [ 0.312108295038342, 51.495424330234528 ], [ 0.312108295038342, 51.496511936187744 ], [ 0.31297526252456, 51.497055739164352 ], [ 0.314709197496995, 51.495968133211136 ], [ 0.316443132469431, 51.495968133211136 ], [ 0.317310099955648, 51.495424330234528 ], [ 0.317310099955648, 51.494336724281311 ], [ 0.318177067441866, 51.493792921304703 ], [ 0.321644937386736, 51.493792921304703 ], [ 0.322511904872954, 51.494336724281311 ], [ 0.322511904872954, 51.495424330234528 ], [ 0.321644937386736, 51.495968133211136 ], [ 0.318177067441866, 51.495968133211136 ], [ 0.317310099955648, 51.496511936187744 ], [ 0.317310099955648, 51.497599542140961 ], [ 0.318177067441866, 51.498143345117569 ], [ 0.319911002414301, 51.497055739164352 ], [ 0.323378872359172, 51.497055739164352 ], [ 0.325112807331607, 51.495968133211136 ], [ 0.32771370979026, 51.497599542140961 ], [ 0.325979774817824, 51.498687148094177 ], [ 0.325979774817824, 51.499774754047394 ], [ 0.326846742304042, 51.500318557024002 ], [ 0.328580677276477, 51.500318557024002 ], [ 0.33118157973513, 51.501949965953827 ], [ 0.330314612248912, 51.502493768930435 ], [ 0.328580677276477, 51.502493768930435 ], [ 0.326846742304042, 51.502493768930435 ], [ 0.325979774817824, 51.503037571907043 ], [ 0.32771370979026, 51.50412517786026 ], [ 0.32771370979026, 51.505212783813477 ], [ 0.326846742304042, 51.505756586790085 ], [ 0.325979774817824, 51.505212783813477 ], [ 0.325979774817824, 51.50412517786026 ], [ 0.325112807331607, 51.503581374883652 ], [ 0.321644937386736, 51.505756586790085 ] ] ], [ [ [ 0.079761008732021, 51.447569668292999 ], [ 0.081494943704456, 51.446482062339783 ], [ 0.081494943704456, 51.44430685043335 ], [ 0.079761008732021, 51.443219244480133 ], [ 0.080627976218238, 51.442675441503525 ], [ 0.082361911190674, 51.443763047456741 ], [ 0.084962813649327, 51.442131638526917 ], [ 0.082361911190674, 51.440500229597092 ], [ 0.080627976218238, 51.440500229597092 ], [ 0.079761008732021, 51.439956426620483 ], [ 0.080627976218238, 51.439412623643875 ], [ 0.085829781135544, 51.439412623643875 ], [ 0.086696748621762, 51.438868820667267 ], [ 0.084962813649327, 51.43778121471405 ], [ 0.085829781135544, 51.437237411737442 ], [ 0.089297651080415, 51.437237411737442 ], [ 0.092765521025285, 51.435062199831009 ], [ 0.09449945599772, 51.436149805784225 ], [ 0.097967325942591, 51.433974593877792 ], [ 0.099701260915026, 51.435062199831009 ], [ 0.106637000804767, 51.430711776018143 ], [ 0.108370935777202, 51.431799381971359 ], [ 0.111838805722073, 51.431799381971359 ], [ 0.11270577320829, 51.431255578994751 ], [ 0.10923790326342, 51.429080367088318 ], [ 0.113572740694508, 51.426361352205276 ], [ 0.115306675666943, 51.426361352205276 ], [ 0.118774545611814, 51.42853656411171 ], [ 0.122242415556684, 51.42853656411171 ], [ 0.125710285501555, 51.430711776018143 ], [ 0.13091209041886, 51.430711776018143 ], [ 0.131779057905078, 51.431255578994751 ], [ 0.131779057905078, 51.433430790901184 ], [ 0.132646025391296, 51.433974593877792 ], [ 0.134379960363731, 51.433974593877792 ], [ 0.135246927849948, 51.434518396854401 ], [ 0.135246927849948, 51.435606002807617 ], [ 0.136113895336166, 51.436149805784225 ], [ 0.139581765281036, 51.436149805784225 ], [ 0.141315700253472, 51.437237411737442 ], [ 0.143049635225907, 51.436149805784225 ], [ 0.144783570198342, 51.436149805784225 ], [ 0.14565053768456, 51.435606002807617 ], [ 0.14565053768456, 51.434518396854401 ], [ 0.144783570198342, 51.433974593877792 ], [ 0.143049635225907, 51.435062199831009 ], [ 0.142182667739689, 51.434518396854401 ], [ 0.142182667739689, 51.432343184947968 ], [ 0.141315700253472, 51.431799381971359 ], [ 0.139581765281036, 51.431799381971359 ], [ 0.138714797794819, 51.431255578994751 ], [ 0.138714797794819, 51.430167973041534 ], [ 0.137847830308601, 51.429624170064926 ], [ 0.136113895336166, 51.429624170064926 ], [ 0.135246927849948, 51.429080367088318 ], [ 0.135246927849948, 51.427992761135101 ], [ 0.133512992877513, 51.426905155181885 ], [ 0.133512992877513, 51.423642337322235 ], [ 0.132646025391296, 51.423098534345627 ], [ 0.129178155446425, 51.423098534345627 ], [ 0.128311187960207, 51.422554731369019 ], [ 0.128311187960207, 51.421467125415802 ], [ 0.126577252987772, 51.420379519462585 ], [ 0.126577252987772, 51.419291913509369 ], [ 0.125710285501555, 51.418748110532761 ], [ 0.123976350529119, 51.418748110532761 ], [ 0.121375448070467, 51.417116701602936 ], [ 0.121375448070467, 51.416029095649719 ], [ 0.120508480584249, 51.415485292673111 ], [ 0.118774545611814, 51.415485292673111 ], [ 0.117907578125596, 51.416029095649719 ], [ 0.117907578125596, 51.417116701602936 ], [ 0.115306675666943, 51.418748110532761 ], [ 0.114439708180726, 51.418204307556152 ], [ 0.114439708180726, 51.417116701602936 ], [ 0.113572740694508, 51.416572898626328 ], [ 0.111838805722073, 51.416572898626328 ], [ 0.110104870749637, 51.415485292673111 ], [ 0.106637000804767, 51.415485292673111 ], [ 0.104903065832332, 51.416572898626328 ], [ 0.103169130859897, 51.416572898626328 ], [ 0.102302163373679, 51.417116701602936 ], [ 0.102302163373679, 51.420379519462585 ], [ 0.100568228401244, 51.421467125415802 ], [ 0.100568228401244, 51.422554731369019 ], [ 0.099701260915026, 51.423098534345627 ], [ 0.096233390970156, 51.423098534345627 ], [ 0.095366423483938, 51.422554731369019 ], [ 0.096233390970156, 51.42201092839241 ], [ 0.097967325942591, 51.42201092839241 ], [ 0.098834293428808, 51.421467125415802 ], [ 0.098834293428808, 51.420379519462585 ], [ 0.097967325942591, 51.419835716485977 ], [ 0.096233390970156, 51.419835716485977 ], [ 0.09449945599772, 51.420923322439194 ], [ 0.093632488511503, 51.420379519462585 ], [ 0.093632488511503, 51.419291913509369 ], [ 0.092765521025285, 51.418748110532761 ], [ 0.09103158605285, 51.418748110532761 ], [ 0.089297651080415, 51.419835716485977 ], [ 0.088430683594197, 51.419291913509369 ], [ 0.088430683594197, 51.414941489696503 ], [ 0.089297651080415, 51.414397686719894 ], [ 0.090164618566632, 51.414941489696503 ], [ 0.090164618566632, 51.416029095649719 ], [ 0.09103158605285, 51.416572898626328 ], [ 0.09449945599772, 51.416572898626328 ], [ 0.096233390970156, 51.417660504579544 ], [ 0.101435195887461, 51.414397686719894 ], [ 0.106637000804767, 51.414397686719894 ], [ 0.110971838235855, 51.411678671836853 ], [ 0.110971838235855, 51.40950345993042 ], [ 0.110104870749637, 51.408959656953812 ], [ 0.108370935777202, 51.408959656953812 ], [ 0.107503968290985, 51.40950345993042 ], [ 0.107503968290985, 51.410591065883636 ], [ 0.106637000804767, 51.411134868860245 ], [ 0.105770033318549, 51.410591065883636 ], [ 0.105770033318549, 51.407328248023987 ], [ 0.106637000804767, 51.406784445047379 ], [ 0.111838805722073, 51.406784445047379 ], [ 0.115306675666943, 51.404609233140945 ], [ 0.117907578125596, 51.40624064207077 ], [ 0.117040610639378, 51.406784445047379 ], [ 0.115306675666943, 51.406784445047379 ], [ 0.114439708180726, 51.407328248023987 ], [ 0.114439708180726, 51.40950345993042 ], [ 0.118774545611814, 51.412222474813461 ], [ 0.120508480584249, 51.411134868860245 ], [ 0.122242415556684, 51.412222474813461 ], [ 0.123976350529119, 51.412222474813461 ], [ 0.124843318015337, 51.41276627779007 ], [ 0.124843318015337, 51.413853883743286 ], [ 0.125710285501555, 51.414397686719894 ], [ 0.12744422047399, 51.414397686719894 ], [ 0.13091209041886, 51.416572898626328 ], [ 0.132646025391296, 51.416572898626328 ], [ 0.136980862822384, 51.419291913509369 ], [ 0.136980862822384, 51.420379519462585 ], [ 0.135246927849948, 51.421467125415802 ], [ 0.135246927849948, 51.422554731369019 ], [ 0.136113895336166, 51.423098534345627 ], [ 0.137847830308601, 51.42201092839241 ], [ 0.141315700253472, 51.42201092839241 ], [ 0.143049635225907, 51.420923322439194 ], [ 0.144783570198342, 51.42201092839241 ], [ 0.146517505170777, 51.420923322439194 ], [ 0.147384472656995, 51.421467125415802 ], [ 0.147384472656995, 51.429080367088318 ], [ 0.148251440143213, 51.429624170064926 ], [ 0.151719310088083, 51.429624170064926 ], [ 0.152586277574301, 51.430167973041534 ], [ 0.152586277574301, 51.431255578994751 ], [ 0.153453245060518, 51.431799381971359 ], [ 0.155187180032954, 51.430711776018143 ], [ 0.156921115005389, 51.430711776018143 ], [ 0.157788082491606, 51.430167973041534 ], [ 0.157788082491606, 51.429080367088318 ], [ 0.159522017464042, 51.427992761135101 ], [ 0.157788082491606, 51.426905155181885 ], [ 0.157788082491606, 51.425817549228668 ], [ 0.159522017464042, 51.424729943275452 ], [ 0.159522017464042, 51.423642337322235 ], [ 0.157788082491606, 51.422554731369019 ], [ 0.159522017464042, 51.421467125415802 ], [ 0.159522017464042, 51.420379519462585 ], [ 0.160388984950259, 51.419835716485977 ], [ 0.16385685489513, 51.419835716485977 ], [ 0.164723822381347, 51.419291913509369 ], [ 0.164723822381347, 51.413853883743286 ], [ 0.16385685489513, 51.413310080766678 ], [ 0.162122919922695, 51.414397686719894 ], [ 0.160388984950259, 51.414397686719894 ], [ 0.159522017464042, 51.413853883743286 ], [ 0.160388984950259, 51.413310080766678 ], [ 0.162122919922695, 51.413310080766678 ], [ 0.162989887408912, 51.41276627779007 ], [ 0.162989887408912, 51.411678671836853 ], [ 0.161255952436477, 51.410591065883636 ], [ 0.162122919922695, 51.410047262907028 ], [ 0.16385685489513, 51.410047262907028 ], [ 0.16732472484, 51.412222474813461 ], [ 0.169058659812436, 51.412222474813461 ], [ 0.169925627298653, 51.41276627779007 ], [ 0.169925627298653, 51.414941489696503 ], [ 0.171659562271088, 51.416029095649719 ], [ 0.171659562271088, 51.417116701602936 ], [ 0.172526529757306, 51.417660504579544 ], [ 0.173393497243524, 51.417116701602936 ], [ 0.173393497243524, 51.416029095649719 ], [ 0.174260464729741, 51.415485292673111 ], [ 0.175994399702176, 51.415485292673111 ], [ 0.176861367188394, 51.414941489696503 ], [ 0.175994399702176, 51.414397686719894 ], [ 0.174260464729741, 51.414397686719894 ], [ 0.171659562271088, 51.41276627779007 ], [ 0.173393497243524, 51.411678671836853 ], [ 0.173393497243524, 51.40624064207077 ], [ 0.175994399702176, 51.404609233140945 ], [ 0.177078109059948, 51.405153036117554 ], [ 0.177728334674612, 51.402434021234512 ], [ 0.175994399702176, 51.402434021234512 ], [ 0.174260464729741, 51.403521627187729 ], [ 0.170792594784871, 51.403521627187729 ], [ 0.169925627298653, 51.402977824211121 ], [ 0.169925627298653, 51.400802612304688 ], [ 0.166457757353783, 51.398627400398254 ], [ 0.168191692326218, 51.397539794445038 ], [ 0.168191692326218, 51.395364582538605 ], [ 0.164723822381347, 51.393189370632172 ], [ 0.164723822381347, 51.392101764678955 ], [ 0.16385685489513, 51.391557961702347 ], [ 0.161255952436477, 51.393189370632172 ], [ 0.161255952436477, 51.394276976585388 ], [ 0.158655049977824, 51.395908385515213 ], [ 0.157788082491606, 51.395364582538605 ], [ 0.157788082491606, 51.394276976585388 ], [ 0.159522017464042, 51.393189370632172 ], [ 0.157788082491606, 51.392101764678955 ], [ 0.157788082491606, 51.391014158725739 ], [ 0.156054147519171, 51.389926552772522 ], [ 0.156054147519171, 51.388838946819305 ], [ 0.157788082491606, 51.387751340866089 ], [ 0.157788082491606, 51.385576128959656 ], [ 0.156921115005389, 51.385032325983047 ], [ 0.153453245060518, 51.385032325983047 ], [ 0.151719310088083, 51.383944720029831 ], [ 0.149985375115648, 51.385032325983047 ], [ 0.146517505170777, 51.385032325983047 ], [ 0.144783570198342, 51.386119931936264 ], [ 0.141315700253472, 51.386119931936264 ], [ 0.140448732767254, 51.385576128959656 ], [ 0.140448732767254, 51.384488523006439 ], [ 0.141315700253472, 51.383944720029831 ], [ 0.143049635225907, 51.383944720029831 ], [ 0.147384472656995, 51.38122570514679 ], [ 0.147384472656995, 51.379050493240356 ], [ 0.148251440143213, 51.378506690263748 ], [ 0.14911840762943, 51.379050493240356 ], [ 0.14911840762943, 51.38122570514679 ], [ 0.149985375115648, 51.381769508123398 ], [ 0.151719310088083, 51.381769508123398 ], [ 0.152586277574301, 51.38122570514679 ], [ 0.152586277574301, 51.379050493240356 ], [ 0.153453245060518, 51.378506690263748 ], [ 0.158655049977824, 51.378506690263748 ], [ 0.159522017464042, 51.37796288728714 ], [ 0.157788082491606, 51.376875281333923 ], [ 0.157788082491606, 51.375787675380707 ], [ 0.158655049977824, 51.375243872404099 ], [ 0.16385685489513, 51.375243872404099 ], [ 0.164723822381347, 51.375787675380707 ], [ 0.164723822381347, 51.37796288728714 ], [ 0.166457757353783, 51.379050493240356 ], [ 0.166457757353783, 51.380138099193573 ], [ 0.16732472484, 51.380681902170181 ], [ 0.170792594784871, 51.380681902170181 ], [ 0.173393497243524, 51.379050493240356 ], [ 0.173393497243524, 51.376875281333923 ], [ 0.174260464729741, 51.376331478357315 ], [ 0.175994399702176, 51.376331478357315 ], [ 0.176861367188394, 51.375787675380707 ], [ 0.176861367188394, 51.37470006942749 ], [ 0.179462269647047, 51.373068660497665 ], [ 0.181196204619482, 51.374156266450882 ], [ 0.184664074564353, 51.374156266450882 ], [ 0.186398009536788, 51.375243872404099 ], [ 0.188131944509223, 51.375243872404099 ], [ 0.189865879481658, 51.374156266450882 ], [ 0.196801619371399, 51.374156266450882 ], [ 0.197668586857617, 51.373612463474274 ], [ 0.197668586857617, 51.372524857521057 ], [ 0.198535554343835, 51.371981054544449 ], [ 0.20026948931627, 51.371981054544449 ], [ 0.202870391774923, 51.370349645614624 ], [ 0.20026948931627, 51.368718236684799 ], [ 0.198535554343835, 51.368718236684799 ], [ 0.197668586857617, 51.368174433708191 ], [ 0.197668586857617, 51.367086827754974 ], [ 0.198535554343835, 51.366543024778366 ], [ 0.202003424288705, 51.366543024778366 ], [ 0.202870391774923, 51.365999221801758 ], [ 0.202870391774923, 51.363824009895325 ], [ 0.201136456802487, 51.362736403942108 ], [ 0.201136456802487, 51.360561192035675 ], [ 0.199402521830052, 51.359473586082458 ], [ 0.199402521830052, 51.355123162269592 ], [ 0.198535554343835, 51.354579359292984 ], [ 0.196801619371399, 51.355666965246201 ], [ 0.195934651885182, 51.355123162269592 ], [ 0.197668586857617, 51.354035556316376 ], [ 0.197668586857617, 51.352947950363159 ], [ 0.195934651885182, 51.351860344409943 ], [ 0.196801619371399, 51.351316541433334 ], [ 0.199402521830052, 51.352947950363159 ], [ 0.199402521830052, 51.354035556316376 ], [ 0.202870391774923, 51.356210768222809 ], [ 0.201136456802487, 51.357298374176025 ], [ 0.201136456802487, 51.358385980129242 ], [ 0.202003424288705, 51.35892978310585 ], [ 0.205471294233575, 51.35892978310585 ], [ 0.206338261719793, 51.358385980129242 ], [ 0.206338261719793, 51.356210768222809 ], [ 0.207205229206011, 51.355666965246201 ], [ 0.208072196692228, 51.356210768222809 ], [ 0.208072196692228, 51.359473586082458 ], [ 0.208939164178446, 51.360017389059067 ], [ 0.210673099150881, 51.360017389059067 ], [ 0.211540066637099, 51.360561192035675 ], [ 0.211540066637099, 51.361648797988892 ], [ 0.209806131664664, 51.362736403942108 ], [ 0.212407034123316, 51.364367812871933 ], [ 0.214140969095752, 51.364367812871933 ], [ 0.215007936581969, 51.363824009895325 ], [ 0.215007936581969, 51.362736403942108 ], [ 0.216741871554404, 51.361648797988892 ], [ 0.216741871554404, 51.359473586082458 ], [ 0.222810643957928, 51.355666965246201 ], [ 0.223677611444145, 51.356210768222809 ], [ 0.223677611444145, 51.357298374176025 ], [ 0.22194367647171, 51.358385980129242 ], [ 0.22194367647171, 51.359473586082458 ], [ 0.220209741499275, 51.360561192035675 ], [ 0.22194367647171, 51.361648797988892 ], [ 0.21847580652684, 51.363824009895325 ], [ 0.220209741499275, 51.364911615848541 ], [ 0.220209741499275, 51.365999221801758 ], [ 0.21847580652684, 51.367086827754974 ], [ 0.21847580652684, 51.368174433708191 ], [ 0.219342774013057, 51.368718236684799 ], [ 0.221076708985493, 51.368718236684799 ], [ 0.22194367647171, 51.369262039661407 ], [ 0.22194367647171, 51.370349645614624 ], [ 0.222810643957928, 51.370893448591232 ], [ 0.228012448875234, 51.370893448591232 ], [ 0.228879416361451, 51.370349645614624 ], [ 0.228879416361451, 51.365999221801758 ], [ 0.227145481389016, 51.364911615848541 ], [ 0.230613351333886, 51.362736403942108 ], [ 0.230613351333886, 51.361648797988892 ], [ 0.228879416361451, 51.360561192035675 ], [ 0.228879416361451, 51.359473586082458 ], [ 0.229746383847669, 51.35892978310585 ], [ 0.231480318820104, 51.35892978310585 ], [ 0.233214253792539, 51.360017389059067 ], [ 0.237549091223627, 51.357298374176025 ], [ 0.237549091223627, 51.355123162269592 ], [ 0.238416058709845, 51.354579359292984 ], [ 0.24014999368228, 51.354579359292984 ], [ 0.241883928654715, 51.353491753339767 ], [ 0.242750896140933, 51.354035556316376 ], [ 0.241016961168498, 51.355123162269592 ], [ 0.241016961168498, 51.357298374176025 ], [ 0.24014999368228, 51.357842177152634 ], [ 0.238416058709845, 51.357842177152634 ], [ 0.237549091223627, 51.358385980129242 ], [ 0.239283026196063, 51.359473586082458 ], [ 0.237549091223627, 51.360561192035675 ], [ 0.238416058709845, 51.361104995012283 ], [ 0.24014999368228, 51.361104995012283 ], [ 0.242750896140933, 51.362736403942108 ], [ 0.241883928654715, 51.363280206918716 ], [ 0.24014999368228, 51.3621926009655 ], [ 0.238416058709845, 51.3621926009655 ], [ 0.237549091223627, 51.362736403942108 ], [ 0.239283026196063, 51.363824009895325 ], [ 0.235815156251192, 51.365999221801758 ], [ 0.235815156251192, 51.368174433708191 ], [ 0.23668212373741, 51.368718236684799 ], [ 0.238416058709845, 51.368718236684799 ], [ 0.241883928654715, 51.366543024778366 ], [ 0.243617863627151, 51.367630630731583 ], [ 0.245351798599586, 51.367630630731583 ], [ 0.246218766085804, 51.367086827754974 ], [ 0.246218766085804, 51.363824009895325 ], [ 0.247952701058239, 51.362736403942108 ], [ 0.247952701058239, 51.361648797988892 ], [ 0.249686636030674, 51.360561192035675 ], [ 0.249686636030674, 51.359473586082458 ], [ 0.251420571003109, 51.358385980129242 ], [ 0.251420571003109, 51.357298374176025 ], [ 0.253154505975544, 51.356210768222809 ], [ 0.251420571003109, 51.355123162269592 ], [ 0.251420571003109, 51.354035556316376 ], [ 0.249686636030674, 51.352947950363159 ], [ 0.249686636030674, 51.34968513250351 ], [ 0.250553603516892, 51.349141329526901 ], [ 0.252287538489327, 51.349141329526901 ], [ 0.253154505975544, 51.348597526550293 ], [ 0.253154505975544, 51.347509920597076 ], [ 0.251420571003109, 51.34642231464386 ], [ 0.253154505975544, 51.345334708690643 ], [ 0.253154505975544, 51.344247102737427 ], [ 0.254021473461762, 51.343703299760818 ], [ 0.255755408434197, 51.344790905714035 ], [ 0.257489343406633, 51.344790905714035 ], [ 0.25835631089285, 51.344247102737427 ], [ 0.25835631089285, 51.34315949678421 ], [ 0.265292050782591, 51.338809072971344 ], [ 0.265292050782591, 51.337721467018127 ], [ 0.264425083296373, 51.337177664041519 ], [ 0.262691148323938, 51.338265269994736 ], [ 0.261824180837721, 51.337721467018127 ], [ 0.261824180837721, 51.335546255111694 ], [ 0.263558115810156, 51.334458649158478 ], [ 0.261824180837721, 51.333371043205261 ], [ 0.263558115810156, 51.332283437252045 ], [ 0.261824180837721, 51.331195831298828 ], [ 0.262691148323938, 51.33065202832222 ], [ 0.265292050782591, 51.332283437252045 ], [ 0.265292050782591, 51.334458649158478 ], [ 0.267892953241244, 51.336090058088303 ], [ 0.268759920727462, 51.335546255111694 ], [ 0.268759920727462, 51.334458649158478 ], [ 0.267025985755026, 51.333371043205261 ], [ 0.267892953241244, 51.332827240228653 ], [ 0.269626888213679, 51.33391484618187 ], [ 0.271360823186114, 51.33391484618187 ], [ 0.27309475815855, 51.335002452135086 ], [ 0.274828693130985, 51.33391484618187 ], [ 0.27656262810342, 51.33391484618187 ], [ 0.283498367993161, 51.329564422369003 ], [ 0.286099270451814, 51.331195831298828 ], [ 0.285232302965596, 51.331739634275436 ], [ 0.283498367993161, 51.331739634275436 ], [ 0.281764433020726, 51.332827240228653 ], [ 0.280030498048291, 51.332827240228653 ], [ 0.279163530562073, 51.333371043205261 ], [ 0.279163530562073, 51.335546255111694 ], [ 0.278296563075855, 51.336090058088303 ], [ 0.27656262810342, 51.336090058088303 ], [ 0.273961725644767, 51.337721467018127 ], [ 0.273961725644767, 51.338809072971344 ], [ 0.272227790672332, 51.339896678924561 ], [ 0.272227790672332, 51.340984284877777 ], [ 0.273961725644767, 51.342071890830994 ], [ 0.273961725644767, 51.34315949678421 ], [ 0.274828693130985, 51.343703299760818 ], [ 0.27656262810342, 51.343703299760818 ], [ 0.278296563075855, 51.342615693807602 ], [ 0.281764433020726, 51.342615693807602 ], [ 0.282631400506943, 51.342071890830994 ], [ 0.282631400506943, 51.340984284877777 ], [ 0.283498367993161, 51.340440481901169 ], [ 0.286966237938032, 51.340440481901169 ], [ 0.288700172910467, 51.339352875947952 ], [ 0.290434107882902, 51.339352875947952 ], [ 0.29130107536912, 51.339896678924561 ], [ 0.29130107536912, 51.340984284877777 ], [ 0.293035010341555, 51.342071890830994 ], [ 0.293035010341555, 51.344247102737427 ], [ 0.295635912800208, 51.345878511667252 ], [ 0.299103782745078, 51.345878511667252 ], [ 0.302571652689949, 51.348053723573685 ], [ 0.304305587662384, 51.348053723573685 ], [ 0.305172555148602, 51.347509920597076 ], [ 0.305172555148602, 51.34642231464386 ], [ 0.303438620176166, 51.345334708690643 ], [ 0.303438620176166, 51.34315949678421 ], [ 0.301704685203731, 51.342071890830994 ], [ 0.301704685203731, 51.339896678924561 ], [ 0.303438620176166, 51.338809072971344 ], [ 0.303438620176166, 51.337721467018127 ], [ 0.302571652689949, 51.337177664041519 ], [ 0.299103782745078, 51.337177664041519 ], [ 0.298236815258861, 51.336633861064911 ], [ 0.298236815258861, 51.335546255111694 ], [ 0.297369847772643, 51.335002452135086 ], [ 0.295635912800208, 51.335002452135086 ], [ 0.29476894531399, 51.334458649158478 ], [ 0.297369847772643, 51.332827240228653 ], [ 0.299103782745078, 51.33391484618187 ], [ 0.302571652689949, 51.33391484618187 ], [ 0.304305587662384, 51.332827240228653 ], [ 0.306039522634819, 51.332827240228653 ], [ 0.306906490121037, 51.333371043205261 ], [ 0.306906490121037, 51.334458649158478 ], [ 0.307773457607254, 51.335002452135086 ], [ 0.30950739257969, 51.33391484618187 ], [ 0.31297526252456, 51.33391484618187 ], [ 0.314709197496995, 51.332827240228653 ], [ 0.315576164983213, 51.333371043205261 ], [ 0.315576164983213, 51.334458649158478 ], [ 0.314709197496995, 51.335002452135086 ], [ 0.31297526252456, 51.335002452135086 ], [ 0.306906490121037, 51.338809072971344 ], [ 0.308640425093472, 51.339896678924561 ], [ 0.308640425093472, 51.340984284877777 ], [ 0.30950739257969, 51.341528087854385 ], [ 0.311241327552125, 51.341528087854385 ], [ 0.312108295038342, 51.340984284877777 ], [ 0.312108295038342, 51.339896678924561 ], [ 0.313842230010778, 51.338809072971344 ], [ 0.313842230010778, 51.337721467018127 ], [ 0.314709197496995, 51.337177664041519 ], [ 0.316443132469431, 51.337177664041519 ], [ 0.317310099955648, 51.336633861064911 ], [ 0.317310099955648, 51.334458649158478 ], [ 0.318177067441866, 51.33391484618187 ], [ 0.319911002414301, 51.33391484618187 ], [ 0.320777969900519, 51.333371043205261 ], [ 0.320777969900519, 51.330108225345612 ], [ 0.321644937386736, 51.329564422369003 ], [ 0.323378872359172, 51.329564422369003 ], [ 0.325979774817824, 51.327933013439178 ], [ 0.325979774817824, 51.325757801532745 ], [ 0.325112807331607, 51.325213998556137 ], [ 0.323378872359172, 51.325213998556137 ], [ 0.322511904872954, 51.324670195579529 ], [ 0.322511904872954, 51.321407377719879 ], [ 0.324245839845389, 51.320319771766663 ], [ 0.322511904872954, 51.319232165813446 ], [ 0.322511904872954, 51.318144559860229 ], [ 0.321644937386736, 51.317600756883621 ], [ 0.319911002414301, 51.317600756883621 ], [ 0.319044034928083, 51.318144559860229 ], [ 0.320777969900519, 51.319232165813446 ], [ 0.319911002414301, 51.319775968790054 ], [ 0.316443132469431, 51.319775968790054 ], [ 0.315576164983213, 51.320319771766663 ], [ 0.315576164983213, 51.321407377719879 ], [ 0.314709197496995, 51.321951180696487 ], [ 0.313842230010778, 51.321407377719879 ], [ 0.313842230010778, 51.318144559860229 ], [ 0.317310099955648, 51.315969347953796 ], [ 0.317310099955648, 51.31488174200058 ], [ 0.316443132469431, 51.314337939023972 ], [ 0.314709197496995, 51.314337939023972 ], [ 0.31297526252456, 51.313250333070755 ], [ 0.311241327552125, 51.313250333070755 ], [ 0.310374360065907, 51.312706530094147 ], [ 0.31297526252456, 51.311075121164322 ], [ 0.319911002414301, 51.311075121164322 ], [ 0.320777969900519, 51.31161892414093 ], [ 0.319911002414301, 51.312162727117538 ], [ 0.318177067441866, 51.312162727117538 ], [ 0.317310099955648, 51.312706530094147 ], [ 0.318177067441866, 51.313250333070755 ], [ 0.319911002414301, 51.313250333070755 ], [ 0.321644937386736, 51.314337939023972 ], [ 0.325112807331607, 51.314337939023972 ], [ 0.33118157973513, 51.318144559860229 ], [ 0.33118157973513, 51.319232165813446 ], [ 0.332048547221348, 51.319775968790054 ], [ 0.335516417166218, 51.319775968790054 ], [ 0.338984287111089, 51.321951180696487 ], [ 0.344186092028394, 51.321951180696487 ], [ 0.346786994487047, 51.320319771766663 ], [ 0.346786994487047, 51.318144559860229 ], [ 0.350254864431918, 51.315969347953796 ], [ 0.350254864431918, 51.312706530094147 ], [ 0.351121831918135, 51.312162727117538 ], [ 0.352855766890571, 51.312162727117538 ], [ 0.355456669349223, 51.313794136047363 ], [ 0.355456669349223, 51.315969347953796 ], [ 0.356323636835441, 51.316513150930405 ], [ 0.358057571807876, 51.316513150930405 ], [ 0.362392409238964, 51.319232165813446 ], [ 0.362392409238964, 51.320319771766663 ], [ 0.361525441752747, 51.320863574743271 ], [ 0.360658474266529, 51.320319771766663 ], [ 0.360658474266529, 51.319232165813446 ], [ 0.359791506780311, 51.318688362836838 ], [ 0.356323636835441, 51.318688362836838 ], [ 0.355456669349223, 51.319232165813446 ], [ 0.355456669349223, 51.320319771766663 ], [ 0.354589701863006, 51.320863574743271 ], [ 0.352855766890571, 51.320863574743271 ], [ 0.350254864431918, 51.322494983673096 ], [ 0.351121831918135, 51.323038786649704 ], [ 0.356323636835441, 51.323038786649704 ], [ 0.358924539294094, 51.324670195579529 ], [ 0.358924539294094, 51.325757801532745 ], [ 0.358057571807876, 51.326301604509354 ], [ 0.354589701863006, 51.326301604509354 ], [ 0.353722734376788, 51.326845407485962 ], [ 0.354589701863006, 51.32738921046257 ], [ 0.361525441752747, 51.32738921046257 ], [ 0.363259376725182, 51.328476816415787 ], [ 0.366727246670052, 51.328476816415787 ], [ 0.369328149128705, 51.330108225345612 ], [ 0.369328149128705, 51.334458649158478 ], [ 0.371929051587358, 51.336090058088303 ], [ 0.373662986559793, 51.335002452135086 ], [ 0.38233266142197, 51.335002452135086 ], [ 0.384066596394405, 51.33391484618187 ], [ 0.384933563880622, 51.334458649158478 ], [ 0.384933563880622, 51.336633861064911 ], [ 0.384066596394405, 51.337177664041519 ], [ 0.378864791477099, 51.337177664041519 ], [ 0.376263889018446, 51.338809072971344 ], [ 0.377130856504664, 51.339352875947952 ], [ 0.378864791477099, 51.339352875947952 ], [ 0.381465693935752, 51.340984284877777 ], [ 0.381465693935752, 51.342071890830994 ], [ 0.383199628908187, 51.34315949678421 ], [ 0.383199628908187, 51.345334708690643 ], [ 0.384933563880622, 51.34642231464386 ], [ 0.384933563880622, 51.347509920597076 ], [ 0.387534466339275, 51.349141329526901 ], [ 0.38926840131171, 51.349141329526901 ], [ 0.391002336284146, 51.350228935480118 ], [ 0.392736271256581, 51.350228935480118 ], [ 0.393603238742799, 51.34968513250351 ], [ 0.393603238742799, 51.347509920597076 ], [ 0.394470206229016, 51.346966117620468 ], [ 0.396204141201451, 51.346966117620468 ], [ 0.398805043660104, 51.348597526550293 ], [ 0.397071108687669, 51.34968513250351 ], [ 0.398805043660104, 51.350772738456726 ], [ 0.398805043660104, 51.351860344409943 ], [ 0.40053897863254, 51.352947950363159 ], [ 0.40053897863254, 51.354035556316376 ], [ 0.401405946118757, 51.354579359292984 ], [ 0.403139881091192, 51.354579359292984 ], [ 0.40400684857741, 51.355123162269592 ], [ 0.40400684857741, 51.357298374176025 ], [ 0.405740783549845, 51.358385980129242 ], [ 0.405740783549845, 51.359473586082458 ], [ 0.409208653494716, 51.361648797988892 ], [ 0.409208653494716, 51.364911615848541 ], [ 0.410942588467151, 51.365999221801758 ], [ 0.410942588467151, 51.368174433708191 ], [ 0.417878328356892, 51.372524857521057 ], [ 0.416144393384457, 51.373612463474274 ], [ 0.416144393384457, 51.37470006942749 ], [ 0.417011360870674, 51.375243872404099 ], [ 0.420479230815545, 51.375243872404099 ], [ 0.421346198301762, 51.37470006942749 ], [ 0.421346198301762, 51.373612463474274 ], [ 0.423947100760415, 51.371981054544449 ], [ 0.429148905677721, 51.371981054544449 ], [ 0.430882840650156, 51.370893448591232 ], [ 0.434350710595027, 51.370893448591232 ], [ 0.435217678081244, 51.370349645614624 ], [ 0.435217678081244, 51.369262039661407 ], [ 0.433483743108809, 51.368174433708191 ], [ 0.435217678081244, 51.367086827754974 ], [ 0.435217678081244, 51.363824009895325 ], [ 0.434350710595027, 51.363280206918716 ], [ 0.432616775622591, 51.363280206918716 ], [ 0.430015873163939, 51.361648797988892 ], [ 0.430015873163939, 51.360561192035675 ], [ 0.428281938191503, 51.359473586082458 ], [ 0.428281938191503, 51.357298374176025 ], [ 0.427414970705286, 51.356754571199417 ], [ 0.423947100760415, 51.356754571199417 ], [ 0.421346198301762, 51.355123162269592 ], [ 0.423080133274198, 51.354035556316376 ], [ 0.423080133274198, 51.352947950363159 ], [ 0.42221316578798, 51.352404147386551 ], [ 0.420479230815545, 51.352404147386551 ], [ 0.418745295843109, 51.351316541433334 ], [ 0.411809555953369, 51.351316541433334 ], [ 0.410075620980933, 51.350228935480118 ], [ 0.408341686008498, 51.350228935480118 ], [ 0.40747471852228, 51.34968513250351 ], [ 0.410075620980933, 51.348053723573685 ], [ 0.411809555953369, 51.348053723573685 ], [ 0.413543490925804, 51.349141329526901 ], [ 0.415277425898239, 51.348053723573685 ], [ 0.420479230815545, 51.348053723573685 ], [ 0.421346198301762, 51.347509920597076 ], [ 0.421346198301762, 51.345334708690643 ], [ 0.419612263329327, 51.344247102737427 ], [ 0.419612263329327, 51.34315949678421 ], [ 0.417011360870674, 51.341528087854385 ], [ 0.415277425898239, 51.342615693807602 ], [ 0.414410458412021, 51.342071890830994 ], [ 0.414410458412021, 51.340984284877777 ], [ 0.416144393384457, 51.339896678924561 ], [ 0.416144393384457, 51.338809072971344 ], [ 0.417011360870674, 51.338265269994736 ], [ 0.418745295843109, 51.338265269994736 ], [ 0.42221316578798, 51.340440481901169 ], [ 0.429148905677721, 51.340440481901169 ], [ 0.430015873163939, 51.339896678924561 ], [ 0.430015873163939, 51.338809072971344 ], [ 0.431749808136374, 51.337721467018127 ], [ 0.431749808136374, 51.336633861064911 ], [ 0.433483743108809, 51.335546255111694 ], [ 0.433483743108809, 51.334458649158478 ], [ 0.432616775622591, 51.33391484618187 ], [ 0.415277425898239, 51.33391484618187 ], [ 0.414410458412021, 51.333371043205261 ], [ 0.415277425898239, 51.332827240228653 ], [ 0.420479230815545, 51.332827240228653 ], [ 0.42221316578798, 51.331739634275436 ], [ 0.423296875145752, 51.332283437252045 ], [ 0.424597326375078, 51.332283437252045 ], [ 0.42568103573285, 51.331739634275436 ], [ 0.426764745090622, 51.332283437252045 ], [ 0.428281938191503, 51.330108225345612 ], [ 0.428281938191503, 51.327933013439178 ], [ 0.423080133274198, 51.324670195579529 ], [ 0.423080133274198, 51.323582589626312 ], [ 0.424814068246633, 51.322494983673096 ], [ 0.424814068246633, 51.321407377719879 ], [ 0.42568103573285, 51.320863574743271 ], [ 0.427414970705286, 51.320863574743271 ], [ 0.428281938191503, 51.320319771766663 ], [ 0.428281938191503, 51.318144559860229 ], [ 0.430015873163939, 51.317056953907013 ], [ 0.427414970705286, 51.315425544977188 ], [ 0.42568103573285, 51.315425544977188 ], [ 0.424814068246633, 51.31488174200058 ], [ 0.426548003219068, 51.313794136047363 ], [ 0.426548003219068, 51.310531318187714 ], [ 0.427414970705286, 51.309851564466953 ], [ 0.428281938191503, 51.310531318187714 ], [ 0.428498680063058, 51.31161892414093 ], [ 0.428498680063058, 51.312706530094147 ], [ 0.429148905677721, 51.314201988279819 ], [ 0.434350710595027, 51.315289594233036 ], [ 0.436084645567462, 51.315289594233036 ], [ 0.439552515512332, 51.317464806139469 ], [ 0.442153417970985, 51.318144559860229 ], [ 0.443020385457203, 51.317600756883621 ], [ 0.444754320429638, 51.317464806139469 ], [ 0.446488255402073, 51.318552412092686 ], [ 0.447355222888291, 51.319232165813446 ], [ 0.448222190374509, 51.320727623999119 ], [ 0.449305899732281, 51.321407377719879 ], [ 0.449956125346944, 51.322902835905552 ], [ 0.450823092833161, 51.323582589626312 ], [ 0.451039834704716, 51.324670195579529 ], [ 0.451690060319379, 51.326165653765202 ], [ 0.453423995291814, 51.32738921046257 ], [ 0.454290962778032, 51.327933013439178 ], [ 0.453423995291814, 51.328612767159939 ], [ 0.453423995291814, 51.329428471624851 ], [ 0.454290962778032, 51.330108225345612 ], [ 0.452557027805597, 51.331195831298828 ], [ 0.452557027805597, 51.333371043205261 ], [ 0.450823092833161, 51.334458649158478 ], [ 0.450823092833161, 51.337721467018127 ], [ 0.451690060319379, 51.338265269994736 ], [ 0.453423995291814, 51.338265269994736 ], [ 0.457758832722902, 51.335546255111694 ], [ 0.457758832722902, 51.334458649158478 ], [ 0.461226702667773, 51.332283437252045 ], [ 0.461226702667773, 51.331195831298828 ], [ 0.46209367015399, 51.33065202832222 ], [ 0.462960637640208, 51.331195831298828 ], [ 0.462960637640208, 51.333371043205261 ], [ 0.461226702667773, 51.334458649158478 ], [ 0.461226702667773, 51.337721467018127 ], [ 0.465561540098861, 51.340440481901169 ], [ 0.467295475071296, 51.340440481901169 ], [ 0.468162442557514, 51.340984284877777 ], [ 0.466428507585078, 51.342071890830994 ], [ 0.466428507585078, 51.345334708690643 ], [ 0.46209367015399, 51.348053723573685 ], [ 0.460359735181555, 51.348053723573685 ], [ 0.459492767695338, 51.348597526550293 ], [ 0.459492767695338, 51.354035556316376 ], [ 0.45862580020912, 51.354579359292984 ], [ 0.457758832722902, 51.354035556316376 ], [ 0.457758832722902, 51.351860344409943 ], [ 0.457542090851348, 51.350772738456726 ], [ 0.456891865236685, 51.35036488622427 ], [ 0.456024897750467, 51.34968513250351 ], [ 0.456024897750467, 51.34642231464386 ], [ 0.455157930264249, 51.345878511667252 ], [ 0.452557027805597, 51.347509920597076 ], [ 0.452557027805597, 51.348597526550293 ], [ 0.451690060319379, 51.349277280271053 ], [ 0.453423995291814, 51.350228935480118 ], [ 0.454290962778032, 51.350772738456726 ], [ 0.454290962778032, 51.354035556316376 ], [ 0.453423995291814, 51.354579359292984 ], [ 0.451690060319379, 51.354579359292984 ], [ 0.450823092833161, 51.355123162269592 ], [ 0.450823092833161, 51.356210768222809 ], [ 0.451039834704716, 51.357298374176025 ], [ 0.451690060319379, 51.357706226408482 ], [ 0.452557027805597, 51.358385980129242 ], [ 0.452557027805597, 51.360561192035675 ], [ 0.454290962778032, 51.361648797988892 ], [ 0.452557027805597, 51.362736403942108 ], [ 0.453423995291814, 51.363280206918716 ], [ 0.455157930264249, 51.363280206918716 ], [ 0.456024897750467, 51.363824009895325 ], [ 0.456024897750467, 51.364911615848541 ], [ 0.459492767695338, 51.367086827754974 ], [ 0.459492767695338, 51.368174433708191 ], [ 0.461226702667773, 51.369262039661407 ], [ 0.460359735181555, 51.369941793382168 ], [ 0.457542090851348, 51.368174433708191 ], [ 0.455157930264249, 51.367766581475735 ], [ 0.454074220906477, 51.367086827754974 ], [ 0.451690060319379, 51.367494679987431 ], [ 0.454507704649586, 51.369262039661407 ], [ 0.456891865236685, 51.369669891893864 ], [ 0.464911314484198, 51.37470006942749 ], [ 0.467295475071296, 51.375107921659946 ], [ 0.469029410043731, 51.375107921659946 ], [ 0.470113119401503, 51.375787675380707 ], [ 0.472497279988602, 51.376331478357315 ], [ 0.473580989346374, 51.376875281333923 ], [ 0.475314924318809, 51.37796288728714 ], [ 0.475965149933472, 51.379458345472813 ], [ 0.477048859291244, 51.380138099193573 ], [ 0.479433019878343, 51.380545951426029 ], [ 0.480516729236115, 51.38122570514679 ], [ 0.482900889823213, 51.381633557379246 ], [ 0.486368759768084, 51.381633557379246 ], [ 0.488102694740519, 51.381769508123398 ], [ 0.492437532171607, 51.384488523006439 ], [ 0.491570564685389, 51.3851682767272 ], [ 0.490920339070726, 51.386663734912872 ], [ 0.490920339070726, 51.387751340866089 ], [ 0.491570564685389, 51.389246799051762 ], [ 0.496122143988032, 51.392101764678955 ], [ 0.49850630457513, 51.392509616911411 ], [ 0.501323948905338, 51.394276976585388 ], [ 0.501974174520001, 51.395772434771061 ], [ 0.503057883877773, 51.396452188491821 ], [ 0.505442044464871, 51.396860040724277 ], [ 0.50782620505197, 51.396452188491821 ], [ 0.510643849382177, 51.394684828817844 ], [ 0.511510816868395, 51.393189370632172 ], [ 0.51324475184083, 51.389926552772522 ], [ 0.515845654299483, 51.388295143842697 ], [ 0.519313524244353, 51.39047035574913 ], [ 0.521047459216788, 51.39047035574913 ], [ 0.521914426703006, 51.391014158725739 ], [ 0.521047459216788, 51.391693912446499 ], [ 0.520397233602125, 51.393189370632172 ], [ 0.520397233602125, 51.394276976585388 ], [ 0.521047459216788, 51.395772434771061 ], [ 0.521914426703006, 51.396452188491821 ], [ 0.52213116857456, 51.398627400398254 ], [ 0.521914426703006, 51.399715006351471 ], [ 0.52213116857456, 51.401890218257904 ], [ 0.523431619803887, 51.401890218257904 ], [ 0.524515329161659, 51.401210464537144 ], [ 0.525599038519431, 51.401890218257904 ], [ 0.525599038519431, 51.404065430164337 ], [ 0.526249264134094, 51.40556088835001 ], [ 0.527332973491866, 51.40624064207077 ], [ 0.527983199106529, 51.407736100256443 ], [ 0.529066908464301, 51.408415853977203 ], [ 0.529717134078965, 51.409911312162876 ], [ 0.530584101565182, 51.410591065883636 ], [ 0.5314510690514, 51.412086524069309 ], [ 0.533185004023835, 51.413174130022526 ], [ 0.534051971510053, 51.413853883743286 ], [ 0.53491893899627, 51.415485292673111 ], [ 0.538386808941141, 51.415485292673111 ], [ 0.539253776427358, 51.416029095649719 ], [ 0.539253776427358, 51.417116701602936 ], [ 0.540120743913576, 51.417660504579544 ], [ 0.543588613858446, 51.417660504579544 ], [ 0.545322548830882, 51.418748110532761 ], [ 0.546189516317099, 51.418204307556152 ], [ 0.546189516317099, 51.413853883743286 ], [ 0.547056483803317, 51.413310080766678 ], [ 0.548790418775752, 51.413310080766678 ], [ 0.54965738626197, 51.413853883743286 ], [ 0.54965738626197, 51.417116701602936 ], [ 0.547923451289535, 51.418204307556152 ], [ 0.550524353748187, 51.419835716485977 ], [ 0.559194028610364, 51.419835716485977 ], [ 0.560060996096581, 51.420379519462585 ], [ 0.559194028610364, 51.420923322439194 ], [ 0.555726158665493, 51.420923322439194 ], [ 0.552258288720623, 51.423098534345627 ], [ 0.548790418775752, 51.423098534345627 ], [ 0.547056483803317, 51.42201092839241 ], [ 0.541854678886011, 51.42201092839241 ], [ 0.540987711399794, 51.422554731369019 ], [ 0.543588613858446, 51.424186140298843 ], [ 0.545322548830882, 51.424186140298843 ], [ 0.546189516317099, 51.424729943275452 ], [ 0.546189516317099, 51.425817549228668 ], [ 0.547056483803317, 51.426361352205276 ], [ 0.548790418775752, 51.426361352205276 ], [ 0.550524353748187, 51.427448958158493 ], [ 0.555726158665493, 51.427448958158493 ], [ 0.557460093637928, 51.42853656411171 ], [ 0.558327061124146, 51.427992761135101 ], [ 0.558327061124146, 51.426905155181885 ], [ 0.559194028610364, 51.426361352205276 ], [ 0.560060996096581, 51.426905155181885 ], [ 0.560060996096581, 51.427992761135101 ], [ 0.561794931069016, 51.429080367088318 ], [ 0.558327061124146, 51.431255578994751 ], [ 0.561794931069016, 51.433430790901184 ], [ 0.560927963582799, 51.433974593877792 ], [ 0.557460093637928, 51.431799381971359 ], [ 0.555726158665493, 51.431799381971359 ], [ 0.55312525620684, 51.433430790901184 ], [ 0.55312525620684, 51.435606002807617 ], [ 0.552258288720623, 51.436149805784225 ], [ 0.551391321234405, 51.435606002807617 ], [ 0.551391321234405, 51.434518396854401 ], [ 0.550524353748187, 51.433974593877792 ], [ 0.548790418775752, 51.433974593877792 ], [ 0.547923451289535, 51.433430790901184 ], [ 0.548790418775752, 51.432886987924576 ], [ 0.550524353748187, 51.432886987924576 ], [ 0.551391321234405, 51.432343184947968 ], [ 0.551391321234405, 51.431255578994751 ], [ 0.550524353748187, 51.430711776018143 ], [ 0.548790418775752, 51.430711776018143 ], [ 0.547056483803317, 51.429624170064926 ], [ 0.543588613858446, 51.429624170064926 ], [ 0.541854678886011, 51.42853656411171 ], [ 0.540120743913576, 51.42853656411171 ], [ 0.539253776427358, 51.427992761135101 ], [ 0.539253776427358, 51.426905155181885 ], [ 0.540987711399794, 51.425817549228668 ], [ 0.538386808941141, 51.424186140298843 ], [ 0.537519841454923, 51.424729943275452 ], [ 0.537519841454923, 51.425817549228668 ], [ 0.536652873968706, 51.426361352205276 ], [ 0.53491893899627, 51.42527374625206 ], [ 0.533185004023835, 51.42527374625206 ], [ 0.530584101565182, 51.426905155181885 ], [ 0.532318036537617, 51.427992761135101 ], [ 0.532318036537617, 51.430167973041534 ], [ 0.535785906482488, 51.432343184947968 ], [ 0.533185004023835, 51.433974593877792 ], [ 0.526249264134094, 51.433974593877792 ], [ 0.525382296647877, 51.434518396854401 ], [ 0.525382296647877, 51.435606002807617 ], [ 0.522781394189224, 51.437237411737442 ], [ 0.520180491730571, 51.435606002807617 ], [ 0.520180491730571, 51.434518396854401 ], [ 0.518446556758136, 51.433430790901184 ], [ 0.518446556758136, 51.431255578994751 ], [ 0.5167126217857, 51.430167973041534 ], [ 0.5167126217857, 51.429080367088318 ], [ 0.51324475184083, 51.426905155181885 ], [ 0.514978686813265, 51.425817549228668 ], [ 0.514978686813265, 51.423642337322235 ], [ 0.5167126217857, 51.422554731369019 ], [ 0.5167126217857, 51.421467125415802 ], [ 0.515845654299483, 51.420923322439194 ], [ 0.510643849382177, 51.420923322439194 ], [ 0.509776881895959, 51.421467125415802 ], [ 0.509776881895959, 51.422554731369019 ], [ 0.506309011951089, 51.424729943275452 ], [ 0.508042946923524, 51.425817549228668 ], [ 0.507175979437307, 51.426361352205276 ], [ 0.503708109492436, 51.426361352205276 ], [ 0.502841142006218, 51.426905155181885 ], [ 0.503708109492436, 51.427448958158493 ], [ 0.505442044464871, 51.427448958158493 ], [ 0.508042946923524, 51.429080367088318 ], [ 0.508042946923524, 51.432343184947968 ], [ 0.506309011951089, 51.433430790901184 ], [ 0.507175979437307, 51.433974593877792 ], [ 0.512377784354612, 51.433974593877792 ], [ 0.5167126217857, 51.436693608760834 ], [ 0.514978686813265, 51.43778121471405 ], [ 0.514978686813265, 51.439956426620483 ], [ 0.51324475184083, 51.4410440325737 ], [ 0.51324475184083, 51.445394456386566 ], [ 0.511510816868395, 51.446482062339783 ], [ 0.511510816868395, 51.448657274246216 ], [ 0.510643849382177, 51.449201077222824 ], [ 0.509776881895959, 51.448657274246216 ], [ 0.509776881895959, 51.445394456386566 ], [ 0.508909914409742, 51.444850653409958 ], [ 0.507175979437307, 51.445938259363174 ], [ 0.505442044464871, 51.445938259363174 ], [ 0.504575076978654, 51.445394456386566 ], [ 0.504575076978654, 51.44430685043335 ], [ 0.502841142006218, 51.443219244480133 ], [ 0.502841142006218, 51.4410440325737 ], [ 0.501974174520001, 51.440500229597092 ], [ 0.501107207033783, 51.4410440325737 ], [ 0.501107207033783, 51.446482062339783 ], [ 0.499373272061348, 51.447569668292999 ], [ 0.499373272061348, 51.449744880199432 ], [ 0.497639337088913, 51.450832486152649 ], [ 0.497639337088913, 51.451920092105865 ], [ 0.49850630457513, 51.452463895082474 ], [ 0.502841142006218, 51.449744880199432 ], [ 0.502841142006218, 51.448657274246216 ], [ 0.503708109492436, 51.448113471269608 ], [ 0.504575076978654, 51.448657274246216 ], [ 0.504575076978654, 51.451920092105865 ], [ 0.505442044464871, 51.452463895082474 ], [ 0.507175979437307, 51.452463895082474 ], [ 0.508042946923524, 51.453007698059082 ], [ 0.508042946923524, 51.454095304012299 ], [ 0.507175979437307, 51.454639106988907 ], [ 0.503708109492436, 51.452463895082474 ], [ 0.502841142006218, 51.453007698059082 ], [ 0.502841142006218, 51.454095304012299 ], [ 0.501974174520001, 51.454639106988907 ], [ 0.500240239547566, 51.454639106988907 ], [ 0.499373272061348, 51.455182909965515 ], [ 0.501107207033783, 51.456270515918732 ], [ 0.499373272061348, 51.457358121871948 ], [ 0.499373272061348, 51.458445727825165 ], [ 0.501107207033783, 51.459533333778381 ], [ 0.501107207033783, 51.461708545684814 ], [ 0.502841142006218, 51.462796151638031 ], [ 0.501974174520001, 51.463339954614639 ], [ 0.49850630457513, 51.463339954614639 ], [ 0.495905402116477, 51.461708545684814 ], [ 0.495905402116477, 51.458445727825165 ], [ 0.493304499657825, 51.45681431889534 ], [ 0.489836629712954, 51.45681431889534 ], [ 0.488969662226737, 51.456270515918732 ], [ 0.490703597199172, 51.455182909965515 ], [ 0.490486855327617, 51.454095304012299 ], [ 0.488752920355182, 51.453007698059082 ], [ 0.488752920355182, 51.451920092105865 ], [ 0.489836629712954, 51.449337027966976 ], [ 0.488969662226737, 51.448657274246216 ], [ 0.488102694740519, 51.447025865316391 ], [ 0.487235727254301, 51.446482062339783 ], [ 0.487235727254301, 51.445394456386566 ], [ 0.490703597199172, 51.443219244480133 ], [ 0.490703597199172, 51.442131638526917 ], [ 0.488969662226737, 51.4410440325737 ], [ 0.488969662226737, 51.439956426620483 ], [ 0.486368759768084, 51.438325017690659 ], [ 0.484634824795648, 51.438325017690659 ], [ 0.483767857309431, 51.438868820667267 ], [ 0.485501792281866, 51.439956426620483 ], [ 0.484634824795648, 51.440500229597092 ], [ 0.482900889823213, 51.440500229597092 ], [ 0.482033922336996, 51.4410440325737 ], [ 0.482033922336996, 51.443219244480133 ], [ 0.481166954850778, 51.443763047456741 ], [ 0.479433019878343, 51.443763047456741 ], [ 0.478566052392125, 51.443219244480133 ], [ 0.478566052392125, 51.438868820667267 ], [ 0.48029998736456, 51.43778121471405 ], [ 0.48029998736456, 51.435606002807617 ], [ 0.479433019878343, 51.435062199831009 ], [ 0.477699084905908, 51.436149805784225 ], [ 0.472497279988602, 51.436149805784225 ], [ 0.471630312502384, 51.436693608760834 ], [ 0.471630312502384, 51.438868820667267 ], [ 0.473364247474819, 51.439956426620483 ], [ 0.473364247474819, 51.442131638526917 ], [ 0.472497279988602, 51.442675441503525 ], [ 0.470763345016167, 51.442811392247677 ], [ 0.469029410043731, 51.442811392247677 ], [ 0.465561540098861, 51.442675441503525 ], [ 0.462960637640208, 51.4410440325737 ], [ 0.462960637640208, 51.43778121471405 ], [ 0.46209367015399, 51.437237411737442 ], [ 0.45862580020912, 51.439412623643875 ], [ 0.456891865236685, 51.439412623643875 ], [ 0.455157930264249, 51.440500229597092 ], [ 0.453423995291814, 51.440636180341244 ], [ 0.451690060319379, 51.440636180341244 ], [ 0.450606350961607, 51.439956426620483 ], [ 0.448222190374509, 51.439548574388027 ], [ 0.446488255402073, 51.439412623643875 ], [ 0.444754320429638, 51.438325017690659 ], [ 0.443670611071866, 51.43778121471405 ], [ 0.442153417970985, 51.436693608760834 ], [ 0.441286450484768, 51.437373362481594 ], [ 0.432616775622591, 51.437373362481594 ], [ 0.430882840650156, 51.437237411737442 ], [ 0.429148905677721, 51.436149805784225 ], [ 0.423947100760415, 51.436149805784225 ], [ 0.423080133274198, 51.436693608760834 ], [ 0.423080133274198, 51.43778121471405 ], [ 0.42221316578798, 51.438460968434811 ], [ 0.418095070228446, 51.4410440325737 ], [ 0.418095070228446, 51.442131638526917 ], [ 0.418745295843109, 51.443627096712589 ], [ 0.419829005200882, 51.44430685043335 ], [ 0.418745295843109, 51.44498660415411 ], [ 0.417011360870674, 51.44498660415411 ], [ 0.415927651512902, 51.44430685043335 ], [ 0.413543490925804, 51.443898998200893 ], [ 0.411809555953369, 51.443898998200893 ], [ 0.410725846595597, 51.443219244480133 ], [ 0.408341686008498, 51.442811392247677 ], [ 0.397938076173887, 51.442811392247677 ], [ 0.395553915586788, 51.443219244480133 ], [ 0.394470206229016, 51.443898998200893 ], [ 0.393386496871244, 51.443219244480133 ], [ 0.391002336284146, 51.442811392247677 ], [ 0.388618175697047, 51.443219244480133 ], [ 0.387534466339275, 51.443898998200893 ], [ 0.384066596394405, 51.443898998200893 ], [ 0.382982887036633, 51.443219244480133 ], [ 0.381682435807306, 51.443219244480133 ], [ 0.378864791477099, 51.44498660415411 ], [ 0.364993311697617, 51.44498660415411 ], [ 0.362609151110519, 51.445394456386566 ], [ 0.361525441752747, 51.446074210107327 ], [ 0.3493878969457, 51.446074210107327 ], [ 0.347003736358602, 51.446482062339783 ], [ 0.34592002700083, 51.447161816060543 ], [ 0.344186092028394, 51.447161816060543 ], [ 0.341801931441296, 51.447569668292999 ], [ 0.340718222083524, 51.44824942201376 ], [ 0.338984287111089, 51.44824942201376 ], [ 0.33660012652399, 51.448657274246216 ], [ 0.335516417166218, 51.449337027966976 ], [ 0.33313225657912, 51.449744880199432 ], [ 0.332048547221348, 51.450424633920193 ], [ 0.327930451661814, 51.451920092105865 ], [ 0.325112807331607, 51.453687451779842 ], [ 0.324462581716944, 51.455182909965515 ], [ 0.319911002414301, 51.458037875592709 ], [ 0.319260776799638, 51.459533333778381 ], [ 0.319260776799638, 51.460620939731598 ], [ 0.318177067441866, 51.461300693452358 ], [ 0.317526841827203, 51.462796151638031 ], [ 0.316443132469431, 51.463475905358791 ], [ 0.315792906854767, 51.464971363544464 ], [ 0.314709197496995, 51.465651117265224 ], [ 0.312325036909897, 51.466058969497681 ], [ 0.311241327552125, 51.466602772474289 ], [ 0.310157618194353, 51.466058969497681 ], [ 0.308857166965026, 51.463883757591248 ], [ 0.307773457607254, 51.464563511312008 ], [ 0.299754008359741, 51.459533333778381 ], [ 0.300837717717513, 51.458853580057621 ], [ 0.302571652689949, 51.458853580057621 ], [ 0.303655362047721, 51.459533333778381 ], [ 0.304955813277047, 51.459533333778381 ], [ 0.306039522634819, 51.458853580057621 ], [ 0.306039522634819, 51.458037875592709 ], [ 0.301487943332177, 51.455182909965515 ], [ 0.298453557130415, 51.454095304012299 ], [ 0.297369847772643, 51.454775057733059 ], [ 0.295635912800208, 51.455590762197971 ], [ 0.29671962215798, 51.456270515918732 ], [ 0.299103782745078, 51.456678368151188 ], [ 0.30018749210285, 51.457358121871948 ], [ 0.299103782745078, 51.458037875592709 ], [ 0.297369847772643, 51.458037875592709 ], [ 0.294552203442436, 51.456270515918732 ], [ 0.292168042855337, 51.455862663686275 ], [ 0.291084333497565, 51.455182909965515 ], [ 0.288700172910467, 51.454775057733059 ], [ 0.287616463552695, 51.454095304012299 ], [ 0.285232302965596, 51.453687451779842 ], [ 0.27656262810342, 51.453687451779842 ], [ 0.274178467516322, 51.454095304012299 ], [ 0.27309475815855, 51.454775057733059 ], [ 0.270710597571451, 51.455182909965515 ], [ 0.269626888213679, 51.455862663686275 ], [ 0.267242727626581, 51.456270515918732 ], [ 0.262691148323938, 51.459125481545925 ], [ 0.262040922709275, 51.460620939731598 ], [ 0.260957213351503, 51.461300693452358 ], [ 0.257489343406633, 51.461300693452358 ], [ 0.255105182819534, 51.461708545684814 ], [ 0.254021473461762, 51.462388299405575 ], [ 0.251637312874664, 51.462796151638031 ], [ 0.250553603516892, 51.463475905358791 ], [ 0.249903377902228, 51.464971363544464 ], [ 0.248819668544456, 51.465651117265224 ], [ 0.246435507957358, 51.466058969497681 ], [ 0.241883928654715, 51.468913935124874 ], [ 0.239499768067617, 51.46932178735733 ], [ 0.237765833095182, 51.470409393310547 ], [ 0.23668212373741, 51.470953196287155 ], [ 0.235598414379638, 51.470409393310547 ], [ 0.234297963150311, 51.468234181404114 ], [ 0.233214253792539, 51.468913935124874 ], [ 0.230396609462332, 51.467146575450897 ], [ 0.229746383847669, 51.465651117265224 ], [ 0.228012448875234, 51.465651117265224 ], [ 0.225628288288135, 51.466058969497681 ], [ 0.224544578930363, 51.466738723218441 ], [ 0.222160418343265, 51.467146575450897 ], [ 0.221076708985493, 51.467826329171658 ], [ 0.219342774013057, 51.467690378427505 ], [ 0.215007936581969, 51.464971363544464 ], [ 0.216741871554404, 51.463883757591248 ], [ 0.21652512968285, 51.462796151638031 ], [ 0.21652512968285, 51.461708545684814 ], [ 0.217608839040622, 51.461028791964054 ], [ 0.218259064655285, 51.459533333778381 ], [ 0.219342774013057, 51.458853580057621 ], [ 0.219992999627721, 51.457358121871948 ], [ 0.221076708985493, 51.455726712942123 ], [ 0.219992999627721, 51.455182909965515 ], [ 0.217608839040622, 51.454775057733059 ], [ 0.215874904068187, 51.454775057733059 ], [ 0.214791194710415, 51.454095304012299 ], [ 0.212407034123316, 51.454503156244755 ], [ 0.213490743481088, 51.455182909965515 ], [ 0.210673099150881, 51.456950269639492 ], [ 0.210022873536218, 51.458445727825165 ], [ 0.208939164178446, 51.459125481545925 ], [ 0.207855454820674, 51.458445727825165 ], [ 0.205471294233575, 51.458037875592709 ], [ 0.204387584875803, 51.457358121871948 ], [ 0.203087133646477, 51.457358121871948 ], [ 0.202003424288705, 51.458037875592709 ], [ 0.201353198674042, 51.459533333778381 ], [ 0.201136456802487, 51.460620939731598 ], [ 0.20026948931627, 51.461164742708206 ], [ 0.198535554343835, 51.461300693452358 ], [ 0.195067684398964, 51.463475905358791 ], [ 0.193333749426529, 51.465515166521072 ], [ 0.194200716912746, 51.466058969497681 ], [ 0.193333749426529, 51.466602772474289 ], [ 0.191599814454094, 51.465515166521072 ], [ 0.190732846967876, 51.466058969497681 ], [ 0.190732846967876, 51.467146575450897 ], [ 0.189865879481658, 51.467690378427505 ], [ 0.188131944509223, 51.467690378427505 ], [ 0.186398009536788, 51.468777984380722 ], [ 0.184664074564353, 51.467690378427505 ], [ 0.182930139591917, 51.468777984380722 ], [ 0.1820631721057, 51.468234181404114 ], [ 0.1820631721057, 51.464971363544464 ], [ 0.180329237133265, 51.463883757591248 ], [ 0.180329237133265, 51.462796151638031 ], [ 0.179462269647047, 51.462252348661423 ], [ 0.177728334674612, 51.462252348661423 ], [ 0.176861367188394, 51.461708545684814 ], [ 0.176861367188394, 51.460620939731598 ], [ 0.174260464729741, 51.458989530801773 ], [ 0.169058659812436, 51.458989530801773 ], [ 0.16732472484, 51.457901924848557 ], [ 0.16385685489513, 51.457901924848557 ], [ 0.162122919922695, 51.45681431889534 ], [ 0.158655049977824, 51.45681431889534 ], [ 0.156921115005389, 51.457901924848557 ], [ 0.155187180032954, 51.457901924848557 ], [ 0.153453245060518, 51.45681431889534 ], [ 0.148251440143213, 51.45681431889534 ], [ 0.146517505170777, 51.455726712942123 ], [ 0.144783570198342, 51.455726712942123 ], [ 0.143049635225907, 51.45681431889534 ], [ 0.137847830308601, 51.45681431889534 ], [ 0.136980862822384, 51.457358121871948 ], [ 0.136980862822384, 51.459533333778381 ], [ 0.136113895336166, 51.46007713675499 ], [ 0.133512992877513, 51.458445727825165 ], [ 0.133512992877513, 51.457358121871948 ], [ 0.132646025391296, 51.45681431889534 ], [ 0.131779057905078, 51.457358121871948 ], [ 0.131779057905078, 51.458445727825165 ], [ 0.13091209041886, 51.458989530801773 ], [ 0.129178155446425, 51.458989530801773 ], [ 0.12744422047399, 51.457901924848557 ], [ 0.125710285501555, 51.457901924848557 ], [ 0.124843318015337, 51.458445727825165 ], [ 0.124843318015337, 51.459533333778381 ], [ 0.123976350529119, 51.46007713675499 ], [ 0.122242415556684, 51.46007713675499 ], [ 0.121375448070467, 51.459533333778381 ], [ 0.121375448070467, 51.458445727825165 ], [ 0.120508480584249, 51.457901924848557 ], [ 0.117040610639378, 51.457901924848557 ], [ 0.116173643153161, 51.457358121871948 ], [ 0.119641513098031, 51.455182909965515 ], [ 0.117040610639378, 51.45355150103569 ], [ 0.115306675666943, 51.45355150103569 ], [ 0.114439708180726, 51.453007698059082 ], [ 0.114439708180726, 51.451920092105865 ], [ 0.113572740694508, 51.451376289129257 ], [ 0.110971838235855, 51.453007698059082 ], [ 0.110971838235855, 51.454095304012299 ], [ 0.10923790326342, 51.455182909965515 ], [ 0.10923790326342, 51.456270515918732 ], [ 0.110971838235855, 51.457358121871948 ], [ 0.110971838235855, 51.458445727825165 ], [ 0.110104870749637, 51.458989530801773 ], [ 0.108370935777202, 51.457901924848557 ], [ 0.104903065832332, 51.457901924848557 ], [ 0.104036098346114, 51.457358121871948 ], [ 0.105770033318549, 51.456270515918732 ], [ 0.105770033318549, 51.455182909965515 ], [ 0.104903065832332, 51.454639106988907 ], [ 0.097967325942591, 51.458989530801773 ], [ 0.096233390970156, 51.458989530801773 ], [ 0.095366423483938, 51.458445727825165 ], [ 0.095366423483938, 51.457358121871948 ], [ 0.09449945599772, 51.45681431889534 ], [ 0.093632488511503, 51.457358121871948 ], [ 0.093632488511503, 51.458445727825165 ], [ 0.091898553539068, 51.459533333778381 ], [ 0.091898553539068, 51.460620939731598 ], [ 0.092765521025285, 51.461164742708206 ], [ 0.09449945599772, 51.46007713675499 ], [ 0.095366423483938, 51.460620939731598 ], [ 0.095366423483938, 51.461708545684814 ], [ 0.09449945599772, 51.462252348661423 ], [ 0.092765521025285, 51.462252348661423 ], [ 0.09103158605285, 51.461164742708206 ], [ 0.089297651080415, 51.461164742708206 ], [ 0.087563716107979, 51.46007713675499 ], [ 0.085829781135544, 51.46007713675499 ], [ 0.084962813649327, 51.460620939731598 ], [ 0.086696748621762, 51.461708545684814 ], [ 0.085829781135544, 51.462252348661423 ], [ 0.078894041245803, 51.462252348661423 ], [ 0.077160106273368, 51.463339954614639 ], [ 0.071958301356062, 51.463339954614639 ], [ 0.071091333869845, 51.462796151638031 ], [ 0.071091333869845, 51.461708545684814 ], [ 0.071958301356062, 51.461164742708206 ], [ 0.073692236328498, 51.461164742708206 ], [ 0.07629313878715, 51.459533333778381 ], [ 0.07629313878715, 51.458445727825165 ], [ 0.073692236328498, 51.45681431889534 ], [ 0.07282526884228, 51.457358121871948 ], [ 0.07282526884228, 51.459533333778381 ], [ 0.071958301356062, 51.46007713675499 ], [ 0.071091333869845, 51.459533333778381 ], [ 0.071091333869845, 51.455182909965515 ], [ 0.07282526884228, 51.454095304012299 ], [ 0.07282526884228, 51.453007698059082 ], [ 0.071958301356062, 51.452463895082474 ], [ 0.068490431411192, 51.452463895082474 ], [ 0.067623463924974, 51.451920092105865 ], [ 0.068490431411192, 51.451376289129257 ], [ 0.070224366383627, 51.451376289129257 ], [ 0.071091333869845, 51.450832486152649 ], [ 0.071091333869845, 51.449744880199432 ], [ 0.071958301356062, 51.449201077222824 ], [ 0.078894041245803, 51.449201077222824 ], [ 0.079761008732021, 51.448657274246216 ], [ 0.079761008732021, 51.447569668292999 ] ], [ [ 0.209806131664664, 51.393189370632172 ], [ 0.209806131664664, 51.394276976585388 ], [ 0.211540066637099, 51.395364582538605 ], [ 0.211540066637099, 51.396452188491821 ], [ 0.215007936581969, 51.398627400398254 ], [ 0.215007936581969, 51.400802612304688 ], [ 0.215874904068187, 51.401346415281296 ], [ 0.221076708985493, 51.401346415281296 ], [ 0.22194367647171, 51.401890218257904 ], [ 0.22194367647171, 51.402977824211121 ], [ 0.222810643957928, 51.403521627187729 ], [ 0.226278513902798, 51.403521627187729 ], [ 0.228879416361451, 51.401890218257904 ], [ 0.228879416361451, 51.399715006351471 ], [ 0.229746383847669, 51.399171203374863 ], [ 0.231480318820104, 51.399171203374863 ], [ 0.232347286306322, 51.398627400398254 ], [ 0.232347286306322, 51.397539794445038 ], [ 0.226278513902798, 51.39373317360878 ], [ 0.222810643957928, 51.39373317360878 ], [ 0.221076708985493, 51.394820779561996 ], [ 0.217608839040622, 51.394820779561996 ], [ 0.215874904068187, 51.395908385515213 ], [ 0.211540066637099, 51.393189370632172 ], [ 0.217608839040622, 51.389382749795914 ], [ 0.221076708985493, 51.389382749795914 ], [ 0.22194367647171, 51.388838946819305 ], [ 0.221076708985493, 51.388295143842697 ], [ 0.214140969095752, 51.388295143842697 ], [ 0.211540066637099, 51.389926552772522 ], [ 0.208072196692228, 51.392101764678955 ], [ 0.209806131664664, 51.393189370632172 ] ], [ [ 0.25488844094798, 51.376875281333923 ], [ 0.255755408434197, 51.376331478357315 ], [ 0.257489343406633, 51.376331478357315 ], [ 0.25835631089285, 51.375787675380707 ], [ 0.25835631089285, 51.37470006942749 ], [ 0.257489343406633, 51.374156266450882 ], [ 0.254021473461762, 51.374156266450882 ], [ 0.253154505975544, 51.373612463474274 ], [ 0.253154505975544, 51.371437251567841 ], [ 0.250553603516892, 51.369805842638016 ], [ 0.247085733572021, 51.369805842638016 ], [ 0.239283026196063, 51.37470006942749 ], [ 0.239283026196063, 51.37796288728714 ], [ 0.241016961168498, 51.379050493240356 ], [ 0.241016961168498, 51.380138099193573 ], [ 0.243617863627151, 51.381769508123398 ], [ 0.247085733572021, 51.381769508123398 ], [ 0.248819668544456, 51.382857114076614 ], [ 0.25488844094798, 51.379050493240356 ], [ 0.25488844094798, 51.376875281333923 ] ], [ [ 0.423080133274198, 51.385576128959656 ], [ 0.424814068246633, 51.386663734912872 ], [ 0.424814068246633, 51.387751340866089 ], [ 0.423080133274198, 51.388838946819305 ], [ 0.423080133274198, 51.392101764678955 ], [ 0.423947100760415, 51.392645567655563 ], [ 0.42568103573285, 51.392645567655563 ], [ 0.426548003219068, 51.392101764678955 ], [ 0.426548003219068, 51.387751340866089 ], [ 0.427414970705286, 51.387207537889481 ], [ 0.432616775622591, 51.387207537889481 ], [ 0.434350710595027, 51.388295143842697 ], [ 0.443020385457203, 51.388295143842697 ], [ 0.444754320429638, 51.387207537889481 ], [ 0.449956125346944, 51.387207537889481 ], [ 0.450823092833161, 51.386663734912872 ], [ 0.449089157860726, 51.385576128959656 ], [ 0.450823092833161, 51.384488523006439 ], [ 0.450823092833161, 51.383400917053223 ], [ 0.449956125346944, 51.382857114076614 ], [ 0.443020385457203, 51.382857114076614 ], [ 0.441286450484768, 51.383944720029831 ], [ 0.439552515512332, 51.383944720029831 ], [ 0.437818580539897, 51.382857114076614 ], [ 0.434350710595027, 51.382857114076614 ], [ 0.432616775622591, 51.381769508123398 ], [ 0.429148905677721, 51.381769508123398 ], [ 0.428281938191503, 51.382313311100006 ], [ 0.423080133274198, 51.385576128959656 ] ] ], [ [ [ 0.083228878676891, 51.352947950363159 ], [ 0.083228878676891, 51.351860344409943 ], [ 0.084962813649327, 51.350772738456726 ], [ 0.084962813649327, 51.34968513250351 ], [ 0.081494943704456, 51.347509920597076 ], [ 0.081494943704456, 51.345334708690643 ], [ 0.082361911190674, 51.344790905714035 ], [ 0.083228878676891, 51.345334708690643 ], [ 0.083228878676891, 51.34642231464386 ], [ 0.084095846163109, 51.346966117620468 ], [ 0.089297651080415, 51.346966117620468 ], [ 0.090164618566632, 51.34642231464386 ], [ 0.090164618566632, 51.345334708690643 ], [ 0.09103158605285, 51.344790905714035 ], [ 0.092765521025285, 51.344790905714035 ], [ 0.09449945599772, 51.343703299760818 ], [ 0.097967325942591, 51.343703299760818 ], [ 0.102302163373679, 51.340984284877777 ], [ 0.102302163373679, 51.339896678924561 ], [ 0.104036098346114, 51.338809072971344 ], [ 0.104036098346114, 51.336633861064911 ], [ 0.105770033318549, 51.335546255111694 ], [ 0.104036098346114, 51.334458649158478 ], [ 0.104036098346114, 51.333371043205261 ], [ 0.104903065832332, 51.332827240228653 ], [ 0.106637000804767, 51.332827240228653 ], [ 0.108370935777202, 51.331739634275436 ], [ 0.10923790326342, 51.332283437252045 ], [ 0.107503968290985, 51.333371043205261 ], [ 0.107503968290985, 51.335546255111694 ], [ 0.110104870749637, 51.337177664041519 ], [ 0.111838805722073, 51.336090058088303 ], [ 0.115306675666943, 51.336090058088303 ], [ 0.116173643153161, 51.336633861064911 ], [ 0.116173643153161, 51.337721467018127 ], [ 0.117040610639378, 51.338265269994736 ], [ 0.118774545611814, 51.338265269994736 ], [ 0.120508480584249, 51.339352875947952 ], [ 0.123976350529119, 51.339352875947952 ], [ 0.124843318015337, 51.338809072971344 ], [ 0.124843318015337, 51.336633861064911 ], [ 0.128311187960207, 51.334458649158478 ], [ 0.126577252987772, 51.333371043205261 ], [ 0.133512992877513, 51.329020619392395 ], [ 0.132646025391296, 51.328476816415787 ], [ 0.13091209041886, 51.328476816415787 ], [ 0.130045122932643, 51.327933013439178 ], [ 0.130045122932643, 51.326845407485962 ], [ 0.128311187960207, 51.325757801532745 ], [ 0.129178155446425, 51.325213998556137 ], [ 0.13091209041886, 51.325213998556137 ], [ 0.134379960363731, 51.32738921046257 ], [ 0.136113895336166, 51.32738921046257 ], [ 0.136980862822384, 51.326845407485962 ], [ 0.135246927849948, 51.325757801532745 ], [ 0.136113895336166, 51.325213998556137 ], [ 0.137847830308601, 51.326301604509354 ], [ 0.139581765281036, 51.326301604509354 ], [ 0.140448732767254, 51.326845407485962 ], [ 0.139581765281036, 51.32738921046257 ], [ 0.137847830308601, 51.32738921046257 ], [ 0.135246927849948, 51.329020619392395 ], [ 0.136113895336166, 51.329564422369003 ], [ 0.137847830308601, 51.329564422369003 ], [ 0.139581765281036, 51.33065202832222 ], [ 0.141315700253472, 51.33065202832222 ], [ 0.143049635225907, 51.329564422369003 ], [ 0.144783570198342, 51.329564422369003 ], [ 0.146517505170777, 51.328476816415787 ], [ 0.149985375115648, 51.328476816415787 ], [ 0.150852342601866, 51.327933013439178 ], [ 0.150852342601866, 51.325757801532745 ], [ 0.154320212546736, 51.323582589626312 ], [ 0.154320212546736, 51.322494983673096 ], [ 0.156054147519171, 51.321407377719879 ], [ 0.156054147519171, 51.320319771766663 ], [ 0.154320212546736, 51.319232165813446 ], [ 0.156921115005389, 51.317600756883621 ], [ 0.157788082491606, 51.318144559860229 ], [ 0.157788082491606, 51.320319771766663 ], [ 0.159522017464042, 51.321407377719879 ], [ 0.159522017464042, 51.323582589626312 ], [ 0.157788082491606, 51.324670195579529 ], [ 0.157788082491606, 51.326845407485962 ], [ 0.159522017464042, 51.327933013439178 ], [ 0.158655049977824, 51.328476816415787 ], [ 0.156921115005389, 51.328476816415787 ], [ 0.156054147519171, 51.329020619392395 ], [ 0.157788082491606, 51.330108225345612 ], [ 0.157788082491606, 51.332283437252045 ], [ 0.156054147519171, 51.333371043205261 ], [ 0.156054147519171, 51.334458649158478 ], [ 0.157788082491606, 51.335546255111694 ], [ 0.157788082491606, 51.337721467018127 ], [ 0.158655049977824, 51.338265269994736 ], [ 0.160388984950259, 51.338265269994736 ], [ 0.162122919922695, 51.339352875947952 ], [ 0.16385685489513, 51.339352875947952 ], [ 0.165590789867565, 51.338265269994736 ], [ 0.166457757353783, 51.338809072971344 ], [ 0.162122919922695, 51.341528087854385 ], [ 0.160388984950259, 51.341528087854385 ], [ 0.159522017464042, 51.342071890830994 ], [ 0.159522017464042, 51.34315949678421 ], [ 0.156921115005389, 51.344790905714035 ], [ 0.149985375115648, 51.344790905714035 ], [ 0.148251440143213, 51.345878511667252 ], [ 0.146517505170777, 51.345878511667252 ], [ 0.14565053768456, 51.34642231464386 ], [ 0.14565053768456, 51.347509920597076 ], [ 0.146517505170777, 51.348053723573685 ], [ 0.148251440143213, 51.348053723573685 ], [ 0.14911840762943, 51.348597526550293 ], [ 0.14911840762943, 51.350772738456726 ], [ 0.149985375115648, 51.351316541433334 ], [ 0.151719310088083, 51.351316541433334 ], [ 0.153453245060518, 51.352404147386551 ], [ 0.156921115005389, 51.352404147386551 ], [ 0.157788082491606, 51.352947950363159 ], [ 0.157788082491606, 51.354035556316376 ], [ 0.154320212546736, 51.356210768222809 ], [ 0.154320212546736, 51.358385980129242 ], [ 0.152586277574301, 51.359473586082458 ], [ 0.152586277574301, 51.360561192035675 ], [ 0.151719310088083, 51.361104995012283 ], [ 0.14911840762943, 51.359473586082458 ], [ 0.14911840762943, 51.358385980129242 ], [ 0.148251440143213, 51.357842177152634 ], [ 0.146517505170777, 51.35892978310585 ], [ 0.144783570198342, 51.35892978310585 ], [ 0.143916602712125, 51.358385980129242 ], [ 0.143916602712125, 51.357298374176025 ], [ 0.143049635225907, 51.356754571199417 ], [ 0.140448732767254, 51.358385980129242 ], [ 0.140448732767254, 51.359473586082458 ], [ 0.139581765281036, 51.360017389059067 ], [ 0.137847830308601, 51.360017389059067 ], [ 0.134379960363731, 51.357842177152634 ], [ 0.133512992877513, 51.358385980129242 ], [ 0.133512992877513, 51.363824009895325 ], [ 0.132646025391296, 51.364367812871933 ], [ 0.13091209041886, 51.364367812871933 ], [ 0.130045122932643, 51.363824009895325 ], [ 0.130045122932643, 51.361648797988892 ], [ 0.12744422047399, 51.360017389059067 ], [ 0.126577252987772, 51.360561192035675 ], [ 0.126577252987772, 51.362736403942108 ], [ 0.124843318015337, 51.363824009895325 ], [ 0.126577252987772, 51.364911615848541 ], [ 0.126577252987772, 51.365999221801758 ], [ 0.124843318015337, 51.367086827754974 ], [ 0.124843318015337, 51.368174433708191 ], [ 0.123976350529119, 51.368718236684799 ], [ 0.122242415556684, 51.368718236684799 ], [ 0.121375448070467, 51.368174433708191 ], [ 0.123109383042902, 51.367086827754974 ], [ 0.123109383042902, 51.361648797988892 ], [ 0.122242415556684, 51.361104995012283 ], [ 0.120508480584249, 51.361104995012283 ], [ 0.118774545611814, 51.3621926009655 ], [ 0.117040610639378, 51.3621926009655 ], [ 0.116173643153161, 51.362736403942108 ], [ 0.116173643153161, 51.363824009895325 ], [ 0.113572740694508, 51.36545541882515 ], [ 0.111838805722073, 51.36545541882515 ], [ 0.110104870749637, 51.366543024778366 ], [ 0.10923790326342, 51.365999221801758 ], [ 0.10923790326342, 51.363824009895325 ], [ 0.110104870749637, 51.363280206918716 ], [ 0.111838805722073, 51.364367812871933 ], [ 0.11270577320829, 51.363824009895325 ], [ 0.11270577320829, 51.360561192035675 ], [ 0.110104870749637, 51.35892978310585 ], [ 0.101435195887461, 51.35892978310585 ], [ 0.099701260915026, 51.360017389059067 ], [ 0.098834293428808, 51.359473586082458 ], [ 0.098834293428808, 51.358385980129242 ], [ 0.099701260915026, 51.357842177152634 ], [ 0.103169130859897, 51.357842177152634 ], [ 0.104036098346114, 51.357298374176025 ], [ 0.104036098346114, 51.356210768222809 ], [ 0.102302163373679, 51.355123162269592 ], [ 0.103169130859897, 51.354579359292984 ], [ 0.104903065832332, 51.355666965246201 ], [ 0.108370935777202, 51.355666965246201 ], [ 0.110104870749637, 51.356754571199417 ], [ 0.111838805722073, 51.355666965246201 ], [ 0.113572740694508, 51.356754571199417 ], [ 0.115306675666943, 51.355666965246201 ], [ 0.118774545611814, 51.355666965246201 ], [ 0.120508480584249, 51.356754571199417 ], [ 0.121375448070467, 51.356210768222809 ], [ 0.121375448070467, 51.354035556316376 ], [ 0.115306675666943, 51.350228935480118 ], [ 0.114439708180726, 51.350772738456726 ], [ 0.114439708180726, 51.351860344409943 ], [ 0.113572740694508, 51.352404147386551 ], [ 0.110104870749637, 51.350228935480118 ], [ 0.108370935777202, 51.350228935480118 ], [ 0.107503968290985, 51.34968513250351 ], [ 0.10923790326342, 51.348597526550293 ], [ 0.108370935777202, 51.348053723573685 ], [ 0.101435195887461, 51.348053723573685 ], [ 0.097967325942591, 51.345878511667252 ], [ 0.096233390970156, 51.345878511667252 ], [ 0.09449945599772, 51.346966117620468 ], [ 0.092765521025285, 51.346966117620468 ], [ 0.091898553539068, 51.347509920597076 ], [ 0.091898553539068, 51.348597526550293 ], [ 0.090164618566632, 51.34968513250351 ], [ 0.090164618566632, 51.350772738456726 ], [ 0.09103158605285, 51.351316541433334 ], [ 0.092765521025285, 51.351316541433334 ], [ 0.09449945599772, 51.352404147386551 ], [ 0.096233390970156, 51.352404147386551 ], [ 0.097100358456373, 51.352947950363159 ], [ 0.096233390970156, 51.353491753339767 ], [ 0.09103158605285, 51.353491753339767 ], [ 0.090164618566632, 51.354035556316376 ], [ 0.090164618566632, 51.356210768222809 ], [ 0.087563716107979, 51.357842177152634 ], [ 0.085829781135544, 51.357842177152634 ], [ 0.084095846163109, 51.35892978310585 ], [ 0.082361911190674, 51.35892978310585 ], [ 0.081494943704456, 51.358385980129242 ], [ 0.084095846163109, 51.356754571199417 ], [ 0.085829781135544, 51.356754571199417 ], [ 0.086696748621762, 51.356210768222809 ], [ 0.086696748621762, 51.354035556316376 ], [ 0.085829781135544, 51.353491753339767 ], [ 0.084095846163109, 51.353491753339767 ], [ 0.082361911190674, 51.354579359292984 ], [ 0.081494943704456, 51.354035556316376 ], [ 0.083228878676891, 51.352947950363159 ] ] ], [ [ [ 0.143916602712125, 51.40950345993042 ], [ 0.143049635225907, 51.410047262907028 ], [ 0.139581765281036, 51.410047262907028 ], [ 0.137847830308601, 51.411134868860245 ], [ 0.136113895336166, 51.411134868860245 ], [ 0.134379960363731, 51.410047262907028 ], [ 0.132646025391296, 51.410047262907028 ], [ 0.131779057905078, 51.40950345993042 ], [ 0.131779057905078, 51.407328248023987 ], [ 0.132646025391296, 51.406784445047379 ], [ 0.133512992877513, 51.407328248023987 ], [ 0.133512992877513, 51.408415853977203 ], [ 0.134379960363731, 51.408959656953812 ], [ 0.135246927849948, 51.408415853977203 ], [ 0.135246927849948, 51.407328248023987 ], [ 0.136113895336166, 51.406784445047379 ], [ 0.137847830308601, 51.406784445047379 ], [ 0.138714797794819, 51.407328248023987 ], [ 0.138714797794819, 51.408415853977203 ], [ 0.139581765281036, 51.408959656953812 ], [ 0.141315700253472, 51.408959656953812 ], [ 0.142182667739689, 51.408415853977203 ], [ 0.142182667739689, 51.407328248023987 ], [ 0.143049635225907, 51.406784445047379 ], [ 0.143916602712125, 51.407328248023987 ], [ 0.143916602712125, 51.40950345993042 ] ] ], [ [ [ 0.152586277574301, 51.282253563404083 ], [ 0.151719310088083, 51.282797366380692 ], [ 0.150852342601866, 51.282253563404083 ], [ 0.150852342601866, 51.281165957450867 ], [ 0.14911840762943, 51.28007835149765 ], [ 0.149985375115648, 51.279534548521042 ], [ 0.151719310088083, 51.278446942567825 ], [ 0.158655049977824, 51.278446942567825 ], [ 0.160388984950259, 51.279534548521042 ], [ 0.162122919922695, 51.279534548521042 ], [ 0.162989887408912, 51.28007835149765 ], [ 0.162122919922695, 51.280622154474258 ], [ 0.153453245060518, 51.280622154474258 ], [ 0.152586277574301, 51.281165957450867 ], [ 0.152586277574301, 51.282253563404083 ] ] ], [ [ [ 0.297369847772643, 51.315425544977188 ], [ 0.300837717717513, 51.315425544977188 ], [ 0.302571652689949, 51.314337939023972 ], [ 0.304305587662384, 51.314337939023972 ], [ 0.306039522634819, 51.313250333070755 ], [ 0.306906490121037, 51.313794136047363 ], [ 0.304305587662384, 51.315425544977188 ], [ 0.302571652689949, 51.315425544977188 ], [ 0.301704685203731, 51.315969347953796 ], [ 0.301704685203731, 51.317056953907013 ], [ 0.300837717717513, 51.317600756883621 ], [ 0.297369847772643, 51.317600756883621 ], [ 0.29476894531399, 51.319232165813446 ], [ 0.29476894531399, 51.321407377719879 ], [ 0.293035010341555, 51.322494983673096 ], [ 0.293035010341555, 51.323582589626312 ], [ 0.292168042855337, 51.324126392602921 ], [ 0.290434107882902, 51.323038786649704 ], [ 0.286966237938032, 51.325213998556137 ], [ 0.286099270451814, 51.324670195579529 ], [ 0.287833205424249, 51.323582589626312 ], [ 0.287833205424249, 51.322494983673096 ], [ 0.286099270451814, 51.321407377719879 ], [ 0.286966237938032, 51.320863574743271 ], [ 0.288700172910467, 51.320863574743271 ], [ 0.289567140396684, 51.320319771766663 ], [ 0.289567140396684, 51.319232165813446 ], [ 0.290434107882902, 51.318688362836838 ], [ 0.292168042855337, 51.318688362836838 ], [ 0.293035010341555, 51.318144559860229 ], [ 0.293035010341555, 51.317056953907013 ], [ 0.293901977827772, 51.316513150930405 ], [ 0.295635912800208, 51.316513150930405 ], [ 0.297369847772643, 51.315425544977188 ] ] ], [ [ [ 0.436084645567462, 51.313114382326603 ], [ 0.436951613053679, 51.313794136047363 ], [ 0.436084645567462, 51.314473889768124 ], [ 0.43500093620969, 51.313794136047363 ], [ 0.432616775622591, 51.313386283814907 ], [ 0.430882840650156, 51.313250333070755 ], [ 0.429799131292384, 51.312706530094147 ], [ 0.429799131292384, 51.31161892414093 ], [ 0.430015873163939, 51.309443712234497 ], [ 0.430015873163939, 51.308356106281281 ], [ 0.430882840650156, 51.307812303304672 ], [ 0.432616775622591, 51.307812303304672 ], [ 0.434350710595027, 51.306724697351456 ], [ 0.435217678081244, 51.307268500328064 ], [ 0.435217678081244, 51.310531318187714 ], [ 0.436084645567462, 51.311075121164322 ], [ 0.437818580539897, 51.309987515211105 ], [ 0.438685548026115, 51.310531318187714 ], [ 0.438685548026115, 51.31161892414093 ], [ 0.437818580539897, 51.312162727117538 ], [ 0.436084645567462, 51.313114382326603 ] ] ], [ [ [ 0.491570564685389, 51.332827240228653 ], [ 0.496772369602695, 51.329564422369003 ], [ 0.500240239547566, 51.329564422369003 ], [ 0.502841142006218, 51.327933013439178 ], [ 0.501107207033783, 51.326845407485962 ], [ 0.501107207033783, 51.325757801532745 ], [ 0.499373272061348, 51.324670195579529 ], [ 0.499373272061348, 51.322494983673096 ], [ 0.500240239547566, 51.321951180696487 ], [ 0.501974174520001, 51.321951180696487 ], [ 0.502841142006218, 51.321407377719879 ], [ 0.502841142006218, 51.319232165813446 ], [ 0.501974174520001, 51.318688362836838 ], [ 0.500240239547566, 51.318688362836838 ], [ 0.499373272061348, 51.319232165813446 ], [ 0.499373272061348, 51.320319771766663 ], [ 0.49850630457513, 51.320863574743271 ], [ 0.49503843463026, 51.320863574743271 ], [ 0.493304499657825, 51.321951180696487 ], [ 0.491570564685389, 51.321951180696487 ], [ 0.484634824795648, 51.326301604509354 ], [ 0.483767857309431, 51.325757801532745 ], [ 0.483767857309431, 51.323582589626312 ], [ 0.484634824795648, 51.323038786649704 ], [ 0.486368759768084, 51.323038786649704 ], [ 0.487235727254301, 51.322494983673096 ], [ 0.487235727254301, 51.321407377719879 ], [ 0.489836629712954, 51.319775968790054 ], [ 0.491570564685389, 51.319775968790054 ], [ 0.492437532171607, 51.319232165813446 ], [ 0.492437532171607, 51.317056953907013 ], [ 0.494171467144042, 51.315969347953796 ], [ 0.494171467144042, 51.313794136047363 ], [ 0.491570564685389, 51.312162727117538 ], [ 0.489836629712954, 51.312162727117538 ], [ 0.488969662226737, 51.31161892414093 ], [ 0.488969662226737, 51.309443712234497 ], [ 0.488102694740519, 51.308899909257889 ], [ 0.486368759768084, 51.308899909257889 ], [ 0.485501792281866, 51.308356106281281 ], [ 0.485501792281866, 51.307268500328064 ], [ 0.484634824795648, 51.306724697351456 ], [ 0.482900889823213, 51.306724697351456 ], [ 0.482033922336996, 51.306180894374847 ], [ 0.483767857309431, 51.305093288421631 ], [ 0.482900889823213, 51.304549485445023 ], [ 0.481166954850778, 51.304549485445023 ], [ 0.48029998736456, 51.304005682468414 ], [ 0.481166954850778, 51.303461879491806 ], [ 0.484634824795648, 51.303461879491806 ], [ 0.488102694740519, 51.305637091398239 ], [ 0.489836629712954, 51.305637091398239 ], [ 0.490703597199172, 51.306180894374847 ], [ 0.488969662226737, 51.307268500328064 ], [ 0.491570564685389, 51.308899909257889 ], [ 0.49503843463026, 51.308899909257889 ], [ 0.496772369602695, 51.309987515211105 ], [ 0.49850630457513, 51.308899909257889 ], [ 0.500240239547566, 51.308899909257889 ], [ 0.501107207033783, 51.309443712234497 ], [ 0.501107207033783, 51.310531318187714 ], [ 0.503708109492436, 51.312162727117538 ], [ 0.505442044464871, 51.311075121164322 ], [ 0.507175979437307, 51.311075121164322 ], [ 0.508042946923524, 51.31161892414093 ], [ 0.508042946923524, 51.312706530094147 ], [ 0.506309011951089, 51.313794136047363 ], [ 0.506309011951089, 51.31488174200058 ], [ 0.507175979437307, 51.315425544977188 ], [ 0.508909914409742, 51.315425544977188 ], [ 0.511510816868395, 51.313794136047363 ], [ 0.511510816868395, 51.309443712234497 ], [ 0.509776881895959, 51.308356106281281 ], [ 0.511510816868395, 51.307268500328064 ], [ 0.511510816868395, 51.300742864608765 ], [ 0.514111719327047, 51.29911145567894 ], [ 0.517579589271918, 51.29911145567894 ], [ 0.518446556758136, 51.299655258655548 ], [ 0.514978686813265, 51.301830470561981 ], [ 0.517579589271918, 51.303461879491806 ], [ 0.519313524244353, 51.302374273538589 ], [ 0.520180491730571, 51.302918076515198 ], [ 0.5167126217857, 51.305093288421631 ], [ 0.5167126217857, 51.313794136047363 ], [ 0.514978686813265, 51.31488174200058 ], [ 0.514978686813265, 51.317056953907013 ], [ 0.515845654299483, 51.317600756883621 ], [ 0.517579589271918, 51.317600756883621 ], [ 0.520180491730571, 51.319232165813446 ], [ 0.520180491730571, 51.320319771766663 ], [ 0.518446556758136, 51.321407377719879 ], [ 0.521914426703006, 51.323582589626312 ], [ 0.521914426703006, 51.324670195579529 ], [ 0.524515329161659, 51.326301604509354 ], [ 0.529717134078965, 51.326301604509354 ], [ 0.530584101565182, 51.325757801532745 ], [ 0.530584101565182, 51.324670195579529 ], [ 0.5314510690514, 51.324126392602921 ], [ 0.533185004023835, 51.324126392602921 ], [ 0.534051971510053, 51.323582589626312 ], [ 0.532318036537617, 51.322494983673096 ], [ 0.533185004023835, 51.321951180696487 ], [ 0.53491893899627, 51.323038786649704 ], [ 0.540120743913576, 51.323038786649704 ], [ 0.542721646372229, 51.321407377719879 ], [ 0.542721646372229, 51.317056953907013 ], [ 0.543588613858446, 51.316513150930405 ], [ 0.544455581344664, 51.317056953907013 ], [ 0.544455581344664, 51.319232165813446 ], [ 0.546189516317099, 51.320319771766663 ], [ 0.544455581344664, 51.321407377719879 ], [ 0.544455581344664, 51.322494983673096 ], [ 0.545322548830882, 51.323038786649704 ], [ 0.550524353748187, 51.323038786649704 ], [ 0.551391321234405, 51.323582589626312 ], [ 0.551391321234405, 51.325757801532745 ], [ 0.552258288720623, 51.326301604509354 ], [ 0.555726158665493, 51.326301604509354 ], [ 0.559194028610364, 51.328476816415787 ], [ 0.562661898555234, 51.328476816415787 ], [ 0.563528866041452, 51.329020619392395 ], [ 0.562661898555234, 51.329564422369003 ], [ 0.557460093637928, 51.329564422369003 ], [ 0.555726158665493, 51.328476816415787 ], [ 0.553992223693058, 51.328476816415787 ], [ 0.55312525620684, 51.329020619392395 ], [ 0.55312525620684, 51.331195831298828 ], [ 0.551391321234405, 51.332283437252045 ], [ 0.551391321234405, 51.336633861064911 ], [ 0.550524353748187, 51.337177664041519 ], [ 0.547923451289535, 51.335546255111694 ], [ 0.547923451289535, 51.332283437252045 ], [ 0.545322548830882, 51.33065202832222 ], [ 0.544455581344664, 51.331195831298828 ], [ 0.544455581344664, 51.335546255111694 ], [ 0.543588613858446, 51.336090058088303 ], [ 0.541854678886011, 51.335002452135086 ], [ 0.539253776427358, 51.336633861064911 ], [ 0.540987711399794, 51.337721467018127 ], [ 0.539253776427358, 51.338809072971344 ], [ 0.540987711399794, 51.339896678924561 ], [ 0.540987711399794, 51.342071890830994 ], [ 0.540120743913576, 51.342615693807602 ], [ 0.538386808941141, 51.341528087854385 ], [ 0.537519841454923, 51.342071890830994 ], [ 0.537519841454923, 51.34642231464386 ], [ 0.538386808941141, 51.346966117620468 ], [ 0.540120743913576, 51.346966117620468 ], [ 0.540987711399794, 51.347509920597076 ], [ 0.538386808941141, 51.349141329526901 ], [ 0.536652873968706, 51.348053723573685 ], [ 0.53491893899627, 51.348053723573685 ], [ 0.534051971510053, 51.348597526550293 ], [ 0.534051971510053, 51.34968513250351 ], [ 0.535785906482488, 51.350772738456726 ], [ 0.535785906482488, 51.352947950363159 ], [ 0.53491893899627, 51.353491753339767 ], [ 0.534051971510053, 51.352947950363159 ], [ 0.534051971510053, 51.350772738456726 ], [ 0.532318036537617, 51.34968513250351 ], [ 0.532318036537617, 51.348597526550293 ], [ 0.5314510690514, 51.348053723573685 ], [ 0.527983199106529, 51.348053723573685 ], [ 0.525382296647877, 51.34968513250351 ], [ 0.527116231620312, 51.350772738456726 ], [ 0.525382296647877, 51.351860344409943 ], [ 0.525382296647877, 51.355123162269592 ], [ 0.521047459216788, 51.357842177152634 ], [ 0.520180491730571, 51.357298374176025 ], [ 0.520180491730571, 51.354035556316376 ], [ 0.518446556758136, 51.352947950363159 ], [ 0.519313524244353, 51.352404147386551 ], [ 0.522781394189224, 51.352404147386551 ], [ 0.523648361675441, 51.351860344409943 ], [ 0.522781394189224, 51.351316541433334 ], [ 0.521047459216788, 51.351316541433334 ], [ 0.514111719327047, 51.346966117620468 ], [ 0.512377784354612, 51.346966117620468 ], [ 0.511510816868395, 51.347509920597076 ], [ 0.511510816868395, 51.34968513250351 ], [ 0.51324475184083, 51.350772738456726 ], [ 0.51324475184083, 51.351860344409943 ], [ 0.514111719327047, 51.352404147386551 ], [ 0.515845654299483, 51.352404147386551 ], [ 0.5167126217857, 51.352947950363159 ], [ 0.5167126217857, 51.355123162269592 ], [ 0.515845654299483, 51.355666965246201 ], [ 0.514111719327047, 51.355666965246201 ], [ 0.512377784354612, 51.354579359292984 ], [ 0.510643849382177, 51.354579359292984 ], [ 0.509776881895959, 51.355123162269592 ], [ 0.511510816868395, 51.356210768222809 ], [ 0.511510816868395, 51.358385980129242 ], [ 0.508042946923524, 51.360561192035675 ], [ 0.509776881895959, 51.361648797988892 ], [ 0.508909914409742, 51.3621926009655 ], [ 0.504575076978654, 51.359473586082458 ], [ 0.504575076978654, 51.357298374176025 ], [ 0.503708109492436, 51.356754571199417 ], [ 0.499373272061348, 51.359473586082458 ], [ 0.500240239547566, 51.360017389059067 ], [ 0.501974174520001, 51.360017389059067 ], [ 0.502841142006218, 51.360561192035675 ], [ 0.502841142006218, 51.361648797988892 ], [ 0.501107207033783, 51.362736403942108 ], [ 0.501107207033783, 51.364911615848541 ], [ 0.49850630457513, 51.366543024778366 ], [ 0.496772369602695, 51.36545541882515 ], [ 0.49503843463026, 51.36545541882515 ], [ 0.494171467144042, 51.364911615848541 ], [ 0.497639337088913, 51.362736403942108 ], [ 0.497639337088913, 51.361648797988892 ], [ 0.49503843463026, 51.360017389059067 ], [ 0.493304499657825, 51.360017389059067 ], [ 0.492437532171607, 51.359473586082458 ], [ 0.493304499657825, 51.35892978310585 ], [ 0.49503843463026, 51.35892978310585 ], [ 0.495905402116477, 51.358385980129242 ], [ 0.494171467144042, 51.357298374176025 ], [ 0.494171467144042, 51.352947950363159 ], [ 0.49503843463026, 51.352404147386551 ], [ 0.496772369602695, 51.353491753339767 ], [ 0.497639337088913, 51.352947950363159 ], [ 0.497639337088913, 51.351860344409943 ], [ 0.499373272061348, 51.350772738456726 ], [ 0.499373272061348, 51.348597526550293 ], [ 0.497639337088913, 51.347509920597076 ], [ 0.497639337088913, 51.344247102737427 ], [ 0.499373272061348, 51.34315949678421 ], [ 0.499373272061348, 51.342071890830994 ], [ 0.49850630457513, 51.341528087854385 ], [ 0.496772369602695, 51.341528087854385 ], [ 0.494171467144042, 51.339896678924561 ], [ 0.494171467144042, 51.338809072971344 ], [ 0.495905402116477, 51.337721467018127 ], [ 0.495905402116477, 51.336633861064911 ], [ 0.49503843463026, 51.336090058088303 ], [ 0.493304499657825, 51.337177664041519 ], [ 0.491570564685389, 51.337177664041519 ], [ 0.482900889823213, 51.342615693807602 ], [ 0.481166954850778, 51.342615693807602 ], [ 0.477699084905908, 51.344790905714035 ], [ 0.475965149933472, 51.344790905714035 ], [ 0.475098182447255, 51.344247102737427 ], [ 0.475965149933472, 51.343703299760818 ], [ 0.477699084905908, 51.343703299760818 ], [ 0.48029998736456, 51.342071890830994 ], [ 0.48029998736456, 51.340984284877777 ], [ 0.482033922336996, 51.339896678924561 ], [ 0.482033922336996, 51.338809072971344 ], [ 0.483767857309431, 51.337721467018127 ], [ 0.483767857309431, 51.336633861064911 ], [ 0.489836629712954, 51.332827240228653 ], [ 0.491570564685389, 51.332827240228653 ] ] ], [ [ [ 0.499373272061348, 51.385576128959656 ], [ 0.499373272061348, 51.386663734912872 ], [ 0.500240239547566, 51.387207537889481 ], [ 0.503708109492436, 51.387207537889481 ], [ 0.505442044464871, 51.386119931936264 ], [ 0.506309011951089, 51.386663734912872 ], [ 0.506309011951089, 51.391014158725739 ], [ 0.508042946923524, 51.392101764678955 ], [ 0.507175979437307, 51.392645567655563 ], [ 0.505442044464871, 51.391557961702347 ], [ 0.503708109492436, 51.391557961702347 ], [ 0.501974174520001, 51.391693912446499 ], [ 0.500240239547566, 51.390606306493282 ], [ 0.49850630457513, 51.389382749795914 ], [ 0.497639337088913, 51.388838946819305 ], [ 0.497639337088913, 51.386663734912872 ], [ 0.495905402116477, 51.385576128959656 ], [ 0.495905402116477, 51.384488523006439 ], [ 0.496772369602695, 51.383944720029831 ], [ 0.499373272061348, 51.385576128959656 ] ] ], [ [ [ 0.60427633789368, 51.337177664041519 ], [ 0.605143305379897, 51.337721467018127 ], [ 0.605143305379897, 51.338809072971344 ], [ 0.606010272866115, 51.339352875947952 ], [ 0.60774420783855, 51.339352875947952 ], [ 0.608611175324768, 51.339896678924561 ], [ 0.608611175324768, 51.340984284877777 ], [ 0.610345110297203, 51.342071890830994 ], [ 0.610345110297203, 51.34315949678421 ], [ 0.609478142810985, 51.343703299760818 ], [ 0.60774420783855, 51.342615693807602 ], [ 0.606010272866115, 51.342615693807602 ], [ 0.605143305379897, 51.34315949678421 ], [ 0.606877240352333, 51.344247102737427 ], [ 0.603409370407462, 51.34642231464386 ], [ 0.603409370407462, 51.348597526550293 ], [ 0.602542402921245, 51.349141329526901 ], [ 0.601675435435027, 51.348597526550293 ], [ 0.601675435435027, 51.34642231464386 ], [ 0.598207565490156, 51.344247102737427 ], [ 0.596473630517721, 51.34315949678421 ], [ 0.596473630517721, 51.340984284877777 ], [ 0.597340598003939, 51.340440481901169 ], [ 0.600808467948809, 51.340440481901169 ], [ 0.601675435435027, 51.339896678924561 ], [ 0.601675435435027, 51.337721467018127 ], [ 0.602542402921245, 51.337177664041519 ], [ 0.60427633789368, 51.337177664041519 ] ] ] ] } }
]
}
