{
"type": "FeatureCollection",
"name": "motorways_northwest",
"crs": { "type": "name", "properties": { "name": "urn:ogc:def:crs:OGC:1.3:CRS84" } },
"features": [
{ "type": "Feature", "properties": { "Name": "M6 motorway", "description": "motorways" }, "geometry": { "type": "LineString", "coordinates": [ [ -1.174283468049321, 52.398513137037227, 0.0 ], [ -1.174818250273785, 52.400670572774892, 0.0 ], [ -1.175122240147378, 52.401654358280723, 0.0 ], [ -1.175579240728146, 52.40233757754617, 0.0 ], [ -1.176634848228377, 52.403143303198831, 0.0 ], [ -1.177668269913323, 52.403780253757411, 0.0 ], [ -1.17905559424262, 52.404330977901978, 0.0 ], [ -1.180525138861123, 52.404625236507229, 0.0 ], [ -1.182270088141432, 52.404768814106632, 0.0 ], [ -1.186517075872465, 52.404981977263247, 0.0 ], [ -1.195447604882384, 52.40537199235159, 0.0 ], [ -1.204303016418481, 52.40576651891557, 0.0 ], [ -1.213516613553859, 52.406164023080088, 0.0 ], [ -1.221803719675069, 52.40653422650329, 0.0 ], [ -1.230366752024564, 52.406924328726923, 0.0 ], [ -1.233687733789431, 52.4070900849526, 0.0 ], [ -1.236493107155122, 52.407267189586747, 0.0 ], [ -1.240969410319248, 52.407600731200972, 0.0 ], [ -1.245603501536458, 52.40804446343094, 0.0 ], [ -1.251082637604462, 52.408659672527193, 0.0 ], [ -1.254329952174095, 52.40908627194807, 0.0 ], [ -1.257089676519422, 52.409484134186059, 0.0 ], [ -1.26015755537278, 52.40995724280382, 0.0 ], [ -1.262758435216564, 52.410380318718012, 0.0 ], [ -1.265947883227303, 52.41095386528562, 0.0 ], [ -1.270710551526024, 52.411854338887437, 0.0 ], [ -1.274325727810497, 52.412645952000297, 0.0 ], [ -1.279279009334902, 52.413808562806821, 0.0 ], [ -1.283170600405195, 52.414786883104782, 0.0 ], [ -1.287553902915553, 52.415993714047417, 0.0 ], [ -1.290935078917984, 52.416972863363583, 0.0 ], [ -1.294796196888184, 52.418186384436517, 0.0 ], [ -1.299362760448717, 52.419708372648941, 0.0 ], [ -1.303767839899646, 52.421294458091722, 0.0 ], [ -1.307788929341535, 52.422841331021729, 0.0 ], [ -1.311465069002095, 52.424341044415883, 0.0 ], [ -1.315453986013484, 52.426059026412268, 0.0 ], [ -1.317523336949191, 52.426900522504653, 0.0 ], [ -1.319581452062246, 52.427681240959558, 0.0 ], [ -1.32162539517266, 52.428409734528039, 0.0 ], [ -1.323438152250236, 52.429013754661362, 0.0 ], [ -1.325428680452443, 52.42964197599823, 0.0 ], [ -1.32743539262996, 52.430246474218379, 0.0 ], [ -1.329715326919971, 52.430861736758857, 0.0 ], [ -1.332397704341463, 52.431545456914627, 0.0 ], [ -1.334795515127918, 52.432084906395012, 0.0 ], [ -1.337302280268872, 52.432619954078049, 0.0 ], [ -1.339589330372831, 52.433039645396967, 0.0 ], [ -1.342401346243798, 52.43351413783693, 0.0 ], [ -1.346157850514514, 52.434054868354572, 0.0 ], [ -1.349361099259259, 52.434419957422612, 0.0 ], [ -1.352370890575396, 52.43469997249975, 0.0 ], [ -1.355116231718014, 52.434907365693732, 0.0 ], [ -1.358296891332912, 52.43506961366667, 0.0 ], [ -1.364241519414821, 52.435362305291058, 0.0 ], [ -1.373253853906488, 52.435810733023402, 0.0 ], [ -1.382499256143578, 52.436273874451807, 0.0 ], [ -1.391687350433321, 52.436731727650603, 0.0 ], [ -1.397178506498432, 52.437040080628456, 0.0 ], [ -1.399543986593563, 52.43714024608127, 0.0 ], [ -1.402347521529466, 52.437256429504266, 0.0 ], [ -1.405713122044867, 52.43733195293126, 0.0 ], [ -1.408931104860904, 52.437348527237809, 0.0 ], [ -1.411836806171477, 52.437331543156773, 0.0 ], [ -1.415573919090399, 52.437227286824317, 0.0 ], [ -1.417571851401362, 52.4371780061729, 0.0 ], [ -1.419368241701625, 52.437166005728557, 0.0 ], [ -1.421242290069604, 52.437201894202794, 0.0 ], [ -1.423677940119712, 52.437301818507777, 0.0 ], [ -1.425594072996109, 52.437442540213233, 0.0 ], [ -1.427669244725803, 52.437655226616002, 0.0 ], [ -1.429782880460419, 52.437910861960461, 0.0 ], [ -1.432150913471758, 52.438249254228182, 0.0 ], [ -1.434497200503191, 52.43868187340135, 0.0 ], [ -1.437107847167548, 52.439253548272923, 0.0 ], [ -1.439547927767952, 52.439867212008437, 0.0 ], [ -1.441728436504584, 52.440494247937728, 0.0 ], [ -1.444515011340042, 52.441413820834683, 0.0 ], [ -1.446273343403632, 52.442059673655187, 0.0 ], [ -1.448513369757878, 52.442996204176303, 0.0 ], [ -1.451289771568274, 52.444182135108242, 0.0 ], [ -1.454669020832616, 52.445632222989502, 0.0 ], [ -1.458114616905866, 52.44711560750779, 0.0 ], [ -1.462521656845356, 52.448998935190431, 0.0 ], [ -1.466425464493238, 52.450659048693247, 0.0 ], [ -1.469762134881196, 52.45210090006438, 0.0 ], [ -1.473457955103497, 52.453665621584307, 0.0 ], [ -1.477124434923909, 52.455270052652459, 0.0 ], [ -1.481339686906953, 52.457275595523257, 0.0 ], [ -1.483571872383082, 52.458459521830733, 0.0 ], [ -1.48561613935888, 52.459575410790627, 0.0 ], [ -1.487076480835794, 52.460295946691232, 0.0 ], [ -1.488562212525111, 52.460995795181752, 0.0 ], [ -1.490383203830736, 52.461768126043303, 0.0 ], [ -1.492149240601619, 52.462460978980189, 0.0 ], [ -1.494290908569349, 52.463210562806367, 0.0 ], [ -1.496347841801961, 52.463859943615887, 0.0 ], [ -1.498537628575231, 52.464490569561683, 0.0 ], [ -1.50054607654178, 52.465013164927193, 0.0 ], [ -1.502854029251416, 52.46555370500662, 0.0 ], [ -1.505240412774326, 52.466061109027407, 0.0 ], [ -1.507486777357673, 52.466472753137268, 0.0 ], [ -1.50979261238434, 52.466833952810482, 0.0 ], [ -1.512375363397888, 52.467203768788238, 0.0 ], [ -1.516285378959403, 52.467710940864087, 0.0 ], [ -1.523270824858535, 52.468632413446237, 0.0 ], [ -1.52700950576166, 52.469129123099449, 0.0 ], [ -1.531075416362043, 52.469669537333537, 0.0 ], [ -1.537058933170251, 52.470458949216699, 0.0 ], [ -1.540854674045353, 52.470964212773438, 0.0 ], [ -1.543531843140664, 52.471252660233247, 0.0 ], [ -1.545834827764897, 52.471425767757701, 0.0 ], [ -1.547471157885699, 52.47149796863971, 0.0 ], [ -1.549642070189672, 52.471575464327593, 0.0 ], [ -1.551977399233258, 52.471582005652948, 0.0 ], [ -1.553969500077981, 52.471535211349462, 0.0 ], [ -1.556298169336913, 52.471427471858682, 0.0 ], [ -1.558618935969831, 52.471243577927559, 0.0 ], [ -1.560494186538259, 52.471058458581382, 0.0 ], [ -1.562628504592921, 52.470780019908041, 0.0 ], [ -1.565301703208347, 52.47038767025844, 0.0 ], [ -1.570373433956891, 52.46969726339325, 0.0 ], [ -1.57240806969675, 52.46942951770842, 0.0 ], [ -1.574900198457876, 52.469160217419422, 0.0 ], [ -1.577509383227778, 52.468876881548269, 0.0 ], [ -1.580141336777331, 52.468598665169772, 0.0 ], [ -1.582578435404467, 52.468381329450963, 0.0 ], [ -1.585663889240974, 52.468137020331042, 0.0 ], [ -1.588979671232589, 52.467908755314937, 0.0 ], [ -1.591814964500685, 52.467739700176828, 0.0 ], [ -1.594892327278269, 52.467585507466801, 0.0 ], [ -1.598242572538833, 52.467484180580058, 0.0 ], [ -1.602103035493611, 52.467390999769393, 0.0 ], [ -1.606803101901091, 52.46735924594762, 0.0 ], [ -1.610988841308182, 52.467387963648243, 0.0 ], [ -1.614867782467087, 52.467482405666452, 0.0 ], [ -1.621261637011714, 52.467731243368277, 0.0 ], [ -1.625192136488923, 52.467953783758041, 0.0 ], [ -1.629383507223838, 52.468252940536068, 0.0 ], [ -1.633129555622057, 52.46858222334653, 0.0 ], [ -1.636532393896465, 52.468865252168001, 0.0 ], [ -1.642428968143932, 52.46933808186634, 0.0 ], [ -1.648373339396823, 52.469854317549832, 0.0 ], [ -1.653186115106115, 52.470244561945812, 0.0 ], [ -1.657021519806261, 52.470556691631323, 0.0 ], [ -1.659802750361441, 52.470815590725621, 0.0 ], [ -1.661762959129355, 52.471071569523389, 0.0 ], [ -1.663722751543637, 52.471427507522733, 0.0 ], [ -1.666205224504573, 52.471985472212779, 0.0 ], [ -1.668421928964023, 52.47261799014295, 0.0 ], [ -1.670694543285124, 52.473404202554562, 0.0 ], [ -1.672657110661376, 52.47419305343972, 0.0 ], [ -1.675262152724301, 52.47542610282936, 0.0 ], [ -1.677350027496443, 52.476199718369742, 0.0 ], [ -1.679886968672187, 52.476999251796371, 0.0 ], [ -1.682615715517419, 52.477465536541679, 0.0 ], [ -1.684881574623213, 52.477721657479947, 0.0 ], [ -1.687272994212536, 52.477811257830773, 0.0 ], [ -1.690212639895632, 52.477616039927703, 0.0 ], [ -1.692535418653807, 52.477262761814302, 0.0 ], [ -1.694990007568511, 52.476881092138953, 0.0 ], [ -1.696890214933539, 52.476641306088887, 0.0 ], [ -1.698618035052159, 52.476501200720861, 0.0 ], [ -1.700259506946588, 52.476437102216927, 0.0 ], [ -1.702261398469489, 52.476440187170468, 0.0 ], [ -1.703824164240949, 52.476494927447789, 0.0 ], [ -1.705574080140524, 52.476635598450208, 0.0 ], [ -1.707355016491237, 52.476847682136551, 0.0 ], [ -1.709674666230487, 52.477257700469863, 0.0 ], [ -1.71131442871851, 52.477602785601803, 0.0 ], [ -1.712922727314801, 52.478038272015709, 0.0 ], [ -1.714593231404068, 52.478564269524377, 0.0 ], [ -1.71661901548699, 52.479341762741612, 0.0 ], [ -1.718202954240627, 52.480043709139792, 0.0 ], [ -1.719841130376001, 52.480907603537808, 0.0 ], [ -1.721460418540457, 52.481886274277407, 0.0 ], [ -1.722738806780814, 52.482873485527051, 0.0 ], [ -1.724386241691504, 52.484189873892817, 0.0 ], [ -1.72590622360205, 52.4854583612846, 0.0 ], [ -1.727652436942865, 52.486915263095767, 0.0 ], [ -1.729476896986347, 52.488422229121149, 0.0 ], [ -1.731059755655943, 52.489833893593463, 0.0 ], [ -1.732548086372433, 52.491330763313513, 0.0 ], [ -1.733518689597595, 52.492436015775993, 0.0 ], [ -1.734445173316959, 52.493622633580152, 0.0 ], [ -1.735394628026372, 52.494994236254797, 0.0 ], [ -1.737440954961503, 52.498076713725069, 0.0 ], [ -1.739317218244314, 52.500964765344989, 0.0 ], [ -1.741224149955641, 52.503795570574432, 0.0 ], [ -1.742578254120938, 52.505856614845463, 0.0 ], [ -1.743403892293858, 52.506909662105613, 0.0 ], [ -1.744265605404695, 52.507824995663192, 0.0 ], [ -1.745201554769256, 52.508668691772137, 0.0 ], [ -1.746364273912492, 52.50954598951337, 0.0 ], [ -1.748004023494828, 52.510609194624813, 0.0 ], [ -1.74936287849536, 52.511329588235903, 0.0 ], [ -1.750753339874865, 52.511969083399443, 0.0 ], [ -1.752590564296213, 52.512666701325998, 0.0 ], [ -1.754278602714479, 52.513201716227833, 0.0 ], [ -1.756123133882453, 52.513670176781588, 0.0 ], [ -1.758006911271741, 52.514019591702848, 0.0 ], [ -1.759627260644968, 52.514249686938683, 0.0 ], [ -1.761331833181798, 52.514413227740206, 0.0 ], [ -1.763224266132863, 52.514500885382994, 0.0 ], [ -1.765398871384684, 52.514488950477592, 0.0 ], [ -1.767253156418444, 52.514386118400751, 0.0 ], [ -1.769106085552511, 52.514178436376312, 0.0 ], [ -1.770898116861286, 52.513884955384221, 0.0 ], [ -1.772549409811124, 52.513529501312547, 0.0 ], [ -1.774177334111766, 52.513126395204182, 0.0 ], [ -1.775782103970285, 52.512599480058249, 0.0 ], [ -1.77919978798469, 52.511446611146638, 0.0 ], [ -1.780992272376236, 52.510838887755341, 0.0 ], [ -1.78254222005325, 52.510402202389201, 0.0 ], [ -1.784154552622497, 52.510032189689582, 0.0 ], [ -1.785490324525055, 52.509763703977697, 0.0 ], [ -1.787070966413872, 52.50953647112032, 0.0 ], [ -1.78868265612627, 52.509347341713742, 0.0 ], [ -1.790278513322531, 52.5092295864645, 0.0 ], [ -1.791710124164124, 52.509183075317857, 0.0 ], [ -1.793420551733064, 52.509184356895382, 0.0 ], [ -1.795735905974237, 52.509252733204868, 0.0 ], [ -1.798092854943583, 52.50932586599238, 0.0 ], [ -1.799985830311479, 52.509331967191727, 0.0 ], [ -1.80201977407781, 52.50928575450164, 0.0 ], [ -1.803874108207038, 52.50918224548326, 0.0 ], [ -1.805351121041766, 52.509084270313672, 0.0 ], [ -1.807228983027297, 52.508918814037351, 0.0 ], [ -1.809364918449029, 52.508667817315832, 0.0 ], [ -1.811289710378891, 52.508369053940143, 0.0 ], [ -1.813400116875089, 52.508022069698548, 0.0 ], [ -1.81721062939269, 52.507348168398792, 0.0 ], [ -1.819615366369407, 52.506922970635813, 0.0 ], [ -1.820961047759806, 52.506714201660628, 0.0 ], [ -1.822236177977711, 52.506591072406621, 0.0 ], [ -1.823863234375663, 52.506496679632207, 0.0 ], [ -1.825850036414283, 52.506388160426731, 0.0 ], [ -1.827184049913468, 52.506304018266214, 0.0 ], [ -1.828474881182542, 52.506133212844787, 0.0 ], [ -1.829757908463311, 52.505914779052482, 0.0 ], [ -1.832996642141577, 52.505311585350199, 0.0 ], [ -1.834050454644427, 52.50514540081749, 0.0 ], [ -1.83534893581943, 52.505017395655109, 0.0 ], [ -1.83715568922009, 52.504937164017527, 0.0 ], [ -1.842852177299723, 52.504686883644432, 0.0 ], [ -1.844244391409809, 52.504682586226217, 0.0 ], [ -1.845386265200911, 52.5047258032249, 0.0 ], [ -1.846395570835601, 52.504826082882587, 0.0 ], [ -1.847631308330232, 52.505012154388112, 0.0 ], [ -1.849101454047556, 52.505326791408237, 0.0 ], [ -1.851869589702901, 52.505979735264262, 0.0 ], [ -1.853410063015722, 52.506375248670302, 0.0 ], [ -1.855460575880766, 52.507054536227322, 0.0 ], [ -1.857407637901699, 52.507697622431103, 0.0 ], [ -1.859495623084092, 52.508374061774951, 0.0 ], [ -1.861074451236557, 52.508902965524548, 0.0 ], [ -1.862067604015544, 52.509303027073869, 0.0 ], [ -1.863013812886569, 52.509755433777563, 0.0 ], [ -1.863991157947331, 52.51037437429089, 0.0 ], [ -1.864836586489834, 52.511045608776527, 0.0 ], [ -1.865634024496142, 52.51185018677316, 0.0 ], [ -1.866329797790891, 52.512753902838391, 0.0 ], [ -1.867205222935686, 52.513923509751379, 0.0 ], [ -1.868174506395112, 52.515013522579089, 0.0 ], [ -1.869034231767265, 52.515875350089367, 0.0 ], [ -1.87019920135761, 52.516798728590892, 0.0 ], [ -1.8714033899381, 52.517717397918972, 0.0 ], [ -1.872482378905014, 52.51839284384274, 0.0 ], [ -1.873616265503548, 52.519078255354252, 0.0 ], [ -1.87486758929869, 52.519701843294321, 0.0 ], [ -1.876486683508793, 52.520411164375538, 0.0 ], [ -1.878211534331075, 52.521139089132092, 0.0 ], [ -1.880049807178088, 52.522091122764259, 0.0 ], [ -1.881958667723258, 52.523190730635761, 0.0 ], [ -1.883171254582431, 52.52391789410445, 0.0 ], [ -1.884211823902101, 52.52447005697617, 0.0 ], [ -1.885393200351597, 52.524998389503587, 0.0 ], [ -1.88652762807076, 52.525445784157817, 0.0 ], [ -1.887709044175095, 52.52587414863239, 0.0 ], [ -1.889156426378126, 52.52634052540558, 0.0 ], [ -1.890554919480688, 52.526691068347098, 0.0 ], [ -1.892080601589058, 52.527071747043728, 0.0 ], [ -1.893238574489196, 52.527409606148318, 0.0 ], [ -1.894318334012748, 52.527814084522547, 0.0 ], [ -1.895218167344545, 52.528218571531809, 0.0 ], [ -1.896063332817332, 52.52865639070059, 0.0 ], [ -1.896845777598288, 52.52915129128489, 0.0 ], [ -1.897639628864462, 52.529779916738967, 0.0 ], [ -1.898218726842622, 52.530346225617343, 0.0 ], [ -1.898782185953901, 52.530974368237992, 0.0 ], [ -1.899290932012042, 52.531697677576062, 0.0 ], [ -1.899841285982289, 52.532575509228657, 0.0 ], [ -1.900483168282171, 52.533589076740128, 0.0 ], [ -1.900868717467309, 52.534121204174212, 0.0 ], [ -1.90141662359074, 52.534744558204807, 0.0 ], [ -1.902011491147274, 52.535287030644362, 0.0 ], [ -1.902731595185173, 52.535834258475568, 0.0 ], [ -1.90357686196883, 52.536390916566269, 0.0 ], [ -1.904438074276788, 52.536847673177647, 0.0 ], [ -1.905596409643162, 52.537347195072542, 0.0 ], [ -1.906926809236843, 52.537832360938872, 0.0 ], [ -1.90811634457954, 52.538269939255869, 0.0 ], [ -1.909212016768958, 52.53875035116215, 0.0 ], [ -1.910229441782886, 52.539278332974391, 0.0 ], [ -1.91121521185107, 52.539928912560882, 0.0 ], [ -1.912021537138698, 52.540609221221139, 0.0 ], [ -1.912914053091133, 52.541498824900529, 0.0 ], [ -1.914212993800526, 52.542851700597332, 0.0 ], [ -1.91519175176736, 52.543855453116173, 0.0 ], [ -1.916276026410591, 52.544950582189408, 0.0 ], [ -1.91712950046506, 52.545782995629551, 0.0 ], [ -1.918069057036554, 52.546658143077032, 0.0 ], [ -1.918880659847652, 52.547373957564048, 0.0 ], [ -1.91993791375856, 52.548263318866013, 0.0 ], [ -1.92110448572106, 52.549152426117992, 0.0 ], [ -1.9222942943766, 52.550060418215217, 0.0 ], [ -1.923338349073497, 52.550810290766108, 0.0 ], [ -1.924269668267871, 52.551380674091689, 0.0 ], [ -1.925341749802079, 52.551893901654793, 0.0 ], [ -1.926593575201459, 52.552349951477382, 0.0 ], [ -1.92795469946186, 52.552715532956732, 0.0 ], [ -1.929292086765212, 52.552952687706352, 0.0 ], [ -1.930699658154517, 52.553089949168843, 0.0 ], [ -1.931694085564494, 52.553108522779347, 0.0 ], [ -1.932929496172867, 52.553079522353812, 0.0 ], [ -1.934016298951039, 52.552969735692308, 0.0 ], [ -1.93511087223411, 52.552788597032112, 0.0 ], [ -1.936353910839658, 52.552488511998199, 0.0 ], [ -1.93776916270175, 52.552088513857157, 0.0 ], [ -1.939151909523823, 52.551655145533182, 0.0 ], [ -1.94066087870556, 52.551288208938132, 0.0 ], [ -1.942232679884433, 52.550973505465393, 0.0 ], [ -1.943851600210099, 52.55075864148138, 0.0 ], [ -1.945556594532456, 52.550605558328783, 0.0 ], [ -1.947593969344494, 52.55057117715662, 0.0 ], [ -1.950104942170808, 52.550612551814012, 0.0 ], [ -1.952491201162083, 52.550715745887487, 0.0 ], [ -1.954604184486273, 52.550814300813478, 0.0 ], [ -1.957874280466674, 52.551035840162847, 0.0 ], [ -1.963619157574331, 52.551522136084827, 0.0 ], [ -1.965489014371969, 52.551690633018097, 0.0 ], [ -1.966882347326343, 52.551851441975352, 0.0 ], [ -1.968189777682152, 52.552093197216628, 0.0 ], [ -1.969364416764354, 52.552434961930757, 0.0 ], [ -1.970492235727435, 52.552819598826531, 0.0 ], [ -1.971581041588246, 52.553280393506547, 0.0 ], [ -1.972678155892951, 52.553864950846197, 0.0 ], [ -1.973655488332579, 52.554519688903717, 0.0 ], [ -1.974596268542763, 52.555313691682727, 0.0 ], [ -1.976133455853604, 52.556740139590808, 0.0 ], [ -1.977218356971696, 52.55763276396906, 0.0 ], [ -1.978276695074112, 52.558398067935727, 0.0 ], [ -1.979828871229528, 52.559410471961677, 0.0 ], [ -1.981291498485588, 52.560247082934062, 0.0 ], [ -1.982757027401011, 52.560988243422671, 0.0 ], [ -1.984363442244828, 52.561705463532732, 0.0 ], [ -1.985891353585326, 52.562313270525898, 0.0 ], [ -1.987579543263847, 52.5628921090617, 0.0 ], [ -1.989498885217008, 52.56347096947281, 0.0 ], [ -1.991660885137579, 52.563987731324787, 0.0 ], [ -1.994018554555306, 52.56445668530192, 0.0 ], [ -1.997008460550134, 52.565032730044187, 0.0 ], [ -1.999358552897559, 52.565558687867089, 0.0 ], [ -2.001426735886617, 52.566089608419837, 0.0 ], [ -2.00344008066746, 52.566668074763797, 0.0 ], [ -2.005713091083967, 52.567400837788263, 0.0 ], [ -2.007194089411402, 52.567903686074587, 0.0 ], [ -2.008236477514875, 52.568311820093747, 0.0 ], [ -2.009153781458149, 52.568758170506932, 0.0 ], [ -2.010024437911393, 52.569347260507293, 0.0 ], [ -2.010813231725889, 52.57001973878684, 0.0 ], [ -2.011331651453585, 52.570604455491711, 0.0 ], [ -2.011748392485479, 52.571217825384807, 0.0 ], [ -2.012134228172378, 52.571969194859633, 0.0 ], [ -2.012504725990364, 52.572831277321221, 0.0 ], [ -2.013033216117774, 52.574177162466967, 0.0 ], [ -2.013357268263012, 52.575201517471662, 0.0 ], [ -2.013571545110967, 52.576171902243473, 0.0 ], [ -2.013723100893291, 52.577109791489463, 0.0 ], [ -2.013813639748974, 52.578594161832889, 0.0 ], [ -2.01402674836209, 52.581767396379107, 0.0 ], [ -2.01420786890943, 52.584805179234408, 0.0 ], [ -2.014404247755315, 52.587657708737368, 0.0 ], [ -2.014648007020018, 52.59062219810847, 0.0 ], [ -2.014794834896315, 52.592647739729131, 0.0 ], [ -2.014939465707863, 52.593874350971092, 0.0 ], [ -2.015162660793756, 52.595129962134131, 0.0 ], [ -2.015542448879646, 52.596767264702542, 0.0 ], [ -2.015993599000807, 52.598322238189418, 0.0 ], [ -2.016483045857571, 52.599598702602179, 0.0 ], [ -2.017169345778045, 52.601219937112447, 0.0 ], [ -2.017862684755036, 52.60256559106719, 0.0 ], [ -2.018791749818308, 52.604153236600283, 0.0 ], [ -2.019552106768741, 52.605269487865243, 0.0 ], [ -2.020346937759055, 52.606433890351013, 0.0 ], [ -2.021180588936555, 52.60751724253538, 0.0 ], [ -2.022108288646067, 52.608639509100577, 0.0 ], [ -2.023122139336019, 52.609765422782147, 0.0 ], [ -2.024219255542512, 52.610889720330363, 0.0 ], [ -2.025657223670463, 52.612357468833189, 0.0 ], [ -2.027007916739763, 52.613735069046697, 0.0 ], [ -2.029035507164782, 52.615810735246157, 0.0 ], [ -2.030732935596185, 52.61749130094389, 0.0 ], [ -2.032084242681743, 52.618697475691746, 0.0 ], [ -2.033683660568066, 52.619949896886581, 0.0 ], [ -2.035332744093141, 52.621155606038549, 0.0 ], [ -2.037013653799896, 52.622257082529828, 0.0 ], [ -2.038332400619212, 52.623063703742517, 0.0 ], [ -2.040114038068674, 52.62407413476469, 0.0 ], [ -2.0423946298074, 52.62538133989851, 0.0 ], [ -2.044199994909405, 52.626410683046529, 0.0 ], [ -2.045629053758531, 52.627354871719753, 0.0 ], [ -2.046847687764887, 52.628261920321002, 0.0 ], [ -2.047767120290502, 52.62905464404529, 0.0 ], [ -2.048765668216407, 52.630056408564883, 0.0 ], [ -2.049489469503053, 52.630887472255047, 0.0 ], [ -2.050284728857962, 52.63192759173004, 0.0 ], [ -2.050913893330862, 52.632931945510229, 0.0 ], [ -2.051655635121221, 52.634314433544823, 0.0 ], [ -2.05230858389614, 52.635610186496891, 0.0 ], [ -2.053808497238689, 52.638421275215613, 0.0 ], [ -2.055421319215279, 52.641475731812427, 0.0 ], [ -2.056830546103462, 52.644124600020859, 0.0 ], [ -2.05846694236162, 52.647245491726203, 0.0 ], [ -2.060220851643919, 52.65051931132021, 0.0 ], [ -2.061867827719829, 52.653668502117831, 0.0 ], [ -2.063293637607525, 52.656387287192373, 0.0 ], [ -2.064861420513293, 52.659354318372699, 0.0 ], [ -2.065992200875849, 52.661883513278958, 0.0 ], [ -2.066811842347144, 52.663438428547849, 0.0 ], [ -2.067828495735968, 52.66490159332939, 0.0 ], [ -2.069057777975989, 52.666291892580261, 0.0 ], [ -2.070707561298374, 52.667670093023688, 0.0 ], [ -2.072633892707749, 52.668994874714272, 0.0 ], [ -2.07518483891372, 52.67035404268551, 0.0 ], [ -2.077713803929152, 52.671647970126969, 0.0 ], [ -2.081655286655012, 52.673704165829562, 0.0 ], [ -2.084084850353287, 52.675011130730887, 0.0 ], [ -2.087121092418886, 52.676731401149929, 0.0 ], [ -2.092765712671895, 52.679896720763729, 0.0 ], [ -2.094450790555284, 52.680845830510037, 0.0 ], [ -2.096012659833034, 52.681801413413652, 0.0 ], [ -2.09740922235643, 52.682795310707, 0.0 ], [ -2.098566231711624, 52.683721134561537, 0.0 ], [ -2.099718256808931, 52.684700677697322, 0.0 ], [ -2.100712687169828, 52.68569459664112, 0.0 ], [ -2.101604752616839, 52.686681165309878, 0.0 ], [ -2.102567857258737, 52.68789497523376, 0.0 ], [ -2.10335465141994, 52.689062764866129, 0.0 ], [ -2.104042055992194, 52.69029105357189, 0.0 ], [ -2.104603422636553, 52.691494525327712, 0.0 ], [ -2.105062436050751, 52.692804377607857, 0.0 ], [ -2.105308086714761, 52.693804929860143, 0.0 ], [ -2.105395903762595, 52.69491888014732, 0.0 ], [ -2.105380822822348, 52.695692921076507, 0.0 ], [ -2.105294744954395, 52.696419651604387, 0.0 ], [ -2.105145624820773, 52.697141638146647, 0.0 ], [ -2.104886237637451, 52.697943626121727, 0.0 ], [ -2.104547896097466, 52.69879960429148, 0.0 ], [ -2.102996827905851, 52.70219524702803, 0.0 ], [ -2.101571506480146, 52.705334127782962, 0.0 ], [ -2.101288040982701, 52.705993760674609, 0.0 ], [ -2.100988986386963, 52.70689269910271, 0.0 ], [ -2.100800386524936, 52.707786858093122, 0.0 ], [ -2.100706431149306, 52.708619909113182, 0.0 ], [ -2.100675690355776, 52.709552275982773, 0.0 ], [ -2.10075535572072, 52.710385145668489, 0.0 ], [ -2.100929893942616, 52.711403515899349, 0.0 ], [ -2.101469143530439, 52.714224098414832, 0.0 ], [ -2.101802310047503, 52.716045601026337, 0.0 ], [ -2.101937296352817, 52.716930802944539, 0.0 ], [ -2.101985409786234, 52.717743587893807, 0.0 ], [ -2.10197833187138, 52.718614203673852, 0.0 ], [ -2.101900338231864, 52.719632655713589, 0.0 ], [ -2.101751201533713, 52.720550531928119, 0.0 ], [ -2.101499535296463, 52.721573804319078, 0.0 ], [ -2.101168916531797, 52.72259520203113, 0.0 ], [ -2.100145162874139, 52.725545180307279, 0.0 ], [ -2.099089762507569, 52.728708369952471, 0.0 ], [ -2.098758905815496, 52.729682868222334, 0.0 ], [ -2.09842834804486, 52.730935845146291, 0.0 ], [ -2.098255441935129, 52.731953416371979, 0.0 ], [ -2.098122141836361, 52.733172880855889, 0.0 ], [ -2.098083549984477, 52.734353630541207, 0.0 ], [ -2.09813181895129, 52.735611402295767, 0.0 ], [ -2.098282788446525, 52.736811726103483, 0.0 ], [ -2.098544813422731, 52.738423377976083, 0.0 ], [ -2.099045093588376, 52.741417525327073, 0.0 ], [ -2.099553319793925, 52.744466961961663, 0.0 ], [ -2.100085409646304, 52.747621512298601, 0.0 ], [ -2.100538174294827, 52.750361529400422, 0.0 ], [ -2.101014797668326, 52.753248582344433, 0.0 ], [ -2.101332606566224, 52.755126405153497, 0.0 ], [ -2.101602361525714, 52.756288524099197, 0.0 ], [ -2.101966798892818, 52.757272605626397, 0.0 ], [ -2.102441860880766, 52.758219438899189, 0.0 ], [ -2.102988045052086, 52.759139130807149, 0.0 ], [ -2.103621110401929, 52.759980678622803, 0.0 ], [ -2.104412324899538, 52.76087477542908, 0.0 ], [ -2.105191332622377, 52.761631149018413, 0.0 ], [ -2.106045637373568, 52.762348221428667, 0.0 ], [ -2.106994776271774, 52.763055652989173, 0.0 ], [ -2.108695293418821, 52.764288830566919, 0.0 ], [ -2.109794647541147, 52.765175284288013, 0.0 ], [ -2.110799424687992, 52.766088277959113, 0.0 ], [ -2.111844065035017, 52.767168689002411, 0.0 ], [ -2.112690640807671, 52.768161403558338, 0.0 ], [ -2.113522048958206, 52.769327998181353, 0.0 ], [ -2.114100200293833, 52.770305670553192, 0.0 ], [ -2.115153920229699, 52.772251677574069, 0.0 ], [ -2.11680717382856, 52.775231896818482, 0.0 ], [ -2.117526507739067, 52.776463380358578, 0.0 ], [ -2.118247027623893, 52.777467147171578, 0.0 ], [ -2.119133459110476, 52.778485044013991, 0.0 ], [ -2.119809257253842, 52.779173068568682, 0.0 ], [ -2.12068764916526, 52.779932830628262, 0.0 ], [ -2.121653029412951, 52.780711660869201, 0.0 ], [ -2.12284776721675, 52.781547751246407, 0.0 ], [ -2.124052032983098, 52.782282969106177, 0.0 ], [ -2.125515546811064, 52.78306629828846, 0.0 ], [ -2.127089724760227, 52.783796965835222, 0.0 ], [ -2.128671767305415, 52.78440335834798, 0.0 ], [ -2.130167570579138, 52.784903593363687, 0.0 ], [ -2.132192503137689, 52.7855240245297, 0.0 ], [ -2.137941874108248, 52.787193691889449, 0.0 ], [ -2.139252684564727, 52.78761214537996, 0.0 ], [ -2.140961129761769, 52.7882276767062, 0.0 ], [ -2.142693640592088, 52.788967461635892, 0.0 ], [ -2.144086283559864, 52.789650141082021, 0.0 ], [ -2.145506738486746, 52.79045539564644, 0.0 ], [ -2.146812819545161, 52.791286321624632, 0.0 ], [ -2.14796895085249, 52.79212221696384, 0.0 ], [ -2.148987417568034, 52.792978089267429, 0.0 ], [ -2.149874635643751, 52.793790247927006, 0.0 ], [ -2.150667160715019, 52.794655103871847, 0.0 ], [ -2.151340847545961, 52.7954374701905, 0.0 ], [ -2.152118079979104, 52.796555700490458, 0.0 ], [ -2.152618119097536, 52.797433909980548, 0.0 ], [ -2.153126401749204, 52.798451945507509, 0.0 ], [ -2.153573395664775, 52.79967889843735, 0.0 ], [ -2.153852671769957, 52.800797572028323, 0.0 ], [ -2.154005164483843, 52.801822352010497, 0.0 ], [ -2.154070704373219, 52.802869493862701, 0.0 ], [ -2.154009757902309, 52.803943257287507, 0.0 ], [ -2.15384687106565, 52.805418779715183, 0.0 ], [ -2.153848642628477, 52.80620999877376, 0.0 ], [ -2.153882131193108, 52.807013389555223, 0.0 ], [ -2.154002748446673, 52.80788852459289, 0.0 ], [ -2.154186532529256, 52.808730053293118, 0.0 ], [ -2.154552970524832, 52.809944521273941, 0.0 ], [ -2.155408914230086, 52.812898983718107, 0.0 ], [ -2.155640460837613, 52.813847712909123, 0.0 ], [ -2.15576100750655, 52.814694155928862, 0.0 ], [ -2.155723193186155, 52.815516800023907, 0.0 ], [ -2.155590463912234, 52.816351825968283, 0.0 ], [ -2.155268038147946, 52.817284704380512, 0.0 ], [ -2.154826679199427, 52.818141103269518, 0.0 ], [ -2.154250698286193, 52.818945751348977, 0.0 ], [ -2.153524314744837, 52.819740217530658, 0.0 ], [ -2.152639517523117, 52.820515739536411, 0.0 ], [ -2.148486174258735, 52.823511253385668, 0.0 ], [ -2.147751883758891, 52.824103197650821, 0.0 ], [ -2.146985525395582, 52.824782918367227, 0.0 ], [ -2.146337907112401, 52.825467286664249, 0.0 ], [ -2.145761657927761, 52.826256804300748, 0.0 ], [ -2.145256108660103, 52.82710648701552, 0.0 ], [ -2.14484626190422, 52.828005843415497, 0.0 ], [ -2.14459483007849, 52.828957601832563, 0.0 ], [ -2.144493477228967, 52.829751134129083, 0.0 ], [ -2.144479477211982, 52.830697911674832, 0.0 ], [ -2.144615764054503, 52.831606277955451, 0.0 ], [ -2.144894491111468, 52.832507718543717, 0.0 ], [ -2.145276096093811, 52.83340632591235, 0.0 ], [ -2.145808078764646, 52.834295288943963, 0.0 ], [ -2.146450722668209, 52.835101611586893, 0.0 ], [ -2.147212039451274, 52.835885197027061, 0.0 ], [ -2.148092050168731, 52.836620881109582, 0.0 ], [ -2.148987720807437, 52.837275253623147, 0.0 ], [ -2.150115471296451, 52.837986898613572, 0.0 ], [ -2.152057020429308, 52.839156812569072, 0.0 ], [ -2.153142676342267, 52.839839623550937, 0.0 ], [ -2.154054200604897, 52.840498644053739, 0.0 ], [ -2.154959311250329, 52.841228732968077, 0.0 ], [ -2.155784055485945, 52.84199772314345, 0.0 ], [ -2.156577340569927, 52.84286707138012, 0.0 ], [ -2.157228318865046, 52.843727136632033, 0.0 ], [ -2.157792221186194, 52.844547912162533, 0.0 ], [ -2.158253353256993, 52.845417678084146, 0.0 ], [ -2.158627631149531, 52.84635930432772, 0.0 ], [ -2.158948477910111, 52.847386199512641, 0.0 ], [ -2.159681791508525, 52.849575506689924, 0.0 ], [ -2.160726889995277, 52.852807785469267, 0.0 ], [ -2.161181352018321, 52.854215903766821, 0.0 ], [ -2.162217883209, 52.857380809664178, 0.0 ], [ -2.163321706358344, 52.860767412964549, 0.0 ], [ -2.163967848250455, 52.862828025541788, 0.0 ], [ -2.165028965548634, 52.866104745088897, 0.0 ], [ -2.165285158276127, 52.867226380836193, 0.0 ], [ -2.165446637140777, 52.86852658104128, 0.0 ], [ -2.16548910153205, 52.869709053326893, 0.0 ], [ -2.165428191466519, 52.870751290700348, 0.0 ], [ -2.165248482406255, 52.871825494893827, 0.0 ], [ -2.164856378900772, 52.873544070248933, 0.0 ], [ -2.1647402968242, 52.874754399800523, 0.0 ], [ -2.16475082959008, 52.8759062462914, 0.0 ], [ -2.164856294842631, 52.877018947654939, 0.0 ], [ -2.165096429775699, 52.87809884581668, 0.0 ], [ -2.165399831472825, 52.87913666257149, 0.0 ], [ -2.165885685404322, 52.880206847481432, 0.0 ], [ -2.166468534291466, 52.881348747662081, 0.0 ], [ -2.16752618844958, 52.883121008041464, 0.0 ], [ -2.168561353294672, 52.884637962478308, 0.0 ], [ -2.169562872907834, 52.8859993249947, 0.0 ], [ -2.171064974788454, 52.887912548747387, 0.0 ], [ -2.171870990953345, 52.888844090294647, 0.0 ], [ -2.17266522887028, 52.889651145659748, 0.0 ], [ -2.173641784495055, 52.89044370301071, 0.0 ], [ -2.1747372969081, 52.891231421561862, 0.0 ], [ -2.175781945280636, 52.891885158674683, 0.0 ], [ -2.17708330005157, 52.892596137253094, 0.0 ], [ -2.179432451533859, 52.893860749957227, 0.0 ], [ -2.180766033648167, 52.894643525027583, 0.0 ], [ -2.18171191462686, 52.895270990255227, 0.0 ], [ -2.182799716440806, 52.896020480823239, 0.0 ], [ -2.183847928711847, 52.896789122337623, 0.0 ], [ -2.184999641354513, 52.897724937120053, 0.0 ], [ -2.185861228818986, 52.898482069559542, 0.0 ], [ -2.186854517712052, 52.89941323051687, 0.0 ], [ -2.187903891951057, 52.900559382204833, 0.0 ], [ -2.188786485741629, 52.901584518408569, 0.0 ], [ -2.189621833751673, 52.902697389482768, 0.0 ], [ -2.190338295299332, 52.903791244867392, 0.0 ], [ -2.190875870176835, 52.904716729468049, 0.0 ], [ -2.191338287231752, 52.90564351307372, 0.0 ], [ -2.191793005870925, 52.90664198951189, 0.0 ], [ -2.1921844950488, 52.907702930104762, 0.0 ], [ -2.192576797111316, 52.909026407802052, 0.0 ], [ -2.192904842929805, 52.910066044054958, 0.0 ], [ -2.193351566196683, 52.911045298933821, 0.0 ], [ -2.19387748256196, 52.911981450110439, 0.0 ], [ -2.19439596567876, 52.912743738425149, 0.0 ], [ -2.195127769821075, 52.913603166914179, 0.0 ], [ -2.195891014221166, 52.914381278390557, 0.0 ], [ -2.196820833795992, 52.91520691972012, 0.0 ], [ -2.19770454733208, 52.915896603422617, 0.0 ], [ -2.198816444369163, 52.916650356818629, 0.0 ], [ -2.20016643839582, 52.917508915991853, 0.0 ], [ -2.201548401149553, 52.918457348763013, 0.0 ], [ -2.202740086175411, 52.919378145789153, 0.0 ], [ -2.203809353458967, 52.920281779098708, 0.0 ], [ -2.204699578936891, 52.921092959899973, 0.0 ], [ -2.205979716681789, 52.922390959718982, 0.0 ], [ -2.206942246415695, 52.92350723427289, 0.0 ], [ -2.20804860475151, 52.924967729164408, 0.0 ], [ -2.208829237127821, 52.926151426920953, 0.0 ], [ -2.209794033074624, 52.927779460432738, 0.0 ], [ -2.21071758658857, 52.929308396887834, 0.0 ], [ -2.212543501871311, 52.932342978905773, 0.0 ], [ -2.213189360998681, 52.933449878940891, 0.0 ], [ -2.213947551206838, 52.934958776117952, 0.0 ], [ -2.214555394248607, 52.936337919354479, 0.0 ], [ -2.215147307433374, 52.937875448852871, 0.0 ], [ -2.215571847795089, 52.939128107978647, 0.0 ], [ -2.215966008223625, 52.940723235016833, 0.0 ], [ -2.216321252654018, 52.942431549025059, 0.0 ], [ -2.21706203437809, 52.945750234058842, 0.0 ], [ -2.217779954819446, 52.948913435646801, 0.0 ], [ -2.218510157846529, 52.952099656768397, 0.0 ], [ -2.219155200854267, 52.955084597269057, 0.0 ], [ -2.219897745564876, 52.958447591059361, 0.0 ], [ -2.22067133534556, 52.961770291972961, 0.0 ], [ -2.221326128943383, 52.964817248891492, 0.0 ], [ -2.22160105281676, 52.965998806219297, 0.0 ], [ -2.221825843254614, 52.96670581009365, 0.0 ], [ -2.222161876854799, 52.967455657128333, 0.0 ], [ -2.22263274167973, 52.968181434168798, 0.0 ], [ -2.223310247110487, 52.968980890573427, 0.0 ], [ -2.224600679445415, 52.970312470975877, 0.0 ], [ -2.225270072481567, 52.971114322868843, 0.0 ], [ -2.225712248849198, 52.971865138388559, 0.0 ], [ -2.226056404799536, 52.972634001371027, 0.0 ], [ -2.226258170701991, 52.973455753937863, 0.0 ], [ -2.226485000849206, 52.974559745744557, 0.0 ], [ -2.226718835054655, 52.975460576348638, 0.0 ], [ -2.227039467554306, 52.976248843699729, 0.0 ], [ -2.227519192888903, 52.977089548465983, 0.0 ], [ -2.228227302013719, 52.977942308675971, 0.0 ], [ -2.229047802086464, 52.978672517977117, 0.0 ], [ -2.2300986716265, 52.979416756877193, 0.0 ], [ -2.231197935694232, 52.980047019801489, 0.0 ], [ -2.232438560164129, 52.980580620169391, 0.0 ], [ -2.234052261083508, 52.981099320112968, 0.0 ], [ -2.235641623518869, 52.981488952277061, 0.0 ], [ -2.23816019014818, 52.982001413125573, 0.0 ], [ -2.239943509270503, 52.982418523079623, 0.0 ], [ -2.241374054841034, 52.982793977252292, 0.0 ], [ -2.242963921155084, 52.983307755897997, 0.0 ], [ -2.244609818068515, 52.983921794275631, 0.0 ], [ -2.246224300918684, 52.98460754656103, 0.0 ], [ -2.248304639761156, 52.985536435765503, 0.0 ], [ -2.249784068978039, 52.986193623900959, 0.0 ], [ -2.251247103322243, 52.98674088857333, 0.0 ], [ -2.25330608899757, 52.987392334265472, 0.0 ], [ -2.255340649496256, 52.987919485457269, 0.0 ], [ -2.257572000907797, 52.988411159276311, 0.0 ], [ -2.265126919819894, 52.990008598983522, 0.0 ], [ -2.270165020577426, 52.991062812716827, 0.0 ], [ -2.272531839662426, 52.991521951659507, 0.0 ], [ -2.275483899905332, 52.992027811796383, 0.0 ], [ -2.278668344705684, 52.992504489263702, 0.0 ], [ -2.281963765553209, 52.992918803730291, 0.0 ], [ -2.284803318821048, 52.99320830126819, 0.0 ], [ -2.288201275914277, 52.993478947876362, 0.0 ], [ -2.291487721141254, 52.99365418304383, 0.0 ], [ -2.295395854906811, 52.993780360698914, 0.0 ], [ -2.298967669103243, 52.993806790277389, 0.0 ], [ -2.300480504555165, 52.993856304649142, 0.0 ], [ -2.302529013982143, 52.993995488869842, 0.0 ], [ -2.304617941333489, 52.994230112256133, 0.0 ], [ -2.306683799767988, 52.994546012839457, 0.0 ], [ -2.308837679270401, 52.994952514602083, 0.0 ], [ -2.310455767310358, 52.995340499780418, 0.0 ], [ -2.312507326502307, 52.995909642909943, 0.0 ], [ -2.314472609389415, 52.99656509540818, 0.0 ], [ -2.316024642476924, 52.997149702705038, 0.0 ], [ -2.317512084433599, 52.997788994258869, 0.0 ], [ -2.319264584464253, 52.998659934459738, 0.0 ], [ -2.320746950449274, 52.999488490631258, 0.0 ], [ -2.32222211148354, 53.000407939334693, 0.0 ], [ -2.323690888223672, 53.001497757679289, 0.0 ], [ -2.324992275572166, 53.002575283278141, 0.0 ], [ -2.32608730217379, 53.003657097247682, 0.0 ], [ -2.32712712981799, 53.00484986633883, 0.0 ], [ -2.328021785617414, 53.006024771946286, 0.0 ], [ -2.328808628088562, 53.007375786494691, 0.0 ], [ -2.329339613882197, 53.008442093744407, 0.0 ], [ -2.329607129464992, 53.009316254890599, 0.0 ], [ -2.329699379507777, 53.010109504705021, 0.0 ], [ -2.329688507391539, 53.010932330509391, 0.0 ], [ -2.329479825023354, 53.011888708206158, 0.0 ], [ -2.329080125290832, 53.012778536646337, 0.0 ], [ -2.328521632859001, 53.013667707280661, 0.0 ], [ -2.327835134444376, 53.01442442164376, 0.0 ], [ -2.326918963181301, 53.015305907923171, 0.0 ], [ -2.323819518130328, 53.01822881043659, 0.0 ], [ -2.323144960253432, 53.0188893248, 0.0 ], [ -2.322545443193645, 53.019593229934962, 0.0 ], [ -2.322089094931607, 53.020339921858607, 0.0 ], [ -2.321767407356009, 53.021024187219879, 0.0 ], [ -2.321541702671786, 53.021814111171963, 0.0 ], [ -2.321458855259796, 53.022574353435111, 0.0 ], [ -2.321447413405292, 53.023315356023978, 0.0 ], [ -2.321627253327576, 53.024145041109442, 0.0 ], [ -2.321934088839475, 53.02494747712381, 0.0 ], [ -2.322367415171931, 53.025639639872082, 0.0 ], [ -2.322912291119372, 53.026379243211359, 0.0 ], [ -2.323568295645713, 53.027090030761933, 0.0 ], [ -2.324671018012312, 53.028105638273232, 0.0 ], [ -2.326030483497696, 53.029386582451323, 0.0 ], [ -2.327014513342255, 53.030454972179427, 0.0 ], [ -2.327720047924622, 53.031455166275187, 0.0 ], [ -2.328346462872735, 53.032495732799539, 0.0 ], [ -2.328725222179942, 53.033325878411382, 0.0 ], [ -2.329008899217293, 53.034199982495458, 0.0 ], [ -2.329245374416625, 53.035149140871262, 0.0 ], [ -2.329403982354059, 53.03636696224342, 0.0 ], [ -2.329716977089988, 53.039409274329152, 0.0 ], [ -2.329945539301495, 53.041679970321631, 0.0 ], [ -2.330226129247493, 53.044561949367989, 0.0 ], [ -2.330531474591813, 53.047668124063883, 0.0 ], [ -2.33083735148131, 53.05083134764628, 0.0 ], [ -2.331159586513278, 53.054034709955353, 0.0 ], [ -2.331529664987593, 53.057379578195068, 0.0 ], [ -2.331820120783328, 53.060581548227979, 0.0 ], [ -2.332143133282356, 53.063898660983043, 0.0 ], [ -2.332334238409259, 53.065194048052092, 0.0 ], [ -2.332636567003829, 53.066460305207727, 0.0 ], [ -2.333073791819791, 53.067656993228638, 0.0 ], [ -2.333654473070654, 53.068879730095077, 0.0 ], [ -2.334442520479763, 53.070168716048713, 0.0 ], [ -2.335262551754966, 53.071453172772273, 0.0 ], [ -2.336333275721376, 53.073225672015568, 0.0 ], [ -2.337170463491605, 53.074681037213061, 0.0 ], [ -2.33798416425986, 53.076185656094729, 0.0 ], [ -2.338994679732239, 53.078081842173802, 0.0 ], [ -2.339978527019758, 53.080050280257012, 0.0 ], [ -2.340850810937465, 53.081947647786357, 0.0 ], [ -2.341594879287559, 53.083716331682318, 0.0 ], [ -2.342307274348701, 53.085509549686172, 0.0 ], [ -2.342726370324074, 53.08679624997707, 0.0 ], [ -2.343012972721459, 53.088010332354088, 0.0 ], [ -2.343235562439427, 53.089185362257908, 0.0 ], [ -2.343387515052059, 53.090495391478647, 0.0 ], [ -2.343420227582433, 53.091835410272758, 0.0 ], [ -2.3433812555909, 53.09318420599044, 0.0 ], [ -2.343223323972107, 53.094618930479633, 0.0 ], [ -2.342969472774774, 53.095992300700182, 0.0 ], [ -2.34258878462565, 53.097461447021089, 0.0 ], [ -2.3420495355596, 53.09904924046787, 0.0 ], [ -2.340937917728375, 53.102059878504527, 0.0 ], [ -2.33972223088816, 53.105434396577721, 0.0 ], [ -2.338501209131857, 53.10883124114811, 0.0 ], [ -2.337374043031701, 53.111988028218768, 0.0 ], [ -2.33616813098527, 53.115322555667262, 0.0 ], [ -2.335778329359632, 53.116678576459663, 0.0 ], [ -2.335491402386301, 53.117946780181413, 0.0 ], [ -2.335331230641934, 53.119103196273038, 0.0 ], [ -2.335212587517549, 53.120481045195397, 0.0 ], [ -2.33520442177051, 53.121695511937737, 0.0 ], [ -2.335269029030203, 53.123072854372673, 0.0 ], [ -2.3354178410865, 53.125164564690273, 0.0 ], [ -2.335596297757071, 53.12818214777743, 0.0 ], [ -2.335775307758363, 53.13125634675864, 0.0 ], [ -2.335986534799142, 53.134378885479563, 0.0 ], [ -2.336212973968267, 53.137394460611283, 0.0 ], [ -2.33649431419799, 53.139003623257828, 0.0 ], [ -2.336813483303555, 53.140289594051318, 0.0 ], [ -2.337219370602566, 53.141412753822877, 0.0 ], [ -2.337875113777785, 53.142944833733893, 0.0 ], [ -2.338593738686575, 53.144326481413053, 0.0 ], [ -2.339479778174755, 53.145694279485632, 0.0 ], [ -2.340316715431673, 53.146849936390062, 0.0 ], [ -2.341293579534811, 53.148072748176403, 0.0 ], [ -2.342313743270459, 53.149194502563041, 0.0 ], [ -2.343453373304301, 53.1502634968775, 0.0 ], [ -2.344561051510529, 53.151317363581597, 0.0 ], [ -2.346791880589993, 53.153373676263399, 0.0 ], [ -2.347774332163747, 53.154338644129027, 0.0 ], [ -2.348698508467252, 53.155369601719471, 0.0 ], [ -2.349558663060004, 53.156367201075632, 0.0 ], [ -2.350315329234402, 53.157374970875622, 0.0 ], [ -2.351234235302748, 53.158774316625099, 0.0 ], [ -2.35224226720222, 53.160340189998948, 0.0 ], [ -2.354158103386597, 53.163358830959673, 0.0 ], [ -2.355873453262158, 53.166065766230247, 0.0 ], [ -2.357777042602186, 53.169014210602427, 0.0 ], [ -2.359923295946924, 53.171965957146142, 0.0 ], [ -2.361585013616789, 53.174105736536958, 0.0 ], [ -2.363449380025354, 53.176257537918829, 0.0 ], [ -2.365010050180544, 53.17796335478112, 0.0 ], [ -2.366671790292058, 53.179654793797319, 0.0 ], [ -2.368344010722694, 53.181282082548321, 0.0 ], [ -2.370129609257285, 53.182931427712177, 0.0 ], [ -2.372090081987581, 53.184629802249987, 0.0 ], [ -2.373534151909202, 53.18583209976898, 0.0 ], [ -2.375533989470843, 53.187410675196389, 0.0 ], [ -2.377268424573963, 53.188717420850963, 0.0 ], [ -2.37987790460481, 53.190634016986799, 0.0 ], [ -2.381947407012742, 53.192167100378008, 0.0 ], [ -2.383297743146552, 53.193330933800993, 0.0 ], [ -2.384650281529145, 53.194759979984511, 0.0 ], [ -2.385570220211166, 53.196001602685818, 0.0 ], [ -2.386263294112086, 53.197119511704983, 0.0 ], [ -2.386831185452769, 53.198280703097502, 0.0 ], [ -2.387222814802209, 53.199386199426357, 0.0 ], [ -2.387478404542771, 53.200438135036812, 0.0 ], [ -2.387663284896147, 53.201631462961011, 0.0 ], [ -2.387736771809252, 53.20288065540219, 0.0 ], [ -2.387880111469784, 53.205876394111939, 0.0 ], [ -2.388072200977214, 53.2091597784054, 0.0 ], [ -2.388220319783923, 53.210805151620022, 0.0 ], [ -2.388456318205069, 53.212436136645671, 0.0 ], [ -2.388762636062428, 53.213995831967658, 0.0 ], [ -2.389182716389512, 53.215648084794843, 0.0 ], [ -2.389723838784384, 53.217450862466507, 0.0 ], [ -2.390213664584525, 53.218808406545627, 0.0 ], [ -2.391157572340852, 53.221019408380442, 0.0 ], [ -2.392261171969294, 53.223186818171769, 0.0 ], [ -2.393573655280128, 53.225477704725911, 0.0 ], [ -2.395536724195381, 53.228590600528698, 0.0 ], [ -2.397600733641767, 53.231875902340953, 0.0 ], [ -2.398602455952458, 53.233554913448877, 0.0 ], [ -2.399357967169066, 53.235084052294617, 0.0 ], [ -2.399903786296901, 53.236375141895138, 0.0 ], [ -2.400435192741809, 53.237866570960847, 0.0 ], [ -2.400830125637895, 53.239276766313687, 0.0 ], [ -2.401154172530454, 53.240811968355082, 0.0 ], [ -2.401384264013021, 53.242592365356067, 0.0 ], [ -2.40152383483611, 53.244056418278831, 0.0 ], [ -2.40174054740621, 53.2471710551971, 0.0 ], [ -2.401915825542295, 53.250115836761502, 0.0 ], [ -2.402029639044657, 53.253379615058932, 0.0 ], [ -2.402031624291125, 53.256659175273803, 0.0 ], [ -2.401963963584797, 53.260221396563701, 0.0 ], [ -2.401868414795986, 53.262309072023022, 0.0 ], [ -2.401673467172591, 53.263958552742643, 0.0 ], [ -2.401366165844538, 53.265562811074602, 0.0 ], [ -2.40090837070521, 53.267375280858843, 0.0 ], [ -2.400503055520845, 53.26875172689784, 0.0 ], [ -2.399703227886222, 53.270839479991373, 0.0 ], [ -2.398541030773914, 53.273816066041611, 0.0 ], [ -2.397436019848622, 53.276816789652862, 0.0 ], [ -2.396220348536606, 53.280019007364373, 0.0 ], [ -2.395518370382002, 53.281885275658553, 0.0 ], [ -2.39519212296532, 53.283164018390337, 0.0 ], [ -2.395016848556213, 53.284304851658369, 0.0 ], [ -2.394962609375306, 53.285568422253689, 0.0 ], [ -2.395020059639932, 53.286780662594182, 0.0 ], [ -2.395262663309286, 53.288124773849013, 0.0 ], [ -2.395690935554003, 53.289671056517108, 0.0 ], [ -2.396270964970451, 53.2911577717813, 0.0 ], [ -2.396898914298706, 53.292638709669248, 0.0 ], [ -2.397635370739657, 53.29418295376977, 0.0 ], [ -2.398757445557847, 53.296373293493772, 0.0 ], [ -2.399558529390726, 53.297739388638462, 0.0 ], [ -2.400685617463348, 53.299525915190451, 0.0 ], [ -2.40183568866604, 53.301175217054919, 0.0 ], [ -2.403583629989432, 53.303459275965047, 0.0 ], [ -2.404927509971209, 53.305104860892463, 0.0 ], [ -2.406365839657792, 53.306713360872571, 0.0 ], [ -2.407220106847849, 53.307593517637891, 0.0 ], [ -2.408114973057712, 53.308323087247047, 0.0 ], [ -2.409129434376841, 53.308985286655727, 0.0 ], [ -2.410231370231465, 53.309570672895447, 0.0 ], [ -2.411340537097988, 53.310055543598338, 0.0 ], [ -2.412548343855526, 53.310473034648233, 0.0 ], [ -2.414009164014155, 53.310861138975199, 0.0 ], [ -2.415613634562127, 53.311191370819863, 0.0 ], [ -2.419279830922424, 53.311926985963723, 0.0 ], [ -2.420564129404307, 53.312258131261842, 0.0 ], [ -2.421724780955645, 53.312646303418383, 0.0 ], [ -2.422841803566933, 53.313087972558989, 0.0 ], [ -2.423911537889116, 53.313611137063887, 0.0 ], [ -2.425046638776121, 53.314291980124779, 0.0 ], [ -2.427084549378101, 53.315649473994789, 0.0 ], [ -2.430454684421806, 53.317917837317381, 0.0 ], [ -2.431694947032779, 53.318684385128513, 0.0 ], [ -2.432769961251632, 53.319253962796559, 0.0 ], [ -2.434161112621772, 53.319876473738859, 0.0 ], [ -2.435719719195596, 53.320407525568129, 0.0 ], [ -2.43762277764723, 53.3209470228566, 0.0 ], [ -2.44065724679061, 53.321712573050149, 0.0 ], [ -2.450913004875905, 53.3243604172932, 0.0 ], [ -2.459347571012644, 53.326554511088617, 0.0 ], [ -2.464380800523659, 53.328040362367339, 0.0 ], [ -2.468197758831422, 53.329247617320704, 0.0 ], [ -2.471503508702713, 53.330410952170197, 0.0 ], [ -2.474092486870223, 53.33136380249487, 0.0 ], [ -2.476489942571018, 53.332369959150903, 0.0 ], [ -2.478842131381795, 53.333488371184657, 0.0 ], [ -2.481210270278256, 53.33475765931211, 0.0 ], [ -2.483445551595778, 53.336108273198242, 0.0 ], [ -2.485615814678393, 53.337598259734023, 0.0 ], [ -2.487745144284042, 53.33922377038207, 0.0 ], [ -2.491186167951177, 53.34194577635116, 0.0 ], [ -2.493457026844914, 53.34382300467432, 0.0 ], [ -2.496424251596649, 53.346381850001087, 0.0 ], [ -2.499194896832377, 53.348890852911993, 0.0 ], [ -2.500862630306417, 53.350472609362669, 0.0 ], [ -2.50336362781401, 53.352931757586859, 0.0 ], [ -2.506279774381672, 53.355973312823167, 0.0 ], [ -2.507338036821341, 53.357261860435671, 0.0 ], [ -2.508235071038349, 53.358713078973508, 0.0 ], [ -2.50894666579238, 53.360070078030851, 0.0 ], [ -2.509417302176504, 53.361364978452613, 0.0 ], [ -2.509743206334175, 53.362613042609922, 0.0 ], [ -2.509957348322357, 53.363885175416733, 0.0 ], [ -2.510027706350181, 53.365229344835129, 0.0 ], [ -2.50993784373757, 53.366584051058247, 0.0 ], [ -2.509717574541597, 53.367760605557287, 0.0 ], [ -2.509268567791546, 53.369279463275632, 0.0 ], [ -2.508140640881584, 53.37264476503838, 0.0 ], [ -2.507028305110772, 53.375987123017239, 0.0 ], [ -2.505933679176837, 53.37918048288531, 0.0 ], [ -2.505484584644245, 53.380761299957427, 0.0 ], [ -2.505203313393785, 53.382282722556432, 0.0 ], [ -2.504918421169633, 53.384234969937118, 0.0 ], [ -2.504871227844545, 53.38588466583645, 0.0 ], [ -2.505039657581842, 53.387425646638746, 0.0 ], [ -2.50538462026567, 53.388961224658473, 0.0 ], [ -2.506148683151861, 53.391394398047893, 0.0 ], [ -2.506839885989527, 53.393010155525488, 0.0 ], [ -2.507610075839434, 53.394497203599109, 0.0 ], [ -2.508613309307774, 53.395992684861163, 0.0 ], [ -2.509573912150823, 53.397246667833826, 0.0 ], [ -2.5110868625328, 53.399188414791247, 0.0 ], [ -2.512003723988078, 53.40020353196266, 0.0 ], [ -2.512992868597908, 53.401099914521062, 0.0 ], [ -2.51416687971484, 53.402009943038038, 0.0 ], [ -2.515519972367003, 53.402932718754819, 0.0 ], [ -2.517767328520806, 53.404327024779199, 0.0 ], [ -2.520927346858696, 53.406312148870427, 0.0 ], [ -2.522421801734276, 53.407110806348498, 0.0 ], [ -2.523898964761253, 53.407789817390388, 0.0 ], [ -2.525950923803725, 53.408621538787621, 0.0 ], [ -2.528393537080468, 53.40944038722273, 0.0 ], [ -2.530715448183615, 53.410230920495252, 0.0 ], [ -2.532700392504275, 53.411041918746371, 0.0 ], [ -2.535517936442835, 53.412341123628821, 0.0 ], [ -2.538079238809524, 53.413681157440713, 0.0 ], [ -2.540699428671843, 53.415299480225592, 0.0 ], [ -2.542764147888752, 53.416746717406497, 0.0 ], [ -2.545286024740508, 53.418673235165251, 0.0 ], [ -2.547303401793418, 53.420168460487801, 0.0 ], [ -2.550330614443551, 53.422274031742553, 0.0 ], [ -2.552532800463091, 53.423739685836559, 0.0 ], [ -2.555341160019816, 53.425513015322643, 0.0 ], [ -2.557833389028152, 53.427020473642571, 0.0 ], [ -2.560390967153507, 53.428508739206961, 0.0 ], [ -2.563092192543474, 53.429986542860689, 0.0 ], [ -2.566059171413373, 53.431547096729709, 0.0 ], [ -2.569147076587922, 53.433080471930197, 0.0 ], [ -2.572548050305681, 53.434699976045252, 0.0 ], [ -2.576240046576116, 53.436331035552477, 0.0 ], [ -2.579394665764768, 53.437668806770311, 0.0 ], [ -2.581398107638387, 53.438536169350577, 0.0 ], [ -2.583064272627325, 53.439419305287743, 0.0 ], [ -2.584603981441652, 53.440405943129967, 0.0 ], [ -2.585747654346722, 53.441272108568668, 0.0 ], [ -2.586795911111373, 53.442220017403173, 0.0 ], [ -2.587675306343806, 53.44315873367254, 0.0 ], [ -2.588793278329173, 53.444541854532318, 0.0 ], [ -2.589643686515324, 53.445444309009133, 0.0 ], [ -2.590529184969875, 53.446215788093149, 0.0 ], [ -2.591526364716981, 53.446915004949453, 0.0 ], [ -2.592700277943647, 53.447603870526223, 0.0 ], [ -2.593968028222472, 53.448239564490812, 0.0 ], [ -2.595697424059917, 53.448992953337303, 0.0 ], [ -2.597088611549475, 53.449695144565837, 0.0 ], [ -2.598303543117625, 53.450441165180948, 0.0 ], [ -2.599228616763091, 53.451138601623278, 0.0 ], [ -2.600049732871588, 53.451876822505128, 0.0 ], [ -2.600921886510906, 53.452839753087552, 0.0 ], [ -2.601624631354633, 53.453743887976927, 0.0 ], [ -2.602504091454299, 53.454853634238212, 0.0 ], [ -2.603400282510724, 53.45579729385922, 0.0 ], [ -2.604383912499844, 53.456659197838647, 0.0 ], [ -2.60532707272931, 53.457370354664263, 0.0 ], [ -2.6066807973754, 53.458249719310551, 0.0 ], [ -2.608494125592932, 53.45922752679769, 0.0 ], [ -2.609732445669431, 53.459787613753051, 0.0 ], [ -2.611607224290179, 53.460521035278639, 0.0 ], [ -2.613584982268487, 53.461143805992918, 0.0 ], [ -2.617839583782555, 53.46252179165743, 0.0 ], [ -2.620400924802375, 53.46339618468911, 0.0 ], [ -2.622880815107393, 53.464289238618179, 0.0 ], [ -2.626088849440392, 53.465509120430362, 0.0 ], [ -2.627584540019132, 53.466126769519171, 0.0 ], [ -2.62921137406276, 53.46693279404483, 0.0 ], [ -2.63039536987848, 53.467692990575927, 0.0 ], [ -2.631508336030399, 53.468558720710909, 0.0 ], [ -2.632355973308957, 53.469424818853632, 0.0 ], [ -2.633140822195488, 53.470402149536433, 0.0 ], [ -2.634064087355722, 53.471808156081927, 0.0 ], [ -2.634964082423293, 53.472971540384613, 0.0 ], [ -2.636023579025615, 53.474182360686477, 0.0 ], [ -2.637017737404425, 53.475168151389603, 0.0 ], [ -2.638149171362059, 53.476196308998318, 0.0 ], [ -2.639588546105993, 53.477374058757768, 0.0 ], [ -2.641058243917275, 53.478434034794759, 0.0 ], [ -2.642501894591669, 53.479355260322542, 0.0 ], [ -2.644003925868665, 53.480227171143817, 0.0 ], [ -2.64613464441005, 53.481417721863522, 0.0 ], [ -2.647554148470976, 53.482326643828522, 0.0 ], [ -2.649104651627012, 53.48340515539617, 0.0 ], [ -2.650437864666389, 53.484466008898892, 0.0 ], [ -2.651813915372451, 53.485712734583352, 0.0 ], [ -2.652907495589403, 53.486875405618932, 0.0 ], [ -2.653872603319856, 53.488042846805563, 0.0 ], [ -2.654767630634698, 53.489365071692397, 0.0 ], [ -2.655501764803804, 53.490686673532139, 0.0 ], [ -2.656066706195062, 53.491981301941578, 0.0 ], [ -2.656436262296043, 53.493103864733797, 0.0 ], [ -2.656653112611946, 53.494241823222779, 0.0 ], [ -2.656775746334683, 53.495547279555844, 0.0 ], [ -2.65698189298952, 53.496661162156883, 0.0 ], [ -2.657260447215765, 53.497606937465193, 0.0 ], [ -2.657603564760041, 53.498571399015013, 0.0 ], [ -2.658124736005942, 53.49961495354659, 0.0 ], [ -2.658733763541164, 53.500616371738779, 0.0 ], [ -2.659529971351937, 53.501698866044272, 0.0 ], [ -2.660346838605696, 53.502608299027102, 0.0 ], [ -2.661515976681228, 53.503757904030522, 0.0 ], [ -2.662484306144901, 53.504566149508818, 0.0 ], [ -2.663630288538061, 53.505421353821369, 0.0 ], [ -2.664717976154916, 53.506162354911382, 0.0 ], [ -2.666047664990864, 53.506925687960702, 0.0 ], [ -2.667432871182975, 53.507636102430162, 0.0 ], [ -2.669083898443632, 53.508378596809877, 0.0 ], [ -2.670906103778084, 53.509078244323987, 0.0 ], [ -2.672707920403327, 53.509671681109523, 0.0 ], [ -2.674847700766484, 53.510282484705172, 0.0 ], [ -2.677107491414701, 53.510844818610117, 0.0 ], [ -2.679123903590293, 53.511279141675018, 0.0 ], [ -2.681370824838774, 53.51166370926142, 0.0 ], [ -2.683136039760098, 53.511960689130269, 0.0 ], [ -2.684773151754606, 53.5123203422309, 0.0 ], [ -2.686161269941572, 53.512705106575602, 0.0 ], [ -2.687599136627548, 53.513189951670768, 0.0 ], [ -2.688877128360937, 53.513723438490608, 0.0 ], [ -2.690070003724314, 53.514297575737871, 0.0 ], [ -2.691180551869029, 53.51492747365576, 0.0 ], [ -2.692236220697992, 53.515648475275377, 0.0 ], [ -2.693196002650347, 53.516403456701113, 0.0 ], [ -2.694043870445859, 53.517196860469873, 0.0 ], [ -2.69481253473249, 53.518067564243403, 0.0 ], [ -2.695445323655471, 53.518982066591619, 0.0 ], [ -2.695991805956892, 53.520026401804053, 0.0 ], [ -2.696566955064382, 53.521385865517487, 0.0 ], [ -2.697121787189716, 53.522998382899409, 0.0 ], [ -2.697730784090694, 53.524990233385857, 0.0 ], [ -2.698201667147141, 53.526854264754313, 0.0 ], [ -2.69847693640324, 53.528559827633401, 0.0 ], [ -2.698544990773719, 53.53041334227148, 0.0 ], [ -2.698480016908001, 53.531979982083513, 0.0 ], [ -2.698101186632642, 53.534079726047608, 0.0 ], [ -2.697628056580206, 53.535819450523427, 0.0 ], [ -2.697347945777463, 53.537014175417063, 0.0 ], [ -2.697182159691873, 53.538315694055903, 0.0 ], [ -2.69709994831189, 53.539797994985207, 0.0 ], [ -2.697118776536639, 53.541217994182112, 0.0 ], [ -2.697296149455851, 53.542530685151917, 0.0 ], [ -2.697618702927364, 53.544006468708538, 0.0 ], [ -2.698005786015256, 53.545321610542892, 0.0 ], [ -2.69860264734072, 53.546821440891748, 0.0 ], [ -2.699239848412467, 53.548076893082069, 0.0 ], [ -2.700143326659833, 53.549643872757002, 0.0 ], [ -2.700921582982829, 53.550811918330119, 0.0 ], [ -2.701462074132826, 53.55178948133053, 0.0 ], [ -2.701833213039553, 53.552719185381747, 0.0 ], [ -2.702123708513798, 53.553525287291322, 0.0 ], [ -2.702357782592868, 53.55452210374299, 0.0 ], [ -2.702495074146803, 53.55553337175715, 0.0 ], [ -2.702535492617864, 53.556348865795869, 0.0 ], [ -2.702446886878438, 53.557408057922409, 0.0 ], [ -2.702277586105907, 53.558385866013573, 0.0 ], [ -2.701954961056601, 53.55949111919648, 0.0 ], [ -2.701373985295051, 53.561150208796228, 0.0 ], [ -2.700796143695482, 53.562766881147631, 0.0 ], [ -2.700215089101642, 53.56437339760015, 0.0 ], [ -2.699835830555974, 53.565523783228997, 0.0 ], [ -2.69955341421528, 53.56650624670629, 0.0 ], [ -2.699303313509295, 53.567728443225718, 0.0 ], [ -2.699085538892495, 53.569069542874622, 0.0 ], [ -2.698803141632349, 53.570186183179523, 0.0 ], [ -2.698399652723115, 53.571465577749592, 0.0 ], [ -2.697947658929581, 53.572596633382418, 0.0 ], [ -2.697418410802588, 53.573690223841297, 0.0 ], [ -2.696861460489429, 53.574754232947441, 0.0 ], [ -2.696328694071567, 53.575645637458599, 0.0 ], [ -2.695749741052521, 53.576604006666933, 0.0 ], [ -2.695224923282669, 53.577639149772779, 0.0 ], [ -2.694772833868494, 53.578693301798623, 0.0 ], [ -2.694369184634536, 53.579905561381189, 0.0 ], [ -2.694086668999201, 53.580973817353943, 0.0 ], [ -2.693852611686209, 53.581996385753968, 0.0 ], [ -2.693715352379119, 53.583160328782178, 0.0 ], [ -2.693634578929091, 53.584181983976961, 0.0 ], [ -2.693634470025784, 53.585360269809811, 0.0 ], [ -2.693707022374543, 53.586264734297536, 0.0 ], [ -2.693844111263814, 53.587284880297013, 0.0 ], [ -2.694110272606189, 53.58850180258402, 0.0 ], [ -2.694336109853203, 53.589442362379863, 0.0 ], [ -2.694400601367502, 53.59012240810867, 0.0 ], [ -2.694376328287775, 53.590984437538779, 0.0 ], [ -2.694255236815356, 53.591754316967652, 0.0 ], [ -2.693988873041369, 53.59282227946845, 0.0 ], [ -2.693682163718989, 53.594023114364639, 0.0 ], [ -2.693173654769581, 53.595842828960059, 0.0 ], [ -2.692640821070937, 53.597577725529092, 0.0 ], [ -2.692164402095277, 53.599019290225662, 0.0 ], [ -2.691652142638804, 53.600485027483153, 0.0 ], [ -2.691022362648456, 53.602161402048317, 0.0 ], [ -2.690432863744745, 53.603652303945282, 0.0 ], [ -2.689366864557583, 53.606076714935057, 0.0 ], [ -2.688704609948621, 53.607502505267298, 0.0 ], [ -2.687856428197567, 53.609260359856222, 0.0 ], [ -2.687163235990882, 53.610665026837488, 0.0 ], [ -2.686621842286234, 53.612039734537902, 0.0 ], [ -2.686298637973581, 53.613198244877282, 0.0 ], [ -2.686048101359456, 53.614141944587963, 0.0 ], [ -2.685902482949696, 53.615108317373632, 0.0 ], [ -2.685789126644224, 53.61621490460842, 0.0 ], [ -2.685740450591355, 53.61724494509884, 0.0 ], [ -2.685772510827111, 53.618247837918261, 0.0 ], [ -2.685909520508721, 53.619412070335827, 0.0 ], [ -2.686062713780779, 53.62043065064519, 0.0 ], [ -2.686361323278158, 53.621561390809973, 0.0 ], [ -2.686676894437102, 53.622612414749469, 0.0 ], [ -2.687145142239664, 53.623800689344939, 0.0 ], [ -2.687694214324143, 53.624951938562127, 0.0 ], [ -2.688655295554253, 53.626752530933857, 0.0 ], [ -2.689223277873491, 53.627856269902843, 0.0 ], [ -2.689861265820243, 53.629221846174246, 0.0 ], [ -2.69040673704642, 53.630556830587842, 0.0 ], [ -2.690891389994814, 53.631893754695682, 0.0 ], [ -2.691351819089525, 53.633440302981917, 0.0 ], [ -2.691731437620395, 53.634919177235943, 0.0 ], [ -2.692014047497775, 53.636203351973478, 0.0 ], [ -2.692232042824965, 53.637629878034652, 0.0 ], [ -2.692401662170464, 53.639057850898062, 0.0 ], [ -2.692482353835074, 53.640545451916687, 0.0 ], [ -2.692514488381728, 53.641997380348997, 0.0 ], [ -2.692433466494398, 53.643753011889579, 0.0 ], [ -2.692296198820321, 53.645157238737042, 0.0 ], [ -2.692045542167897, 53.646818035077587, 0.0 ], [ -2.691794930914347, 53.648011581994183, 0.0 ], [ -2.691447134884961, 53.64945856967617, 0.0 ], [ -2.69122056792299, 53.650858343115857, 0.0 ], [ -2.691083008442723, 53.652148422704983, 0.0 ], [ -2.691058661224631, 53.653260730324632, 0.0 ], [ -2.691098953303934, 53.654628491222446, 0.0 ], [ -2.691187858854406, 53.655918346658922, 0.0 ], [ -2.691244070775364, 53.657415627603953, 0.0 ], [ -2.691243828943829, 53.658681300400353, 0.0 ], [ -2.691178939352819, 53.659703982634873, 0.0 ], [ -2.691025028899277, 53.660926502251741, 0.0 ], [ -2.690749717062448, 53.662220757400533, 0.0 ], [ -2.690393532015112, 53.663433697012373, 0.0 ], [ -2.690069711389028, 53.664353194189793, 0.0 ], [ -2.689632581605998, 53.665407930970431, 0.0 ], [ -2.689187337211714, 53.666408761015987, 0.0 ], [ -2.688564047952249, 53.667564080847598, 0.0 ], [ -2.687603389460503, 53.669011932549409, 0.0 ], [ -2.68691532295679, 53.670162342491132, 0.0 ], [ -2.686275798558192, 53.67135091103691, 0.0 ], [ -2.685790034868979, 53.672491671772207, 0.0 ], [ -2.6853204484624, 53.673661844561103, 0.0 ], [ -2.684883087981698, 53.675023065836449, 0.0 ], [ -2.684555247162925, 53.676342823951529, 0.0 ], [ -2.68430397973617, 53.67773771786289, 0.0 ], [ -2.684125650179059, 53.678643583673392, 0.0 ], [ -2.683890667244699, 53.679501599546903, 0.0 ], [ -2.683501924739202, 53.68036431446329, 0.0 ], [ -2.683056532008685, 53.681248827157447, 0.0 ], [ -2.682473545801426, 53.682101936325417, 0.0 ], [ -2.681842052094599, 53.68289747010305, 0.0 ], [ -2.680576325683438, 53.684395563461152, 0.0 ], [ -2.679888030250988, 53.685325261436148, 0.0 ], [ -2.679337340463338, 53.686183095784124, 0.0 ], [ -2.678835141872206, 53.68713865538151, 0.0 ], [ -2.678373348097266, 53.688226500580882, 0.0 ], [ -2.678041058837068, 53.689233655163576, 0.0 ], [ -2.677797740497552, 53.6902688454337, 0.0 ], [ -2.67766765302207, 53.69142727942905, 0.0 ], [ -2.677602252674403, 53.692678246914433, 0.0 ], [ -2.677568738311168, 53.694933652560913, 0.0 ], [ -2.677559511232786, 53.697296962656779, 0.0 ], [ -2.67749340331025, 53.70020769403488, 0.0 ], [ -2.677460195521062, 53.701910099523232, 0.0 ], [ -2.677322069034064, 53.702873486741851, 0.0 ], [ -2.67711920736619, 53.70382234228218, 0.0 ], [ -2.676754412449816, 53.704790445742169, 0.0 ], [ -2.676341464990339, 53.705686493062998, 0.0 ], [ -2.675798520738021, 53.706568266889818, 0.0 ], [ -2.675061148584624, 53.707541090227522, 0.0 ], [ -2.674286108686844, 53.708446295978703, 0.0 ], [ -2.673313881687047, 53.709356715863947, 0.0 ], [ -2.672285013206674, 53.710209575618727, 0.0 ], [ -2.671267913770591, 53.710903937317347, 0.0 ], [ -2.670069019399621, 53.711651279059119, 0.0 ], [ -2.668772992304538, 53.712326684707833, 0.0 ], [ -2.667444591137711, 53.712939792265459, 0.0 ], [ -2.666099993148681, 53.713471408191033, 0.0 ], [ -2.664717728008203, 53.714053528246673, 0.0 ], [ -2.663332429838166, 53.714700134380323, 0.0 ], [ -2.661971335093645, 53.715409026309857, 0.0 ], [ -2.66069109422225, 53.716164101991687, 0.0 ], [ -2.65952407463866, 53.716901865080217, 0.0 ], [ -2.658259692562361, 53.717807349740603, 0.0 ], [ -2.657310978920655, 53.718569691539599, 0.0 ], [ -2.656119333724446, 53.71963806914799, 0.0 ], [ -2.655032822436706, 53.720754443758622, 0.0 ], [ -2.654158102188732, 53.72185284262855, 0.0 ], [ -2.653338757150605, 53.723017221012171, 0.0 ], [ -2.652722054387948, 53.724009147194693, 0.0 ], [ -2.652210512277997, 53.725098278777182, 0.0 ], [ -2.65171498437042, 53.726344282703337, 0.0 ], [ -2.651296364924472, 53.727124871177217, 0.0 ], [ -2.650655340915459, 53.728016153626072, 0.0 ], [ -2.649714291695649, 53.729099043215122, 0.0 ], [ -2.649133866687873, 53.729835277875083, 0.0 ], [ -2.648687386008295, 53.730558873344428, 0.0 ], [ -2.648370586016085, 53.73122981736585, 0.0 ], [ -2.64815089249512, 53.731987112402003, 0.0 ], [ -2.647996040014122, 53.732736335902672, 0.0 ], [ -2.647994997611668, 53.733647084032903, 0.0 ], [ -2.648155975570701, 53.734567844355631, 0.0 ], [ -2.648438650441761, 53.735363682057901, 0.0 ], [ -2.648842870215495, 53.736191005757071, 0.0 ], [ -2.649441610493092, 53.73702055366801, 0.0 ], [ -2.650088873324574, 53.737975923494162, 0.0 ], [ -2.650501351302608, 53.738747875305357, 0.0 ], [ -2.650776014845327, 53.739562927561899, 0.0 ], [ -2.65096948354263, 53.7405333443239, 0.0 ], [ -2.65098468550319, 53.741492139596453, 0.0 ], [ -2.650854159281979, 53.742465548421208, 0.0 ], [ -2.650618330303903, 53.743287002593597, 0.0 ], [ -2.650179452429801, 53.744246056158389, 0.0 ], [ -2.649618895637786, 53.745089895582723, 0.0 ], [ -2.648944841601989, 53.745920638961771, 0.0 ], [ -2.647978816589446, 53.746874454700063, 0.0 ], [ -2.64471766049011, 53.74984653560503, 0.0 ], [ -2.641242222569148, 53.753032130068142, 0.0 ], [ -2.639684478812072, 53.754450378955482, 0.0 ], [ -2.638856268405576, 53.755327212639877, 0.0 ], [ -2.638027807726378, 53.756347898022881, 0.0 ], [ -2.637434632904126, 53.757220029236677, 0.0 ], [ -2.636914049749153, 53.758183464969058, 0.0 ], [ -2.636466355271543, 53.759151966003401, 0.0 ], [ -2.636083422781366, 53.76012099510362, 0.0 ], [ -2.635862919542448, 53.761056087115293, 0.0 ], [ -2.635731696590973, 53.761986465384801, 0.0 ], [ -2.635722285347638, 53.762943773118423, 0.0 ], [ -2.635842267897334, 53.764056505508563, 0.0 ], [ -2.636059546446367, 53.76525950861047, 0.0 ], [ -2.63636572875943, 53.766732042781349, 0.0 ], [ -2.636777521874817, 53.76816947540064, 0.0 ], [ -2.637206112744991, 53.769152878025473, 0.0 ], [ -2.637821292420302, 53.770209157902187, 0.0 ], [ -2.638566413855884, 53.771240690604373, 0.0 ], [ -2.639741298305473, 53.772498213074023, 0.0 ], [ -2.641102827204257, 53.773673732726039, 0.0 ], [ -2.642602641800354, 53.774792869664459, 0.0 ], [ -2.643696699457534, 53.775603455384179, 0.0 ], [ -2.645001217970956, 53.776696899910633, 0.0 ], [ -2.646094817640547, 53.777719229002948, 0.0 ], [ -2.647026514722243, 53.778707000432611, 0.0 ], [ -2.647844651891354, 53.779694745516728, 0.0 ], [ -2.648670693738139, 53.780767959852867, 0.0 ], [ -2.649950046881543, 53.782714330655139, 0.0 ], [ -2.650912982525945, 53.783931230567553, 0.0 ], [ -2.651788144700604, 53.784799072070413, 0.0 ], [ -2.652809431046177, 53.785657410128863, 0.0 ], [ -2.654335229411781, 53.786677571572177, 0.0 ], [ -2.655883841973896, 53.787579190452711, 0.0 ], [ -2.657586617603553, 53.788504783888349, 0.0 ], [ -2.659113995637333, 53.789276533588293, 0.0 ], [ -2.66086566699143, 53.790096641185457, 0.0 ], [ -2.662828347150375, 53.790931191584981, 0.0 ], [ -2.665059127004476, 53.791732347694548, 0.0 ], [ -2.666671271754622, 53.792226447281251, 0.0 ], [ -2.668910405619394, 53.79276383200223, 0.0 ], [ -2.671539054721722, 53.793353998611607, 0.0 ], [ -2.674175998389744, 53.794073569002002, 0.0 ], [ -2.67584013334675, 53.794611618199781, 0.0 ], [ -2.677316652551981, 53.79512472260614, 0.0 ], [ -2.67901207690592, 53.795786367918538, 0.0 ], [ -2.680545190265165, 53.796457504490832, 0.0 ], [ -2.682281341233335, 53.797272486468529, 0.0 ], [ -2.683640037171253, 53.797853538312147, 0.0 ], [ -2.685189621006051, 53.798481523846633, 0.0 ], [ -2.686747473750137, 53.799056806613571, 0.0 ], [ -2.688053875015093, 53.79955058662626, 0.0 ], [ -2.689408993327086, 53.800149803259771, 0.0 ], [ -2.690407336096889, 53.800687506499948, 0.0 ], [ -2.691421662003957, 53.801277086360876, 0.0 ], [ -2.692444114739974, 53.801967306123757, 0.0 ], [ -2.693279974211331, 53.802638356231583, 0.0 ], [ -2.694148355829464, 53.803434052196778, 0.0 ], [ -2.695174153135373, 53.80441976231451, 0.0 ], [ -2.697260474440349, 53.806447523073587, 0.0 ], [ -2.699110990880722, 53.808248232465189, 0.0 ], [ -2.700426148504257, 53.809398602954893, 0.0 ], [ -2.701760358890379, 53.810411730625049, 0.0 ], [ -2.703148687714153, 53.811293632285967, 0.0 ], [ -2.70448012412046, 53.812046027109872, 0.0 ], [ -2.706217840747103, 53.812897771188979, 0.0 ], [ -2.707533095371685, 53.813616638916919, 0.0 ], [ -2.708880987242423, 53.814431425874893, 0.0 ], [ -2.70992359236454, 53.815123068007352, 0.0 ], [ -2.711052421553823, 53.815957014252177, 0.0 ], [ -2.712173289321163, 53.816906045566832, 0.0 ], [ -2.713340886677863, 53.818024723257039, 0.0 ], [ -2.714397037521055, 53.81920867820466, 0.0 ], [ -2.715169037538527, 53.820216042775499, 0.0 ], [ -2.715876103369602, 53.82135216136755, 0.0 ], [ -2.716469292079604, 53.822475884502282, 0.0 ], [ -2.716997747918902, 53.823746191618334, 0.0 ], [ -2.717388148595089, 53.824862494240882, 0.0 ], [ -2.718054995060496, 53.826736805335827, 0.0 ], [ -2.719237198196781, 53.830017451056463, 0.0 ], [ -2.720343617317873, 53.832999230346182, 0.0 ], [ -2.721214113979836, 53.835068964204133, 0.0 ], [ -2.722409480929091, 53.837527110457088, 0.0 ], [ -2.723374461353928, 53.839337920733321, 0.0 ], [ -2.725017580354658, 53.84212495418312, 0.0 ], [ -2.72614054267618, 53.843850442127433, 0.0 ], [ -2.727092351865984, 53.845226273342213, 0.0 ], [ -2.728125570197506, 53.84668625289062, 0.0 ], [ -2.729964157759244, 53.848992919593819, 0.0 ], [ -2.73155086385131, 53.850894360386263, 0.0 ], [ -2.733257376992437, 53.852854830560943, 0.0 ], [ -2.734567451863134, 53.854393559661112, 0.0 ], [ -2.737564689691322, 53.857839428890699, 0.0 ], [ -2.739127481887435, 53.85966403035907, 0.0 ], [ -2.74023471681289, 53.861044647746439, 0.0 ], [ -2.741132061387437, 53.862325397425067, 0.0 ], [ -2.742068800132319, 53.863917013024093, 0.0 ], [ -2.74275331520958, 53.865301346500388, 0.0 ], [ -2.743405326258541, 53.866788619487657, 0.0 ], [ -2.743886717808863, 53.868191233017562, 0.0 ], [ -2.744237912006267, 53.869538488985782, 0.0 ], [ -2.744507859761936, 53.870901434307761, 0.0 ], [ -2.744688805371831, 53.872618026526972, 0.0 ], [ -2.744698763855839, 53.874173792735547, 0.0 ], [ -2.744610821674821, 53.87564590994306, 0.0 ], [ -2.744419267013528, 53.878997898724073, 0.0 ], [ -2.744187240620679, 53.882478097292861, 0.0 ], [ -2.744003646373274, 53.885630128964159, 0.0 ], [ -2.743980262089535, 53.886571581581869, 0.0 ], [ -2.744087068166727, 53.88746341076012, 0.0 ], [ -2.744323984712209, 53.888364777206682, 0.0 ], [ -2.744679118840105, 53.889227372336059, 0.0 ], [ -2.745168338966824, 53.890109449744372, 0.0 ], [ -2.745803963902839, 53.89097230576585, 0.0 ], [ -2.747045172833814, 53.892448657497262, 0.0 ], [ -2.747631934419474, 53.89321561223543, 0.0 ], [ -2.748178111221319, 53.894053988333489, 0.0 ], [ -2.748634819140772, 53.894936033484782, 0.0 ], [ -2.749051002082031, 53.89593313744934, 0.0 ], [ -2.749418472906551, 53.897008147807341, 0.0 ], [ -2.750521216277519, 53.900348709064097, 0.0 ], [ -2.751566647388328, 53.903490348780167, 0.0 ], [ -2.752686176615731, 53.906879978496441, 0.0 ], [ -2.753825074097383, 53.910304491354708, 0.0 ], [ -2.754903892928562, 53.913550470645717, 0.0 ], [ -2.755941972326133, 53.916691911552171, 0.0 ], [ -2.757020721926961, 53.91991269870271, 0.0 ], [ -2.758059052262483, 53.923092903937473, 0.0 ], [ -2.758436402015557, 53.924290157255513, 0.0 ], [ -2.758608890348004, 53.925306442013969, 0.0 ], [ -2.758651043469648, 53.926372298619647, 0.0 ], [ -2.758620025285966, 53.927436569803177, 0.0 ], [ -2.75844251943295, 53.928519742063742, 0.0 ], [ -2.758110284266402, 53.929632113706759, 0.0 ], [ -2.757704989205849, 53.930924772878313, 0.0 ], [ -2.757405484741709, 53.932195180246389, 0.0 ], [ -2.757187255347564, 53.933326920363292, 0.0 ], [ -2.757018243928844, 53.934698007040602, 0.0 ], [ -2.756639869322337, 53.937761482823369, 0.0 ], [ -2.756462775330516, 53.93923007335345, 0.0 ], [ -2.756171422312325, 53.940553440744829, 0.0 ], [ -2.755822735774482, 53.941658725883379, 0.0 ], [ -2.75538465358099, 53.942876572044952, 0.0 ], [ -2.754913669176783, 53.943905882538438, 0.0 ], [ -2.754320541250189, 53.945047177563723, 0.0 ], [ -2.753642897203013, 53.946209100920122, 0.0 ], [ -2.752350184362011, 53.948079304940023, 0.0 ], [ -2.751821848785883, 53.94894969618143, 0.0 ], [ -2.751440188248409, 53.94987987683826, 0.0 ], [ -2.751197044333507, 53.950843552226182, 0.0 ], [ -2.751108664420958, 53.95178380034961, 0.0 ], [ -2.751125958839116, 53.9525651731294, 0.0 ], [ -2.751273590056177, 53.953346499830197, 0.0 ], [ -2.751478322542671, 53.954187215671062, 0.0 ], [ -2.751829697821124, 53.954997201547741, 0.0 ], [ -2.75238487042858, 53.955912485136473, 0.0 ], [ -2.752996987444005, 53.956784213003353, 0.0 ], [ -2.753820876097366, 53.957622649153841, 0.0 ], [ -2.754734267447731, 53.95843698603629, 0.0 ], [ -2.755865829310051, 53.959239407849452, 0.0 ], [ -2.757406799110424, 53.960230735406867, 0.0 ], [ -2.759034939691359, 53.961325683068587, 0.0 ], [ -2.760747681506514, 53.962633245042852, 0.0 ], [ -2.762167236754744, 53.963820127193692, 0.0 ], [ -2.763750834020553, 53.965334090530483, 0.0 ], [ -2.76512469096795, 53.966776517375848, 0.0 ], [ -2.766431036430514, 53.968304964413782, 0.0 ], [ -2.767661594401525, 53.969669513390393, 0.0 ], [ -2.768984026255258, 53.970963033684569, 0.0 ], [ -2.770585224254858, 53.9723375495333, 0.0 ], [ -2.772397256426698, 53.973841754978572, 0.0 ], [ -2.774392063039162, 53.97549870231169, 0.0 ], [ -2.776024953375816, 53.976868790060657, 0.0 ], [ -2.777253337360517, 53.977885585309657, 0.0 ], [ -2.778217066000837, 53.978829359565353, 0.0 ], [ -2.779042282700491, 53.979806723963073, 0.0 ], [ -2.779704424353039, 53.980731934799209, 0.0 ], [ -2.78028510638204, 53.981675943013002, 0.0 ], [ -2.780800844873373, 53.982763198888577, 0.0 ], [ -2.781227623716269, 53.984124431274807, 0.0 ], [ -2.781417410281183, 53.985234314780108, 0.0 ], [ -2.781525935129011, 53.986408876698967, 0.0 ], [ -2.781438766281861, 53.987621128316107, 0.0 ], [ -2.78115927196494, 53.990569130202573, 0.0 ], [ -2.780839424931652, 53.993863737108008, 0.0 ], [ -2.780640309492974, 53.99624056751216, 0.0 ], [ -2.780561294806621, 53.997439305188912, 0.0 ], [ -2.780491834206489, 53.999345945025418, 0.0 ], [ -2.78048015445913, 54.001733967586162, 0.0 ], [ -2.780574708880512, 54.004194036337452, 0.0 ], [ -2.78075023785175, 54.006573490599408, 0.0 ], [ -2.781040035190416, 54.009126305895307, 0.0 ], [ -2.781436316614971, 54.011707949903382, 0.0 ], [ -2.781914226134879, 54.014317055116571, 0.0 ], [ -2.782540151516255, 54.017395261912178, 0.0 ], [ -2.782985664380655, 54.019882592705123, 0.0 ], [ -2.783134918602757, 54.02099889398314, 0.0 ], [ -2.783145220281067, 54.022005729128011, 0.0 ], [ -2.78306577497929, 54.023059891861777, 0.0 ], [ -2.782815045421094, 54.024128517398182, 0.0 ], [ -2.782360547098137, 54.025431745631963, 0.0 ], [ -2.781727277477125, 54.026859840569841, 0.0 ], [ -2.780987672911164, 54.02821819364636, 0.0 ], [ -2.78010142624546, 54.029641494337191, 0.0 ], [ -2.779084789154678, 54.03107617249524, 0.0 ], [ -2.777937566416731, 54.032480390798781, 0.0 ], [ -2.77665989749345, 54.033908156392052, 0.0 ], [ -2.775284542535688, 54.035504084957303, 0.0 ], [ -2.772469886618759, 54.038666400304933, 0.0 ], [ -2.769750487683823, 54.041741165893562, 0.0 ], [ -2.768090088949498, 54.043642286575427, 0.0 ], [ -2.767031660934476, 54.044974728819057, 0.0 ], [ -2.766285791727409, 54.046168524155831, 0.0 ], [ -2.765732837711333, 54.047342633538882, 0.0 ], [ -2.765391639872401, 54.048296303383509, 0.0 ], [ -2.765156666359504, 54.049345443762832, 0.0 ], [ -2.765011651643968, 54.050538597239573, 0.0 ], [ -2.765029860595035, 54.051703696615633, 0.0 ], [ -2.76524422604103, 54.053045243224481, 0.0 ], [ -2.765580763717615, 54.05421586558051, 0.0 ], [ -2.766170727499813, 54.055547752890227, 0.0 ], [ -2.766899285886773, 54.05675145441316, 0.0 ], [ -2.767832010915915, 54.057977662667682, 0.0 ], [ -2.768936866093912, 54.059146933327128, 0.0 ], [ -2.769967413372675, 54.060147934502012, 0.0 ], [ -2.770630395694986, 54.060958787337029, 0.0 ], [ -2.771122031584046, 54.061806845630059, 0.0 ], [ -2.771499625393965, 54.062789285239369, 0.0 ], [ -2.771615539394473, 54.063628140007879, 0.0 ], [ -2.771592990507895, 54.064610864880848, 0.0 ], [ -2.771366054289918, 54.065572119300739, 0.0 ], [ -2.771090608020624, 54.0668050513395, 0.0 ], [ -2.77094606248903, 54.068003828344047, 0.0 ], [ -2.770858896783537, 54.069354823226242, 0.0 ], [ -2.77095938843079, 54.070633044062816, 0.0 ], [ -2.771232367497911, 54.072430497660442, 0.0 ], [ -2.771571843057894, 54.074807469106929, 0.0 ], [ -2.771796628353711, 54.076509158509772, 0.0 ], [ -2.771789927038808, 54.077463275229242, 0.0 ], [ -2.771595266245464, 54.078357560467687, 0.0 ], [ -2.771286070874886, 54.079158390714767, 0.0 ], [ -2.770886774627161, 54.079844137609392, 0.0 ], [ -2.770356798472728, 54.080539498212588, 0.0 ], [ -2.769377912103775, 54.081510628038359, 0.0 ], [ -2.768113575395486, 54.082733615097858, 0.0 ], [ -2.767387966396671, 54.083678266210747, 0.0 ], [ -2.766949918850474, 54.084447074669747, 0.0 ], [ -2.766649015017304, 54.085290787208351, 0.0 ], [ -2.766511684938186, 54.086235010681747, 0.0 ], [ -2.76654572698162, 54.087044000229419, 0.0 ], [ -2.766743330695931, 54.087949629489152, 0.0 ], [ -2.767146113752349, 54.089406331129197, 0.0 ], [ -2.76727825272864, 54.090251918680302, 0.0 ], [ -2.767271664978934, 54.091200761594543, 0.0 ], [ -2.767109994000989, 54.092245515034463, 0.0 ], [ -2.766706251942344, 54.09508973882582, 0.0 ], [ -2.766253641516535, 54.098017081742697, 0.0 ], [ -2.765858127314646, 54.100993500756637, 0.0 ], [ -2.765380873143343, 54.104180319414688, 0.0 ], [ -2.765033178103193, 54.106608216608848, 0.0 ], [ -2.764873636338044, 54.107348934739782, 0.0 ], [ -2.764482779637559, 54.108293280697701, 0.0 ], [ -2.763985501433575, 54.109170673108387, 0.0 ], [ -2.76340613625759, 54.109894827293033, 0.0 ], [ -2.762325038175904, 54.11127633855714, 0.0 ], [ -2.761566251024622, 54.112360085775009, 0.0 ], [ -2.761052542442459, 54.113381296371742, 0.0 ], [ -2.760588117258549, 54.114506262653236, 0.0 ], [ -2.759944977822192, 54.116414327119422, 0.0 ], [ -2.759301807296714, 54.118347889347461, 0.0 ], [ -2.758804665296237, 54.119546450704512, 0.0 ], [ -2.758054024179443, 54.120831596547468, 0.0 ], [ -2.757147739045314, 54.122108075494509, 0.0 ], [ -2.756183985086046, 54.123254410209562, 0.0 ], [ -2.755095319746899, 54.12435409421402, 0.0 ], [ -2.753877645979191, 54.125399903449512, 0.0 ], [ -2.752700575762176, 54.126273097477537, 0.0 ], [ -2.750930309476155, 54.127622624312103, 0.0 ], [ -2.74933628537523, 54.128913149967417, 0.0 ], [ -2.748141296273579, 54.130035048690047, 0.0 ], [ -2.747078643896945, 54.131104846564106, 0.0 ], [ -2.746097709980451, 54.132193265977982, 0.0 ], [ -2.745026896759887, 54.133502916246179, 0.0 ], [ -2.744138084105071, 54.134667422884128, 0.0 ], [ -2.743051294566089, 54.136447137797418, 0.0 ], [ -2.742332269240469, 54.137824512624292, 0.0 ], [ -2.741572559868418, 54.13949393583502, 0.0 ], [ -2.741024315153732, 54.140839934927428, 0.0 ], [ -2.740469069339265, 54.142327070866052, 0.0 ], [ -2.739987464510978, 54.143819729474423, 0.0 ], [ -2.739448955686475, 54.145735513954641, 0.0 ], [ -2.738984373341521, 54.147942555660507, 0.0 ], [ -2.738626435707738, 54.150216125629697, 0.0 ], [ -2.738399548026606, 54.152566161673192, 0.0 ], [ -2.738344335497966, 54.15467766526627, 0.0 ], [ -2.738379934986973, 54.157445653713651, 0.0 ], [ -2.738432237777691, 54.160439424872358, 0.0 ], [ -2.738492912842054, 54.163522055069151, 0.0 ], [ -2.738527846694995, 54.165600951002752, 0.0 ], [ -2.738438963308484, 54.166701811265348, 0.0 ], [ -2.738252013898791, 54.167928915904987, 0.0 ], [ -2.737860143777159, 54.169138245387167, 0.0 ], [ -2.737418797944349, 54.170145060363367, 0.0 ], [ -2.736642154461124, 54.171633158131307, 0.0 ], [ -2.736348108783967, 54.172433721621431, 0.0 ], [ -2.736062496762304, 54.173504754509842, 0.0 ], [ -2.735858950908741, 54.174755795196809, 0.0 ], [ -2.735573187757839, 54.175617811614849, 0.0 ], [ -2.735090955825913, 54.176566892756128, 0.0 ], [ -2.734510262836249, 54.177365431367157, 0.0 ], [ -2.733692113469645, 54.1782283690833, 0.0 ], [ -2.732671455692509, 54.179080584414443, 0.0 ], [ -2.73141115994103, 54.180020270798927, 0.0 ], [ -2.730241022201986, 54.181084483749501, 0.0 ], [ -2.729298292177122, 54.182080512651687, 0.0 ], [ -2.728529213213198, 54.18310150656923, 0.0 ], [ -2.727858267394534, 54.184117793871891, 0.0 ], [ -2.72693440861052, 54.18567360592909, 0.0 ], [ -2.726238910960208, 54.187020831324581, 0.0 ], [ -2.725511249919026, 54.188697850373941, 0.0 ], [ -2.724955101607073, 54.190203362041458, 0.0 ], [ -2.72448907836115, 54.191737411561043, 0.0 ], [ -2.724154223091407, 54.193233793361593, 0.0 ], [ -2.723909477097916, 54.194782014208982, 0.0 ], [ -2.723754834453316, 54.19631563047637, 0.0 ], [ -2.723714979947131, 54.198032695898192, 0.0 ], [ -2.723814422249873, 54.199794400288752, 0.0 ], [ -2.724012657934051, 54.202419876865719, 0.0 ], [ -2.724030295482742, 54.204365810920912, 0.0 ], [ -2.723933396859057, 54.20658346716565, 0.0 ], [ -2.723689047365199, 54.208993137362818, 0.0 ], [ -2.723403309564658, 54.210898284350989, 0.0 ], [ -2.723011065548151, 54.212955921438592, 0.0 ], [ -2.722536736424882, 54.214921594563982, 0.0 ], [ -2.721867202426749, 54.217096612175688, 0.0 ], [ -2.721466303108846, 54.218630627273271, 0.0 ], [ -2.721090174629204, 54.22039575721071, 0.0 ], [ -2.720869668588168, 54.222297500874788, 0.0 ], [ -2.720747481765677, 54.224014834220078, 0.0 ], [ -2.720740087563167, 54.225529862881857, 0.0 ], [ -2.720888871001907, 54.227724671103893, 0.0 ], [ -2.721020894054137, 54.229178275878333, 0.0 ], [ -2.720931231866203, 54.230122800637972, 0.0 ], [ -2.720775865085522, 54.230957055999667, 0.0 ], [ -2.720499674760951, 54.231796595303443, 0.0 ], [ -2.720008059587781, 54.232760309440273, 0.0 ], [ -2.71936061702298, 54.233719189623592, 0.0 ], [ -2.718557347499403, 54.234675322336102, 0.0 ], [ -2.717401504585673, 54.235811599168912, 0.0 ], [ -2.715928373278354, 54.23706988663865, 0.0 ], [ -2.714395067712628, 54.238215742982952, 0.0 ], [ -2.713016135309936, 54.239085882778411, 0.0 ], [ -2.711228335174023, 54.239992052328013, 0.0 ], [ -2.709005997064137, 54.240845378652523, 0.0 ], [ -2.706828444831287, 54.241514567625487, 0.0 ], [ -2.705229460328783, 54.242061052269086, 0.0 ], [ -2.703876471969854, 54.242674522301499, 0.0 ], [ -2.702417120451115, 54.243465223409082, 0.0 ], [ -2.701263182922644, 54.244281284451823, 0.0 ], [ -2.699680777982583, 54.245594069270972, 0.0 ], [ -2.698402659443508, 54.246787144097361, 0.0 ], [ -2.697713939349662, 54.247525325933388, 0.0 ], [ -2.697164643103124, 54.248368471074457, 0.0 ], [ -2.696738329598016, 54.249292991372947, 0.0 ], [ -2.696271271933083, 54.250612934815067, 0.0 ], [ -2.695861687022156, 54.251417433849561, 0.0 ], [ -2.695338243536269, 54.252176534796469, 0.0 ], [ -2.694526679198517, 54.253081601609203, 0.0 ], [ -2.693534728098527, 54.253881310794249, 0.0 ], [ -2.692493642331631, 54.254537295058491, 0.0 ], [ -2.690399015160849, 54.255709116528656, 0.0 ], [ -2.689103803024996, 54.256570873239298, 0.0 ], [ -2.687923330328442, 54.257494829428119, 0.0 ], [ -2.686935633605863, 54.258468189403629, 0.0 ], [ -2.686124101035898, 54.259482985723402, 0.0 ], [ -2.685525930802442, 54.260435232247552, 0.0 ], [ -2.684994772699642, 54.26156704676486, 0.0 ], [ -2.684658386939285, 54.262753994116331, 0.0 ], [ -2.684485998659824, 54.263834923125422, 0.0 ], [ -2.684329982426351, 54.264870347870342, 0.0 ], [ -2.684067464443899, 54.265808344426482, 0.0 ], [ -2.683638725593736, 54.266647888301627, 0.0 ], [ -2.682982866679649, 54.267547471575682, 0.0 ], [ -2.682064806630287, 54.268446962860061, 0.0 ], [ -2.681046020053675, 54.269230124711768, 0.0 ], [ -2.678144219246044, 54.271100748433369, 0.0 ], [ -2.676536773953331, 54.272225798928787, 0.0 ], [ -2.674749593644838, 54.2737087859539, 0.0 ], [ -2.67325570344939, 54.275097763809228, 0.0 ], [ -2.671935822251064, 54.276551732840574, 0.0 ], [ -2.670972097720336, 54.277747552419861, 0.0 ], [ -2.669791463665615, 54.279287402252272, 0.0 ], [ -2.667452695417298, 54.282319348491143, 0.0 ], [ -2.665146250851462, 54.285264197600782, 0.0 ], [ -2.663904895283964, 54.286540193032103, 0.0 ], [ -2.662436941495828, 54.2878408528073, 0.0 ], [ -2.660782665011681, 54.289195357851703, 0.0 ], [ -2.657073733578363, 54.292178540806503, 0.0 ], [ -2.655913453823389, 54.293130840905967, 0.0 ], [ -2.655125797284017, 54.293924611774393, 0.0 ], [ -2.654296935945303, 54.294938324338311, 0.0 ], [ -2.653730465890679, 54.295859692844303, 0.0 ], [ -2.65297492343536, 54.297389783207059, 0.0 ], [ -2.652421865230357, 54.298301726520897, 0.0 ], [ -2.651478156640054, 54.299429928245146, 0.0 ], [ -2.650534745111086, 54.300328534435167, 0.0 ], [ -2.649067695960246, 54.301545545558142, 0.0 ], [ -2.648124265400202, 54.30244886507991, 0.0 ], [ -2.647418538262213, 54.303328295287002, 0.0 ], [ -2.646767529616941, 54.304346840689753, 0.0 ], [ -2.646134837424984, 54.305747324166511, 0.0 ], [ -2.645559799541744, 54.306919933061742, 0.0 ], [ -2.644656692548715, 54.30836798307773, 0.0 ], [ -2.643647186667746, 54.309753945014911, 0.0 ], [ -2.642473681952184, 54.311187299402206, 0.0 ], [ -2.641026529507396, 54.312909569863933, 0.0 ], [ -2.639614985131802, 54.31446805394188, 0.0 ], [ -2.638835290295347, 54.315495067918363, 0.0 ], [ -2.638301394125943, 54.316456802267851, 0.0 ], [ -2.637643892794452, 54.317775519860056, 0.0 ], [ -2.63703000459231, 54.318744805216177, 0.0 ], [ -2.636192911207701, 54.319728787523651, 0.0 ], [ -2.63516753824955, 54.320693377134681, 0.0 ], [ -2.63406488381504, 54.321576469971568, 0.0 ], [ -2.632752713538815, 54.322445406607763, 0.0 ], [ -2.631678225668067, 54.323165434228429, 0.0 ], [ -2.630455634282267, 54.324096630018538, 0.0 ], [ -2.629322886874025, 54.325118798096149, 0.0 ], [ -2.628379003010136, 54.326103423839797, 0.0 ], [ -2.626999520001963, 54.327646342532212, 0.0 ], [ -2.625873635623115, 54.328673942893069, 0.0 ], [ -2.624642500636418, 54.32965292555, 0.0 ], [ -2.622952343660523, 54.330873056780952, 0.0 ], [ -2.621631385239736, 54.331848517420362, 0.0 ], [ -2.620342482390945, 54.33301367902115, 0.0 ], [ -2.619394967423748, 54.334124978047441, 0.0 ], [ -2.618589400591928, 54.335357342527359, 0.0 ], [ -2.618136693859217, 54.336342939259289, 0.0 ], [ -2.617666963760619, 54.337661509926512, 0.0 ], [ -2.616908489212571, 54.340020420263158, 0.0 ], [ -2.615976429466676, 54.342925652736568, 0.0 ], [ -2.615784435847244, 54.343801785964047, 0.0 ], [ -2.615733247788223, 54.344771834207023, 0.0 ], [ -2.615903486144075, 54.345704008425329, 0.0 ], [ -2.616376886530007, 54.346791359260649, 0.0 ], [ -2.617097314033599, 54.347870111970259, 0.0 ], [ -2.618194093747449, 54.349243493607837, 0.0 ], [ -2.618571136112009, 54.34985434448722, 0.0 ], [ -2.618871075197558, 54.350543540535909, 0.0 ], [ -2.619059626236489, 54.351222752805633, 0.0 ], [ -2.619145336102244, 54.351966880619898, 0.0 ], [ -2.619085412745358, 54.352717533645347, 0.0 ], [ -2.618905568056607, 54.353411772181197, 0.0 ], [ -2.618622845886182, 54.354141046933222, 0.0 ], [ -2.618237218065725, 54.354776228196457, 0.0 ], [ -2.61772295901713, 54.355445570268422, 0.0 ], [ -2.617062945639828, 54.356099940844302, 0.0 ], [ -2.616325746579032, 54.35667440625754, 0.0 ], [ -2.615657902206588, 54.357131018079912, 0.0 ], [ -2.614577937981351, 54.357720415471078, 0.0 ], [ -2.613257699520245, 54.358284896388973, 0.0 ], [ -2.611568599590121, 54.358864407439327, 0.0 ], [ -2.608730274521933, 54.359788564470122, 0.0 ], [ -2.607313150978361, 54.360247135765349, 0.0 ], [ -2.605495129773851, 54.360881501868228, 0.0 ], [ -2.603917112150129, 54.361550855594032, 0.0 ], [ -2.602356011890568, 54.362340138765653, 0.0 ], [ -2.601147088510775, 54.36305870549657, 0.0 ], [ -2.599809047834147, 54.363798020365088, 0.0 ], [ -2.598805377548436, 54.364257619419618, 0.0 ], [ -2.597707274135805, 54.364677240490309, 0.0 ], [ -2.596343221544986, 54.365066828640252, 0.0 ], [ -2.594807521465763, 54.365421415526342, 0.0 ], [ -2.592431865988295, 54.36584403634491, 0.0 ], [ -2.591136360134741, 54.366188623991953, 0.0 ], [ -2.589343475478874, 54.36676285807345, 0.0 ], [ -2.587722125852676, 54.367506914387469, 0.0 ], [ -2.586280896383548, 54.368465706443843, 0.0 ], [ -2.585159469131798, 54.3694188993097, 0.0 ], [ -2.584361144723978, 54.370497695249483, 0.0 ], [ -2.583845652589729, 54.371631558866362, 0.0 ], [ -2.583604604508784, 54.372725314691088, 0.0 ], [ -2.583577349220168, 54.374573685900238, 0.0 ], [ -2.583327405906162, 54.376074937529467, 0.0 ], [ -2.582845853209413, 54.377554635542893, 0.0 ], [ -2.58208945764531, 54.379297154100698, 0.0 ], [ -2.581813959715062, 54.380334184428918, 0.0 ], [ -2.581761421000892, 54.381328403746032, 0.0 ], [ -2.581915002523811, 54.382244506171823, 0.0 ], [ -2.582291661098621, 54.38323885573719, 0.0 ], [ -2.582908600582771, 54.384168447113112, 0.0 ], [ -2.583637172413047, 54.385007999639512, 0.0 ], [ -2.584674639669781, 54.385822653391422, 0.0 ], [ -2.585789456062861, 54.386522868400633, 0.0 ], [ -2.587530609915727, 54.387342686171813, 0.0 ], [ -2.589280712440457, 54.388092634977433, 0.0 ], [ -2.590628983303902, 54.388857123216731, 0.0 ], [ -2.591847013286547, 54.389651842753317, 0.0 ], [ -2.593039169268729, 54.390571422980599, 0.0 ], [ -2.594030755257618, 54.391463362713971, 0.0 ], [ -2.595231513360676, 54.392497797725667, 0.0 ], [ -2.596509725680325, 54.393507311319723, 0.0 ], [ -2.598304857397999, 54.394697399579847, 0.0 ], [ -2.599909280394309, 54.395721916667881, 0.0 ], [ -2.60104183479708, 54.39662846196007, 0.0 ], [ -2.602045788601131, 54.397577962900712, 0.0 ], [ -2.603058323437316, 54.398767359009717, 0.0 ], [ -2.603775497283726, 54.399791485952619, 0.0 ], [ -2.604384535545709, 54.401015768755563, 0.0 ], [ -2.604761900748215, 54.402015125778433, 0.0 ], [ -2.605010510931545, 54.403002013930752, 0.0 ], [ -2.605104696170253, 54.404091319293947, 0.0 ], [ -2.605095911918896, 54.405006373780303, 0.0 ], [ -2.604967003428464, 54.405910883418123, 0.0 ], [ -2.604760821893549, 54.406810615549297, 0.0 ], [ -2.604451404691409, 54.407662976732752, 0.0 ], [ -2.603978712487031, 54.408677500661987, 0.0 ], [ -2.603308546889225, 54.409782705758793, 0.0 ], [ -2.602148858807261, 54.411561371897449, 0.0 ], [ -2.60171061742231, 54.412400954349401, 0.0 ], [ -2.601384063860658, 54.413280331684362, 0.0 ], [ -2.60115184273364, 54.41424965446587, 0.0 ], [ -2.600893561937339, 54.415378466202519, 0.0 ], [ -2.600480657213407, 54.41650781647224, 0.0 ], [ -2.600007992644953, 54.41766706726461, 0.0 ], [ -2.5998101822731, 54.41848106666292, 0.0 ], [ -2.599749617336504, 54.419460503815742, 0.0 ], [ -2.599740281810302, 54.420550020340542, 0.0 ], [ -2.599868711524116, 54.421578242030982, 0.0 ], [ -2.600160328402361, 54.422637753729987, 0.0 ], [ -2.600520642842885, 54.423685632337083, 0.0 ], [ -2.60107859253858, 54.425014992146473, 0.0 ], [ -2.601327422146139, 54.425766138912763, 0.0 ], [ -2.601473156797646, 54.426655660861897, 0.0 ], [ -2.60150723506975, 54.427570097415916, 0.0 ], [ -2.6014038834717, 54.428446859724858, 0.0 ], [ -2.601120133755537, 54.429381195583638, 0.0 ], [ -2.600707519982418, 54.430290491433098, 0.0 ], [ -2.600054432637224, 54.431412062179639, 0.0 ], [ -2.598884953381668, 54.433420556209043, 0.0 ], [ -2.597115312940164, 54.436421958827083, 0.0 ], [ -2.595765173341882, 54.438767630066209, 0.0 ], [ -2.595403797724721, 54.439672813569757, 0.0 ], [ -2.59523145167535, 54.44051230079171, 0.0 ], [ -2.595187905777801, 54.441526743392842, 0.0 ], [ -2.595333502270764, 54.442502773506661, 0.0 ], [ -2.595650939766263, 54.443512248010649, 0.0 ], [ -2.596209038015028, 54.444501442502613, 0.0 ], [ -2.597102234152071, 54.445590853562472, 0.0 ], [ -2.598158680332707, 54.446616171462402, 0.0 ], [ -2.599550461299862, 54.447560681783692, 0.0 ], [ -2.601388946443166, 54.44850012529956, 0.0 ], [ -2.603441155942813, 54.449318035615633, 0.0 ], [ -2.607492846562404, 54.450763894701943, 0.0 ], [ -2.610417805295563, 54.452374231352771, 0.0 ], [ -2.612442684970686, 54.454215827751192, 0.0 ], [ -2.614052170036199, 54.456635868620772, 0.0 ], [ -2.616137852086547, 54.459255021127163, 0.0 ], [ -2.619651641500531, 54.462424308302353, 0.0 ], [ -2.626998766885533, 54.467830348027057, 0.0 ], [ -2.629645564751453, 54.47069471159972, 0.0 ], [ -2.631793028023929, 54.474036121434558, 0.0 ], [ -2.633352057735527, 54.477703506154263, 0.0 ], [ -2.634236465705446, 54.481702936208187, 0.0 ], [ -2.635622569389588, 54.484591197362832, 0.0 ], [ -2.638260154065176, 54.487388562289212, 0.0 ], [ -2.640910483499384, 54.489962597571193, 0.0 ], [ -2.64249335786988, 54.492175526713609, 0.0 ], [ -2.643412228106089, 54.494226746569879, 0.0 ], [ -2.64394202077991, 54.495846972644557, 0.0 ], [ -2.644172650096385, 54.497350810960803, 0.0 ], [ -2.644244373358344, 54.499061512371213, 0.0 ], [ -2.644412841842118, 54.500046879003072, 0.0 ], [ -2.644765142162434, 54.501145404046007, 0.0 ], [ -2.645243165903485, 54.502223043136468, 0.0 ], [ -2.645915608870814, 54.50329554653559, 0.0 ], [ -2.646818022902564, 54.504465188823033, 0.0 ], [ -2.648083183413709, 54.505855850944293, 0.0 ], [ -2.649013792042626, 54.507076902185567, 0.0 ], [ -2.649952011899961, 54.508462521951159, 0.0 ], [ -2.650740223158073, 54.509908109357653, 0.0 ], [ -2.651431375781867, 54.511480694140069, 0.0 ], [ -2.652060884140377, 54.513210592076092, 0.0 ], [ -2.652582056854302, 54.514421467589258, 0.0 ], [ -2.653201999545265, 54.515396713448922, 0.0 ], [ -2.653786490832855, 54.516274422816899, 0.0 ], [ -2.654594701534169, 54.51715011301404, 0.0 ], [ -2.65578087072365, 54.518253477859929, 0.0 ], [ -2.656807763018038, 54.519218241689288, 0.0 ], [ -2.657516112405004, 54.520024450859012, 0.0 ], [ -2.658118409895805, 54.520922564906947, 0.0 ], [ -2.658552711725765, 54.52181564724161, 0.0 ], [ -2.658836731353071, 54.522730892789653, 0.0 ], [ -2.658988211843323, 54.523788402843657, 0.0 ], [ -2.658989292617883, 54.524826599907293, 0.0 ], [ -2.659001525798881, 54.52812346512728, 0.0 ], [ -2.659164480703401, 54.531844588537872, 0.0 ], [ -2.659822743144187, 54.535322186098483, 0.0 ], [ -2.660974287585989, 54.538783860206458, 0.0 ], [ -2.663022858362672, 54.542217436809402, 0.0 ], [ -2.665654571329822, 54.545714005008278, 0.0 ], [ -2.668659431596051, 54.549519081708233, 0.0 ], [ -2.671267973243168, 54.553054657368897, 0.0 ], [ -2.673709968407609, 54.556777541337368, 0.0 ], [ -2.674867347187234, 54.557991823775751, 0.0 ], [ -2.676047295455377, 54.558957292403463, 0.0 ], [ -2.677493297289268, 54.559948390256288, 0.0 ], [ -2.682910685361436, 54.563445862209541, 0.0 ], [ -2.684117596965443, 54.564269822434667, 0.0 ], [ -2.685528614203394, 54.565317368399732, 0.0 ], [ -2.686638055125416, 54.566236549029917, 0.0 ], [ -2.687632464379945, 54.567248942361772, 0.0 ], [ -2.688609344653978, 54.568332608682638, 0.0 ], [ -2.689484331936138, 54.569503271631113, 0.0 ], [ -2.691190279132804, 54.571850393277522, 0.0 ], [ -2.693840892483341, 54.575457023714009, 0.0 ], [ -2.696445217473794, 54.579007281886028, 0.0 ], [ -2.69921951629184, 54.582766602125183, 0.0 ], [ -2.699967367811541, 54.583964919637033, 0.0 ], [ -2.700563940096333, 54.585146496910987, 0.0 ], [ -2.700974124951625, 54.586240879093822, 0.0 ], [ -2.701206935332738, 54.587318494099051, 0.0 ], [ -2.701351265286187, 54.588479957925799, 0.0 ], [ -2.701347256297936, 54.590838666024517, 0.0 ], [ -2.701438563127923, 54.59210996744396, 0.0 ], [ -2.701618523080942, 54.593348417517362, 0.0 ], [ -2.701905148572394, 54.594690751846933, 0.0 ], [ -2.702405297817423, 54.596324660271847, 0.0 ], [ -2.703101218283047, 54.598111453116822, 0.0 ], [ -2.703876481564789, 54.599622100929253, 0.0 ], [ -2.704623952571679, 54.600912538469181, 0.0 ], [ -2.705531982517183, 54.602243287605503, 0.0 ], [ -2.706695087482464, 54.603734262554632, 0.0 ], [ -2.707807372925753, 54.605013548233423, 0.0 ], [ -2.708844858169329, 54.60606625881217, 0.0 ], [ -2.710125736255755, 54.607263200145908, 0.0 ], [ -2.711709063104836, 54.608670882666473, 0.0 ], [ -2.713159352367449, 54.609992127720389, 0.0 ], [ -2.714538940424273, 54.611435910018457, 0.0 ], [ -2.715787653745218, 54.61284407818534, 0.0 ], [ -2.717114927309393, 54.614483419700314, 0.0 ], [ -2.718140016479631, 54.615900692848363, 0.0 ], [ -2.71933515682553, 54.617751219187042, 0.0 ], [ -2.720260821838201, 54.619473101378169, 0.0 ], [ -2.720957491821113, 54.620933317005857, 0.0 ], [ -2.721583199942809, 54.622438784579977, 0.0 ], [ -2.722138450917417, 54.624106688544799, 0.0 ], [ -2.722792552283948, 54.626063698290473, 0.0 ], [ -2.723499077407285, 54.627663164478541, 0.0 ], [ -2.724545711132242, 54.629721034592741, 0.0 ], [ -2.725813376041426, 54.631778183170958, 0.0 ], [ -2.726966211400571, 54.633401195013413, 0.0 ], [ -2.728259672617405, 54.635033449733683, 0.0 ], [ -2.729424793054245, 54.636374241610653, 0.0 ], [ -2.731234999973806, 54.6382200654933, 0.0 ], [ -2.732439170263987, 54.639366274534119, 0.0 ], [ -2.733589200557023, 54.640327660761692, 0.0 ], [ -2.734872927596642, 54.64131990335428, 0.0 ], [ -2.736472747017571, 54.642408407370297, 0.0 ], [ -2.738121320950228, 54.64340532638802, 0.0 ], [ -2.740152576412719, 54.644514988074157, 0.0 ], [ -2.741607228886155, 54.645235813127172, 0.0 ], [ -2.743833909740356, 54.646206258954066, 0.0 ], [ -2.746149532823997, 54.647083999501888, 0.0 ], [ -2.748714452695133, 54.64796146224765, 0.0 ], [ -2.750519961804034, 54.648643647749957, 0.0 ], [ -2.753121121789618, 54.649649684255436, 0.0 ], [ -2.755588852749145, 54.650743237822468, 0.0 ], [ -2.757836170161857, 54.651817569872087, 0.0 ], [ -2.760304812451335, 54.653091070543198, 0.0 ], [ -2.762201293577515, 54.65416683039269, 0.0 ], [ -2.764001963241252, 54.655250544416383, 0.0 ], [ -2.765965682774334, 54.656527417722337, 0.0 ], [ -2.767954751996235, 54.657950363210482, 0.0 ], [ -2.769124161525876, 54.6589099089257, 0.0 ], [ -2.770186653968932, 54.659932622909558, 0.0 ], [ -2.771196475067423, 54.661176592634142, 0.0 ], [ -2.771792855670156, 54.662120651622189, 0.0 ], [ -2.772348364766148, 54.663179879646222, 0.0 ], [ -2.772744209895883, 54.664342182331993, 0.0 ], [ -2.773357422586838, 54.666423715678192, 0.0 ], [ -2.773923620202381, 54.667885557903162, 0.0 ], [ -2.77456949560677, 54.669263733378727, 0.0 ], [ -2.775293398410331, 54.670574475226772, 0.0 ], [ -2.776322685968766, 54.672111657854707, 0.0 ], [ -2.7773782287834, 54.67350345498641, 0.0 ], [ -2.778531695075681, 54.674855313058742, 0.0 ], [ -2.779764291918624, 54.676130487488173, 0.0 ], [ -2.781497300955179, 54.677738755771053, 0.0 ], [ -2.7830209180109, 54.67897762739473, 0.0 ], [ -2.784770538147781, 54.680251274550962, 0.0 ], [ -2.786368625929577, 54.681463309054926, 0.0 ], [ -2.78739597801529, 54.682377589632146, 0.0 ], [ -2.788406386799781, 54.683456744227932, 0.0 ], [ -2.789220845727392, 54.684500187374702, 0.0 ], [ -2.789866095714263, 54.685538535353608, 0.0 ], [ -2.790494458621669, 54.686762306476879, 0.0 ], [ -2.790909346997295, 54.688012138519703, 0.0 ], [ -2.791225937482272, 54.689207131701508, 0.0 ], [ -2.791508026936997, 54.690745158831199, 0.0 ], [ -2.791665721061376, 54.692285744894583, 0.0 ], [ -2.791656464943084, 54.694281996342262, 0.0 ], [ -2.791477227650876, 54.696129592087701, 0.0 ], [ -2.791252738339266, 54.697771692931497, 0.0 ], [ -2.791214156027011, 54.699124841396497, 0.0 ], [ -2.791264719172901, 54.700485350066913, 0.0 ], [ -2.791422897638097, 54.701987580610663, 0.0 ], [ -2.791668458357516, 54.703282153961702, 0.0 ], [ -2.792193264990607, 54.705175024826161, 0.0 ], [ -2.792827321363233, 54.707199021436338, 0.0 ], [ -2.793665351930693, 54.709407100412157, 0.0 ], [ -2.794654887386738, 54.711589646881201, 0.0 ], [ -2.795697393037704, 54.713625985073122, 0.0 ], [ -2.797026395700284, 54.715928972346823, 0.0 ], [ -2.798291479005617, 54.718171727027517, 0.0 ], [ -2.799181934512287, 54.72000809096, 0.0 ], [ -2.800091647001726, 54.722145063162387, 0.0 ], [ -2.800994438364582, 54.72466671221715, 0.0 ], [ -2.801918107133333, 54.727850702530233, 0.0 ], [ -2.802969380587262, 54.730830064632137, 0.0 ], [ -2.804230363816846, 54.733686480987053, 0.0 ], [ -2.805210745713771, 54.735578348168431, 0.0 ], [ -2.806298165069672, 54.737468296165773, 0.0 ], [ -2.807259367866108, 54.738985163500502, 0.0 ], [ -2.808544250611419, 54.740832378423377, 0.0 ], [ -2.809791795134995, 54.742570061176757, 0.0 ], [ -2.810931421935213, 54.744086985805872, 0.0 ], [ -2.812366793436611, 54.745927232490963, 0.0 ], [ -2.814077351545938, 54.748012181777128, 0.0 ], [ -2.815476404255112, 54.749641495657997, 0.0 ], [ -2.817971501990504, 54.752411636789553, 0.0 ], [ -2.819567361363733, 54.754065852615597, 0.0 ], [ -2.820920565336609, 54.755329857814843, 0.0 ], [ -2.822380426401273, 54.756498899746838, 0.0 ], [ -2.823983232339875, 54.757705794812793, 0.0 ], [ -2.825541720808343, 54.758764479161712, 0.0 ], [ -2.827465801574027, 54.759960455680194, 0.0 ], [ -2.829666334239613, 54.761155812437011, 0.0 ], [ -2.833452052191704, 54.763220837878762, 0.0 ], [ -2.835760648426983, 54.764570215198198, 0.0 ], [ -2.837335836809702, 54.76552862924953, 0.0 ], [ -2.83919811188562, 54.76673982778167, 0.0 ], [ -2.840573868697732, 54.76765677791866, 0.0 ], [ -2.8425979189689, 54.769104355152869, 0.0 ], [ -2.844396106666673, 54.770442182100503, 0.0 ], [ -2.846591676864323, 54.77221337675843, 0.0 ], [ -2.848317596953739, 54.773708816889418, 0.0 ], [ -2.850461575285689, 54.775686145939893, 0.0 ], [ -2.852214206104583, 54.777429642851189, 0.0 ], [ -2.854019141244641, 54.779351079001977, 0.0 ], [ -2.8555286542934, 54.78110183074628, 0.0 ], [ -2.856858253474145, 54.78256096543101, 0.0 ], [ -2.858152884562158, 54.783854376576301, 0.0 ], [ -2.860073880828506, 54.785677734115552, 0.0 ], [ -2.86183824637555, 54.787247283918909, 0.0 ], [ -2.86393771890067, 54.788977686158297, 0.0 ], [ -2.865381501339663, 54.790158877999467, 0.0 ], [ -2.866414166822648, 54.791139872760823, 0.0 ], [ -2.867330919738369, 54.792126299468521, 0.0 ], [ -2.868230311274606, 54.793173334829078, 0.0 ], [ -2.869095231329043, 54.794417271390131, 0.0 ], [ -2.869754088077772, 54.795562285599686, 0.0 ], [ -2.870469427324709, 54.797171936139563, 0.0 ], [ -2.870880949009458, 54.798436361263342, 0.0 ], [ -2.871212961908731, 54.800072587200653, 0.0 ], [ -2.871418209226073, 54.801441465631989, 0.0 ], [ -2.871764766417267, 54.80254759071493, 0.0 ], [ -2.872228896178521, 54.803626456769649, 0.0 ], [ -2.872888226912231, 54.804767982774443, 0.0 ], [ -2.873681316966032, 54.805883483584822, 0.0 ], [ -2.874581286318972, 54.806907049858033, 0.0 ], [ -2.875668733517292, 54.807939558767579, 0.0 ], [ -2.877043049611609, 54.809100269685977, 0.0 ], [ -2.880672435579721, 54.8121952804035, 0.0 ], [ -2.881972033598761, 54.813411906081662, 0.0 ], [ -2.883303311269273, 54.814788734544649, 0.0 ], [ -2.884410885594018, 54.816096133781521, 0.0 ], [ -2.885528835835998, 54.817576448176368, 0.0 ], [ -2.886593037228287, 54.819240001983822, 0.0 ], [ -2.887344101034415, 54.820627318348528, 0.0 ], [ -2.88816081125191, 54.822468841455994, 0.0 ], [ -2.888772183841094, 54.824354197798101, 0.0 ], [ -2.88921370582214, 54.826205440179422, 0.0 ], [ -2.889387163698483, 54.828078921663042, 0.0 ], [ -2.889463822829495, 54.830182261150277, 0.0 ], [ -2.889369357327375, 54.832020946945022, 0.0 ], [ -2.88914754867469, 54.833511911613279, 0.0 ], [ -2.888828130001459, 54.835153468622437, 0.0 ], [ -2.888419439426766, 54.83682193374807, 0.0 ], [ -2.887832466726831, 54.838568593114701, 0.0 ], [ -2.887083949824161, 54.840300494958868, 0.0 ], [ -2.886165980335038, 54.842182768003418, 0.0 ], [ -2.885112857183174, 54.843947828623982, 0.0 ], [ -2.883952056744433, 54.845688001640447, 0.0 ], [ -2.882727777052119, 54.847482374195771, 0.0 ], [ -2.881859740721964, 54.848878428515476, 0.0 ], [ -2.881303194285227, 54.850013469514792, 0.0 ], [ -2.880721395179845, 54.851408760916442, 0.0 ], [ -2.879937062906606, 54.853307014232072, 0.0 ], [ -2.878700434870084, 54.856526602135638, 0.0 ], [ -2.878015248243018, 54.858553339510543, 0.0 ], [ -2.877577118584575, 54.860038461586932, 0.0 ], [ -2.877060681700097, 54.861838910934743, 0.0 ], [ -2.876606707002953, 54.863632997263402, 0.0 ], [ -2.876136086062655, 54.865595047408583, 0.0 ], [ -2.875806870641121, 54.867352779499669, 0.0 ], [ -2.875723523323304, 54.868378187067627, 0.0 ], [ -2.875748934038645, 54.869594329312498, 0.0 ], [ -2.875908790012893, 54.870804834131192, 0.0 ], [ -2.876257481519422, 54.872102822995451, 0.0 ], [ -2.876685626274371, 54.873224735320058, 0.0 ], [ -2.877311380239046, 54.87443456400262, 0.0 ], [ -2.877954182543351, 54.875506395900132, 0.0 ], [ -2.879073832054297, 54.876869906025647, 0.0 ], [ -2.880022634141144, 54.878123627228511, 0.0 ], [ -2.881116673842417, 54.879672591634382, 0.0 ], [ -2.882022133294223, 54.881172034921107, 0.0 ], [ -2.88291099157697, 54.882808996416678, 0.0 ], [ -2.883719839921433, 54.884496607730071, 0.0 ], [ -2.884421652676434, 54.886216544881641, 0.0 ], [ -2.885069636423923, 54.887900895158488, 0.0 ], [ -2.885609974574945, 54.88959741839497, 0.0 ], [ -2.886079284155942, 54.891426517107902, 0.0 ], [ -2.886523094307112, 54.893446038377327, 0.0 ], [ -2.886850779823083, 54.89553745235856, 0.0 ], [ -2.887092148829915, 54.89808681467786, 0.0 ], [ -2.887264569981242, 54.899723680922691, 0.0 ], [ -2.887497822383505, 54.901076240123338, 0.0 ], [ -2.887911436455477, 54.902575848840492, 0.0 ], [ -2.888412294479642, 54.903710012078889, 0.0 ], [ -2.889109955879273, 54.904760377294707, 0.0 ], [ -2.889950779350172, 54.905743424353361, 0.0 ], [ -2.890623891628517, 54.906385436421658, 0.0 ], [ -2.891705979982978, 54.907238989136033, 0.0 ], [ -2.893012067465055, 54.908050761998922, 0.0 ], [ -2.895011030443389, 54.909170360920228, 0.0 ], [ -2.89737954179021, 54.910497205358169, 0.0 ], [ -2.898955788218242, 54.911442317014362, 0.0 ], [ -2.900443056051061, 54.912485549406348, 0.0 ], [ -2.901411832731997, 54.913284294104969, 0.0 ], [ -2.902423282610998, 54.914251274133839, 0.0 ], [ -2.903381785474208, 54.915331807114519, 0.0 ], [ -2.904377676921367, 54.916614271112799, 0.0 ], [ -2.906268996004044, 54.918900530790523, 0.0 ], [ -2.90740810446747, 54.920135440275502, 0.0 ], [ -2.90861008489353, 54.921349416819552, 0.0 ], [ -2.91004724448869, 54.922640831120589, 0.0 ], [ -2.911726317530875, 54.924059756547848, 0.0 ], [ -2.913090584177838, 54.925113346283737, 0.0 ], [ -2.914687061299499, 54.926274640047552, 0.0 ], [ -2.916129611036742, 54.927219827107557, 0.0 ], [ -2.917423676867674, 54.927912705782127, 0.0 ], [ -2.918864091101143, 54.92854334905288, 0.0 ], [ -2.920312663275495, 54.929070805993952, 0.0 ], [ -2.922020895727177, 54.929540837804389, 0.0 ], [ -2.923692503579974, 54.929902688937162, 0.0 ], [ -2.925164417294787, 54.93012069566619, 0.0 ], [ -2.926735781673103, 54.930276571328108, 0.0 ], [ -2.928638679290861, 54.930364604339907, 0.0 ], [ -2.930478019997855, 54.930339304360331, 0.0 ], [ -2.934524220476324, 54.930236064916002, 0.0 ], [ -2.941415374803965, 54.930078667248942, 0.0 ], [ -2.942843666472323, 54.930027530186059, 0.0 ], [ -2.944135781540483, 54.930024104288258, 0.0 ], [ -2.945481935891463, 54.930066900795318, 0.0 ], [ -2.946909181674053, 54.930160998791017, 0.0 ], [ -2.948606577545151, 54.930367749238762, 0.0 ], [ -2.950134042405597, 54.930631664452413, 0.0 ], [ -2.951868853772147, 54.931013561794749, 0.0 ], [ -2.953353533570589, 54.931406872676533, 0.0 ], [ -2.954900893124408, 54.931892360036237, 0.0 ], [ -2.956494425932127, 54.932527204581227, 0.0 ], [ -2.957800748873526, 54.933131944022144, 0.0 ], [ -2.958999903646865, 54.933788552855567, 0.0 ], [ -2.960137983040191, 54.9345344923384, 0.0 ], [ -2.96139378115195, 54.935515716247842, 0.0 ], [ -2.962787412818149, 54.936867747919372, 0.0 ], [ -2.963736555267794, 54.937776100876249, 0.0 ], [ -2.965057684885029, 54.939030367710629, 0.0 ], [ -2.967881144753495, 54.941683768611718, 0.0 ], [ -2.971380154134541, 54.944995711316842, 0.0 ], [ -2.972765672098729, 54.946201416106142, 0.0 ], [ -2.974537676821055, 54.947603871365487, 0.0 ], [ -2.97714165856132, 54.949601454298282, 0.0 ], [ -2.981629568762917, 54.953087925608131, 0.0 ], [ -2.9837854575114, 54.954669310642707, 0.0 ], [ -2.98587315889273, 54.956132624603363, 0.0 ], [ -2.988079600311173, 54.957789566826982, 0.0 ], [ -2.989916726971181, 54.959315442140053, 0.0 ], [ -2.991305449973485, 54.96052519263538, 0.0 ], [ -2.99256324377184, 54.961532014317633, 0.0 ], [ -2.99404700304059, 54.962677403163823, 0.0 ], [ -2.996639239900206, 54.964664874286463, 0.0 ], [ -2.998367539787391, 54.966000255134603, 0.0 ], [ -3.000199025522552, 54.967424830845609, 0.0 ], [ -3.001964744126512, 54.968904413977207, 0.0 ], [ -3.00460264138481, 54.971369503968774, 0.0 ], [ -3.005605382481567, 54.972296406086393, 0.0 ], [ -3.006718899484631, 54.973169513892529, 0.0 ], [ -3.007949089571369, 54.974021647574943, 0.0 ], [ -3.009453238544793, 54.974913672937902, 0.0 ], [ -3.010880074854797, 54.975641392485642, 0.0 ], [ -3.012550275415602, 54.976440515921958, 0.0 ], [ -3.014431486740269, 54.977111055734277, 0.0 ], [ -3.016865923800948, 54.977943712541538, 0.0 ], [ -3.019300129301915, 54.978740234198128, 0.0 ], [ -3.022495445747442, 54.97970726717508, 0.0 ], [ -3.024497517823805, 54.980407127674148, 0.0 ], [ -3.026248401237889, 54.981143893324848, 0.0 ], [ -3.028117903828763, 54.982050413758607, 0.0 ], [ -3.029997053451071, 54.98309250866938, 0.0 ], [ -3.032092963291444, 54.984147767147483, 0.0 ], [ -3.034034400029997, 54.985028181524363, 0.0 ], [ -3.035829157434301, 54.985916344233189, 0.0 ], [ -3.037303506120518, 54.986808621994712, 0.0 ], [ -3.038779570985954, 54.98786073075194, 0.0 ], [ -3.040249188384878, 54.989023152397472, 0.0 ], [ -3.041571437149408, 54.989967435246193, 0.0 ], [ -3.042973463908467, 54.990803106208688, 0.0 ], [ -3.044905471918432, 54.991760731940609, 0.0 ], [ -3.046729135716135, 54.992507205470183, 0.0 ] ] } },
{ "type": "Feature", "properties": { "Name": "M61 motorway", "description": "motorways" }, "geometry": { "type": "LineString", "coordinates": [ [ -2.360483846450069, 53.523387854677758, 0.0 ], [ -2.361040911398359, 53.524423427148903, 0.0 ], [ -2.36219437454003, 53.526242548615549, 0.0 ], [ -2.362902022754666, 53.526941074213717, 0.0 ], [ -2.363670984851674, 53.527519433714858, 0.0 ], [ -2.364573390488429, 53.528004515704673, 0.0 ], [ -2.36567988401891, 53.528377636107258, 0.0 ], [ -2.366598039346337, 53.528601496741722, 0.0 ], [ -2.368520724436646, 53.52900255107587, 0.0 ], [ -2.374990742604192, 53.530380202286672, 0.0 ], [ -2.380964627692438, 53.531637457659528, 0.0 ], [ -2.38510839855419, 53.532508386765556, 0.0 ], [ -2.386938482448188, 53.532967925076562, 0.0 ], [ -2.388124250961217, 53.533408684492471, 0.0 ], [ -2.389015355588624, 53.533898247621771, 0.0 ], [ -2.390182526002053, 53.53469133045769, 0.0 ], [ -2.391226913957151, 53.535484029702907, 0.0 ], [ -2.39252250109967, 53.53633260983581, 0.0 ], [ -2.394245529845152, 53.537150195061599, 0.0 ], [ -2.395792206075353, 53.537774776355363, 0.0 ], [ -2.396878966094758, 53.538130980848052, 0.0 ], [ -2.398386272403885, 53.538494321605278, 0.0 ], [ -2.399838459307343, 53.538731725711997, 0.0 ], [ -2.40138473176239, 53.538889770343282, 0.0 ], [ -2.402930887614451, 53.538926545686991, 0.0 ], [ -2.404186651205833, 53.538870142255242, 0.0 ], [ -2.405991328274537, 53.538729537526272, 0.0 ], [ -2.407639383393432, 53.538626277240908, 0.0 ], [ -2.408753782772518, 53.538602504312138, 0.0 ], [ -2.409813221047856, 53.53862070972616, 0.0 ], [ -2.410825703726963, 53.538694917567952, 0.0 ], [ -2.412136514182572, 53.538876248012677, 0.0 ], [ -2.413459947751426, 53.539130030574661, 0.0 ], [ -2.414590484234286, 53.539418702268406, 0.0 ], [ -2.416364804975588, 53.539986848743091, 0.0 ], [ -2.417620907424622, 53.540387301973631, 0.0 ], [ -2.418978923710856, 53.54071773446779, 0.0 ], [ -2.42043100668321, 53.541001458850957, 0.0 ], [ -2.421564559629349, 53.541161346085623, 0.0 ], [ -2.422945819057504, 53.541295864808284, 0.0 ], [ -2.424115134924917, 53.541351203174088, 0.0 ], [ -2.425818010378364, 53.541392259667738, 0.0 ], [ -2.427505213345591, 53.541419310883782, 0.0 ], [ -2.429098327048309, 53.541483696410303, 0.0 ], [ -2.431144161231151, 53.54162691937249, 0.0 ], [ -2.433122037340096, 53.541830923124607, 0.0 ], [ -2.434950860034328, 53.542090931529899, 0.0 ], [ -2.436826741508255, 53.542392836688357, 0.0 ], [ -2.438687169254163, 53.542764667195037, 0.0 ], [ -2.444053738562833, 53.543818379092883, 0.0 ], [ -2.447907786057708, 53.544584905115109, 0.0 ], [ -2.45414767538569, 53.545848416715117, 0.0 ], [ -2.462152061931239, 53.547441549983233, 0.0 ], [ -2.467083075785286, 53.548410737774248, 0.0 ], [ -2.469555907520315, 53.548949253159421, 0.0 ], [ -2.472257191103982, 53.549603015400457, 0.0 ], [ -2.474534172343699, 53.550211526586637, 0.0 ], [ -2.476929205246671, 53.550941071372108, 0.0 ], [ -2.479401373634502, 53.551743429273309, 0.0 ], [ -2.481584810633936, 53.552529003964743, 0.0 ], [ -2.484005609385522, 53.55347286262586, 0.0 ], [ -2.486518733977342, 53.554422624987978, 0.0 ], [ -2.488663431681274, 53.555189560929733, 0.0 ], [ -2.49096504450991, 53.555970211331157, 0.0 ], [ -2.494451223941843, 53.557160496090091, 0.0 ], [ -2.49760166316617, 53.558187257135373, 0.0 ], [ -2.500786011350948, 53.559180218663279, 0.0 ], [ -2.503709093213238, 53.560039420316073, 0.0 ], [ -2.506514480337443, 53.560838086957872, 0.0 ], [ -2.509957115752624, 53.561781130907818, 0.0 ], [ -2.513257649424242, 53.562648965115613, 0.0 ], [ -2.517246798417285, 53.563634537359583, 0.0 ], [ -2.521002972686386, 53.564562131213357, 0.0 ], [ -2.524057490845243, 53.565417373515793, 0.0 ], [ -2.526431315465005, 53.566132151692663, 0.0 ], [ -2.528750374400261, 53.566912240785101, 0.0 ], [ -2.531374639866634, 53.567846791995542, 0.0 ], [ -2.534449300670263, 53.569035986859582, 0.0 ], [ -2.537021010624414, 53.570132492017592, 0.0 ], [ -2.53983407470396, 53.571435982517173, 0.0 ], [ -2.542100246375417, 53.572560919488282, 0.0 ], [ -2.543879086876935, 53.573509459859103, 0.0 ], [ -2.545952661279119, 53.574684830673696, 0.0 ], [ -2.548157735994872, 53.576089628360101, 0.0 ], [ -2.549702178151626, 53.577204286386433, 0.0 ], [ -2.551302486448885, 53.578498182652879, 0.0 ], [ -2.552586789422974, 53.579644227367993, 0.0 ], [ -2.553778363574862, 53.580864071278462, 0.0 ], [ -2.554931905879749, 53.58216755045617, 0.0 ], [ -2.555737864468007, 53.583187495537437, 0.0 ], [ -2.556457419127334, 53.584198283848217, 0.0 ], [ -2.557321912078469, 53.585581022845453, 0.0 ], [ -2.558104858179281, 53.586694278669952, 0.0 ], [ -2.558784264487244, 53.587504283319383, 0.0 ], [ -2.55966850514263, 53.588421530910857, 0.0 ], [ -2.560702261626395, 53.589366565628431, 0.0 ], [ -2.562237582090229, 53.590548179567371, 0.0 ], [ -2.563396302415548, 53.591325043420483, 0.0 ], [ -2.564586284764148, 53.592050570086982, 0.0 ], [ -2.566407627833931, 53.593034559010462, 0.0 ], [ -2.567495185436935, 53.593685612182369, 0.0 ], [ -2.568528039603049, 53.594378763012926, 0.0 ], [ -2.569561382912859, 53.595165175719927, 0.0 ], [ -2.570593119567231, 53.596044284355969, 0.0 ], [ -2.571596239959812, 53.597040606308582, 0.0 ], [ -2.572465644156766, 53.598027750040217, 0.0 ], [ -2.573185856229117, 53.599038665400961, 0.0 ], [ -2.573899123603261, 53.60023124115439, 0.0 ], [ -2.574423357858586, 53.601324159885607, 0.0 ], [ -2.575051505007012, 53.602782621335017, 0.0 ], [ -2.575543308466889, 53.603702537874767, 0.0 ], [ -2.576137104287542, 53.604568794794872, 0.0 ], [ -2.576951629090508, 53.60554657997654, 0.0 ], [ -2.577721772182577, 53.606345935158103, 0.0 ], [ -2.578621884426947, 53.607151021484228, 0.0 ], [ -2.579695343960809, 53.608030405514832, 0.0 ], [ -2.580797633889683, 53.609092000378581, 0.0 ], [ -2.581580381603389, 53.609971864154289, 0.0 ], [ -2.582348158528156, 53.611005531749029, 0.0 ], [ -2.582950537733223, 53.611983673552068, 0.0 ], [ -2.583451150748225, 53.613050313200119, 0.0 ], [ -2.583809957899266, 53.614062302297938, 0.0 ], [ -2.58405091014656, 53.615064006353222, 0.0 ], [ -2.584221722091958, 53.616182259889101, 0.0 ], [ -2.58444374777056, 53.618064750443843, 0.0 ], [ -2.584869729023802, 53.621346810208408, 0.0 ], [ -2.585165122062512, 53.623718076743756, 0.0 ], [ -2.585363550210824, 53.624740878737811, 0.0 ], [ -2.585635612416608, 53.625658461766648, 0.0 ], [ -2.58595426015947, 53.626468809302523, 0.0 ], [ -2.586351343176827, 53.627243348526193, 0.0 ], [ -2.5869221994357, 53.628165122335453, 0.0 ], [ -2.587532095185025, 53.629021671756483, 0.0 ], [ -2.588267798294158, 53.629868742373681, 0.0 ], [ -2.589082021394311, 53.630714550219913, 0.0 ], [ -2.590156236265337, 53.631644865874641, 0.0 ], [ -2.591316629415784, 53.632505078179548, 0.0 ], [ -2.592743600480165, 53.633458162575849, 0.0 ], [ -2.593935921784643, 53.634369593731869, 0.0 ], [ -2.594820614361621, 53.635104424320637, 0.0 ], [ -2.595634733238433, 53.635875528976023, 0.0 ], [ -2.596449779563764, 53.636806297139799, 0.0 ], [ -2.597226017362443, 53.637807160803462, 0.0 ], [ -2.598771827414184, 53.639959061308573, 0.0 ], [ -2.599740769771933, 53.641143735153832, 0.0 ], [ -2.600841492533691, 53.642437912468708, 0.0 ], [ -2.60191201250487, 53.64357707581685, 0.0 ], [ -2.603130472804417, 53.644796322074527, 0.0 ], [ -2.60479935415554, 53.646371087030033, 0.0 ], [ -2.605938746115971, 53.64749263437929, 0.0 ], [ -2.606896901822278, 53.64854270031266, 0.0 ], [ -2.607626458632761, 53.649492590198818, 0.0 ], [ -2.608261515101253, 53.650414776396453, 0.0 ], [ -2.608893196490919, 53.651504349611642, 0.0 ], [ -2.609442567909816, 53.65258997733563, 0.0 ], [ -2.60993856191838, 53.653947438554027, 0.0 ], [ -2.610308792255058, 53.655322816262441, 0.0 ], [ -2.610543934646117, 53.656481554032382, 0.0 ], [ -2.610770514758509, 53.657526003665382, 0.0 ], [ -2.61103587343716, 53.658296159629217, 0.0 ], [ -2.611418041912615, 53.659018411044997, 0.0 ], [ -2.611839197530146, 53.659684601969168, 0.0 ], [ -2.612465601367636, 53.660438987829622, 0.0 ], [ -2.613051836780031, 53.661052788137283, 0.0 ], [ -2.613787751817799, 53.661685645345102, 0.0 ], [ -2.614594315946794, 53.66228567509993, 0.0 ], [ -2.615914188179542, 53.66316905873704, 0.0 ], [ -2.620781721338759, 53.66645878530187, 0.0 ], [ -2.62209662296513, 53.667389233710963, 0.0 ], [ -2.623070202732035, 53.668217448432799, 0.0 ], [ -2.623973225988326, 53.669083114540932, 0.0 ], [ -2.624710580208648, 53.669897687803093, 0.0 ], [ -2.625400983760307, 53.670759117026982, 0.0 ], [ -2.626124149893363, 53.671807103259148, 0.0 ], [ -2.626689673068612, 53.672829517203283, 0.0 ], [ -2.627208626800629, 53.673947928203262, 0.0 ], [ -2.627545934624741, 53.674995444837357, 0.0 ], [ -2.627804489414519, 53.676053732274077, 0.0 ], [ -2.627913936031878, 53.677145073020988, 0.0 ], [ -2.627959722055631, 53.678160468689534, 0.0 ], [ -2.627863767765507, 53.679196214880179, 0.0 ], [ -2.627688705340241, 53.680176067873902, 0.0 ], [ -2.627388199953197, 53.681244628374223, 0.0 ], [ -2.627001055295905, 53.682266941397238, 0.0 ], [ -2.626417871706075, 53.683425145192849, 0.0 ], [ -2.62502279502197, 53.685782848537251, 0.0 ], [ -2.624540366280246, 53.686728914668592, 0.0 ], [ -2.624222776078998, 53.687587912512882, 0.0 ], [ -2.624030894064381, 53.688400049286258, 0.0 ], [ -2.623957131821397, 53.689197439510842, 0.0 ], [ -2.62401755192231, 53.6900322561292, 0.0 ], [ -2.624164283396561, 53.690815446940732, 0.0 ], [ -2.62439752452684, 53.691579018968383, 0.0 ], [ -2.624772972160563, 53.692422267431802, 0.0 ], [ -2.625369413228358, 53.693344238056383, 0.0 ], [ -2.626083606557794, 53.694216604283, 0.0 ], [ -2.626883930954659, 53.69499818150053, 0.0 ], [ -2.627912965431798, 53.695821220639438, 0.0 ], [ -2.629309265278534, 53.696902757385303, 0.0 ], [ -2.63022844555083, 53.697740164428403, 0.0 ], [ -2.630990732035474, 53.698648025155236, 0.0 ], [ -2.631516141263239, 53.699476892845929, 0.0 ], [ -2.631947491993944, 53.700380820637278, 0.0 ], [ -2.632212949269555, 53.701219843257803, 0.0 ], [ -2.632327749811117, 53.701915796221407, 0.0 ], [ -2.632372004385553, 53.702676016862462, 0.0 ], [ -2.632306221299734, 53.703464472603287, 0.0 ], [ -2.631819700609129, 53.706226434842748, 0.0 ], [ -2.631296182204332, 53.709327134242628, 0.0 ], [ -2.630718069438363, 53.712590216357633, 0.0 ], [ -2.630186155163478, 53.71569683462652, 0.0 ], [ -2.629882739170807, 53.717560263352468, 0.0 ], [ -2.629848328826523, 53.718336329157403, 0.0 ], [ -2.629869430466308, 53.719166648190154, 0.0 ], [ -2.630017387129739, 53.720104040149948, 0.0 ], [ -2.630241209881872, 53.720956807857853, 0.0 ], [ -2.630561559428212, 53.721721241164452, 0.0 ], [ -2.630985285373643, 53.722605049193533, 0.0 ], [ -2.631519026439148, 53.723429805234112, 0.0 ], [ -2.632218891337592, 53.724324223049372, 0.0 ], [ -2.632916146514957, 53.725083029719237, 0.0 ], [ -2.633709720476042, 53.725832588020133, 0.0 ], [ -2.634621510364983, 53.726544627871192, 0.0 ], [ -2.635715235294916, 53.72730304626662, 0.0 ], [ -2.636935908820706, 53.728024961866048, 0.0 ], [ -2.641251646596416, 53.730321081468759, 0.0 ], [ -2.643438866427198, 53.73147610126275, 0.0 ], [ -2.645118926800519, 53.732522525874991, 0.0 ], [ -2.647053233883856, 53.733765733971119, 0.0 ], [ -2.648403728093948, 53.735052119690863, 0.0 ], [ -2.649303430999295, 53.7361929088012, 0.0 ], [ -2.650062980148571, 53.73758389974234, 0.0 ], [ -2.650624211811045, 53.738854904132978, 0.0 ], [ -2.650803189273216, 53.739624821368977, 0.0 ] ] } },
{ "type": "Feature", "properties": { "Name": "M60 motorway", "description": "motorways" }, "geometry": { "type": "LineString", "coordinates": [ [ -2.169647343586046, 53.409813380859283, 0.0 ], [ -2.17120203299238, 53.40951080912653, 0.0 ], [ -2.17274365512473, 53.409270060570059, 0.0 ], [ -2.174344266681136, 53.409062000950442, 0.0 ], [ -2.176846824891956, 53.40881171151549, 0.0 ], [ -2.178870534689295, 53.40860500451705, 0.0 ], [ -2.181215284205762, 53.40833019302719, 0.0 ], [ -2.183442575116538, 53.407983990045047, 0.0 ], [ -2.186154476734856, 53.407498908086531, 0.0 ], [ -2.187420547924264, 53.4072366268568, 0.0 ], [ -2.188699006251187, 53.406880509484147, 0.0 ], [ -2.18996328463552, 53.406415875513453, 0.0 ], [ -2.191213201123791, 53.405856844102154, 0.0 ], [ -2.192839521510521, 53.404974541048581, 0.0 ], [ -2.194228571380488, 53.40423670911499, 0.0 ], [ -2.195312104236876, 53.403690916405282, 0.0 ], [ -2.196353996191048, 53.403276891266138, 0.0 ], [ -2.197553801850952, 53.402882537928811, 0.0 ], [ -2.198728199864439, 53.402601165041567, 0.0 ], [ -2.19992537738149, 53.402385878309211, 0.0 ], [ -2.20095521148983, 53.402254581955361, 0.0 ], [ -2.202055562, 53.402170767131373, 0.0 ], [ -2.203577886664025, 53.40211187854861, 0.0 ], [ -2.20668733199908, 53.401977227973283, 0.0 ], [ -2.208459745832061, 53.401896855325283, 0.0 ], [ -2.209789868675849, 53.401785879842862, 0.0 ], [ -2.211112533400184, 53.401632429556471, 0.0 ], [ -2.212110369636993, 53.40148950028555, 0.0 ], [ -2.213545541783897, 53.4012140304038, 0.0 ], [ -2.214783101526351, 53.40093281700895, 0.0 ], [ -2.217092232858616, 53.400364780555932, 0.0 ], [ -2.21897919800761, 53.399951862170951, 0.0 ], [ -2.220826759823847, 53.399588818780572, 0.0 ], [ -2.222831908742022, 53.399259554188987, 0.0 ], [ -2.225279914987457, 53.398918356852477, 0.0 ], [ -2.22755006513762, 53.398666448886111, 0.0 ], [ -2.229726791926237, 53.398484084326867, 0.0 ], [ -2.231213903765598, 53.398430237442042, 0.0 ], [ -2.2324314565142, 53.398426887689922, 0.0 ], [ -2.233922819223437, 53.398509729419452, 0.0 ], [ -2.235099171656411, 53.398633413756727, 0.0 ], [ -2.236211688643135, 53.398803919254519, 0.0 ], [ -2.237315629718548, 53.399016805482653, 0.0 ], [ -2.238444033433416, 53.399273508878217, 0.0 ], [ -2.239624976005008, 53.399637603815172, 0.0 ], [ -2.240820850105764, 53.400067763766032, 0.0 ], [ -2.241897822521751, 53.400525639414482, 0.0 ], [ -2.242966032658017, 53.401049479262589, 0.0 ], [ -2.243836551910809, 53.401577073096632, 0.0 ], [ -2.244880208911211, 53.402283247871367, 0.0 ], [ -2.245794737436639, 53.403065617041882, 0.0 ], [ -2.246628984475789, 53.403932395268647, 0.0 ], [ -2.247812618032337, 53.405273327638298, 0.0 ], [ -2.249074546039187, 53.406689062999732, 0.0 ], [ -2.251431918784217, 53.409327570080521, 0.0 ], [ -2.252126049779789, 53.410047505386167, 0.0 ], [ -2.252742176012662, 53.410578003106757, 0.0 ], [ -2.253509441780812, 53.411156878359328, 0.0 ], [ -2.254356866466766, 53.411660711051702, 0.0 ], [ -2.255260546369194, 53.412103512804002, 0.0 ], [ -2.256251609345839, 53.412518430428392, 0.0 ], [ -2.257424598755723, 53.412934208766117, 0.0 ], [ -2.258606228410946, 53.413267458403233, 0.0 ], [ -2.25993127984662, 53.413566073221652, 0.0 ], [ -2.261226103613356, 53.41374194985675, 0.0 ], [ -2.262814694124313, 53.413843769883592, 0.0 ], [ -2.265882245511786, 53.413966669026962, 0.0 ], [ -2.270645150979712, 53.414174811324393, 0.0 ], [ -2.273096693619634, 53.414223924120897, 0.0 ], [ -2.274266949211915, 53.414267064671847, 0.0 ], [ -2.27540687427278, 53.41434896099183, 0.0 ], [ -2.276733719996982, 53.41451539600839, 0.0 ], [ -2.277941514319567, 53.414714284613453, 0.0 ], [ -2.279321883610138, 53.415022384122452, 0.0 ], [ -2.280512251241883, 53.415343731547928, 0.0 ], [ -2.281827891530686, 53.415769375089681, 0.0 ], [ -2.283008267084545, 53.416241488858319, 0.0 ], [ -2.284283614964938, 53.416845346817837, 0.0 ], [ -2.285445404874145, 53.417548387610751, 0.0 ], [ -2.286433563551639, 53.418227100878703, 0.0 ], [ -2.287372782260006, 53.419018694951248, 0.0 ], [ -2.288208746654763, 53.41978645702541, 0.0 ], [ -2.28930994220417, 53.420913521899649, 0.0 ], [ -2.290246434600531, 53.421931432419392, 0.0 ], [ -2.291369478980532, 53.423229272498411, 0.0 ], [ -2.292382081087267, 53.424497345105067, 0.0 ], [ -2.29327486826878, 53.425855179271487, 0.0 ], [ -2.29390489433107, 53.426720796737008, 0.0 ], [ -2.294615061266578, 53.427506600722893, 0.0 ], [ -2.2952637015286, 53.428117347135277, 0.0 ], [ -2.296094714864065, 53.428738690435033, 0.0 ], [ -2.297068571117794, 53.429327655609796, 0.0 ], [ -2.298138096079049, 53.42985580099807, 0.0 ], [ -2.299216887217699, 53.430289672911492, 0.0 ], [ -2.300493891380953, 53.430696060758692, 0.0 ], [ -2.302697800391212, 53.431226280445479, 0.0 ], [ -2.304243734541745, 53.431647971533138, 0.0 ], [ -2.305748711659024, 53.432192097358822, 0.0 ], [ -2.307173014204629, 53.432858433254452, 0.0 ], [ -2.308682327762393, 53.433699588566817, 0.0 ], [ -2.31162538108457, 53.435351310379978, 0.0 ], [ -2.313040799047046, 53.436126022425782, 0.0 ], [ -2.314323841723719, 53.436725706931171, 0.0 ], [ -2.315561544241755, 53.43723934526782, 0.0 ], [ -2.317154138592801, 53.437774296052702, 0.0 ], [ -2.318629209395484, 53.43820497510545, 0.0 ], [ -2.320421044576445, 53.438632273215049, 0.0 ], [ -2.321937679895407, 53.438907488989038, 0.0 ], [ -2.32390552107936, 53.439179851735432, 0.0 ], [ -2.325445227221744, 53.439316867548612, 0.0 ], [ -2.327090940211518, 53.439385088588828, 0.0 ], [ -2.328950670814394, 53.439440009210827, 0.0 ], [ -2.330580086956217, 53.439555251009857, 0.0 ], [ -2.331923294623739, 53.439777751644172, 0.0 ], [ -2.333154919367241, 53.440056330529259, 0.0 ], [ -2.334171616214542, 53.440375122670332, 0.0 ], [ -2.335211694981734, 53.440794367471398, 0.0 ], [ -2.336305837770475, 53.44133169682496, 0.0 ], [ -2.337178365530248, 53.441872855331702, 0.0 ], [ -2.338033487503799, 53.442550701211822, 0.0 ], [ -2.338706702993344, 53.443218390590339, 0.0 ], [ -2.339286546246436, 53.444012570645917, 0.0 ], [ -2.339704878738733, 53.444815959688917, 0.0 ], [ -2.33995709626265, 53.445609181103912, 0.0 ], [ -2.340059568972307, 53.446340443256197, 0.0 ], [ -2.340019492749677, 53.447072469512541, 0.0 ], [ -2.339899505824061, 53.447868855170761, 0.0 ], [ -2.339606137326766, 53.449284964479681, 0.0 ], [ -2.339511227148999, 53.449963558101672, 0.0 ], [ -2.339549352564424, 53.450777516613108, 0.0 ], [ -2.3396353910751, 53.451555876011092, 0.0 ], [ -2.339619099370495, 53.452281967525693, 0.0 ], [ -2.339436683464894, 53.452994634187547, 0.0 ], [ -2.339008623790208, 53.454407485775953, 0.0 ], [ -2.338711766501477, 53.45543112030856, 0.0 ], [ -2.338609637684523, 53.456053107380498, 0.0 ], [ -2.338642680251466, 53.456623762146918, 0.0 ], [ -2.338817394424615, 53.457261065486144, 0.0 ], [ -2.339127145412924, 53.457869481569951, 0.0 ], [ -2.339555774808091, 53.458470068021839, 0.0 ], [ -2.340103272764642, 53.459066432764459, 0.0 ], [ -2.340730907792782, 53.459582973857181, 0.0 ], [ -2.341548747976947, 53.460090852618087, 0.0 ], [ -2.342406206985853, 53.460529155152777, 0.0 ], [ -2.343368058265707, 53.460919732591087, 0.0 ], [ -2.344638924674007, 53.461297390339283, 0.0 ], [ -2.34617904473398, 53.461671390355612, 0.0 ], [ -2.350459632276827, 53.462768424220478, 0.0 ], [ -2.357043064409642, 53.464420524312317, 0.0 ], [ -2.360904469268075, 53.465372972365842, 0.0 ], [ -2.362990343712204, 53.465852626740499, 0.0 ], [ -2.363977321800941, 53.466134642349459, 0.0 ], [ -2.364892384551144, 53.46646821283764, 0.0 ], [ -2.365830489402624, 53.466877340053372, 0.0 ], [ -2.366738802601799, 53.467394940863947, 0.0 ], [ -2.367596000003659, 53.467964056719431, 0.0 ], [ -2.368506345020018, 53.468745523099841, 0.0 ], [ -2.370350903614804, 53.470332341359942, 0.0 ], [ -2.370993296330516, 53.471009155314803, 0.0 ], [ -2.371570709346407, 53.471766828817003, 0.0 ], [ -2.371950659824976, 53.4725322092605, 0.0 ], [ -2.3722742320998, 53.473386956907362, 0.0 ], [ -2.37261942285586, 53.47443981079774, 0.0 ], [ -2.3729954597529, 53.475322304922749, 0.0 ], [ -2.373477644987281, 53.476158782404667, 0.0 ], [ -2.374319827467575, 53.477425740015569, 0.0 ], [ -2.374880546255006, 53.478340881964073, 0.0 ], [ -2.375267813317354, 53.479176983951163, 0.0 ], [ -2.375607073672813, 53.480055347397702, 0.0 ], [ -2.375857874864847, 53.481055941676509, 0.0 ], [ -2.375974751826486, 53.481985355862861, 0.0 ], [ -2.375986938155602, 53.483073358985962, 0.0 ], [ -2.37594968903943, 53.484336971893043, 0.0 ], [ -2.375995510411807, 53.485243001775892, 0.0 ], [ -2.376184727991122, 53.486078328034019, 0.0 ], [ -2.376428562676825, 53.486994013756807, 0.0 ], [ -2.37683114313985, 53.487887213647547, 0.0 ], [ -2.377313359686304, 53.4887472271568, 0.0 ], [ -2.37800036180176, 53.489731729924472, 0.0 ], [ -2.378657840856589, 53.490512248775502, 0.0 ], [ -2.379387473274783, 53.491222331232933, 0.0 ], [ -2.380268824485746, 53.491982811834568, 0.0 ], [ -2.381456056034098, 53.492892602198943, 0.0 ], [ -2.382367831629283, 53.49362219281003, 0.0 ], [ -2.383003740106469, 53.494204550170423, 0.0 ], [ -2.383637488271135, 53.494946298350207, 0.0 ], [ -2.384113182876312, 53.495688355468907, 0.0 ], [ -2.384453380201193, 53.496500579250842, 0.0 ], [ -2.384636401687859, 53.497186012607152, 0.0 ], [ -2.384691340833181, 53.497992446906693, 0.0 ], [ -2.384612254356704, 53.498727606096338, 0.0 ], [ -2.384429111548855, 53.499555780061222, 0.0 ], [ -2.384095776020445, 53.500351220499432, 0.0 ], [ -2.383620653727267, 53.501065902647127, 0.0 ], [ -2.383074725394117, 53.501734968077372, 0.0 ], [ -2.382322373739171, 53.502448562505641, 0.0 ], [ -2.38143548440241, 53.50314280765717, 0.0 ], [ -2.380555006438572, 53.503773039556698, 0.0 ], [ -2.378551187061354, 53.505170036473487, 0.0 ], [ -2.376564018404429, 53.506486889658433, 0.0 ], [ -2.37376529907522, 53.508269194516551, 0.0 ], [ -2.372455936586737, 53.509173790122347, 0.0 ], [ -2.371672060230512, 53.50985110662122, 0.0 ], [ -2.370926197093719, 53.510682360513051, 0.0 ], [ -2.370393965917288, 53.51153796179905, 0.0 ], [ -2.370070240424526, 53.512243579929127, 0.0 ], [ -2.369839796630519, 53.513034381855171, 0.0 ], [ -2.369711716217243, 53.513891464389957, 0.0 ], [ -2.369614562040999, 53.51482308179574, 0.0 ], [ -2.369454893529307, 53.515670489967682, 0.0 ], [ -2.369168493622976, 53.516512650392947, 0.0 ], [ -2.368789247131875, 53.517329843838553, 0.0 ], [ -2.368265102319173, 53.518166364684312, 0.0 ], [ -2.367686281546781, 53.518931977021303, 0.0 ], [ -2.366973007888383, 53.519678218771041, 0.0 ], [ -2.36618093681837, 53.520382085306352, 0.0 ], [ -2.365198621530898, 53.521094293264753, 0.0 ], [ -2.364209386512398, 53.521716921025813, 0.0 ], [ -2.363045938038536, 53.522338796968093, 0.0 ], [ -2.361841635324813, 53.522873376014893, 0.0 ], [ -2.360497106513286, 53.523381535002677, 0.0 ], [ -2.358748277424153, 53.523916328900057, 0.0 ], [ -2.356850322418874, 53.524323337013243, 0.0 ], [ -2.355391354495921, 53.524557782169488, 0.0 ], [ -2.353670267884642, 53.524729948860333, 0.0 ], [ -2.351878933003613, 53.524802970796678, 0.0 ], [ -2.349629167315068, 53.524770476748721, 0.0 ], [ -2.347888514686873, 53.524774225077223, 0.0 ], [ -2.346390531148022, 53.524820025869502, 0.0 ], [ -2.34489189820384, 53.524922300130143, 0.0 ], [ -2.34352732083503, 53.525067515532548, 0.0 ], [ -2.342320765100296, 53.525246342829661, 0.0 ], [ -2.340637447190984, 53.525526869925827, 0.0 ], [ -2.338661734264373, 53.525935973380847, 0.0 ], [ -2.333633050632381, 53.526989396677848, 0.0 ], [ -2.329693431853208, 53.527799577128008, 0.0 ], [ -2.327276709392616, 53.528331418514888, 0.0 ], [ -2.324678612266208, 53.528905396460907, 0.0 ], [ -2.321283699489498, 53.529645275198646, 0.0 ], [ -2.319111984263427, 53.530215848642129, 0.0 ], [ -2.317132841780087, 53.530852437252989, 0.0 ], [ -2.315395838218691, 53.531537854231047, 0.0 ], [ -2.313649559688522, 53.532350357532557, 0.0 ], [ -2.311808919748957, 53.533395755693547, 0.0 ], [ -2.310491412576306, 53.534172176158727, 0.0 ], [ -2.309111854842457, 53.534849274515878, 0.0 ], [ -2.307874619961181, 53.535357349654568, 0.0 ], [ -2.306457687566236, 53.535845805531871, 0.0 ], [ -2.304970324958658, 53.536272641969752, 0.0 ], [ -2.303460201649907, 53.536628689687433, 0.0 ], [ -2.301816342455101, 53.536904072953703, 0.0 ], [ -2.300469425190389, 53.537086026228842, 0.0 ], [ -2.299009719844233, 53.537206776745769, 0.0 ], [ -2.297320532471096, 53.537288791852127, 0.0 ], [ -2.295821411636766, 53.537395158686763, 0.0 ], [ -2.29436907212745, 53.537562957533432, 0.0 ], [ -2.292817324543313, 53.537827809743654, 0.0 ], [ -2.291418385491693, 53.538155930041093, 0.0 ], [ -2.290177633406039, 53.538512997836229, 0.0 ], [ -2.289015200859389, 53.53894104300209, 0.0 ], [ -2.287732528029729, 53.539481515371037, 0.0 ], [ -2.286569223370227, 53.540083058794927, 0.0 ], [ -2.285099983524171, 53.540952310280367, 0.0 ], [ -2.283854498967343, 53.541671909951972, 0.0 ], [ -2.282658013547402, 53.542269310004983, 0.0 ], [ -2.281097271489139, 53.542933037327153, 0.0 ], [ -2.279081594621012, 53.543743289329242, 0.0 ], [ -2.276573322040445, 53.544650092517116, 0.0 ], [ -2.274323099036525, 53.545405424762059, 0.0 ], [ -2.272333777085197, 53.546003733512997, 0.0 ], [ -2.270185906499008, 53.54659660145132, 0.0 ], [ -2.267958419152625, 53.547217265392248, 0.0 ], [ -2.265606561114526, 53.547928770583638, 0.0 ], [ -2.263203644817686, 53.548762311755851, 0.0 ], [ -2.260526836609546, 53.549776303432843, 0.0 ], [ -2.259265791986831, 53.548654224757563, 0.0 ], [ -2.258388344710034, 53.547896597026849, 0.0 ], [ -2.2573049165457, 53.547070217874783, 0.0 ], [ -2.256305987519554, 53.546505087049418, 0.0 ], [ -2.255234082997331, 53.546062012479091, 0.0 ], [ -2.253837134569716, 53.545622059813653, 0.0 ], [ -2.252217115543279, 53.54526577672501, 0.0 ], [ -2.249511299237894, 53.544771842556933, 0.0 ], [ -2.247931360679352, 53.544392181057432, 0.0 ], [ -2.246747217688339, 53.544042659522361, 0.0 ], [ -2.245643326241908, 53.54361812343496, 0.0 ], [ -2.244351564040792, 53.543008913863822, 0.0 ], [ -2.241616717580667, 53.54164245270757, 0.0 ], [ -2.240222574988376, 53.540990223819023, 0.0 ], [ -2.238897887873535, 53.540460708427517, 0.0 ], [ -2.237603355919923, 53.540044409178137, 0.0 ], [ -2.236801617275999, 53.539845239074609, 0.0 ], [ -2.235820829182788, 53.539680196233043, 0.0 ], [ -2.234649374345183, 53.539537754810297, 0.0 ], [ -2.233318256051393, 53.539469899613039, 0.0 ], [ -2.231985357218837, 53.539529253340397, 0.0 ], [ -2.230865974090507, 53.539636777263603, 0.0 ], [ -2.229451703984341, 53.539855884893093, 0.0 ], [ -2.228212849972385, 53.540152844812283, 0.0 ], [ -2.226668569256281, 53.540587997530487, 0.0 ], [ -2.225062084409621, 53.540947386585017, 0.0 ], [ -2.223473208826059, 53.54118905381781, 0.0 ], [ -2.221926248460793, 53.541284854129117, 0.0 ], [ -2.220641407945732, 53.541278334221523, 0.0 ], [ -2.219453656415192, 53.541192218515832, 0.0 ], [ -2.218140196025641, 53.541034816775422, 0.0 ], [ -2.216670265108455, 53.540744731148827, 0.0 ], [ -2.21545496554634, 53.540394729641207, 0.0 ], [ -2.214411423091182, 53.54000714919205, 0.0 ], [ -2.213403730884903, 53.539545160936171, 0.0 ], [ -2.212436645601129, 53.539017459511122, 0.0 ], [ -2.211518784024925, 53.538372221136591, 0.0 ], [ -2.210721062156453, 53.537638065227689, 0.0 ], [ -2.209882785836494, 53.536679420750623, 0.0 ], [ -2.2088634096289, 53.535392987339542, 0.0 ], [ -2.208022738538928, 53.534542818760272, 0.0 ], [ -2.207364369333975, 53.534040126153791, 0.0 ], [ -2.206555213742165, 53.533555496145979, 0.0 ], [ -2.205673791215309, 53.533136448106383, 0.0 ], [ -2.204625198741158, 53.532773063890332, 0.0 ], [ -2.203456726674174, 53.532484429109182, 0.0 ], [ -2.202409661124611, 53.532304177753801, 0.0 ], [ -2.200890134812004, 53.532173778744152, 0.0 ], [ -2.198918487195212, 53.532083381131102, 0.0 ], [ -2.197398759584057, 53.531981206044101, 0.0 ], [ -2.196069817114198, 53.531837637528582, 0.0 ], [ -2.19463174237162, 53.531566315063813, 0.0 ], [ -2.193482332377906, 53.531294880042907, 0.0 ], [ -2.19225169639254, 53.53093513095066, 0.0 ], [ -2.190494219394468, 53.530318299591109, 0.0 ], [ -2.18888645186182, 53.529763491298731, 0.0 ], [ -2.187388385698241, 53.529294022181432, 0.0 ], [ -2.185755158242594, 53.528856768428248, 0.0 ], [ -2.184085221792882, 53.52847714928194, 0.0 ], [ -2.182221049014859, 53.528128088149728, 0.0 ], [ -2.18036366667101, 53.527854376859977, 0.0 ], [ -2.178750428991937, 53.527671421521042, 0.0 ], [ -2.177074140250702, 53.527539899757379, 0.0 ], [ -2.175609856011251, 53.527461308260193, 0.0 ], [ -2.174017931550508, 53.527443214868711, 0.0 ], [ -2.172298641041597, 53.527466784221502, 0.0 ], [ -2.170578486886511, 53.527537406895938, 0.0 ], [ -2.168041911953382, 53.527763622131303, 0.0 ], [ -2.166281132365469, 53.527899897312253, 0.0 ], [ -2.165036562972984, 53.527949535289473, 0.0 ], [ -2.16396789976315, 53.527891826183833, 0.0 ], [ -2.16271295416546, 53.527748297399782, 0.0 ], [ -2.161623750827317, 53.527492653045663, 0.0 ], [ -2.160473105783161, 53.527109510552982, 0.0 ], [ -2.159229844544353, 53.526575144788502, 0.0 ], [ -2.158372995867501, 53.526079458815047, 0.0 ], [ -2.157628793039459, 53.525547847479316, 0.0 ], [ -2.156595670761312, 53.524755626485323, 0.0 ], [ -2.155702485573411, 53.524133720749219, 0.0 ], [ -2.154650348218261, 53.523548617203488, 0.0 ], [ -2.153579790108529, 53.523067839325101, 0.0 ], [ -2.152382422103094, 53.52265139961672, 0.0 ], [ -2.150899444940654, 53.522261584976562, 0.0 ], [ -2.149163158458563, 53.521865608284671, 0.0 ], [ -2.147586135944997, 53.521418712859663, 0.0 ], [ -2.146144921976499, 53.520965493832392, 0.0 ], [ -2.14468053308746, 53.520415604861853, 0.0 ], [ -2.143225786199637, 53.519766899523681, 0.0 ], [ -2.141969371839916, 53.519100476941368, 0.0 ], [ -2.140954712507911, 53.518464582643141, 0.0 ], [ -2.139928609081983, 53.517766531794393, 0.0 ], [ -2.138982991909608, 53.516993632140519, 0.0 ], [ -2.138181161342535, 53.516247334740761, 0.0 ], [ -2.137496732558837, 53.51548535163213, 0.0 ], [ -2.136798603371477, 53.514596167704703, 0.0 ], [ -2.136211939206819, 53.513670278230933, 0.0 ], [ -2.135465417791145, 53.51235232976633, 0.0 ], [ -2.134657231412744, 53.510933405916191, 0.0 ], [ -2.133963501268534, 53.509785268509098, 0.0 ], [ -2.133028936425541, 53.508299039853242, 0.0 ], [ -2.131900888850601, 53.506605344890311, 0.0 ], [ -2.130694216567627, 53.504873945555239, 0.0 ], [ -2.129703340948431, 53.503493007804629, 0.0 ], [ -2.128795830843807, 53.502284513693297, 0.0 ], [ -2.127547078176566, 53.500694403432263, 0.0 ], [ -2.126453867814191, 53.499452363932797, 0.0 ], [ -2.125356082552856, 53.498320237216483, 0.0 ], [ -2.124138975681309, 53.497158842185392, 0.0 ], [ -2.122725624656794, 53.495977834052368, 0.0 ], [ -2.121516449232796, 53.494975700193329, 0.0 ], [ -2.120486731577662, 53.494060681083937, 0.0 ], [ -2.119552244198064, 53.493134431098667, 0.0 ], [ -2.118728760526562, 53.492197051063812, 0.0 ], [ -2.117841204200857, 53.490982923499267, 0.0 ], [ -2.117045813008787, 53.489791349385527, 0.0 ], [ -2.116501552704811, 53.488732418750899, 0.0 ], [ -2.11611378039364, 53.487788201988849, 0.0 ], [ -2.115663526583604, 53.486438115704352, 0.0 ], [ -2.115421111108801, 53.485320489685968, 0.0 ], [ -2.115335231207201, 53.484308127667859, 0.0 ], [ -2.115444609330539, 53.483451624377501, 0.0 ], [ -2.115706138694344, 53.482488812770022, 0.0 ], [ -2.116091824891684, 53.481671656245823, 0.0 ], [ -2.116561467523658, 53.481038661334829, 0.0 ], [ -2.117159207710185, 53.480316939048173, 0.0 ], [ -2.11779751399861, 53.479714687945339, 0.0 ], [ -2.118838857730015, 53.478962634521693, 0.0 ], [ -2.119670536764406, 53.478444806276897, 0.0 ], [ -2.120931802947291, 53.477788243424321, 0.0 ], [ -2.12390458989463, 53.476337471003617, 0.0 ], [ -2.127478781006826, 53.474587575607138, 0.0 ], [ -2.132713827465236, 53.472118030588497, 0.0 ], [ -2.134965769700903, 53.471116630760399, 0.0 ], [ -2.136075139523857, 53.470534317696838, 0.0 ], [ -2.136954416494211, 53.469993041876229, 0.0 ], [ -2.137731976696577, 53.469380507539867, 0.0 ], [ -2.138500342617795, 53.468600714599702, 0.0 ], [ -2.138994221658489, 53.467911176089061, 0.0 ], [ -2.139337456554304, 53.467239602283428, 0.0 ], [ -2.139530886576754, 53.466534201563, 0.0 ], [ -2.139610154470553, 53.465549572357261, 0.0 ], [ -2.139549940682237, 53.464870977832881, 0.0 ], [ -2.139339608794231, 53.464182097122837, 0.0 ], [ -2.138927754033615, 53.463236110440683, 0.0 ], [ -2.138428789787095, 53.462295905342202, 0.0 ], [ -2.137835526694673, 53.461316231329647, 0.0 ], [ -2.13733359220547, 53.460559690014733, 0.0 ], [ -2.136879928113987, 53.459754815433953, 0.0 ], [ -2.136552021103303, 53.458999267549871, 0.0 ], [ -2.136333859940068, 53.458305555167023, 0.0 ], [ -2.136174252014202, 53.457420510980043, 0.0 ], [ -2.136149097396244, 53.456534780814764, 0.0 ], [ -2.13605778108663, 53.454853269815999, 0.0 ], [ -2.135907877409249, 53.453374732450982, 0.0 ], [ -2.135613305353251, 53.45154874324713, 0.0 ], [ -2.135243852273612, 53.449945221425693, 0.0 ], [ -2.134750523300459, 53.448172997626742, 0.0 ], [ -2.134312621736819, 53.446893731243733, 0.0 ], [ -2.133860241227207, 53.445699726516708, 0.0 ], [ -2.133104730135129, 53.444018232516079, 0.0 ], [ -2.132448785536052, 53.442655173277721, 0.0 ], [ -2.131651752829148, 53.441095728654197, 0.0 ], [ -2.13080608274268, 53.439592345006567, 0.0 ], [ -2.129976813316502, 53.438074936668713, 0.0 ], [ -2.129105984604362, 53.436608663971917, 0.0 ], [ -2.128546783968155, 53.435512305251017, 0.0 ], [ -2.128091230539355, 53.434370808999333, 0.0 ], [ -2.127676799154855, 53.433134112919277, 0.0 ], [ -2.12735051223794, 53.431827334296578, 0.0 ], [ -2.126995904160598, 53.430317796844427, 0.0 ], [ -2.126584208602983, 53.428923679640292, 0.0 ], [ -2.126037539755013, 53.427842901294987, 0.0 ], [ -2.12552869748933, 53.427053198637907, 0.0 ], [ -2.125376757046983, 53.426199275184722, 0.0 ], [ -2.125411272405774, 53.425549362237291, 0.0 ], [ -2.1256931255726, 53.424759569167897, 0.0 ], [ -2.126273875116395, 53.424058759519681, 0.0 ], [ -2.126974149816872, 53.423304357549227, 0.0 ], [ -2.127990467719737, 53.422565871846757, 0.0 ], [ -2.128868893773054, 53.422038584907213, 0.0 ], [ -2.12982295010523, 53.421566487704879, 0.0 ], [ -2.130809322736273, 53.42120000511634, 0.0 ], [ -2.131794137021614, 53.42092771610713, 0.0 ], [ -2.132769490111528, 53.420759020084049, 0.0 ], [ -2.133886617330428, 53.420628820001014, 0.0 ], [ -2.134931039926177, 53.420597158785732, 0.0 ], [ -2.136457093905531, 53.42061541312107, 0.0 ], [ -2.137627871068248, 53.420593906184159, 0.0 ], [ -2.138617322490394, 53.420533646504651, 0.0 ], [ -2.139864195515323, 53.420334471216769, 0.0 ], [ -2.141229623056717, 53.420007730611736, 0.0 ], [ -2.14230326548351, 53.419627472000563, 0.0 ], [ -2.1432352905421, 53.419203967031912, 0.0 ], [ -2.144329040075523, 53.418559859753678, 0.0 ], [ -2.145485946345617, 53.417888603644613, 0.0 ], [ -2.146633255527796, 53.417353172804972, 0.0 ], [ -2.14810538832491, 53.416781846502772, 0.0 ], [ -2.15030836538914, 53.416016599638937, 0.0 ], [ -2.152469529934202, 53.41525865382831, 0.0 ], [ -2.153438900139548, 53.414971879890032, 0.0 ], [ -2.154398753987223, 53.414788735086582, 0.0 ], [ -2.155690041466396, 53.41465458340258, 0.0 ], [ -2.156894090162972, 53.414534080855418, 0.0 ], [ -2.157719068406661, 53.414378439413539, 0.0 ], [ -2.158703987974674, 53.414101167624331, 0.0 ], [ -2.159565436011428, 53.413758566373183, 0.0 ], [ -2.160489620113135, 53.413325364207388, 0.0 ], [ -2.161797157563727, 53.412639845482239, 0.0 ], [ -2.162921019802869, 53.412071085780447, 0.0 ], [ -2.163980151590892, 53.411596210974487, 0.0 ], [ -2.165870495730113, 53.410856200613559, 0.0 ], [ -2.167562778837779, 53.410337683781478, 0.0 ], [ -2.169647343586046, 53.409813380859283, 0.0 ] ] } }
]
}
