{"type":"FeatureCollection", "features": [
{"type":"Feature","geometry":{"type":"Polygon","coordinates":[[[-2.69063279918862,53.3853882195736],[-2.7015382681522,53.3868877965797],[-2.71034381013495,53.3892896827442],[-2.71280344145918,53.3906260083639],[-2.71612006190127,53.3968803206632],[-2.71657841023386,53.3989161771012],[-2.72095241255358,53.4000143700322],[-2.72893575273992,53.399671041863],[-2.74517463855405,53.402095646477],[-2.74629403591643,53.3995376486958],[-2.74412317763896,53.3948393041606],[-2.75064785695542,53.3937880963161],[-2.75005023736181,53.392383269434],[-2.74710602290737,53.3923927642779],[-2.74833842550044,53.3884083764229],[-2.75240078995737,53.3859954508482],[-2.76002875529575,53.3844261572059],[-2.76058116419612,53.3823461898416],[-2.76452478555674,53.3826985688839],[-2.76935241884218,53.3838773323137],[-2.77229001765084,53.3827869143194],[-2.77305597729941,53.3811648791414],[-2.77705181820092,53.3796790918772],[-2.77969466934157,53.3756393284407],[-2.78084393067186,53.3722341095738],[-2.7802473442126,53.3699323244643],[-2.78191153638878,53.3674909115731],[-2.78091434522927,53.366211967452],[-2.78456417435462,53.3619309683577],[-2.78730169890451,53.3562903954798],[-2.80386542549845,53.3556854829254],[-2.80906433171471,53.3550813803968],[-2.81636670774326,53.3501639938819],[-2.81880693241227,53.3480007079547],[-2.81986864225389,53.3436778956293],[-2.81800026209284,53.3429814187372],[-2.82020983074818,53.3404071182442],[-2.82232856613751,53.3406936748679],[-2.82348289430031,53.337387717578],[-2.82716415059614,53.3378709843059],[-2.83245729486952,53.3372894346576],[-2.83153061714098,53.3351269396331],[-2.81832041099228,53.3257348120571],[-2.81807251134451,53.3186658374431],[-2.81039642686067,53.3169635222113],[-2.80050053484837,53.3122778518974],[-2.79216118615527,53.3094291831904],[-2.78952860711599,53.3090178876771],[-2.78664516712055,53.3098126347269],[-2.77560528550589,53.3151227899283],[-2.76842045666492,53.3189967432726],[-2.76773273915849,53.3201589727555],[-2.77023767337676,53.3225410261274],[-2.77109841852941,53.3258119879965],[-2.75243197509548,53.3147596244631],[-2.74498223478091,53.3109609055445],[-2.73929214925888,53.306870369551],[-2.73433905548183,53.3072640853671],[-2.73300170072852,53.310399561936],[-2.73000892062321,53.3121491228314],[-2.72414878057142,53.3124607812414],[-2.72352532885742,53.313139616089],[-2.71570388254101,53.3118707961889],[-2.70821341799369,53.3097230614786],[-2.70080120166389,53.3058072297047],[-2.68758000477157,53.3133753950844],[-2.68515177103575,53.3154514620959],[-2.6781645680384,53.314160130878],[-2.66532091988898,53.3114161732559],[-2.6487965184043,53.3082225932542],[-2.64244094955025,53.3060439674204],[-2.64506142803031,53.3101350721447],[-2.6383929071933,53.3095211018132],[-2.63572359260039,53.3079488291268],[-2.6294568805429,53.307778154565],[-2.62412274757937,53.3093981931032],[-2.6247144042802,53.3117798039854],[-2.62273359318394,53.3120140363922],[-2.61780100563941,53.3161350929962],[-2.61786854580456,53.3182040332591],[-2.62102719348461,53.319151212835],[-2.61993479574381,53.3203209116316],[-2.61665108985962,53.3206004571463],[-2.6135178884412,53.3189159829099],[-2.60985775433334,53.317842600043],[-2.61013475174417,53.3164209773562],[-2.60779951541131,53.3139178388976],[-2.60471657761493,53.315516494705],[-2.60357290902435,53.3179717960664],[-2.59931248234564,53.3186989438053],[-2.59523770909192,53.3201647657566],[-2.59522305170231,53.3224543711675],[-2.59628790444554,53.3245281094367],[-2.60060657628118,53.3245801577262],[-2.60473387579298,53.3266059904904],[-2.60757921870852,53.3272449949097],[-2.61039163649307,53.3304055090675],[-2.61493551441319,53.3288566922376],[-2.61749875336274,53.3295877787603],[-2.6198073318218,53.3319138012321],[-2.61569887238506,53.3347145134912],[-2.61121411804351,53.3411728643214],[-2.60703903453167,53.3423635868866],[-2.60714947440426,53.344428650307],[-2.60957309239938,53.3462742438],[-2.61435462332708,53.347331899322],[-2.61598907899035,53.3467086399213],[-2.62270452450762,53.3473875314506],[-2.62415313805461,53.3460810146854],[-2.62771289531524,53.3465792132806],[-2.63146774491781,53.3460335211033],[-2.63099109493508,53.3483363209402],[-2.6276121326713,53.3549609083091],[-2.62694585102098,53.3585967435706],[-2.63062192979903,53.3640498201747],[-2.64217959292185,53.3617409996171],[-2.67464077832375,53.3536643586096],[-2.6757883116462,53.3552606771845],[-2.6810106334054,53.3554323309616],[-2.6888196655965,53.3573453454133],[-2.69115860052444,53.3583413670325],[-2.69391127669737,53.3607460616391],[-2.69375044640309,53.364902624933],[-2.69720170020037,53.368544539816],[-2.69772482754663,53.3793128423213],[-2.69662918613256,53.3826513279671],[-2.69063279918862,53.3853882195736]]]},"properties":{"lad18nm":"Halton","lad18cd":"E06000006","lad18gr":3151,"lad18grpc":0.054}},
{"type":"Feature","geometry":{"type":"Polygon","coordinates":[[[-2.48971382174961,53.460282297438],[-2.48974923489679,53.461926999832],[-2.49227024187945,53.465154309209],[-2.49116272122148,53.4673358573106],[-2.49140468719295,53.472114927472],[-2.48915336712227,53.4758724068329],[-2.49334926662315,53.4797480971013],[-2.4963344588829,53.4809294219504],[-2.50077634966227,53.4801296800413],[-2.55042601239418,53.4680762080745],[-2.55263854410147,53.4678134069205],[-2.54907568465009,53.461485853743],[-2.57038994787401,53.4584755069628],[-2.57050364971092,53.4568507750472],[-2.57349606395054,53.4517022989591],[-2.57461778687876,53.448021515676],[-2.57674283317084,53.4460572083879],[-2.58231431173078,53.4411593684959],[-2.58507856821394,53.4400860408358],[-2.59037676204904,53.4454593142115],[-2.59354969927722,53.4477770441973],[-2.59684069019031,53.4492545533887],[-2.59588994510143,53.4453303626183],[-2.59705103319702,53.4425614541672],[-2.60077215569756,53.4434874639795],[-2.60241043229591,53.442442836566],[-2.6063435974291,53.4428219604825],[-2.61101475282229,53.4423765677195],[-2.61605499822148,53.4407057213707],[-2.61800966707056,53.4386677143444],[-2.62228112103777,53.4367668772821],[-2.62492575983266,53.4367530509171],[-2.62746241529418,53.4344126024006],[-2.62963363737877,53.4348739194421],[-2.63218978703401,53.4381386230063],[-2.6316770228804,53.4409152622333],[-2.63391282213088,53.4424457796878],[-2.63913593419739,53.4443910202317],[-2.64267870354542,53.4439027550081],[-2.6457627335302,53.4443409983359],[-2.64798241473289,53.4466543114],[-2.65109588206434,53.4477277541827],[-2.65474264633199,53.4481176753373],[-2.65769249178421,53.4474435067607],[-2.6599461512568,53.4489807291242],[-2.66524932134578,53.4491759632158],[-2.67066071166407,53.4499259639317],[-2.67365911350343,53.4528052035819],[-2.67754800037345,53.452569248649],[-2.67851145167812,53.4503823299633],[-2.67735427466935,53.448065272035],[-2.67868977458069,53.4442725618646],[-2.68216821804619,53.4392343554552],[-2.67632732395359,53.4396127309253],[-2.67029168170199,53.4413006536172],[-2.6687668623709,53.4394917578094],[-2.6718363506707,53.4378682600168],[-2.67158324120606,53.4360368725548],[-2.67604620566027,53.4354552715772],[-2.67526772503103,53.4329653045709],[-2.66481854728744,53.431301736973],[-2.66354743080939,53.4288288127356],[-2.67006325304907,53.4241758095466],[-2.67231979392623,53.4220246996365],[-2.67157749097982,53.4187453431559],[-2.66709353099697,53.4186463741043],[-2.66685618525226,53.4162639473088],[-2.67187659973144,53.4152866050533],[-2.67302517328897,53.4100801285595],[-2.67235532163577,53.4077621503992],[-2.67137698551968,53.4001739927719],[-2.67481551447448,53.3980134767803],[-2.67661115212952,53.3935466202689],[-2.67631721273559,53.3876193652007],[-2.69063279918862,53.3853882195736],[-2.69662918613256,53.3826513279671],[-2.69772482754663,53.3793128423213],[-2.69720170020037,53.368544539816],[-2.69375044640309,53.364902624933],[-2.69391127669737,53.3607460616391],[-2.69115860052444,53.3583413670325],[-2.6888196655965,53.3573453454133],[-2.6810106334054,53.3554323309616],[-2.6757883116462,53.3552606771845],[-2.67464077832375,53.3536643586096],[-2.64217959292185,53.3617409996171],[-2.63062192979903,53.3640498201747],[-2.62694585102098,53.3585967435706],[-2.6276121326713,53.3549609083091],[-2.63099109493508,53.3483363209402],[-2.63146774491781,53.3460335211033],[-2.62771289531524,53.3465792132806],[-2.62415313805461,53.3460810146854],[-2.62270452450762,53.3473875314506],[-2.61598907899035,53.3467086399213],[-2.61435462332708,53.347331899322],[-2.60957309239938,53.3462742438],[-2.60714947440426,53.344428650307],[-2.60703903453167,53.3423635868866],[-2.61121411804351,53.3411728643214],[-2.61569887238506,53.3347145134912],[-2.6198073318218,53.3319138012321],[-2.61749875336274,53.3295877787603],[-2.61493551441319,53.3288566922376],[-2.61039163649307,53.3304055090675],[-2.60757921870852,53.3272449949097],[-2.60473387579298,53.3266059904904],[-2.60060657628118,53.3245801577262],[-2.59628790444554,53.3245281094367],[-2.59522305170231,53.3224543711675],[-2.59282902319075,53.3223754765111],[-2.59244260079731,53.3249312200878],[-2.58850054943522,53.325954829883],[-2.58838518037534,53.3272767466408],[-2.58581136884873,53.329228332454],[-2.5786546641169,53.3276336994008],[-2.57836242742992,53.3260180400049],[-2.56887211557152,53.3252278202969],[-2.56308765664512,53.3230800231884],[-2.56040402066113,53.3238226431717],[-2.55866038206856,53.3256105651741],[-2.55392801148786,53.3287266170643],[-2.55145152018555,53.3324010411811],[-2.54828047971928,53.3310313600794],[-2.545217151199,53.3305564814456],[-2.54141972967278,53.3332811445968],[-2.5396092465986,53.3362889346452],[-2.53823393315724,53.3359526937019],[-2.5287513119585,53.3391816391076],[-2.51839296054763,53.3423902754329],[-2.52104960816655,53.3479004826802],[-2.51549028191565,53.3496540431689],[-2.51338321970527,53.3523220414819],[-2.50770138505943,53.3543373472122],[-2.50694480936884,53.3552682042474],[-2.50306242661647,53.3561511868454],[-2.50272749539835,53.3575619800052],[-2.49780153330055,53.3594271594819],[-2.49618905094254,53.3618671793336],[-2.49303158207866,53.3626056525873],[-2.49213080474408,53.3647684977373],[-2.48899036245547,53.3670151290912],[-2.48195541458484,53.3676649126414],[-2.47504037039209,53.3660189863316],[-2.471765753537,53.3646539605676],[-2.4649035845944,53.3636391583377],[-2.46095285658686,53.3641839712118],[-2.45884201824813,53.3682855996021],[-2.45108829792302,53.3671079837626],[-2.44670332614133,53.3658516984557],[-2.43987999487119,53.3666626456098],[-2.439663062122,53.370542175359],[-2.43643261569684,53.3703391861138],[-2.43277735028088,53.3740316572863],[-2.43127674930789,53.3733899082218],[-2.4274889220966,53.3759114285104],[-2.42872346408877,53.3764058211629],[-2.42550391010093,53.3797378521665],[-2.42682701831277,53.384719199869],[-2.42658992510444,53.3874615169358],[-2.42746758323355,53.3887671991631],[-2.43212006602021,53.3877643239231],[-2.43387086807567,53.3894532923997],[-2.4367027024504,53.3892101358802],[-2.44165473621787,53.3910031553114],[-2.44812290278962,53.3946599174701],[-2.45074382892409,53.3949187373634],[-2.45477988589669,53.3939084095453],[-2.45916505847677,53.3937882864144],[-2.4653723739542,53.3947161507537],[-2.47007217877869,53.3924290069897],[-2.47274963749424,53.3927779588133],[-2.47845439772895,53.3962185675272],[-2.47041765657323,53.3982504760034],[-2.46560204471775,53.4010064139932],[-2.46253896720206,53.4034272625405],[-2.45625702655382,53.4108237427133],[-2.45421101828958,53.4127919056032],[-2.44937818830286,53.4158914442799],[-2.45121646049176,53.4188390906174],[-2.44913483297471,53.4206409658889],[-2.44901461229098,53.4229380363079],[-2.45144879277231,53.4265682505846],[-2.45421963376104,53.4284354493176],[-2.45798024808118,53.4320345108073],[-2.46172387799054,53.4363687331607],[-2.46716549222293,53.4371987282872],[-2.47079873282852,53.4389102912488],[-2.47410222392646,53.4393834540102],[-2.47815332906477,53.4434174890128],[-2.47604250834945,53.4474599130711],[-2.4831590841178,53.4540333043356],[-2.48626444084028,53.4553635450105],[-2.4867974012492,53.4579869325613],[-2.48971382174961,53.460282297438]]]},"properties":{"lad18nm":"Warrington","lad18cd":"E06000007","lad18gr":3727,"lad18grpc":0.04}},
{"type":"Feature","geometry":{"type":"Polygon","coordinates":[[[-2.46580771374763,53.7808134079364],[-2.46910145956295,53.7818188747229],[-2.47370688331454,53.7798989374133],[-2.47795352044587,53.7799431920923],[-2.48082634103419,53.7739915961365],[-2.48669360545166,53.7727940923001],[-2.49076714182858,53.7712109042712],[-2.49934052192869,53.768616673777],[-2.50469101975549,53.7697169035481],[-2.50969482685074,53.769109717727],[-2.51125437404171,53.766730227891],[-2.51396542368701,53.7664850205732],[-2.51625127234859,53.7643666120155],[-2.51869567917245,53.763914703712],[-2.51983957939682,53.762335967487],[-2.52568732760316,53.759676149483],[-2.52980938961209,53.7598656586192],[-2.53449365592801,53.7588174838209],[-2.53992283110524,53.7599238778861],[-2.54546336149502,53.7594224877759],[-2.54916416851017,53.7581301193305],[-2.5512980543086,53.7563883886878],[-2.55200905286855,53.7530154977368],[-2.55398712642003,53.7497078208663],[-2.55826651562119,53.7490228590338],[-2.55916593863004,53.7475535874102],[-2.56160160852994,53.7469013543165],[-2.56215942932807,53.7443937705575],[-2.56456726882246,53.7437155490677],[-2.56292388599294,53.7416946315833],[-2.5636701431194,53.7394540100706],[-2.55936035534562,53.7351635171618],[-2.55715498570588,53.7346121113488],[-2.5558573549774,53.7289961058236],[-2.55689169226412,53.727435465381],[-2.55518215783763,53.7252682840874],[-2.55074467119068,53.726544398556],[-2.54617486919647,53.7248989632846],[-2.54727685831339,53.7219970118619],[-2.54377186078019,53.72131911398],[-2.54080012855756,53.7196698020321],[-2.53989980687732,53.7181234155236],[-2.5391087401572,53.7131421823001],[-2.54307315316261,53.7101555506952],[-2.54156858300789,53.7079035847841],[-2.54277782390315,53.7066325896587],[-2.53988096531215,53.702343141422],[-2.53746387897338,53.7010741130151],[-2.53529254092702,53.6982660558103],[-2.53193140592088,53.6964429364532],[-2.52529605199063,53.694963975924],[-2.52343968157521,53.6954826606296],[-2.51567629066042,53.6923821272296],[-2.51534002483473,53.6900178333012],[-2.51792940701062,53.68667021184],[-2.5174074718452,53.6848596102966],[-2.51834560871478,53.677655082292],[-2.5205290052156,53.6753517606807],[-2.52506109056311,53.6749751733089],[-2.52647167794916,53.6711876328606],[-2.52834142187378,53.6694114724835],[-2.53004256131414,53.6663829734928],[-2.53234403392868,53.6649022653213],[-2.52904726721113,53.6605009331284],[-2.52874667084179,53.6565582561138],[-2.52529616954562,53.6537061820122],[-2.52324669649851,53.6503292432561],[-2.52149338169559,53.6454328462493],[-2.52453369415379,53.6416364093436],[-2.52006160283167,53.630481682948],[-2.51482188385421,53.6292369081738],[-2.51132292934796,53.6269949667172],[-2.50793050952902,53.6254041149163],[-2.49695242395153,53.622747497638],[-2.48525346117577,53.6192064194388],[-2.47919534002786,53.6170358900123],[-2.4730316888446,53.6165840960203],[-2.47044271997049,53.6198911947385],[-2.46658887771639,53.6215098074778],[-2.46340878120662,53.622003991933],[-2.45970004381105,53.6200426941985],[-2.4537808878436,53.6219744220234],[-2.45535225159062,53.6241354573272],[-2.45828927754248,53.6246312139176],[-2.45640488232792,53.6266869028949],[-2.45346081739673,53.6279402918118],[-2.45066148620469,53.6277584906112],[-2.4492501440719,53.6311200641524],[-2.44929907297438,53.6354314942246],[-2.44797119325,53.6367137002682],[-2.45027035776665,53.6414320693689],[-2.44724527389267,53.6414370411176],[-2.44303713452243,53.6424262117643],[-2.44228594655404,53.6437825915769],[-2.43872438284017,53.6460454486624],[-2.43265143195678,53.6413820045741],[-2.43058055710098,53.6383901525006],[-2.42614374089195,53.635010270829],[-2.42588313565935,53.6282034404946],[-2.42635445640224,53.6265155880795],[-2.42169643500597,53.623835573874],[-2.41624292339874,53.6236947380673],[-2.41383212201493,53.6246864183459],[-2.40855668323251,53.6254496600697],[-2.40120935798549,53.6245990605314],[-2.40008222049724,53.6277136973679],[-2.40079354879948,53.6290632173617],[-2.39754762223399,53.6321776317895],[-2.38594890106092,53.6330147377655],[-2.38341741592526,53.6311901562238],[-2.37913211552921,53.6308703643459],[-2.37628844443075,53.6318132341598],[-2.37092036086253,53.6320152064503],[-2.36855693866575,53.6351567253669],[-2.37250416017514,53.6420285862026],[-2.37073553832017,53.6445669522232],[-2.3670549673892,53.6450618232364],[-2.36705360463703,53.6476909297822],[-2.36545582821881,53.6520289455018],[-2.3629692619133,53.6549163877745],[-2.36363558920914,53.6574382314154],[-2.36829914062644,53.6624752913833],[-2.37123619444388,53.667080654493],[-2.37405916179249,53.6713888758023],[-2.37585530288517,53.6753928616661],[-2.37571597571508,53.6813299333504],[-2.37442427465371,53.6872544342486],[-2.38089280695833,53.688582226467],[-2.38479485673966,53.6882407981371],[-2.39152756194246,53.6886225233443],[-2.40028730642582,53.692595088536],[-2.40128841087244,53.6949861933132],[-2.40550689223497,53.6989832924284],[-2.40860669839143,53.7031396903553],[-2.41098929578139,53.7051367415016],[-2.41514388702412,53.7055412335692],[-2.41999966281421,53.7089496663211],[-2.41852901301814,53.7114229421501],[-2.42464842228532,53.7141454848308],[-2.43359872214055,53.7193138634663],[-2.43230665291334,53.7202541882534],[-2.43355266447963,53.727623516393],[-2.43976172553256,53.7333738673959],[-2.44010701997699,53.739417915708],[-2.44082892406569,53.7401712073973],[-2.44198741327233,53.7452289725515],[-2.43937028556972,53.7478316080236],[-2.44068327324209,53.7504153060677],[-2.44618918594264,53.7551037049268],[-2.45094113026839,53.7559847157909],[-2.45211736967593,53.7612858064496],[-2.44778633631163,53.7661016177989],[-2.45358923484031,53.7710634147679],[-2.45353271746328,53.7729933806164],[-2.46050232198006,53.7779154634846],[-2.46236623603071,53.7783649247363],[-2.46580771374763,53.7808134079364]]]},"properties":{"lad18nm":"Blackburn with Darwen","lad18cd":"E06000008","lad18gr":1574,"lad18grpc":0.027}},
{"type":"Feature","geometry":{"type":"Polygon","coordinates":[[[-3.01065293005663,53.8261939007195],[-3.01331862046581,53.8289991246584],[-3.01083146138187,53.8305238782591],[-3.00880704939558,53.8303781945896],[-3.00720227069484,53.8329012182083],[-3.00974439984979,53.8349876189176],[-3.0102482217271,53.836535657974],[-3.01260641070209,53.8377804186112],[-3.01555557914246,53.8407107931918],[-3.01733495855457,53.8403829204165],[-3.01648890953714,53.8375156526282],[-3.01911079456702,53.8370898302399],[-3.02053510303659,53.8407331688772],[-3.01524504189379,53.8427681763108],[-3.01781350552925,53.8452011006548],[-3.01801704308904,53.8482714677495],[-3.01515169398559,53.849085853346],[-3.01457364762323,53.8507086001591],[-3.01951658114968,53.8581852592136],[-3.02261918151993,53.8617162821995],[-3.02277233008922,53.8643215932452],[-3.0197498931885,53.8685995788685],[-3.02689663389007,53.869241378828],[-3.02714270697711,53.8701659435199],[-3.03134883878074,53.8747245406277],[-3.04795016891529,53.8757317256396],[-3.0549839263729,53.8759161600337],[-3.05473304047653,53.8719860784477],[-3.05829032225532,53.8612272810199],[-3.05967147779252,53.8594982698946],[-3.06118426240481,53.8538932784026],[-3.06278211042077,53.8501058481286],[-3.06287702008647,53.845806890781],[-3.06680152116217,53.8253812326977],[-3.07479696530837,53.7815440120509],[-3.07641687767394,53.7732045345177],[-3.06773794184561,53.7746556007838],[-3.03281956857483,53.7808536141511],[-3.02880130418184,53.7731167798034],[-3.01579664941642,53.7751492483264],[-3.01527995665964,53.7745487022738],[-3.00957059648817,53.7743847794632],[-2.99641651714645,53.7747813862745],[-3.00612176257234,53.7879915147728],[-3.00398802587395,53.7878160857751],[-3.00396688937261,53.7911366492366],[-3.00132974701979,53.7920782022344],[-2.99932035820582,53.7943358212161],[-2.99056032269431,53.7936651184632],[-2.98335722276106,53.7938034453417],[-2.98691241832095,53.7986595909641],[-2.9895373820658,53.8004626928903],[-2.98667467129857,53.8021851606123],[-2.99201093013068,53.8081400889543],[-2.99481390982129,53.8150001502397],[-2.99330267785586,53.8159034283895],[-2.99500424807209,53.8184887245035],[-2.99822285066692,53.8189977180918],[-3.00222977326813,53.8219214288024],[-3.00276426846264,53.8231834105833],[-3.00613663343416,53.8243775820881],[-3.00946533999544,53.8246947479823],[-3.01065293005663,53.8261939007195]]]},"properties":{"lad18nm":"Blackpool","lad18cd":"E06000009","lad18gr":1102,"lad18grpc":0.018}},
{"type":"Feature","geometry":{"type":"Polygon","coordinates":[[[-2.31399816114173,53.3574246421479],[-2.31432035437042,53.3587352288106],[-2.32000814129934,53.3586410467631],[-2.32236443741282,53.3594822796152],[-2.3243983139176,53.3613796710299],[-2.328110311498,53.3604715489156],[-2.33069018368523,53.3616248995487],[-2.32953377874411,53.3632631191751],[-2.33315237230638,53.3655892891162],[-2.34095172991201,53.3674791614818],[-2.34369295924516,53.3665562511712],[-2.34776251849865,53.3678424209719],[-2.34802700243469,53.366363889037],[-2.35097528607638,53.3665224924795],[-2.35207942046787,53.3681111257469],[-2.35689047596773,53.3685201743553],[-2.35702151540922,53.3669476705216],[-2.36065302375132,53.3663192286249],[-2.35950850965616,53.3642454462487],[-2.36502717938874,53.3631059713324],[-2.36691110000275,53.3644548553794],[-2.37527117001684,53.3653384198215],[-2.37812611934013,53.3661581909373],[-2.38087504338622,53.3698959312912],[-2.39010734576266,53.3706885891004],[-2.39616496614243,53.3744879198279],[-2.40035839481339,53.3751022367613],[-2.40052512299679,53.3776391703856],[-2.40712105342013,53.3798244620281],[-2.40842868279532,53.3827844260507],[-2.41091011945481,53.3839633340088],[-2.4171462321207,53.3847192731837],[-2.42064674480227,53.3867383756105],[-2.42244714867826,53.3863527185869],[-2.42658992510444,53.3874615169358],[-2.42682701831277,53.384719199869],[-2.42550391010093,53.3797378521665],[-2.42872346408877,53.3764058211629],[-2.4274889220966,53.3759114285104],[-2.43127674930789,53.3733899082218],[-2.43277735028088,53.3740316572863],[-2.43643261569684,53.3703391861138],[-2.439663062122,53.370542175359],[-2.43987999487119,53.3666626456098],[-2.44670332614133,53.3658516984557],[-2.45108829792302,53.3671079837626],[-2.45884201824813,53.3682855996021],[-2.46095285658686,53.3641839712118],[-2.4649035845944,53.3636391583377],[-2.471765753537,53.3646539605676],[-2.47504037039209,53.3660189863316],[-2.48195541458484,53.3676649126414],[-2.48899036245547,53.3670151290912],[-2.49213080474408,53.3647684977373],[-2.49303158207866,53.3626056525873],[-2.49618905094254,53.3618671793336],[-2.49780153330055,53.3594271594819],[-2.50272749539835,53.3575619800052],[-2.50306242661647,53.3561511868454],[-2.50694480936884,53.3552682042474],[-2.50770138505943,53.3543373472122],[-2.51338321970527,53.3523220414819],[-2.51549028191565,53.3496540431689],[-2.52104960816655,53.3479004826802],[-2.51839296054763,53.3423902754329],[-2.51407550106949,53.3427029177687],[-2.51242683186317,53.3421158567285],[-2.50766475647196,53.3429263932853],[-2.50334720926172,53.3420988475119],[-2.50183856156846,53.3433151035607],[-2.49657188735701,53.3446809559113],[-2.49395329340584,53.3432041900069],[-2.4943524338209,53.34071445548],[-2.49788269190467,53.3376912881898],[-2.50309651495852,53.3316667290202],[-2.50445553664564,53.3268438433162],[-2.50962895547272,53.3245279238029],[-2.51228119048505,53.3213462104506],[-2.50674943414077,53.3183370030062],[-2.50356040437573,53.3136915966834],[-2.50558612462071,53.3119940535598],[-2.50521835540417,53.3097016895723],[-2.50275961269594,53.3069893399929],[-2.50260184418634,53.3051778354976],[-2.50087222192337,53.3042062428141],[-2.50169535038024,53.2986441431165],[-2.49781850236802,53.2998369745186],[-2.49705385447214,53.2960064420809],[-2.49777827200351,53.2948267542942],[-2.49800605204794,53.289908956227],[-2.49251205312391,53.2907712923009],[-2.48780464102061,53.2910369711434],[-2.47892208325111,53.2898280468668],[-2.46875882066618,53.2860005918014],[-2.46445731784584,53.2872794710328],[-2.45328651261666,53.2845889586071],[-2.44799779578281,53.281723558597],[-2.44717478880318,53.2796133462732],[-2.45047086461083,53.2780054136316],[-2.44803590550359,53.2749089338251],[-2.44522131884482,53.2726156693741],[-2.44408944771518,53.270471539455],[-2.43961431398819,53.2692207103293],[-2.43545910832835,53.2693294309287],[-2.43366919208566,53.2686276571636],[-2.4316848750074,53.2660362015941],[-2.42645683843582,53.263012264501],[-2.42721890926478,53.2615650790522],[-2.422885196312,53.2600685960115],[-2.41717926508494,53.2647916746068],[-2.41479536949761,53.2646228846149],[-2.4150108652714,53.2668980794682],[-2.40884080058736,53.2684250678013],[-2.40588926240682,53.2669205263095],[-2.40353635908786,53.2668737049744],[-2.40026888793763,53.2653674192019],[-2.39425327555989,53.2667718236265],[-2.39176746143289,53.265464100825],[-2.38802036809804,53.2647446377666],[-2.38823680604782,53.2613353908034],[-2.38622056759004,53.2610165662157],[-2.38407266542055,53.2628823977291],[-2.37929972821757,53.263094601727],[-2.37931413018097,53.2604923452662],[-2.381773859175,53.2587828557833],[-2.38056821298977,53.2568802159547],[-2.37709154819292,53.2556211863365],[-2.37089780161403,53.2543813449538],[-2.36801971464642,53.2527876056694],[-2.36671544012991,53.2508204303104],[-2.36451114187126,53.2503247016194],[-2.36415236004256,53.2485010688601],[-2.35660058857615,53.2493985814081],[-2.35308788081493,53.2483295571055],[-2.34902605257337,53.2490120980699],[-2.35074981625255,53.2459337560046],[-2.35003631721794,53.2435349339221],[-2.34635313770005,53.2409372134946],[-2.35370821890335,53.2359717130335],[-2.35913090712075,53.2333613144022],[-2.35950904510252,53.2305817068478],[-2.36379985115036,53.2235708441722],[-2.36796302160088,53.2233197938322],[-2.37764700791328,53.2271518963872],[-2.38093179858436,53.2278138547639],[-2.38573942727874,53.2303853206035],[-2.39628927821287,53.2343623560282],[-2.39882571587776,53.2321020856096],[-2.39671308110816,53.2311033208339],[-2.39885893413675,53.2282763238947],[-2.39787804302048,53.2252278607696],[-2.40117228412505,53.2217587591391],[-2.4030373745328,53.221158361121],[-2.41287274586482,53.2210040844903],[-2.41418179859763,53.2192997654368],[-2.41224915899147,53.2125243204558],[-2.40919369477427,53.2127551385229],[-2.40872168128018,53.2087998082321],[-2.41016086415475,53.2056963595254],[-2.40639918036425,53.2040239004287],[-2.40088892693651,53.2032830985173],[-2.39914119740553,53.2048368812411],[-2.39346927966173,53.2049070263237],[-2.38986201998336,53.196085559906],[-2.38548285103188,53.1968243313697],[-2.37255999218109,53.1955514293284],[-2.37239413855019,53.1922988235395],[-2.37115235882247,53.190440214311],[-2.37607051536449,53.1889128827819],[-2.37651586292328,53.1873051718575],[-2.37282257408515,53.1864493809079],[-2.36873096419617,53.1829330623453],[-2.3723204262355,53.178741157626],[-2.377848648046,53.1737456295864],[-2.37831956492192,53.1720129140127],[-2.38700084876066,53.1755148475269],[-2.3921096750195,53.179915218434],[-2.39568624922654,53.1789891743391],[-2.39805635012258,53.1772131933818],[-2.39875807247666,53.1746183747461],[-2.39794213970378,53.1722984172816],[-2.40657953707285,53.1741370507097],[-2.40556228245262,53.1747823325013],[-2.41035754674722,53.1781142515358],[-2.41296249586337,53.1813987074297],[-2.41270088500262,53.1837754200564],[-2.41782218520526,53.1890753396499],[-2.42571758767159,53.1926580898754],[-2.42638322929803,53.1950368977345],[-2.42893757434116,53.1949593153894],[-2.4306634553297,53.1979652850791],[-2.43451693346036,53.1966748349682],[-2.43670960511017,53.1973849822918],[-2.43865608167496,53.2000879974622],[-2.44254927652908,53.2011971279645],[-2.44584137863013,53.2012190602359],[-2.44793726177361,53.1999329581817],[-2.45119420071354,53.1994594581388],[-2.4545718974781,53.201773782797],[-2.4598120874645,53.2014075554953],[-2.46025570906483,53.1990813364335],[-2.45854061419265,53.1986996675565],[-2.46036112556124,53.1928470967405],[-2.45636668410403,53.189909688395],[-2.45641557397098,53.1873278202099],[-2.45748535058,53.185050433173],[-2.45612768405136,53.1837378984532],[-2.45617254208223,53.1803426012195],[-2.45737416426073,53.1766939328178],[-2.45358476752821,53.1743101889956],[-2.4483252886399,53.1730905818507],[-2.443816191532,53.1711901914259],[-2.44182940472375,53.168702271431],[-2.44199696045949,53.1662189011395],[-2.44384774305026,53.1598685329972],[-2.45050680920471,53.1606622952584],[-2.4558276105013,53.1604721492321],[-2.45732372650716,53.1564348443649],[-2.46226745508824,53.1564094128414],[-2.46430069039409,53.1531573996531],[-2.46858462214713,53.1527297180537],[-2.47245755916338,53.1546434909097],[-2.47635189322286,53.1552148458629],[-2.48435556347762,53.1597623957512],[-2.48605736595517,53.1601437640238],[-2.4847507822156,53.1625815114666],[-2.48744131195982,53.1634928052339],[-2.49268791717636,53.1629417536957],[-2.49606849227784,53.1642698385008],[-2.50130418491336,53.163290523746],[-2.50187925123008,53.1601455836954],[-2.51404996328694,53.1588452761665],[-2.51674948317584,53.1589702009419],[-2.51827578784667,53.1601564113941],[-2.52299873374836,53.159158659953],[-2.52280949770085,53.1553931679085],[-2.52775746546879,53.1525452307047],[-2.53275523859414,53.1522029576269],[-2.54292435422605,53.1497721745099],[-2.54801269842293,53.1514072307808],[-2.55109347299398,53.1534298957705],[-2.55462296942243,53.157297523187],[-2.55849948680069,53.159615630272],[-2.55716996075177,53.1604352977037],[-2.56130358987671,53.1625974559647],[-2.56430363329825,53.1621230798545],[-2.57249787881277,53.1634376170351],[-2.57414595920886,53.1614054368761],[-2.57667076017224,53.1619810145657],[-2.58052539863958,53.1583515118218],[-2.5828559595933,53.1577288734153],[-2.58378085165766,53.1556811397816],[-2.58731052965919,53.1574723446745],[-2.59164436496766,53.1572442012761],[-2.59650472428264,53.1588720697338],[-2.59749477128694,53.1552032264289],[-2.59225211191456,53.1490307085488],[-2.589058506242,53.1468451959604],[-2.5917470112436,53.1448022196781],[-2.59694503026004,53.1447816481507],[-2.60024936294249,53.1465178876821],[-2.60433350998973,53.1451020993308],[-2.60820070039237,53.1491867128203],[-2.61042801121532,53.1503079485645],[-2.61915188985211,53.1501459897412],[-2.6231793585589,53.151432019702],[-2.62685842497613,53.1500355304505],[-2.63000204088116,53.1462920825759],[-2.63232498760538,53.1452487408924],[-2.63470974014149,53.1427101297397],[-2.64003496510286,53.1410069456098],[-2.64334368095218,53.1352243682037],[-2.63961959954623,53.133568053457],[-2.64126344182425,53.128421104265],[-2.65032642032618,53.1293309676633],[-2.65335374657109,53.1303741316388],[-2.65961068259722,53.1303170944957],[-2.6607009105435,53.1251009573388],[-2.66243653007457,53.1213491468155],[-2.66694019467561,53.1201850941292],[-2.67072797710371,53.1179677449392],[-2.67127485461761,53.1159501577395],[-2.67443718265238,53.1151448532078],[-2.68205316128531,53.116051517259],[-2.68363891285793,53.1171210520632],[-2.68636478571559,53.1170604035708],[-2.69048736901382,53.1186680122621],[-2.69732858741782,53.1200187184395],[-2.69965280046827,53.1197865933172],[-2.70367107511734,53.1174248483962],[-2.70605412094603,53.1185091315368],[-2.70856697240138,53.116217263389],[-2.71004811892714,53.113437072129],[-2.70648444672607,53.1064702245375],[-2.70821549074667,53.1055484157287],[-2.70905811230911,53.0986514444192],[-2.71173643620574,53.096415124763],[-2.71136358397739,53.0936424027863],[-2.71298286593138,53.0930358090725],[-2.71757980915501,53.0935277337742],[-2.72229431720959,53.092193964684],[-2.72492158565055,53.0923190555501],[-2.73033312408403,53.0915281725189],[-2.73561467147155,53.0887242308206],[-2.73492958613957,53.0865530812722],[-2.74177967528207,53.0818613591781],[-2.74521927975537,53.0822929706809],[-2.74515968056551,53.0806626348048],[-2.74674699936042,53.0788728848939],[-2.75074245935594,53.0765194920121],[-2.75121632290115,53.0751870209169],[-2.7499272038925,53.0717055526746],[-2.7529286634929,53.0692262393893],[-2.74325802508288,53.0657947405337],[-2.74187947975692,53.0634823641685],[-2.73725577543117,53.0609986191031],[-2.73434547526384,53.0584285564277],[-2.73469887537351,53.0550842351345],[-2.73048141439348,53.0535209456586],[-2.72903850304724,53.0516582426644],[-2.72649194721062,53.0511254709685],[-2.71824948823094,53.0455643650158],[-2.7162012817998,53.0476254621855],[-2.71036221296329,53.0483113346988],[-2.7092758429437,53.0500132005991],[-2.70967840450437,53.0521808285093],[-2.70455494429423,53.0531569923844],[-2.70241055647356,53.054321250716],[-2.70026434939096,53.0531670750595],[-2.69385920605356,53.0518418703414],[-2.68226007288145,53.0453224183055],[-2.66881731014789,53.038653936523],[-2.67108233298378,53.0368963499852],[-2.67231423516067,53.0340253278104],[-2.67861871056571,53.0327632901504],[-2.67837379197881,53.0279946644247],[-2.67961877281401,53.0256197013322],[-2.68248038640078,53.0249012198501],[-2.68501806748409,53.021713246771],[-2.68254251142007,53.0202423641139],[-2.67878367560782,53.0158346596511],[-2.68814676512964,53.012786285988],[-2.69034176266696,53.0078076376115],[-2.6937200008651,53.0027708789866],[-2.69582798559366,53.0010676744943],[-2.69929243706707,52.9954387986715],[-2.69446941552315,52.9939423475534],[-2.69202391489436,52.990638574247],[-2.68877555038982,52.9899363636924],[-2.68495491935515,52.9863949740913],[-2.67252528998847,52.9867527053973],[-2.6643792483433,52.9890162232157],[-2.66080700926825,52.9914507447507],[-2.65768539112998,52.9916136924248],[-2.65235683870577,52.9949944628385],[-2.64879821441089,52.9957376145454],[-2.64452928432698,52.9950130064061],[-2.64280514793621,52.9934806737501],[-2.63741107622819,52.9948357157028],[-2.636371925662,52.9965105887416],[-2.63281588422233,52.9965422953378],[-2.6280281628417,52.9951689864564],[-2.62823681179859,52.9925106917933],[-2.62595787272002,52.9893467834346],[-2.62152133141766,52.9866320977187],[-2.61896777655508,52.986611323644],[-2.61498475972157,52.9877655623161],[-2.60773406479019,52.9883621472153],[-2.60359295749454,52.982175352323],[-2.60565081211585,52.9797998254914],[-2.60420511596555,52.9789828662698],[-2.59928757163561,52.9788901275255],[-2.59889426508336,52.975113041734],[-2.59539986854962,52.9759297457871],[-2.59275619461528,52.9741694713771],[-2.59673066464227,52.9734042589315],[-2.59845598074152,52.9714170479246],[-2.59605844317636,52.9677381021833],[-2.59580962175645,52.9653509445402],[-2.59769347128031,52.9630059899653],[-2.59491751473303,52.9609928882525],[-2.5915298543091,52.9604982971882],[-2.58881400665748,52.9586033709853],[-2.58852397508599,52.9570963662265],[-2.58605839760213,52.955295378464],[-2.58362457757501,52.9562800181163],[-2.57814373223453,52.9557288913684],[-2.57493334062357,52.9583334223363],[-2.57027907977474,52.9598481345514],[-2.5732465332195,52.9614626978735],[-2.56869519463557,52.962003218132],[-2.5666267245915,52.9636681165682],[-2.56096924648652,52.9643556911228],[-2.55747289391331,52.9614182002286],[-2.55587298078701,52.9590273945242],[-2.5536974510078,52.9574662054001],[-2.55056289457722,52.9566734887555],[-2.54660519868027,52.9569416989094],[-2.53915051420187,52.9519299904267],[-2.53419688501888,52.9476886119146],[-2.52951582206291,52.9471648775005],[-2.52939657519368,52.9492140764583],[-2.52686488413791,52.9511679529229],[-2.52535643144041,52.9536845042226],[-2.52329807765481,52.9543120728048],[-2.52390707066841,52.95703143538],[-2.52261507872019,52.9611084518407],[-2.52403392884714,52.9655393577928],[-2.52272977055096,52.9689943295851],[-2.52258163197399,52.9720145334913],[-2.5189567898333,52.9730992313478],[-2.51305932045096,52.9711742007503],[-2.50941517609321,52.9659562637052],[-2.50653876642679,52.9658373632133],[-2.50081398071798,52.9672531754989],[-2.49902312961341,52.9684347482672],[-2.49404525973622,52.9682883231741],[-2.4917008089993,52.9676840793743],[-2.49080477861474,52.965089870435],[-2.4877157745643,52.9651259652131],[-2.48687530493819,52.9629377851097],[-2.48390681011244,52.9600166914573],[-2.48167288980277,52.9588688013904],[-2.47495135822752,52.9625033916083],[-2.47043238252394,52.9614902245148],[-2.46541176464651,52.9636414283762],[-2.46195566286493,52.9637205285862],[-2.45981361453436,52.9645963473106],[-2.45336729271919,52.9653367615499],[-2.44763472138846,52.9675959744562],[-2.4427385563343,52.9707381611132],[-2.43866609169084,52.9692753920709],[-2.4345580335352,52.9695817644778],[-2.43446923778957,52.9717045167365],[-2.43617400923855,52.9733028682256],[-2.43422572423928,52.9760759748895],[-2.436005741298,52.977594047084],[-2.4340904413294,52.9796605534585],[-2.43849118004978,52.9846145686991],[-2.43546143631865,52.98667882903],[-2.42878797437826,52.9857727322374],[-2.42353743402268,52.9864073556371],[-2.41888924502316,52.9884833364494],[-2.41035600657589,52.9881248671614],[-2.40839882500068,52.9897245193338],[-2.40522695806927,52.9908014966669],[-2.40511976826313,52.9943211417165],[-2.40033140963625,52.9954431351477],[-2.39748460629357,52.9949978160066],[-2.39129557792182,52.996476512537],[-2.38921143628471,52.9955143449364],[-2.38529272017783,52.9968224973892],[-2.3842493221761,52.9979495804139],[-2.38058111515771,52.9984773480285],[-2.37999225498315,53.0008084041202],[-2.38080580811709,53.005201530825],[-2.38295169966255,53.0072216460265],[-2.37805266939081,53.0104177597602],[-2.37521480252443,53.0103953289392],[-2.37315210978074,53.0131642522475],[-2.37046780521562,53.0145758528387],[-2.37751899932244,53.0199570481177],[-2.38211267731999,53.0245896333116],[-2.38422739108102,53.0261675781643],[-2.37978504906831,53.0275914186424],[-2.38119230134799,53.0304355401631],[-2.38392768867581,53.0316995732236],[-2.3838445616642,53.0365953572993],[-2.38455748956393,53.0382811798607],[-2.3839412554531,53.0411102594012],[-2.38253569086702,53.0428883864289],[-2.38222964862181,53.0457281498996],[-2.38327770023872,53.0485096312227],[-2.38065989896766,53.0498897604166],[-2.38218690919254,53.0513483255234],[-2.38101710341035,53.052665382861],[-2.37620103356723,53.0529710853698],[-2.37029259267591,53.0548108669198],[-2.36660079443181,53.0545526261907],[-2.36171924783835,53.0550969867936],[-2.35757896496723,53.0547185116116],[-2.35667986571572,53.0582152874503],[-2.35334505729367,53.0587619292102],[-2.34859444338724,53.0558257572991],[-2.34436120130314,53.0591155063541],[-2.34144807919732,53.0599958799606],[-2.33899363021365,53.0641828290783],[-2.33532734318303,53.067855434765],[-2.33159020819694,53.0697725107077],[-2.32882435739407,53.0740382949191],[-2.32900939016106,53.0765798964248],[-2.32490963698136,53.0772582480283],[-2.31805098763611,53.0813587571192],[-2.3149584249615,53.0810379985426],[-2.30997466487844,53.0824066336745],[-2.30339645880176,53.0829611888379],[-2.30171759599748,53.0813401596844],[-2.29693547958243,53.0810618528794],[-2.29479841529105,53.0783183731446],[-2.28863826872261,53.0797222780697],[-2.28026843526308,53.0804614205021],[-2.27528900821487,53.0821891316426],[-2.27449792061868,53.08385391884],[-2.2771057842415,53.0859055116809],[-2.27111206525004,53.0867310049748],[-2.26873254302771,53.0884785418494],[-2.26703727632286,53.0881470764945],[-2.26097765868207,53.08900905133],[-2.25548244553979,53.0909420461116],[-2.2532846848836,53.0932838766446],[-2.25067486793829,53.0930889242123],[-2.24768316965797,53.089848372624],[-2.24637778792375,53.0916111885817],[-2.23899495937661,53.0982727993245],[-2.23795141697789,53.101047144669],[-2.23372336256594,53.1030124507894],[-2.22696468425295,53.1041240126961],[-2.22307362111558,53.1037952188077],[-2.22199129919677,53.1076805964448],[-2.21704361824944,53.1099972341163],[-2.21705606238998,53.110977010689],[-2.2113149262639,53.1158244641231],[-2.20444088879797,53.1202492565926],[-2.19904601387137,53.1245857052189],[-2.19633703618332,53.1272725969497],[-2.18793852194689,53.1345349697897],[-2.18009357127563,53.1425627163126],[-2.17658057854617,53.1455307468162],[-2.17170430837831,53.1475847515058],[-2.16805844355169,53.1481598038417],[-2.16342584948296,53.1515947095297],[-2.16006220449293,53.1525970663608],[-2.15664832353942,53.1554620224292],[-2.15507574923288,53.1577221220325],[-2.15574143121736,53.159419242706],[-2.15101022784137,53.1596564060375],[-2.14863378512939,53.1583344468514],[-2.14141084525282,53.1566523921091],[-2.14451905667967,53.1716126607132],[-2.1445157943899,53.1764234969869],[-2.14136910271824,53.1800246746211],[-2.14217399485303,53.1822448402619],[-2.14043876356931,53.1838127686142],[-2.13822031103585,53.184016676153],[-2.13335896150495,53.1827287775842],[-2.12985489947982,53.1784198951593],[-2.13003237057995,53.1767243508806],[-2.12787018937877,53.1746286736781],[-2.12472050235047,53.1734509536901],[-2.12016696443345,53.1747204088934],[-2.11915463739133,53.1727303162565],[-2.11585035355842,53.1712585632641],[-2.11556466699867,53.1695967144981],[-2.1087401052634,53.168360878701],[-2.10411382226689,53.1697664634069],[-2.10173624837266,53.1689046577357],[-2.09588479282316,53.1711504879496],[-2.09445637161193,53.1726258664294],[-2.09055242936063,53.1722352175188],[-2.0873835600698,53.1698905064044],[-2.08293217677907,53.1701391275998],[-2.08171610982216,53.171026312893],[-2.07822191770993,53.1704281967879],[-2.07527345463812,53.1712948827801],[-2.06940754820549,53.1721388923322],[-2.0704024643284,53.173117205273],[-2.06748054792713,53.174925739474],[-2.0632598554085,53.1748624752894],[-2.0577266573481,53.1766262921074],[-2.05686327229126,53.17766670708],[-2.05959431730948,53.1801948441934],[-2.05632983164562,53.1828553438694],[-2.05228942969468,53.1839592991013],[-2.05471568807255,53.1867681031633],[-2.05235535301376,53.1876671761382],[-2.04740523564817,53.1922831814876],[-2.04574894522293,53.1927989321962],[-2.04019431068837,53.1925411834768],[-2.03769284841968,53.1936467871854],[-2.02855485288552,53.1933536568874],[-2.02385706908581,53.19151739719],[-2.02132241968226,53.1898280329507],[-2.01638335248114,53.1893119615052],[-2.01007437916347,53.1927752002719],[-2.00692215185008,53.1923826603485],[-2.0049870186954,53.193402979495],[-2.00166572601453,53.1930552402503],[-1.99885326315351,53.1968000112758],[-1.99665881727999,53.1976593388379],[-1.99433516156226,53.2004178606223],[-1.99452042254345,53.2031594719409],[-1.99291028941507,53.2075827689198],[-1.99068665177907,53.208478825531],[-1.9872704335294,53.2118906207341],[-1.98800050502853,53.2145854255553],[-1.98947373758504,53.2155995495846],[-1.98911197515951,53.2195508177491],[-1.99023007507446,53.2230411293655],[-1.98776734867812,53.2248601764726],[-1.97936976962778,53.2267384732643],[-1.9752663467084,53.228048177439],[-1.97485875420975,53.2310610534684],[-1.97912416221293,53.2333700942536],[-1.98188326046324,53.2385793911929],[-1.98369316268183,53.2386407637206],[-1.99260318109468,53.2416582361827],[-1.99973122358111,53.2450488562391],[-1.99920677177955,53.2463756118105],[-2.0018595083328,53.2485175662044],[-2.00033274687168,53.2554386481807],[-2.00948185124709,53.2606524549883],[-2.00773181070762,53.264523990385],[-2.00540696748174,53.2675891360331],[-2.00744342623977,53.2760240303957],[-2.00927846748392,53.2800670605522],[-2.00827443566929,53.2834765729209],[-2.00817081577006,53.2894334163423],[-2.00902037630855,53.2913578338747],[-2.00869991810533,53.3001820676731],[-2.00932914808123,53.3023141546959],[-2.00866637772137,53.3045056381054],[-2.00433334501351,53.3111574093989],[-2.00441319629646,53.3139151244889],[-2.00155104700482,53.3189218127238],[-2.00433140088225,53.3214080124403],[-2.01073910012814,53.3235495617516],[-2.01179706627037,53.3275970265457],[-2.00928300059075,53.3313885886372],[-2.01364994432454,53.3324201566667],[-2.0133880227171,53.3353791729741],[-2.01431920100564,53.3400585126535],[-2.01013837850794,53.3419024660441],[-2.00465983481896,53.3460096602356],[-2.00783845687554,53.3477659183297],[-2.0084249351742,53.3511032938118],[-2.00670345926912,53.351655326918],[-2.00678505242821,53.3545721125535],[-2.01043152556273,53.3552549668049],[-2.01082567732738,53.3571488326146],[-2.0089981072363,53.3620109951229],[-2.01168923307832,53.3616458296722],[-2.01557098560001,53.3628354905855],[-2.01761286194789,53.3656881872399],[-2.02286248081684,53.3666634473292],[-2.02442716886202,53.3644735084561],[-2.02733163271022,53.3638508671233],[-2.03003365321993,53.3661773261578],[-2.03358408445077,53.3673170616018],[-2.031058463243,53.3702623861094],[-2.03260327476139,53.3719581766688],[-2.03842127448567,53.3718916613757],[-2.04150127616143,53.3723014780164],[-2.04666843077065,53.3693692541719],[-2.05033662433986,53.3689902777574],[-2.05198783083379,53.3673995145566],[-2.05532046861855,53.3668911475576],[-2.05633656232358,53.3624125453096],[-2.05962107811317,53.3589836552124],[-2.0634627901435,53.3588361357029],[-2.06494418862397,53.357764767858],[-2.06807780774501,53.3573936378322],[-2.07674670932838,53.3580050682426],[-2.08375739559932,53.3595536336852],[-2.09073276999611,53.3640410958389],[-2.09526794237455,53.3660923114444],[-2.10392850224723,53.3660824480011],[-2.10588264871779,53.3650947209567],[-2.10981546162773,53.3645788174218],[-2.11555052486233,53.3647945835544],[-2.12070533090625,53.3638780762308],[-2.12255474019523,53.3621774183479],[-2.12447112209986,53.362347077435],[-2.12922128619392,53.3649631571758],[-2.13337651844004,53.364985570866],[-2.13772153168542,53.3665787982179],[-2.13946150699257,53.3646613400803],[-2.13970954990165,53.359142059992],[-2.138196731806,53.3568913122976],[-2.14290934133284,53.3540067126504],[-2.14778922197023,53.3501742999728],[-2.15119059702052,53.3481331353572],[-2.14771827158555,53.3448297385378],[-2.14409931007101,53.3428710074742],[-2.14832433401413,53.3394411100472],[-2.1506958317252,53.3369123109422],[-2.1519305900214,53.3298681747925],[-2.15401762001706,53.3277971580744],[-2.1584420650407,53.3289356072568],[-2.16243506966615,53.3279172017274],[-2.16702077652114,53.3295170852698],[-2.17031029410519,53.3313164458291],[-2.17387387607953,53.3314083215437],[-2.17932248082029,53.330584001465],[-2.1849939449704,53.3327038175193],[-2.18768826708638,53.3341638650643],[-2.19038236055666,53.3375393286023],[-2.19352716047002,53.3388995855782],[-2.19215696727728,53.34144559317],[-2.19028625476906,53.3422603219782],[-2.18275321052716,53.3431287205383],[-2.18097727745663,53.3440438011382],[-2.18482905630431,53.3469915873187],[-2.18801518077824,53.3487366198004],[-2.18544088377377,53.3526597696074],[-2.19049980377621,53.3531343969463],[-2.19257265186875,53.3540568864545],[-2.20187106551067,53.3554275379946],[-2.20846453386188,53.3550044007325],[-2.20740953122584,53.3567986112708],[-2.21065727737018,53.3572864087617],[-2.21453977530013,53.3567185458446],[-2.21614170311279,53.3588666381587],[-2.21955202552668,53.3584899770839],[-2.22222420349714,53.3597812532111],[-2.23020890688029,53.3592437808532],[-2.23281089268671,53.360271484419],[-2.23759239686846,53.3592526157097],[-2.24079008412411,53.3595742669914],[-2.24414349632622,53.3597786935241],[-2.24419285162276,53.3610441951325],[-2.24959196916813,53.3605915893036],[-2.25644728585402,53.3606768412766],[-2.25891931486829,53.3594804676009],[-2.25844970762116,53.3573583411866],[-2.26461749390923,53.3539650129633],[-2.2641937055669,53.3529790098221],[-2.2670766725644,53.350573457543],[-2.27290345700208,53.3505198189069],[-2.27837564612073,53.3486078598666],[-2.28034030817474,53.3460531729112],[-2.28463624567295,53.3465077571531],[-2.28689335324205,53.3437553854721],[-2.28985913076275,53.3423207761003],[-2.29149960056552,53.3430305509344],[-2.29585669863664,53.3430270242912],[-2.30132744755776,53.3401224977753],[-2.30283554972343,53.3409933036756],[-2.29902299321901,53.3428321361372],[-2.29645429614663,53.344948216354],[-2.29819765736441,53.3465824972819],[-2.29687671902667,53.3484581391908],[-2.29863867095754,53.3497346291234],[-2.30329557895807,53.3505876271326],[-2.305621268977,53.3531461567884],[-2.31195865548318,53.3546668455788],[-2.31399816114173,53.3574246421479]]]},"properties":{"lad18nm":"Cheshire East","lad18cd":"E06000049","lad18gr":10213,"lad18grpc":0.058}},
{"type":"Feature","geometry":{"type":"Polygon","coordinates":[[[-2.69929243706707,52.9954387986715],[-2.69582798559366,53.0010676744943],[-2.6937200008651,53.0027708789866],[-2.69034176266696,53.0078076376115],[-2.68814676512964,53.012786285988],[-2.67878367560782,53.0158346596511],[-2.68254251142007,53.0202423641139],[-2.68501806748409,53.021713246771],[-2.68248038640078,53.0249012198501],[-2.67961877281401,53.0256197013322],[-2.67837379197881,53.0279946644247],[-2.67861871056571,53.0327632901504],[-2.67231423516067,53.0340253278104],[-2.67108233298378,53.0368963499852],[-2.66881731014789,53.038653936523],[-2.68226007288145,53.0453224183055],[-2.69385920605356,53.0518418703414],[-2.70026434939096,53.0531670750595],[-2.70241055647356,53.054321250716],[-2.70455494429423,53.0531569923844],[-2.70967840450437,53.0521808285093],[-2.7092758429437,53.0500132005991],[-2.71036221296329,53.0483113346988],[-2.7162012817998,53.0476254621855],[-2.71824948823094,53.0455643650158],[-2.72649194721062,53.0511254709685],[-2.72903850304724,53.0516582426644],[-2.73048141439348,53.0535209456586],[-2.73469887537351,53.0550842351345],[-2.73434547526384,53.0584285564277],[-2.73725577543117,53.0609986191031],[-2.74187947975692,53.0634823641685],[-2.74325802508288,53.0657947405337],[-2.7529286634929,53.0692262393893],[-2.7499272038925,53.0717055526746],[-2.75121632290115,53.0751870209169],[-2.75074245935594,53.0765194920121],[-2.74674699936042,53.0788728848939],[-2.74515968056551,53.0806626348048],[-2.74521927975537,53.0822929706809],[-2.74177967528207,53.0818613591781],[-2.73492958613957,53.0865530812722],[-2.73561467147155,53.0887242308206],[-2.73033312408403,53.0915281725189],[-2.72492158565055,53.0923190555501],[-2.72229431720959,53.092193964684],[-2.71757980915501,53.0935277337742],[-2.71298286593138,53.0930358090725],[-2.71136358397739,53.0936424027863],[-2.71173643620574,53.096415124763],[-2.70905811230911,53.0986514444192],[-2.70821549074667,53.1055484157287],[-2.70648444672607,53.1064702245375],[-2.71004811892714,53.113437072129],[-2.70856697240138,53.116217263389],[-2.70605412094603,53.1185091315368],[-2.70367107511734,53.1174248483962],[-2.69965280046827,53.1197865933172],[-2.69732858741782,53.1200187184395],[-2.69048736901382,53.1186680122621],[-2.68636478571559,53.1170604035708],[-2.68363891285793,53.1171210520632],[-2.68205316128531,53.116051517259],[-2.67443718265238,53.1151448532078],[-2.67127485461761,53.1159501577395],[-2.67072797710371,53.1179677449392],[-2.66694019467561,53.1201850941292],[-2.66243653007457,53.1213491468155],[-2.6607009105435,53.1251009573388],[-2.65961068259722,53.1303170944957],[-2.65335374657109,53.1303741316388],[-2.65032642032618,53.1293309676633],[-2.64126344182425,53.128421104265],[-2.63961959954623,53.133568053457],[-2.64334368095218,53.1352243682037],[-2.64003496510286,53.1410069456098],[-2.63470974014149,53.1427101297397],[-2.63232498760538,53.1452487408924],[-2.63000204088116,53.1462920825759],[-2.62685842497613,53.1500355304505],[-2.6231793585589,53.151432019702],[-2.61915188985211,53.1501459897412],[-2.61042801121532,53.1503079485645],[-2.60820070039237,53.1491867128203],[-2.60433350998973,53.1451020993308],[-2.60024936294249,53.1465178876821],[-2.59694503026004,53.1447816481507],[-2.5917470112436,53.1448022196781],[-2.589058506242,53.1468451959604],[-2.59225211191456,53.1490307085488],[-2.59749477128694,53.1552032264289],[-2.59650472428264,53.1588720697338],[-2.59164436496766,53.1572442012761],[-2.58731052965919,53.1574723446745],[-2.58378085165766,53.1556811397816],[-2.5828559595933,53.1577288734153],[-2.58052539863958,53.1583515118218],[-2.57667076017224,53.1619810145657],[-2.57414595920886,53.1614054368761],[-2.57249787881277,53.1634376170351],[-2.56430363329825,53.1621230798545],[-2.56130358987671,53.1625974559647],[-2.55716996075177,53.1604352977037],[-2.55849948680069,53.159615630272],[-2.55462296942243,53.157297523187],[-2.55109347299398,53.1534298957705],[-2.54801269842293,53.1514072307808],[-2.54292435422605,53.1497721745099],[-2.53275523859414,53.1522029576269],[-2.52775746546879,53.1525452307047],[-2.52280949770085,53.1553931679085],[-2.52299873374836,53.159158659953],[-2.51827578784667,53.1601564113941],[-2.51674948317584,53.1589702009419],[-2.51404996328694,53.1588452761665],[-2.50187925123008,53.1601455836954],[-2.50130418491336,53.163290523746],[-2.49606849227784,53.1642698385008],[-2.49268791717636,53.1629417536957],[-2.48744131195982,53.1634928052339],[-2.4847507822156,53.1625815114666],[-2.48605736595517,53.1601437640238],[-2.48435556347762,53.1597623957512],[-2.47635189322286,53.1552148458629],[-2.47245755916338,53.1546434909097],[-2.46858462214713,53.1527297180537],[-2.46430069039409,53.1531573996531],[-2.46226745508824,53.1564094128414],[-2.45732372650716,53.1564348443649],[-2.4558276105013,53.1604721492321],[-2.45050680920471,53.1606622952584],[-2.44384774305026,53.1598685329972],[-2.44199696045949,53.1662189011395],[-2.44182940472375,53.168702271431],[-2.443816191532,53.1711901914259],[-2.4483252886399,53.1730905818507],[-2.45358476752821,53.1743101889956],[-2.45737416426073,53.1766939328178],[-2.45617254208223,53.1803426012195],[-2.45612768405136,53.1837378984532],[-2.45748535058,53.185050433173],[-2.45641557397098,53.1873278202099],[-2.45636668410403,53.189909688395],[-2.46036112556124,53.1928470967405],[-2.45854061419265,53.1986996675565],[-2.46025570906483,53.1990813364335],[-2.4598120874645,53.2014075554953],[-2.4545718974781,53.201773782797],[-2.45119420071354,53.1994594581388],[-2.44793726177361,53.1999329581817],[-2.44584137863013,53.2012190602359],[-2.44254927652908,53.2011971279645],[-2.43865608167496,53.2000879974622],[-2.43670960511017,53.1973849822918],[-2.43451693346036,53.1966748349682],[-2.4306634553297,53.1979652850791],[-2.42893757434116,53.1949593153894],[-2.42638322929803,53.1950368977345],[-2.42571758767159,53.1926580898754],[-2.41782218520526,53.1890753396499],[-2.41270088500262,53.1837754200564],[-2.41296249586337,53.1813987074297],[-2.41035754674722,53.1781142515358],[-2.40556228245262,53.1747823325013],[-2.40657953707285,53.1741370507097],[-2.39794213970378,53.1722984172816],[-2.39875807247666,53.1746183747461],[-2.39805635012258,53.1772131933818],[-2.39568624922654,53.1789891743391],[-2.3921096750195,53.179915218434],[-2.38700084876066,53.1755148475269],[-2.37831956492192,53.1720129140127],[-2.377848648046,53.1737456295864],[-2.3723204262355,53.178741157626],[-2.36873096419617,53.1829330623453],[-2.37282257408515,53.1864493809079],[-2.37651586292328,53.1873051718575],[-2.37607051536449,53.1889128827819],[-2.37115235882247,53.190440214311],[-2.37239413855019,53.1922988235395],[-2.37255999218109,53.1955514293284],[-2.38548285103188,53.1968243313697],[-2.38986201998336,53.196085559906],[-2.39346927966173,53.2049070263237],[-2.39914119740553,53.2048368812411],[-2.40088892693651,53.2032830985173],[-2.40639918036425,53.2040239004287],[-2.41016086415475,53.2056963595254],[-2.40872168128018,53.2087998082321],[-2.40919369477427,53.2127551385229],[-2.41224915899147,53.2125243204558],[-2.41418179859763,53.2192997654368],[-2.41287274586482,53.2210040844903],[-2.4030373745328,53.221158361121],[-2.40117228412505,53.2217587591391],[-2.39787804302048,53.2252278607696],[-2.39885893413675,53.2282763238947],[-2.39671308110816,53.2311033208339],[-2.39882571587776,53.2321020856096],[-2.39628927821287,53.2343623560282],[-2.38573942727874,53.2303853206035],[-2.38093179858436,53.2278138547639],[-2.37764700791328,53.2271518963872],[-2.36796302160088,53.2233197938322],[-2.36379985115036,53.2235708441722],[-2.35950904510252,53.2305817068478],[-2.35913090712075,53.2333613144022],[-2.35370821890335,53.2359717130335],[-2.34635313770005,53.2409372134946],[-2.35003631721794,53.2435349339221],[-2.35074981625255,53.2459337560046],[-2.34902605257337,53.2490120980699],[-2.35308788081493,53.2483295571055],[-2.35660058857615,53.2493985814081],[-2.36415236004256,53.2485010688601],[-2.36451114187126,53.2503247016194],[-2.36671544012991,53.2508204303104],[-2.36801971464642,53.2527876056694],[-2.37089780161403,53.2543813449538],[-2.37709154819292,53.2556211863365],[-2.38056821298977,53.2568802159547],[-2.381773859175,53.2587828557833],[-2.37931413018097,53.2604923452662],[-2.37929972821757,53.263094601727],[-2.38407266542055,53.2628823977291],[-2.38622056759004,53.2610165662157],[-2.38823680604782,53.2613353908034],[-2.38802036809804,53.2647446377666],[-2.39176746143289,53.265464100825],[-2.39425327555989,53.2667718236265],[-2.40026888793763,53.2653674192019],[-2.40353635908786,53.2668737049744],[-2.40588926240682,53.2669205263095],[-2.40884080058736,53.2684250678013],[-2.4150108652714,53.2668980794682],[-2.41479536949761,53.2646228846149],[-2.41717926508494,53.2647916746068],[-2.422885196312,53.2600685960115],[-2.42721890926478,53.2615650790522],[-2.42645683843582,53.263012264501],[-2.4316848750074,53.2660362015941],[-2.43366919208566,53.2686276571636],[-2.43545910832835,53.2693294309287],[-2.43961431398819,53.2692207103293],[-2.44408944771518,53.270471539455],[-2.44522131884482,53.2726156693741],[-2.44803590550359,53.2749089338251],[-2.45047086461083,53.2780054136316],[-2.44717478880318,53.2796133462732],[-2.44799779578281,53.281723558597],[-2.45328651261666,53.2845889586071],[-2.46445731784584,53.2872794710328],[-2.46875882066618,53.2860005918014],[-2.47892208325111,53.2898280468668],[-2.48780464102061,53.2910369711434],[-2.49251205312391,53.2907712923009],[-2.49800605204794,53.289908956227],[-2.49777827200351,53.2948267542942],[-2.49705385447214,53.2960064420809],[-2.49781850236802,53.2998369745186],[-2.50169535038024,53.2986441431165],[-2.50087222192337,53.3042062428141],[-2.50260184418634,53.3051778354976],[-2.50275961269594,53.3069893399929],[-2.50521835540417,53.3097016895723],[-2.50558612462071,53.3119940535598],[-2.50356040437573,53.3136915966834],[-2.50674943414077,53.3183370030062],[-2.51228119048505,53.3213462104506],[-2.50962895547272,53.3245279238029],[-2.50445553664564,53.3268438433162],[-2.50309651495852,53.3316667290202],[-2.49788269190467,53.3376912881898],[-2.4943524338209,53.34071445548],[-2.49395329340584,53.3432041900069],[-2.49657188735701,53.3446809559113],[-2.50183856156846,53.3433151035607],[-2.50334720926172,53.3420988475119],[-2.50766475647196,53.3429263932853],[-2.51242683186317,53.3421158567285],[-2.51407550106949,53.3427029177687],[-2.51839296054763,53.3423902754329],[-2.5287513119585,53.3391816391076],[-2.53823393315724,53.3359526937019],[-2.5396092465986,53.3362889346452],[-2.54141972967278,53.3332811445968],[-2.545217151199,53.3305564814456],[-2.54828047971928,53.3310313600794],[-2.55145152018555,53.3324010411811],[-2.55392801148786,53.3287266170643],[-2.55866038206856,53.3256105651741],[-2.56040402066113,53.3238226431717],[-2.56308765664512,53.3230800231884],[-2.56887211557152,53.3252278202969],[-2.57836242742992,53.3260180400049],[-2.5786546641169,53.3276336994008],[-2.58581136884873,53.329228332454],[-2.58838518037534,53.3272767466408],[-2.58850054943522,53.325954829883],[-2.59244260079731,53.3249312200878],[-2.59282902319075,53.3223754765111],[-2.59522305170231,53.3224543711675],[-2.59523770909192,53.3201647657566],[-2.59931248234564,53.3186989438053],[-2.60357290902435,53.3179717960664],[-2.60471657761493,53.315516494705],[-2.60779951541131,53.3139178388976],[-2.61013475174417,53.3164209773562],[-2.60985775433334,53.317842600043],[-2.6135178884412,53.3189159829099],[-2.61665108985962,53.3206004571463],[-2.61993479574381,53.3203209116316],[-2.62102719348461,53.319151212835],[-2.61786854580456,53.3182040332591],[-2.61780100563941,53.3161350929962],[-2.62273359318394,53.3120140363922],[-2.6247144042802,53.3117798039854],[-2.62412274757937,53.3093981931032],[-2.6294568805429,53.307778154565],[-2.63572359260039,53.3079488291268],[-2.6383929071933,53.3095211018132],[-2.64506142803031,53.3101350721447],[-2.64244094955025,53.3060439674204],[-2.6487965184043,53.3082225932542],[-2.66532091988898,53.3114161732559],[-2.6781645680384,53.314160130878],[-2.68515177103575,53.3154514620959],[-2.68758000477157,53.3133753950844],[-2.70080120166389,53.3058072297047],[-2.70821341799369,53.3097230614786],[-2.71570388254101,53.3118707961889],[-2.72352532885742,53.313139616089],[-2.72414878057142,53.3124607812414],[-2.73000892062321,53.3121491228314],[-2.73300170072852,53.310399561936],[-2.73433905548183,53.3072640853671],[-2.73929214925888,53.306870369551],[-2.74498223478091,53.3109609055445],[-2.75243197509548,53.3147596244631],[-2.77109841852941,53.3258119879965],[-2.77023767337676,53.3225410261274],[-2.76773273915849,53.3201589727555],[-2.76842045666492,53.3189967432726],[-2.77560528550589,53.3151227899283],[-2.78664516712055,53.3098126347269],[-2.78952860711599,53.3090178876771],[-2.79216118615527,53.3094291831904],[-2.80050053484837,53.3122778518974],[-2.81039642686067,53.3169635222113],[-2.81807251134451,53.3186658374431],[-2.82710812061816,53.3199959151824],[-2.83714824544587,53.3175501747246],[-2.85108829371767,53.3146443020193],[-2.85658601245484,53.3138696079463],[-2.85880846676741,53.3122742691],[-2.86392128120261,53.3115623041517],[-2.87756664708348,53.3122502226439],[-2.88374528547958,53.3136715765245],[-2.88901647383376,53.3169036054689],[-2.90219124829831,53.3210808197668],[-2.91005872310361,53.323805038058],[-2.92857185482182,53.3082489283384],[-2.9316025858093,53.3060687965256],[-2.9395513248261,53.3104155952951],[-2.94744768005094,53.3049398249115],[-2.94938178747736,53.3031688962245],[-2.95468519827973,53.3042537142142],[-2.96149863349233,53.3038061233606],[-2.96907297955775,53.3018399568952],[-2.97455855436857,53.3033350787502],[-2.99273779101907,53.3071087583506],[-3.00218067856454,53.3025603150991],[-3.00537394493128,53.3014133373703],[-3.01123799035914,53.3001341080882],[-3.01283698795953,53.298970797262],[-3.0185530841175,53.3000070478595],[-3.02200131781322,53.2984403962663],[-3.02398356657366,53.2993853091059],[-3.02613955180197,53.297748658583],[-3.03050848729132,53.2992292578354],[-3.03135442657744,53.2985298006892],[-3.03671210546734,53.3011117253248],[-3.03674079686388,53.3027295933603],[-3.03847433459699,53.3051504926929],[-3.04601204667046,53.3074712582629],[-3.04816413032576,53.3096115612183],[-3.05120987895062,53.3106723933122],[-3.05965916378639,53.3090038491563],[-3.06425310680624,53.3121972030698],[-3.06827157037716,53.314194663103],[-3.07416551138978,53.3163809033363],[-3.07639094570433,53.3144479594345],[-3.07814034416214,53.3150676864545],[-3.08208010897651,53.3111945609434],[-3.08913259070966,53.3083509030479],[-3.09500337473854,53.3052237272289],[-3.1282775470863,53.2863771115722],[-3.12183176489179,53.2828314605526],[-3.11370972146852,53.2777117560709],[-3.09952849483908,53.265350088851],[-3.0950915383948,53.2618159474702],[-3.09041051486536,53.2589059240727],[-3.08603516438615,53.2568010110596],[-3.08052296975133,53.2549444951731],[-3.06913646717678,53.2530047756303],[-3.03602413326422,53.251804983535],[-3.02546229107799,53.2483150720695],[-3.00822492471559,53.2401921203188],[-2.9983782407184,53.2358586442706],[-2.99255916422352,53.2330153702805],[-2.98491164916327,53.2284710451173],[-2.97783689901682,53.2253938874242],[-2.9661629037394,53.2186896363181],[-2.95330728570601,53.2130958008616],[-2.94921507442799,53.2110752823486],[-2.94373216295696,53.204003910216],[-2.93756615187069,53.1978589708606],[-2.9353695745321,53.1963201908464],[-2.92923800099737,53.1942907146194],[-2.92229929317117,53.1892926717249],[-2.92033208009686,53.183315647023],[-2.92027731148137,53.1797833086098],[-2.92095580164718,53.1770857384602],[-2.92285038106716,53.1752912597546],[-2.9265893713279,53.1733574127376],[-2.92783850918185,53.1714114107239],[-2.93390727745992,53.1693889727076],[-2.94404108754258,53.1652477164291],[-2.94655313230076,53.1671119423986],[-2.94890726698845,53.1660073439675],[-2.95347892656694,53.165351472359],[-2.95678455228081,53.1638057558003],[-2.96237237957589,53.1623215128318],[-2.96626284994564,53.1598647587325],[-2.97092595816805,53.1607824008739],[-2.97557408064415,53.1573374386338],[-2.98149190787267,53.1562919074879],[-2.9846402595356,53.1585950334569],[-2.98812412839088,53.1569283304566],[-2.98995676868437,53.1575423672658],[-2.993465547016,53.1547021653848],[-2.99315030181917,53.1532871255038],[-2.98769918680264,53.1520955963499],[-2.98466472643247,53.1478327848457],[-2.98034489647993,53.1493984116758],[-2.97949802680966,53.1506216460487],[-2.96389561023237,53.1327703377822],[-2.96015845557984,53.1324832052393],[-2.95794073816489,53.1303473278378],[-2.94645148127885,53.1268668404717],[-2.94498027934811,53.1222778347167],[-2.94261303911584,53.1213806872869],[-2.94060173340617,53.1224078575144],[-2.93803475471252,53.1209799205672],[-2.93441023402233,53.1214857921591],[-2.93183370642259,53.1200883497749],[-2.92858427310081,53.1198368607597],[-2.92385252672097,53.1185397018512],[-2.92129960249029,53.1184282805124],[-2.91961982883366,53.1160348365991],[-2.91195257089438,53.1130940907788],[-2.9080222891897,53.1131142474861],[-2.90339163799315,53.1117975332397],[-2.89919419790191,53.1141134331314],[-2.89706676208874,53.1139749137667],[-2.89525088695002,53.1163850352883],[-2.89234683176384,53.1183539627998],[-2.88257736054687,53.1216089448513],[-2.88094231782242,53.121374734102],[-2.88161964610475,53.1182558629511],[-2.88413908820862,53.113250882463],[-2.88387882843162,53.1113435262989],[-2.88683172465887,53.11073366353],[-2.88908757270639,53.1088560738041],[-2.89181725175884,53.1092375355672],[-2.89281435457222,53.1040819132574],[-2.88846370630663,53.1056965542558],[-2.8872441850017,53.1053739544966],[-2.88887809499234,53.1018865596659],[-2.89236180150688,53.0971573574153],[-2.89679118375693,53.095214773779],[-2.8978828685858,53.0965746646504],[-2.89391399450258,53.0978315677016],[-2.89753553569736,53.0988992435652],[-2.89951951702054,53.097640161446],[-2.89945213688545,53.0938400537499],[-2.90199925328633,53.0931052647407],[-2.90050622576806,53.0907586617195],[-2.89578951528959,53.0918558422162],[-2.89344972809023,53.0915048871464],[-2.89086573139101,53.087426089723],[-2.87963873709786,53.0834581589151],[-2.87604805183172,53.0817632575735],[-2.8760484605347,53.0806081149139],[-2.87900720379415,53.0781124615641],[-2.88072693072083,53.0739449559948],[-2.87567099953682,53.0735625000103],[-2.8753223229448,53.0727793617625],[-2.87825371930579,53.0698479737463],[-2.8762137630676,53.0689802514693],[-2.87296771743577,53.0702392342756],[-2.86915317734273,53.0695138934346],[-2.86814586136112,53.0675165914217],[-2.86581876881728,53.065785183207],[-2.87047849547413,53.0646328840438],[-2.86962679939002,53.0637671305627],[-2.86411135502413,53.0633228325],[-2.86160391680467,53.0609147801882],[-2.86516027052614,53.0607856318018],[-2.87255483685911,53.0586155397174],[-2.87028718185758,53.0568576195426],[-2.86559845852346,53.0572721368176],[-2.86649874507765,53.0551422829661],[-2.86045642622569,53.0547825315393],[-2.85991344439576,53.0526173221879],[-2.86300735333158,53.0516339698843],[-2.86311870843391,53.048622578026],[-2.86848563091441,53.0459298844357],[-2.86626172362769,53.043636651701],[-2.86161242142326,53.0423642617364],[-2.8666848142717,53.0407093297933],[-2.86187298241954,53.0386038791533],[-2.8587961098214,53.0389030163727],[-2.8557369050656,53.0371541051567],[-2.85552990340181,53.0344633016322],[-2.85639313830796,53.0326438955695],[-2.86045419185985,53.0287779038045],[-2.86007303782759,53.0254347454556],[-2.86104429459502,53.0228486549975],[-2.85861696216635,53.019837612284],[-2.85162729141929,53.0169878763912],[-2.84749365838727,53.0190426900947],[-2.84401385821202,53.017417884166],[-2.84316333444649,53.0151621817151],[-2.84125085165305,53.0143154058283],[-2.83859811590712,53.0110359443342],[-2.84070032781599,53.0104574439995],[-2.84062109394168,53.007222713688],[-2.83935687096352,53.0063596420586],[-2.83804216122699,53.0030409659966],[-2.83619740519128,53.0015779391978],[-2.83489933725174,52.9982546151119],[-2.82786218380392,52.9943726557211],[-2.82451342298892,52.9935374889785],[-2.81930837553058,52.9942737257684],[-2.81023686382252,52.9917559152138],[-2.8037119813431,52.9914577029575],[-2.79938271772501,52.9896835583735],[-2.79708040162174,52.9913431667527],[-2.79450283322906,52.990766189976],[-2.79199596100167,52.9919273055211],[-2.79398603051497,52.9932067207034],[-2.79004787757523,52.9957122567116],[-2.78524161495366,52.9939164960185],[-2.78194557950969,52.9962827009012],[-2.77973586033784,52.9933818166519],[-2.77647663945288,52.9944117154443],[-2.77294840120375,52.9940688018334],[-2.76791808814084,52.9943737331271],[-2.76441124487907,52.993547630854],[-2.76091608497796,52.9902411984146],[-2.76158149410457,52.9874231978321],[-2.7599401790776,52.9864196664707],[-2.7534028162312,52.9861878718803],[-2.74374138657614,52.9871475207658],[-2.7409588399348,52.9865418686927],[-2.73726952009175,52.9847335481165],[-2.73157072783131,52.9845663613186],[-2.72466028336443,52.9830255075008],[-2.72030052369434,52.984003926964],[-2.71586502923981,52.9843803315478],[-2.70756929718775,52.9884527179443],[-2.70082391171728,52.9932228704773],[-2.69929243706707,52.9954387986715]]]},"properties":{"lad18nm":"Cheshire West and Chester","lad18cd":"E06000050","lad18gr":10875,"lad18grpc":0.069}},
{"type":"Feature","geometry":{"type":"Polygon","coordinates":[[[-2.11227899052983,53.8057083891249],[-2.12420742465281,53.8162277106708],[-2.12862296414996,53.8197956795088],[-2.13534562621095,53.8159576770377],[-2.14229432255495,53.8204587873911],[-2.14865800421739,53.8197715951827],[-2.15041779625809,53.8229501818668],[-2.15202010006667,53.8237067848061],[-2.16179914779075,53.8230836936671],[-2.16730338335074,53.8224703407248],[-2.17063376718595,53.8230084356596],[-2.17905799610627,53.8228685113894],[-2.18154196213099,53.8222472869246],[-2.1862010644311,53.8222922274018],[-2.19263748165425,53.8233264758965],[-2.20248982068127,53.8160460191265],[-2.20578883401251,53.8132775689664],[-2.21412140635892,53.8143378956425],[-2.22396976212194,53.8178503486948],[-2.22417295139308,53.8163912833366],[-2.23024983069858,53.8147313130391],[-2.23517318159261,53.8138230419106],[-2.25067385693698,53.8116102540445],[-2.26106949964954,53.8077672065182],[-2.26167638642266,53.809393674146],[-2.2664960935848,53.8100544402419],[-2.26696914261585,53.81184371939],[-2.27002985338679,53.8150069745478],[-2.27681955663707,53.8125907573289],[-2.2791744549699,53.8102286205784],[-2.27998396203085,53.8081856250954],[-2.28266930775313,53.8073640750011],[-2.28931450941262,53.8091673671517],[-2.2954754853933,53.8087703462462],[-2.29735217406025,53.8113182405554],[-2.29644193047167,53.8138110429633],[-2.30304740131514,53.8145134901757],[-2.30296404255766,53.8179057394896],[-2.30395089386841,53.8195129462835],[-2.3077933197489,53.8186078929253],[-2.30913753719963,53.8173524070257],[-2.30974474888179,53.8146284702382],[-2.31320516595104,53.8124650365042],[-2.31560149761216,53.8126465172252],[-2.32328246756354,53.8099647195628],[-2.32592848483648,53.8065124717391],[-2.32976221085149,53.806638528645],[-2.3320440877135,53.8033004394963],[-2.33472984938981,53.8009856770077],[-2.33466419412839,53.7990364216016],[-2.33622181747354,53.795446881664],[-2.3423059086941,53.7948274419965],[-2.3409971342648,53.7925644695373],[-2.33623270145168,53.7916971520525],[-2.33875442237534,53.7891348626141],[-2.33740569134427,53.7864019143204],[-2.33558431172633,53.785072389199],[-2.33579721978599,53.7824950221101],[-2.33005481086749,53.7809848097715],[-2.32914631220237,53.7798880414148],[-2.33168794000511,53.777947752891],[-2.33037401846541,53.7735356226194],[-2.33142743519658,53.7695510347283],[-2.32887320911569,53.7673146924434],[-2.32783207028783,53.7602584625869],[-2.32213865253219,53.7573959679697],[-2.31614373690244,53.7518384741373],[-2.31372441355751,53.7515751731528],[-2.3141091073118,53.7470387958581],[-2.30119101820732,53.7491086377367],[-2.2983952484349,53.751099234465],[-2.29527150262072,53.7519904931156],[-2.29330432517581,53.7497959664595],[-2.28731852164118,53.7464102876974],[-2.2852668111761,53.743708066818],[-2.28163082485365,53.7450549376232],[-2.2782904471175,53.7434467095601],[-2.27522212982089,53.7437512916382],[-2.27111569821616,53.7422632247306],[-2.26683404313937,53.7427410501283],[-2.26282148422398,53.7462606742512],[-2.26424207433795,53.7474286188274],[-2.25713794155624,53.7501647328651],[-2.25572481913091,53.7529342583432],[-2.25169741175362,53.7550449889071],[-2.24892585558341,53.7528928436309],[-2.24435563186481,53.7504044837442],[-2.23970399009622,53.747094578537],[-2.23502060883877,53.7420714912476],[-2.23265360476655,53.7376351679459],[-2.22552257144049,53.7385332121234],[-2.21784280731702,53.7383379494568],[-2.21213237768138,53.7366216477649],[-2.20468009268576,53.7338537226657],[-2.20329654912414,53.7323883216305],[-2.1966354076991,53.7328965130428],[-2.18544099071239,53.730824657568],[-2.18090477705747,53.7287724284291],[-2.17329358668748,53.7230116839111],[-2.17139472466502,53.7252146598555],[-2.16669170511904,53.7278106978747],[-2.16391800186748,53.7312631888206],[-2.15619672124848,53.7336625322716],[-2.15571801944616,53.7353744113178],[-2.15216001365672,53.7353250744271],[-2.14845891082309,53.7342161704413],[-2.14752820158707,53.7355412199281],[-2.14376890928623,53.7373389066295],[-2.14093174115468,53.7420347756002],[-2.14160070209114,53.7457810623132],[-2.13892687199619,53.747424567542],[-2.13447063979031,53.748935077319],[-2.13130283040007,53.7513761881262],[-2.12952156680705,53.7545904619732],[-2.13158576882467,53.758067471608],[-2.13007408538463,53.7630871743408],[-2.13077779982043,53.7659419908464],[-2.13006903965511,53.7682841155013],[-2.13046429043648,53.7723894168126],[-2.13134146549374,53.7744090138913],[-2.13503190031376,53.7768432676281],[-2.13636274882185,53.7801044595242],[-2.13048449926656,53.7851380596586],[-2.12732306454962,53.7861121855259],[-2.12490023043522,53.7879330515009],[-2.12569608638468,53.7896533748333],[-2.12972165227787,53.791631780113],[-2.12787443463054,53.7946250230937],[-2.12779900221442,53.7982652701133],[-2.12627394121591,53.7994828874029],[-2.11227899052983,53.8057083891249]]]},"properties":{"lad18nm":"Burnley","lad18cd":"E07000117","lad18gr":1494,"lad18grpc":0.038}},
{"type":"Feature","geometry":{"type":"Polygon","coordinates":[[[-2.56160160852994,53.7469013543165],[-2.56391971317519,53.7487950261077],[-2.56913666115283,53.7497239917965],[-2.57345189031561,53.7512350005789],[-2.57680690997968,53.7512737160101],[-2.57986019667817,53.7475765544001],[-2.58234572286529,53.7467107028149],[-2.58705922814253,53.7432902049915],[-2.59020737023519,53.7428936730868],[-2.59420934780375,53.7434751272759],[-2.59922817339773,53.7425289514139],[-2.60003253686286,53.7414103630662],[-2.60468197161982,53.7389431221421],[-2.61177212931276,53.7381881372634],[-2.61072801021614,53.73706810999],[-2.61703188127232,53.7324411602802],[-2.61851025165435,53.732362467417],[-2.62429693031072,53.7290482549083],[-2.62318480226919,53.7235451653476],[-2.62549707651282,53.7227035755668],[-2.62969366687869,53.7184652100025],[-2.63988591833612,53.7177775749554],[-2.64766840522453,53.7159984194272],[-2.64726312998841,53.7146658862903],[-2.65138819023186,53.7120683561652],[-2.65464444388884,53.7123858726806],[-2.65639373650656,53.7139897653515],[-2.65749865411222,53.7173146794491],[-2.65975287976054,53.7167963156361],[-2.66895897729687,53.7122744986507],[-2.67229587555659,53.7102227358574],[-2.67493576340087,53.7078080127462],[-2.67723021054548,53.7035176284409],[-2.67759500324585,53.6936985965973],[-2.67358587712016,53.6925393241782],[-2.6616335492364,53.6915263891548],[-2.6581124358947,53.6907386953535],[-2.65622492725275,53.6880633435784],[-2.65833495499137,53.6860743973813],[-2.65989575105668,53.6806278968946],[-2.66492596776796,53.681928609555],[-2.66810787837257,53.6801734455315],[-2.67581179464795,53.6792789868865],[-2.68140779373332,53.6795861128586],[-2.6873096796664,53.6790616469832],[-2.69227999689163,53.6797106934696],[-2.69883786689636,53.6800392725721],[-2.70726183928563,53.6814971293265],[-2.70875035328002,53.6773563780275],[-2.71058209698341,53.6760934282697],[-2.71253955145746,53.6713341284435],[-2.71969742294296,53.6731851233503],[-2.73014749782228,53.6739288923649],[-2.73383125091098,53.6747611699951],[-2.7332649233818,53.6771915349661],[-2.73101440704237,53.6818702975152],[-2.72946485421437,53.6836728757295],[-2.73229136622799,53.6842650240945],[-2.73003868088358,53.6862140658286],[-2.73498353712532,53.6874942773695],[-2.74150098967222,53.6881039120051],[-2.74410851032893,53.6877542588698],[-2.74604006786565,53.6924323749984],[-2.75081721745507,53.6928887138741],[-2.76564976378247,53.6928836720352],[-2.77062671426926,53.6914172224387],[-2.77556834259742,53.6910095944689],[-2.7874604897212,53.6913067183173],[-2.78990785729112,53.6905013584411],[-2.79587351078089,53.6874831035506],[-2.80417491682122,53.6881214817927],[-2.8067370193583,53.6868521432091],[-2.80910219640011,53.6875552204651],[-2.81592551349554,53.6878693950496],[-2.82012710674794,53.6871376997055],[-2.81845898403608,53.6849820027804],[-2.82144890263709,53.6847961675055],[-2.82377023192034,53.6827092320322],[-2.82423015803598,53.6806711232594],[-2.82060777800801,53.6800875033557],[-2.81834256559319,53.6788239707304],[-2.81875907281977,53.6766468081413],[-2.81635485447524,53.6729590767993],[-2.81737351233152,53.6709971504823],[-2.82261049119541,53.6688803877665],[-2.82318388587059,53.6678598688493],[-2.81979364035662,53.6657600527135],[-2.82149456684245,53.6628675952773],[-2.8204465315097,53.6621278804502],[-2.81474928696117,53.6609021483896],[-2.81474397620544,53.658107660337],[-2.81232257243814,53.6561277370504],[-2.81675217544761,53.6555349619176],[-2.81646668787069,53.654304586575],[-2.81244391461598,53.6533837011672],[-2.81475995185714,53.6509239612532],[-2.81440664853592,53.6484473466005],[-2.81168529554084,53.6468102054821],[-2.80949739284106,53.6437015515912],[-2.80995463699717,53.6426989587554],[-2.80591718295349,53.6408638325257],[-2.80737998922043,53.6380172264868],[-2.80582565210462,53.6332772588808],[-2.80811353343328,53.6290687524167],[-2.80247508583942,53.6265396542213],[-2.80066510937817,53.6226256010302],[-2.79816224738147,53.6209893901346],[-2.79891640902448,53.6200118126133],[-2.7971325225391,53.616808581358],[-2.79346305673342,53.6150074293198],[-2.79069851332171,53.614615903033],[-2.78806006939369,53.6172597118445],[-2.78862826289059,53.6191165741312],[-2.79324027544178,53.6229600383492],[-2.78100140595874,53.6234712225498],[-2.78059464290762,53.6206802727818],[-2.77885833710526,53.6195760959124],[-2.7741744983216,53.6202258258072],[-2.77068933977538,53.6192129085932],[-2.766632865946,53.6191922663011],[-2.76185636513678,53.6169730199413],[-2.75849729025557,53.6146941879751],[-2.75650638960682,53.6158753213472],[-2.74920891987939,53.618231269536],[-2.7432775371539,53.6220676831014],[-2.73616787659759,53.62368473625],[-2.73247144184585,53.6219519762241],[-2.72737084619834,53.6210168783401],[-2.72127477011353,53.6186997161322],[-2.71280847104543,53.6184125486719],[-2.70995573621723,53.6177841672853],[-2.70486379504101,53.6187607771389],[-2.70373104603238,53.6213732418726],[-2.70081484102422,53.6227502849364],[-2.69667294409625,53.6229875510843],[-2.69529136467797,53.6237406973556],[-2.69628631056507,53.6263181381639],[-2.69444361848788,53.6266254790524],[-2.69190686491678,53.6248973982425],[-2.69113052726258,53.619764087476],[-2.69347912510932,53.6164877417029],[-2.69848173871574,53.6143130702229],[-2.69854465740365,53.6120755062012],[-2.69588228914263,53.6045021282658],[-2.68931258757785,53.6043028419438],[-2.68662959582017,53.6032494813081],[-2.68151959911064,53.603870999114],[-2.67888096176044,53.6047237228297],[-2.67054467108931,53.605097787471],[-2.66660175320685,53.6034658619062],[-2.66112795508061,53.6032623833784],[-2.65886465406754,53.6041727976242],[-2.65475193018779,53.6046204156336],[-2.6525677568802,53.6058682460757],[-2.64694707754666,53.6072497015165],[-2.64138876755363,53.6072759064542],[-2.63459215891522,53.6082827625043],[-2.63209677365414,53.6072649041036],[-2.63138818995382,53.6053549708296],[-2.63220435020462,53.6035331389345],[-2.63137817282196,53.5999142234637],[-2.62804690344486,53.5970976378127],[-2.62823205898399,53.5953168838184],[-2.62590677319225,53.5936832713985],[-2.61981188759892,53.5942983783121],[-2.617395628581,53.5958362567361],[-2.61534212481214,53.6000885273333],[-2.61546680880405,53.6023350285948],[-2.60807276237744,53.6065499173713],[-2.6048891285805,53.6070307262738],[-2.60264529962681,53.6087598223536],[-2.59759842404341,53.6090646053538],[-2.59592575554149,53.6108149806104],[-2.59182304241679,53.6098034806504],[-2.58470572145724,53.6055230336569],[-2.58008923923889,53.6012543525123],[-2.58091973396427,53.6001052329163],[-2.57391458052188,53.5947550495187],[-2.56927828124953,53.5955969482671],[-2.5625876018371,53.5981849862958],[-2.55959025075435,53.5989128348565],[-2.55571655497626,53.6043877489429],[-2.55253750234819,53.6051278425021],[-2.55221747498472,53.6073557232588],[-2.53901924014708,53.6108281195549],[-2.53361706477668,53.6150220558022],[-2.52198982632562,53.6204414165052],[-2.51132292934796,53.6269949667172],[-2.51482188385421,53.6292369081738],[-2.52006160283167,53.630481682948],[-2.52453369415379,53.6416364093436],[-2.52149338169559,53.6454328462493],[-2.52324669649851,53.6503292432561],[-2.52529616954562,53.6537061820122],[-2.52874667084179,53.6565582561138],[-2.52904726721113,53.6605009331284],[-2.53234403392868,53.6649022653213],[-2.53004256131414,53.6663829734928],[-2.52834142187378,53.6694114724835],[-2.52647167794916,53.6711876328606],[-2.52506109056311,53.6749751733089],[-2.5205290052156,53.6753517606807],[-2.51834560871478,53.677655082292],[-2.5174074718452,53.6848596102966],[-2.51792940701062,53.68667021184],[-2.51534002483473,53.6900178333012],[-2.51567629066042,53.6923821272296],[-2.52343968157521,53.6954826606296],[-2.52529605199063,53.694963975924],[-2.53193140592088,53.6964429364532],[-2.53529254092702,53.6982660558103],[-2.53746387897338,53.7010741130151],[-2.53988096531215,53.702343141422],[-2.54277782390315,53.7066325896587],[-2.54156858300789,53.7079035847841],[-2.54307315316261,53.7101555506952],[-2.5391087401572,53.7131421823001],[-2.53989980687732,53.7181234155236],[-2.54080012855756,53.7196698020321],[-2.54377186078019,53.72131911398],[-2.54727685831339,53.7219970118619],[-2.54617486919647,53.7248989632846],[-2.55074467119068,53.726544398556],[-2.55518215783763,53.7252682840874],[-2.55689169226412,53.727435465381],[-2.5558573549774,53.7289961058236],[-2.55715498570588,53.7346121113488],[-2.55936035534562,53.7351635171618],[-2.5636701431194,53.7394540100706],[-2.56292388599294,53.7416946315833],[-2.56456726882246,53.7437155490677],[-2.56215942932807,53.7443937705575],[-2.56160160852994,53.7469013543165]]]},"properties":{"lad18nm":"Chorley","lad18cd":"E07000118","lad18gr":4616,"lad18grpc":0.086}},
{"type":"Feature","geometry":{"type":"Polygon","coordinates":[[[-2.82599421787706,53.819987299716],[-2.83635897716018,53.825508572772],[-2.83867375163537,53.8293654109281],[-2.84086959807591,53.8312779439078],[-2.84939692981449,53.831596141778],[-2.8574920963498,53.830830210414],[-2.86211362298128,53.8293993289474],[-2.8694227846563,53.8309131143337],[-2.8702999831301,53.8324068777108],[-2.86862349096733,53.8337771229238],[-2.86109130444876,53.8365989692408],[-2.85850726746359,53.8386470802243],[-2.85758673975096,53.8426065827248],[-2.8636328418468,53.8440956183717],[-2.86777576245463,53.8455487340104],[-2.87161558902848,53.8431524535267],[-2.87861343603274,53.8433179760313],[-2.88374486592565,53.8439102980414],[-2.89014618483959,53.8460389829644],[-2.89069294777636,53.8476680514813],[-2.88809190786336,53.8491614169448],[-2.88740015358339,53.8508131397075],[-2.89012154331764,53.8521870941448],[-2.88801698457885,53.8542447482279],[-2.88426964393418,53.8556925918638],[-2.87582673036146,53.8570497614128],[-2.87556086386656,53.8579333643396],[-2.87836790180449,53.86078460694],[-2.87996368566851,53.860676669501],[-2.88339209868921,53.862606446279],[-2.88660958489914,53.863468871719],[-2.89210617609271,53.8630919968668],[-2.89543419337783,53.8607878419768],[-2.8980342574141,53.8614937347025],[-2.90118127803532,53.8643059139514],[-2.90624501648496,53.8647289334293],[-2.91155787164099,53.8640101141163],[-2.91372971939976,53.8594958545213],[-2.91852078829009,53.8579016312273],[-2.92020443217242,53.8579292616965],[-2.92464495506943,53.8560417618599],[-2.928681371774,53.8560411504288],[-2.93588060792733,53.8573594957276],[-2.93733477840532,53.8556233565682],[-2.93629220808439,53.8537286950995],[-2.93738299181948,53.8524069295765],[-2.94183704475691,53.8509106350087],[-2.9463222003134,53.8509463423648],[-2.94995041809688,53.852480734561],[-2.95456770767527,53.8559746502249],[-2.95588159834724,53.8583937291755],[-2.95616806123488,53.8610888324917],[-2.96448728135879,53.8633600246102],[-2.97498056171594,53.8631538900734],[-2.97793282350662,53.8620197809192],[-2.97916722596983,53.8591434114845],[-2.97804691053923,53.8581072610592],[-2.97961098559924,53.8553593754827],[-2.97780466780477,53.852803513103],[-2.97290536656855,53.8515076292939],[-2.97178609182979,53.8498458219114],[-2.96875378797144,53.8491989324117],[-2.96556995199783,53.847311003301],[-2.9655860548798,53.8446449156493],[-2.9679080943957,53.8421913629131],[-2.97071806056482,53.8406056078367],[-2.96929423301154,53.8387718161655],[-2.96860139766049,53.8348270314686],[-2.96507349947536,53.8298912188532],[-2.96177766016056,53.8283465309923],[-2.96664685896713,53.8268900002526],[-2.97032227061325,53.8292017403826],[-2.98604167248756,53.8284390243505],[-2.98747345151095,53.830143161621],[-2.99197590516025,53.8306776954383],[-2.99300091829951,53.82949532304],[-3.00214652567544,53.8287559573839],[-3.01065293005663,53.8261939007195],[-3.00946533999544,53.8246947479823],[-3.00613663343416,53.8243775820881],[-3.00276426846264,53.8231834105833],[-3.00222977326813,53.8219214288024],[-2.99822285066692,53.8189977180918],[-2.99500424807209,53.8184887245035],[-2.99330267785586,53.8159034283895],[-2.99481390982129,53.8150001502397],[-2.99201093013068,53.8081400889543],[-2.98667467129857,53.8021851606123],[-2.9895373820658,53.8004626928903],[-2.98691241832095,53.7986595909641],[-2.98335722276106,53.7938034453417],[-2.99056032269431,53.7936651184632],[-2.99932035820582,53.7943358212161],[-3.00132974701979,53.7920782022344],[-3.00396688937261,53.7911366492366],[-3.00398802587395,53.7878160857751],[-3.00612176257234,53.7879915147728],[-2.99641651714645,53.7747813862745],[-3.00957059648817,53.7743847794632],[-3.01527995665964,53.7745487022738],[-3.01579664941642,53.7751492483264],[-3.02880130418184,53.7731167798034],[-3.03281956857483,53.7808536141511],[-3.06773794184561,53.7746556007838],[-3.06739408689951,53.7724691086369],[-3.0693328713436,53.7620037994352],[-3.06863833486555,53.7614176552754],[-3.07019407325461,53.7548880659802],[-3.07140452578499,53.7526840741672],[-3.07131473552108,53.7487426087483],[-3.07457359034082,53.7421994801854],[-3.07486762122236,53.7392261994809],[-3.0625989076079,53.7338166964914],[-3.0586007320219,53.7308346336123],[-3.05395965865927,53.7243113656563],[-3.04970790206935,53.7217976947127],[-3.04435841709813,53.7221752248279],[-3.04448834264243,53.7240544787529],[-3.04227648291615,53.7259325637602],[-3.03427762737397,53.7291119030236],[-3.02709388825309,53.7305786878453],[-3.02163128236677,53.7310298799014],[-3.01330294307868,53.7296859029],[-3.00028933175124,53.7281197769132],[-2.99186502954168,53.7285752793157],[-2.98541675894737,53.7283669180621],[-2.97830716838913,53.7288573853325],[-2.97143832736,53.7297365403213],[-2.96497171548935,53.7297230383504],[-2.96108585199175,53.731478237198],[-2.95881118467678,53.7313022617702],[-2.95259194435988,53.729231460454],[-2.94698023193984,53.7282036465767],[-2.94029746175755,53.7276585129435],[-2.93406553037596,53.7279607178957],[-2.93007984508943,53.7288851926165],[-2.92372686668026,53.7294134006505],[-2.91975068753059,53.729260696903],[-2.91615518019472,53.730228463125],[-2.90332335198269,53.7304123253857],[-2.89698927607891,53.7313624415837],[-2.88164401723946,53.7325667887785],[-2.8709140560302,53.7343739114014],[-2.86331998378427,53.7355974808178],[-2.83973431853168,53.7410721339625],[-2.79390048777271,53.7512956074132],[-2.79402292187048,53.7527230738037],[-2.79073198989766,53.754500232632],[-2.78972331142051,53.7565194254341],[-2.79258172754808,53.7608408839319],[-2.79911972764159,53.7657292736389],[-2.79795629390167,53.767575153625],[-2.79861189097798,53.7707876545346],[-2.79114628465711,53.780756713431],[-2.78565657699778,53.7838992193253],[-2.78052551028237,53.787434543666],[-2.78268350968963,53.7898616510511],[-2.81152043020378,53.8079253614198],[-2.81525962890121,53.8081830899927],[-2.81896470312343,53.8144827158559],[-2.8220947115743,53.8180393888507],[-2.82599421787706,53.819987299716]]]},"properties":{"lad18nm":"Fylde","lad18cd":"E07000119","lad18gr":3591,"lad18grpc":0.088}},
{"type":"Feature","geometry":{"type":"Polygon","coordinates":[[[-2.3423059086941,53.7948274419965],[-2.34401914343083,53.7932685228415],[-2.3479673722637,53.7943544772636],[-2.35471380196257,53.7976117474862],[-2.35930120885749,53.7972161284972],[-2.35882371530387,53.7953462602726],[-2.36347745623931,53.7935238471464],[-2.3697460077775,53.7941275565864],[-2.37141023247818,53.7953807347377],[-2.3689597447757,53.7991380847174],[-2.36980628895166,53.8014786053285],[-2.37485767582117,53.8006369929129],[-2.37918967920829,53.8011905432115],[-2.37878435667474,53.8023709796599],[-2.38962115316819,53.8024325185912],[-2.39329584116238,53.8032842105955],[-2.39872390383161,53.8034425024273],[-2.3980300471327,53.8066427180036],[-2.39947756216668,53.8092291235166],[-2.39870618766911,53.8105223538931],[-2.39579048581005,53.8118037994934],[-2.39339085036249,53.8145503521847],[-2.39673657734499,53.8166191916107],[-2.39996864474893,53.8158228700076],[-2.40091363294016,53.8141102435103],[-2.40685266818124,53.81340538775],[-2.42351717153976,53.8028371238943],[-2.43366009626588,53.7984740510025],[-2.44005412019592,53.7952330648465],[-2.44309500621278,53.7920895342839],[-2.44760102250527,53.7890268123058],[-2.44947128265703,53.7869282696566],[-2.45517556197396,53.7833321481056],[-2.46200250030744,53.7808874380542],[-2.46580771374763,53.7808134079364],[-2.46236623603071,53.7783649247363],[-2.46050232198006,53.7779154634846],[-2.45353271746328,53.7729933806164],[-2.45358923484031,53.7710634147679],[-2.44778633631163,53.7661016177989],[-2.45211736967593,53.7612858064496],[-2.45094113026839,53.7559847157909],[-2.44618918594264,53.7551037049268],[-2.44068327324209,53.7504153060677],[-2.43937028556972,53.7478316080236],[-2.44198741327233,53.7452289725515],[-2.44082892406569,53.7401712073973],[-2.44010701997699,53.739417915708],[-2.43976172553256,53.7333738673959],[-2.43355266447963,53.727623516393],[-2.43230665291334,53.7202541882534],[-2.43359872214055,53.7193138634663],[-2.42464842228532,53.7141454848308],[-2.41852901301814,53.7114229421501],[-2.41999966281421,53.7089496663211],[-2.41514388702412,53.7055412335692],[-2.41098929578139,53.7051367415016],[-2.40676646983115,53.7056617059323],[-2.39575456544128,53.7096308008798],[-2.38289914364419,53.7112140226107],[-2.36973109232343,53.7140677293475],[-2.36080039764864,53.7164983756784],[-2.35534027446327,53.7221546699606],[-2.34442186934573,53.7223905120672],[-2.3422524537619,53.7243363221097],[-2.34281755546936,53.7259822749037],[-2.33950561928197,53.7276257005078],[-2.33455503738149,53.7292817058193],[-2.33579312483229,53.730392796118],[-2.32963503184503,53.7321768687072],[-2.32625746518459,53.7377946217076],[-2.32380709460645,53.737719497837],[-2.32457505243021,53.7421511784483],[-2.32560061972076,53.7432152332079],[-2.32602367051275,53.7471310846607],[-2.3141091073118,53.7470387958581],[-2.31372441355751,53.7515751731528],[-2.31614373690244,53.7518384741373],[-2.32213865253219,53.7573959679697],[-2.32783207028783,53.7602584625869],[-2.32887320911569,53.7673146924434],[-2.33142743519658,53.7695510347283],[-2.33037401846541,53.7735356226194],[-2.33168794000511,53.777947752891],[-2.32914631220237,53.7798880414148],[-2.33005481086749,53.7809848097715],[-2.33579721978599,53.7824950221101],[-2.33558431172633,53.785072389199],[-2.33740569134427,53.7864019143204],[-2.33875442237534,53.7891348626141],[-2.33623270145168,53.7916971520525],[-2.3409971342648,53.7925644695373],[-2.3423059086941,53.7948274419965]]]},"properties":{"lad18nm":"Hyndburn","lad18cd":"E07000120","lad18gr":1069,"lad18grpc":0.03}},
{"type":"Feature","geometry":{"type":"Polygon","coordinates":[[[-2.11227899052983,53.8057083891249],[-2.10279153528862,53.8093049079879],[-2.09639500470016,53.8124784306707],[-2.09235407527001,53.8139825128935],[-2.08485924284043,53.8185539146965],[-2.07442652935099,53.8214998368341],[-2.06547202647699,53.8244836762147],[-2.04692463706631,53.8295102819506],[-2.04507530403921,53.8388960642357],[-2.04594918231637,53.8498824513375],[-2.06251192801215,53.859175556677],[-2.06532741705252,53.8590015353312],[-2.06896533163446,53.8597310799719],[-2.07561545802464,53.863046328473],[-2.07663029689843,53.8667207624426],[-2.0811910243705,53.8699714231967],[-2.0883450281665,53.8700598089979],[-2.08331404592178,53.8730149906887],[-2.08144705819635,53.8756803214603],[-2.08624867857028,53.8807478938399],[-2.09067965710742,53.8828109682599],[-2.09385510001848,53.8850878193878],[-2.0957349089611,53.8881557022859],[-2.10301894796253,53.8909412971484],[-2.10358494794457,53.8921802364072],[-2.11317599133283,53.9046115607361],[-2.10746665577796,53.9080429761091],[-2.10979075536334,53.9090933122897],[-2.11246841623188,53.9125053114043],[-2.11469439853399,53.9137525105185],[-2.11309296486617,53.915439302302],[-2.11668656904036,53.9172855598912],[-2.12175817199156,53.9173308364921],[-2.12462819012338,53.921923291702],[-2.12435029675582,53.9232007390378],[-2.1301588263591,53.9234803965535],[-2.13254698211261,53.9255459091774],[-2.13222410689956,53.9265088512197],[-2.13997841255548,53.9283254652301],[-2.14179833499529,53.9256745773806],[-2.14488951361,53.926507662575],[-2.14943336734035,53.9260283750152],[-2.1481148689587,53.9278257866098],[-2.15171645617234,53.9294839669035],[-2.15688662127639,53.9270219000059],[-2.15966274424284,53.9286458734289],[-2.16287677864059,53.927269937217],[-2.16360109703609,53.9306232007782],[-2.16164878788194,53.9318284376623],[-2.16411943562666,53.9346355424998],[-2.17167914622464,53.9376879991578],[-2.174427310546,53.936664745771],[-2.17594489856343,53.934260144284],[-2.1780384848419,53.9351720198737],[-2.18216730495769,53.9354273763204],[-2.18392274163576,53.9366200021076],[-2.18563823174155,53.9404543251074],[-2.18316126070214,53.9456305673433],[-2.1808091590564,53.9456709773178],[-2.18071113269436,53.9479963182069],[-2.18384244560328,53.9497917429199],[-2.18452239163842,53.9522641300986],[-2.18833406417285,53.9504112123157],[-2.19426795864464,53.9485907708734],[-2.19882872375905,53.9477456009294],[-2.20695127114847,53.9450390813798],[-2.21012638719399,53.9432693194209],[-2.214927203556,53.9421624611975],[-2.21828731621114,53.9435369589197],[-2.2258897836206,53.9433250997445],[-2.22522188526994,53.9418083170419],[-2.22871535938968,53.9410413706306],[-2.22991684498886,53.9393106783105],[-2.23403906779503,53.9385324882375],[-2.24005253785912,53.9363581284942],[-2.24584068924005,53.9332626816138],[-2.24461373866248,53.9307773546994],[-2.24383340574209,53.9241953554611],[-2.24078682314177,53.9192599702472],[-2.23757810265257,53.9154133014901],[-2.23460994103772,53.9074235841148],[-2.22956536813634,53.9021367839317],[-2.22658195937359,53.8978713908255],[-2.22291711927602,53.8963844621536],[-2.22298623193028,53.8930732579177],[-2.22431654694747,53.8906161773278],[-2.22885491940645,53.8888963408531],[-2.2319386904638,53.888575828215],[-2.23408265463599,53.8872828006481],[-2.24194559367754,53.8868213301821],[-2.25110389825123,53.8847172656633],[-2.25349944909501,53.8831348491068],[-2.25936399107591,53.8819278835706],[-2.25861572484435,53.8780313893741],[-2.26594051360652,53.8757791808486],[-2.27019057417218,53.8758451529325],[-2.2736956897464,53.8789775790757],[-2.27767161651378,53.877811751039],[-2.28584083209889,53.8739717102033],[-2.29594727073481,53.8726843861881],[-2.29726158365489,53.8720889109837],[-2.30509287990329,53.870674279719],[-2.30791193747894,53.8689513367435],[-2.31237753446605,53.8651568089601],[-2.31460624506226,53.8642737552434],[-2.32003956946863,53.8603280573769],[-2.31976417565343,53.8585051322439],[-2.31748705734939,53.8571612210197],[-2.31791114857219,53.8557409588663],[-2.31426545100094,53.8543106701201],[-2.31699611306984,53.8519415165534],[-2.32213387247953,53.8518837252056],[-2.31841297155867,53.8499477859795],[-2.31792795935388,53.8469220078489],[-2.32646069562062,53.8451060038544],[-2.32625560045926,53.8419994322811],[-2.33122713644794,53.8422159365643],[-2.327031827187,53.8394016360909],[-2.3229420436458,53.8379844861061],[-2.31857673685235,53.8392724248388],[-2.30908626716347,53.8384624127244],[-2.30856121987927,53.8362913949858],[-2.30257325913805,53.8363947619179],[-2.30216830011992,53.8322865537748],[-2.30587619980301,53.8313037373813],[-2.308028592631,53.8289307584689],[-2.31487791627207,53.8285524887383],[-2.3171365109043,53.8278544604912],[-2.31456853091721,53.8231561016885],[-2.31544290549418,53.8208375664254],[-2.31717072461308,53.8193195056354],[-2.317844672633,53.8170571937219],[-2.31603815950381,53.8135468563048],[-2.31320516595104,53.8124650365042],[-2.30974474888179,53.8146284702382],[-2.30913753719963,53.8173524070257],[-2.3077933197489,53.8186078929253],[-2.30395089386841,53.8195129462835],[-2.30296404255766,53.8179057394896],[-2.30304740131514,53.8145134901757],[-2.29644193047167,53.8138110429633],[-2.29735217406025,53.8113182405554],[-2.2954754853933,53.8087703462462],[-2.28931450941262,53.8091673671517],[-2.28266930775313,53.8073640750011],[-2.27998396203085,53.8081856250954],[-2.2791744549699,53.8102286205784],[-2.27681955663707,53.8125907573289],[-2.27002985338679,53.8150069745478],[-2.26696914261585,53.81184371939],[-2.2664960935848,53.8100544402419],[-2.26167638642266,53.809393674146],[-2.26106949964954,53.8077672065182],[-2.25067385693698,53.8116102540445],[-2.23517318159261,53.8138230419106],[-2.23024983069858,53.8147313130391],[-2.22417295139308,53.8163912833366],[-2.22396976212194,53.8178503486948],[-2.21412140635892,53.8143378956425],[-2.20578883401251,53.8132775689664],[-2.20248982068127,53.8160460191265],[-2.19263748165425,53.8233264758965],[-2.1862010644311,53.8222922274018],[-2.18154196213099,53.8222472869246],[-2.17905799610627,53.8228685113894],[-2.17063376718595,53.8230084356596],[-2.16730338335074,53.8224703407248],[-2.16179914779075,53.8230836936671],[-2.15202010006667,53.8237067848061],[-2.15041779625809,53.8229501818668],[-2.14865800421739,53.8197715951827],[-2.14229432255495,53.8204587873911],[-2.13534562621095,53.8159576770377],[-2.12862296414996,53.8197956795088],[-2.12420742465281,53.8162277106708],[-2.11227899052983,53.8057083891249]]]},"properties":{"lad18nm":"Pendle","lad18cd":"E07000122","lad18gr":1695,"lad18grpc":0.042}},
{"type":"Feature","geometry":{"type":"Polygon","coordinates":[[[-2.6452312202389,53.8937579432686],[-2.64688884189349,53.8946792722682],[-2.6532453363641,53.8958807353531],[-2.65732776688589,53.896151504836],[-2.65787563689721,53.8946924735643],[-2.6621210448944,53.8951752249775],[-2.66567056792407,53.8942730311572],[-2.66806114818558,53.8924541349082],[-2.67895671035912,53.8918574354806],[-2.68113355010193,53.8925722959915],[-2.6852751499042,53.8910684569879],[-2.68919293495461,53.8882786913354],[-2.6891190646358,53.8831398829155],[-2.68741130560049,53.8821592022988],[-2.6879081560388,53.8804584880436],[-2.69075163749548,53.879009563597],[-2.69082602189289,53.8742041241628],[-2.70419590279791,53.8705395154575],[-2.70593054690829,53.8686104253816],[-2.70326124064041,53.8649589536418],[-2.70572433715056,53.8614212586476],[-2.71093890835928,53.8576173847249],[-2.7119230511854,53.8563918809674],[-2.7098165059967,53.8536423145304],[-2.7140062833651,53.85338477771],[-2.71673483499682,53.8515089166845],[-2.72019748364202,53.8500797540973],[-2.72586738335325,53.8493805453602],[-2.72901403853871,53.8512202226501],[-2.73138843958973,53.8515688969755],[-2.74074352169276,53.8502074226699],[-2.74638557245605,53.8510299553688],[-2.74670723366742,53.8497166287624],[-2.74201330838519,53.844649485066],[-2.7403490939644,53.8415526051698],[-2.73829032018598,53.8333790277169],[-2.73792950364883,53.8303155058919],[-2.73598978317005,53.8253156856907],[-2.73615752450944,53.8234460371112],[-2.74304689911964,53.8229433990018],[-2.74947115621713,53.8231965200681],[-2.75359991632613,53.8237809585922],[-2.7563422677603,53.8258210862095],[-2.7614089010781,53.8275011815621],[-2.76711021700642,53.8347073394835],[-2.77068881395902,53.8404204870622],[-2.77999196261224,53.8368720959707],[-2.78220508254921,53.8354385203751],[-2.78097226619488,53.8341064738237],[-2.78703309924784,53.8321415312649],[-2.79104227417226,53.8338777216964],[-2.7941846517227,53.834448365399],[-2.80013450280164,53.8331379020111],[-2.8009746981187,53.8317823214684],[-2.79960795359868,53.8291075899295],[-2.79639113520566,53.8278050924244],[-2.79991093275511,53.8248389276465],[-2.8050729173296,53.8250677224002],[-2.81029667695964,53.8243197826532],[-2.82599421787706,53.819987299716],[-2.8220947115743,53.8180393888507],[-2.81896470312343,53.8144827158559],[-2.81525962890121,53.8081830899927],[-2.81152043020378,53.8079253614198],[-2.78268350968963,53.7898616510511],[-2.78052551028237,53.787434543666],[-2.78565657699778,53.7838992193253],[-2.79114628465711,53.780756713431],[-2.79861189097798,53.7707876545346],[-2.79795629390167,53.767575153625],[-2.79911972764159,53.7657292736389],[-2.79258172754808,53.7608408839319],[-2.78972331142051,53.7565194254341],[-2.79073198989766,53.754500232632],[-2.79402292187048,53.7527230738037],[-2.79390048777271,53.7512956074132],[-2.78105465539236,53.7535499415172],[-2.76859261811536,53.7549662563319],[-2.75754101976271,53.7569421253416],[-2.75605911253944,53.7559277450168],[-2.75246605581385,53.7568599703335],[-2.73748738001504,53.7575937891079],[-2.73064364793945,53.7575889319631],[-2.72476164822808,53.7568803399207],[-2.72013166277182,53.7555824899098],[-2.71766129507656,53.7533772226261],[-2.71666480031486,53.7501690320128],[-2.71318150942093,53.7483867456369],[-2.70927854605598,53.748131250759],[-2.70705070715907,53.7495618851588],[-2.70146473610195,53.7515999143001],[-2.69703177038121,53.7520464638716],[-2.69212433625719,53.7498430444227],[-2.68893025739651,53.7489815656413],[-2.68388318165103,53.7500755114634],[-2.67915080111128,53.7530190288348],[-2.67483142824454,53.7505545844004],[-2.66832584431847,53.7484608917744],[-2.66499507401471,53.7487058426339],[-2.66129339051287,53.750626397254],[-2.65927866257144,53.7534714455424],[-2.65857793522674,53.7586938355655],[-2.65656846629279,53.7605582079365],[-2.65238994035385,53.7610744018405],[-2.64634471859489,53.7599504193434],[-2.64381927906065,53.7613436374989],[-2.64400980393902,53.764571111001],[-2.64179681421973,53.7658809282127],[-2.63543037293925,53.7657170464052],[-2.6270996784436,53.7676025417359],[-2.6217887671126,53.7712172532146],[-2.62153687512832,53.7730638035022],[-2.62290622929806,53.7746493687457],[-2.62778241103777,53.7774560696579],[-2.63377193414017,53.7794729906594],[-2.63524337588216,53.7806408600728],[-2.63346442119613,53.7825277631781],[-2.63031087067408,53.7827340482466],[-2.62517991367024,53.7817263982722],[-2.62012196087357,53.7796889639482],[-2.61211313469953,53.7785940567911],[-2.6087221951355,53.7785339395375],[-2.60380281933166,53.7796041513417],[-2.59948777978481,53.7814710235385],[-2.60145446349544,53.7865510447459],[-2.60169894739276,53.7899445843489],[-2.59719989256218,53.7954963770096],[-2.60291206737404,53.8006368290305],[-2.6085543146587,53.8043293768728],[-2.61262313877419,53.8049125886516],[-2.61689219421158,53.8088876844891],[-2.62009078973672,53.8104566713764],[-2.62273682118255,53.8141783653069],[-2.62471372097947,53.8155648678697],[-2.61591872110839,53.8199487007921],[-2.61508225690206,53.8225712237427],[-2.61317436630417,53.8236091724403],[-2.6103767928221,53.8269939116761],[-2.61031420975718,53.8350068863139],[-2.60789806933386,53.8387724828244],[-2.62045503590062,53.8455453597808],[-2.62325993572823,53.8467190532685],[-2.62085557203101,53.8488868090054],[-2.61765416409731,53.8494874489124],[-2.61440962064919,53.8510923315283],[-2.61701012889504,53.8525098179743],[-2.62028776518907,53.8564224744778],[-2.62390723833809,53.8570113185361],[-2.62862314067059,53.8587186529335],[-2.62994469521876,53.8622816903058],[-2.62511120325916,53.8669878258956],[-2.62625688541245,53.8678402297579],[-2.62583759433748,53.8701055456133],[-2.62749255986995,53.8743958545773],[-2.62515766891078,53.8760078497395],[-2.62616244460356,53.878509338549],[-2.62554488522333,53.8804485218157],[-2.62936598248932,53.8817614634931],[-2.63553033541295,53.8827941649636],[-2.63681495498948,53.8850388031603],[-2.63473226342464,53.8884534973052],[-2.63684918609712,53.8906937336886],[-2.64479029404291,53.892791439919],[-2.6452312202389,53.8937579432686]]]},"properties":{"lad18nm":"Preston","lad18cd":"E07000123","lad18gr":2153,"lad18grpc":0.036}},
{"type":"Feature","geometry":{"type":"Polygon","coordinates":[[[-2.18452239163842,53.9522641300986],[-2.19128569557126,53.9580793808299],[-2.19366700335605,53.9615510689388],[-2.1957808599995,53.9670462212461],[-2.1960183674942,53.9695758455163],[-2.20063536994884,53.9701263468575],[-2.2016670381299,53.9678462717445],[-2.2068431142542,53.9662008085685],[-2.20963876334706,53.9628992330263],[-2.21311176025243,53.9634027334612],[-2.21442066116374,53.9650990235011],[-2.22061157935099,53.9635535734125],[-2.22547759189899,53.9611826023748],[-2.22530113273708,53.964917310569],[-2.22594795385996,53.9672537378124],[-2.2286735394853,53.967017557154],[-2.23015588361383,53.9701702723731],[-2.23201544739717,53.9712299768724],[-2.22797921917025,53.9746728070407],[-2.22347749792565,53.9761597837624],[-2.22153075950438,53.9776166431895],[-2.22405959015893,53.9786481840787],[-2.2271043793891,53.9783458517125],[-2.23034529433424,53.9815303435187],[-2.24510038729514,53.9806499049448],[-2.24724134592998,53.978882098455],[-2.28423330022592,53.9740141602677],[-2.29524685317049,53.9751011398815],[-2.29881226556877,53.9771441343393],[-2.29673254801034,53.9805547320345],[-2.3000784429565,53.9814757265276],[-2.30405966079319,53.983551756078],[-2.30447565275083,53.9845429200854],[-2.31019056745136,53.9877503097555],[-2.3142171062018,53.9886035572955],[-2.31841230158326,53.9921524562358],[-2.31882854901848,53.9937286755738],[-2.32689380817291,53.9938732688289],[-2.33366733810029,53.9904114459752],[-2.33601298568634,53.9917242616214],[-2.33832120270613,53.991244080148],[-2.339923184361,53.989427713568],[-2.34542290490908,53.992207160568],[-2.35235757480551,53.9946737861065],[-2.35331139683958,53.9995845503152],[-2.35356755625732,54.0038745125964],[-2.35237348954364,54.0104371892174],[-2.35042773362604,54.0122196783396],[-2.34737816627722,54.0097578433417],[-2.34281239674386,54.0087895438127],[-2.33938094934133,54.0087930124696],[-2.34354057532153,54.0173275533996],[-2.34580196419518,54.0181999712159],[-2.35732329416741,54.019117094779],[-2.35654213704594,54.0214724152657],[-2.36040210462309,54.0244599911908],[-2.35951366961581,54.0263932658799],[-2.36172826228244,54.0272295829224],[-2.36193345769322,54.0292449296249],[-2.35925760577893,54.0317497256428],[-2.36265824949417,54.0344455933796],[-2.36184747913274,54.0379486810599],[-2.36417947652959,54.0400932580256],[-2.36199948040014,54.0406696824744],[-2.37407297715162,54.0490890614635],[-2.38442216106783,54.0476129719638],[-2.3871641118956,54.0452189304125],[-2.38965958848758,54.0442465086345],[-2.39474067374952,54.0433167849424],[-2.39705822389082,54.0442169055475],[-2.40382857307968,54.0434770741611],[-2.40554379112067,54.042566326021],[-2.41443519638299,54.0420344371517],[-2.42252297220431,54.0405718018842],[-2.42582648982368,54.03809491029],[-2.43273399829039,54.0415933532462],[-2.44584326777405,54.0421269312422],[-2.45075524433852,54.0406570668863],[-2.45877489102487,54.0404955283586],[-2.46594939069171,54.0439622966956],[-2.46954984634616,54.0462122430995],[-2.48665779180621,54.0425553421553],[-2.49225722449595,54.0400744728344],[-2.49398977759191,54.0365450326415],[-2.49289001311956,54.0321366222344],[-2.49559382816898,54.028930398126],[-2.49788977247031,54.02739298636],[-2.49918680608535,54.0250643261299],[-2.49775539256825,54.0220297218418],[-2.50268097684975,54.0203986150394],[-2.51288093846399,54.0223669243017],[-2.5186792470066,54.0212454487962],[-2.52426228496893,54.0238986458872],[-2.52730971583983,54.0262454054429],[-2.53198522197111,54.0238492745243],[-2.53872711574003,54.0226517487208],[-2.54414508908547,54.0196909578749],[-2.54585853218676,54.0148738845543],[-2.54919543786451,54.0136731541655],[-2.55689068997107,54.015459498411],[-2.56430795512053,54.0152639981303],[-2.57218584595594,54.0146226995296],[-2.57640092158699,54.0113174715963],[-2.57939000243775,54.0073521352576],[-2.57900902574677,54.0045237516775],[-2.58065330231768,54.0001181253483],[-2.57741959859711,53.9944156906354],[-2.57722915144536,53.9930046842099],[-2.5715861021359,53.9896963356503],[-2.57091683151878,53.9878201912442],[-2.57396849882172,53.9861555061482],[-2.57218971223667,53.9835557978175],[-2.56148073842365,53.9763497361993],[-2.55836533784316,53.9752928930609],[-2.56306522755892,53.9740054479692],[-2.57410915300911,53.9729958968727],[-2.57835052770705,53.9712463230115],[-2.57930597090317,53.9674821360787],[-2.58164307506756,53.9647690711344],[-2.58884650870509,53.9602158037396],[-2.59381209878264,53.9593733950778],[-2.60101199218044,53.9573755178011],[-2.60539037449785,53.9567486304731],[-2.61145872061091,53.9568616348971],[-2.61373768235285,53.9557634248122],[-2.61486883947656,53.9536194288544],[-2.61763006356317,53.9521870290603],[-2.62112292093936,53.9532421303595],[-2.62326345493136,53.9547446065995],[-2.62906003833892,53.9572714159711],[-2.63241984944411,53.9580401698582],[-2.63848157456511,53.9584036582602],[-2.64439506410071,53.9570518256994],[-2.64616169099734,53.9552977778998],[-2.65083208213507,53.952255353855],[-2.64821739364283,53.9489215900485],[-2.64114326189364,53.9450533838716],[-2.63434509497263,53.942721214554],[-2.63057034450014,53.9403206395573],[-2.62643718901396,53.9385635383366],[-2.62724371364865,53.9347548101272],[-2.62964755337534,53.9307345625055],[-2.62257485439379,53.9297153707948],[-2.61937463799718,53.9272144232194],[-2.61603282088554,53.9228239922532],[-2.61427158719232,53.9195471123347],[-2.61864224024433,53.9164139813078],[-2.61498574362608,53.9125122303187],[-2.61340257292018,53.9082556569993],[-2.61662830306891,53.8998040418439],[-2.6225232694778,53.8959754082902],[-2.62607474209311,53.8943318984055],[-2.63006213327158,53.8932622268315],[-2.6337313618307,53.8931009792458],[-2.63767867237349,53.8945118156622],[-2.6424722789978,53.8950309889647],[-2.6452312202389,53.8937579432686],[-2.64479029404291,53.892791439919],[-2.63684918609712,53.8906937336886],[-2.63473226342464,53.8884534973052],[-2.63681495498948,53.8850388031603],[-2.63553033541295,53.8827941649636],[-2.62936598248932,53.8817614634931],[-2.62554488522333,53.8804485218157],[-2.62616244460356,53.878509338549],[-2.62515766891078,53.8760078497395],[-2.62749255986995,53.8743958545773],[-2.62583759433748,53.8701055456133],[-2.62625688541245,53.8678402297579],[-2.62511120325916,53.8669878258956],[-2.62994469521876,53.8622816903058],[-2.62862314067059,53.8587186529335],[-2.62390723833809,53.8570113185361],[-2.62028776518907,53.8564224744778],[-2.61701012889504,53.8525098179743],[-2.61440962064919,53.8510923315283],[-2.61765416409731,53.8494874489124],[-2.62085557203101,53.8488868090054],[-2.62325993572823,53.8467190532685],[-2.62045503590062,53.8455453597808],[-2.60789806933386,53.8387724828244],[-2.61031420975718,53.8350068863139],[-2.6103767928221,53.8269939116761],[-2.61317436630417,53.8236091724403],[-2.61508225690206,53.8225712237427],[-2.61591872110839,53.8199487007921],[-2.62471372097947,53.8155648678697],[-2.62273682118255,53.8141783653069],[-2.62009078973672,53.8104566713764],[-2.61689219421158,53.8088876844891],[-2.61262313877419,53.8049125886516],[-2.6085543146587,53.8043293768728],[-2.60291206737404,53.8006368290305],[-2.59719989256218,53.7954963770096],[-2.60169894739276,53.7899445843489],[-2.60145446349544,53.7865510447459],[-2.59948777978481,53.7814710235385],[-2.59406968474573,53.7802684041397],[-2.59294718436541,53.7790174384911],[-2.58529594776754,53.7827184270384],[-2.58261740166753,53.7799857085676],[-2.58086230598091,53.7755442050698],[-2.57743864433746,53.7749576301571],[-2.57304681397937,53.7754658719936],[-2.56683840983347,53.7772075268406],[-2.56228681548856,53.7768101377451],[-2.55561188881255,53.777403902134],[-2.54750548958988,53.775870978805],[-2.54758729834071,53.7713217567861],[-2.54604077822325,53.7693047595113],[-2.54821392613508,53.7677192582219],[-2.55205403082539,53.7667075923159],[-2.55922792813632,53.7636085462621],[-2.56416349571245,53.7619810863773],[-2.56454959847977,53.7586590690032],[-2.56137409649333,53.7563191670051],[-2.55436473540771,53.7577547670682],[-2.5512980543086,53.7563883886878],[-2.54916416851017,53.7581301193305],[-2.54546336149502,53.7594224877759],[-2.53992283110524,53.7599238778861],[-2.53449365592801,53.7588174838209],[-2.52980938961209,53.7598656586192],[-2.52568732760316,53.759676149483],[-2.51983957939682,53.762335967487],[-2.51869567917245,53.763914703712],[-2.51625127234859,53.7643666120155],[-2.51396542368701,53.7664850205732],[-2.51125437404171,53.766730227891],[-2.50969482685074,53.769109717727],[-2.50469101975549,53.7697169035481],[-2.49934052192869,53.768616673777],[-2.49076714182858,53.7712109042712],[-2.48669360545166,53.7727940923001],[-2.48082634103419,53.7739915961365],[-2.47795352044587,53.7799431920923],[-2.47370688331454,53.7798989374133],[-2.46910145956295,53.7818188747229],[-2.46580771374763,53.7808134079364],[-2.46200250030744,53.7808874380542],[-2.45517556197396,53.7833321481056],[-2.44947128265703,53.7869282696566],[-2.44760102250527,53.7890268123058],[-2.44309500621278,53.7920895342839],[-2.44005412019592,53.7952330648465],[-2.43366009626588,53.7984740510025],[-2.42351717153976,53.8028371238943],[-2.40685266818124,53.81340538775],[-2.40091363294016,53.8141102435103],[-2.39996864474893,53.8158228700076],[-2.39673657734499,53.8166191916107],[-2.39339085036249,53.8145503521847],[-2.39579048581005,53.8118037994934],[-2.39870618766911,53.8105223538931],[-2.39947756216668,53.8092291235166],[-2.3980300471327,53.8066427180036],[-2.39872390383161,53.8034425024273],[-2.39329584116238,53.8032842105955],[-2.38962115316819,53.8024325185912],[-2.37878435667474,53.8023709796599],[-2.37918967920829,53.8011905432115],[-2.37485767582117,53.8006369929129],[-2.36980628895166,53.8014786053285],[-2.3689597447757,53.7991380847174],[-2.37141023247818,53.7953807347377],[-2.3697460077775,53.7941275565864],[-2.36347745623931,53.7935238471464],[-2.35882371530387,53.7953462602726],[-2.35930120885749,53.7972161284972],[-2.35471380196257,53.7976117474862],[-2.3479673722637,53.7943544772636],[-2.34401914343083,53.7932685228415],[-2.3423059086941,53.7948274419965],[-2.33622181747354,53.795446881664],[-2.33466419412839,53.7990364216016],[-2.33472984938981,53.8009856770077],[-2.3320440877135,53.8033004394963],[-2.32976221085149,53.806638528645],[-2.32592848483648,53.8065124717391],[-2.32328246756354,53.8099647195628],[-2.31560149761216,53.8126465172252],[-2.31320516595104,53.8124650365042],[-2.31603815950381,53.8135468563048],[-2.317844672633,53.8170571937219],[-2.31717072461308,53.8193195056354],[-2.31544290549418,53.8208375664254],[-2.31456853091721,53.8231561016885],[-2.3171365109043,53.8278544604912],[-2.31487791627207,53.8285524887383],[-2.308028592631,53.8289307584689],[-2.30587619980301,53.8313037373813],[-2.30216830011992,53.8322865537748],[-2.30257325913805,53.8363947619179],[-2.30856121987927,53.8362913949858],[-2.30908626716347,53.8384624127244],[-2.31857673685235,53.8392724248388],[-2.3229420436458,53.8379844861061],[-2.327031827187,53.8394016360909],[-2.33122713644794,53.8422159365643],[-2.32625560045926,53.8419994322811],[-2.32646069562062,53.8451060038544],[-2.31792795935388,53.8469220078489],[-2.31841297155867,53.8499477859795],[-2.32213387247953,53.8518837252056],[-2.31699611306984,53.8519415165534],[-2.31426545100094,53.8543106701201],[-2.31791114857219,53.8557409588663],[-2.31748705734939,53.8571612210197],[-2.31976417565343,53.8585051322439],[-2.32003956946863,53.8603280573769],[-2.31460624506226,53.8642737552434],[-2.31237753446605,53.8651568089601],[-2.30791193747894,53.8689513367435],[-2.30509287990329,53.870674279719],[-2.29726158365489,53.8720889109837],[-2.29594727073481,53.8726843861881],[-2.28584083209889,53.8739717102033],[-2.27767161651378,53.877811751039],[-2.2736956897464,53.8789775790757],[-2.27019057417218,53.8758451529325],[-2.26594051360652,53.8757791808486],[-2.25861572484435,53.8780313893741],[-2.25936399107591,53.8819278835706],[-2.25349944909501,53.8831348491068],[-2.25110389825123,53.8847172656633],[-2.24194559367754,53.8868213301821],[-2.23408265463599,53.8872828006481],[-2.2319386904638,53.888575828215],[-2.22885491940645,53.8888963408531],[-2.22431654694747,53.8906161773278],[-2.22298623193028,53.8930732579177],[-2.22291711927602,53.8963844621536],[-2.22658195937359,53.8978713908255],[-2.22956536813634,53.9021367839317],[-2.23460994103772,53.9074235841148],[-2.23757810265257,53.9154133014901],[-2.24078682314177,53.9192599702472],[-2.24383340574209,53.9241953554611],[-2.24461373866248,53.9307773546994],[-2.24584068924005,53.9332626816138],[-2.24005253785912,53.9363581284942],[-2.23403906779503,53.9385324882375],[-2.22991684498886,53.9393106783105],[-2.22871535938968,53.9410413706306],[-2.22522188526994,53.9418083170419],[-2.2258897836206,53.9433250997445],[-2.21828731621114,53.9435369589197],[-2.214927203556,53.9421624611975],[-2.21012638719399,53.9432693194209],[-2.20695127114847,53.9450390813798],[-2.19882872375905,53.9477456009294],[-2.19426795864464,53.9485907708734],[-2.18833406417285,53.9504112123157],[-2.18452239163842,53.9522641300986]]]},"properties":{"lad18nm":"Ribble Valley","lad18cd":"E07000124","lad18gr":2123,"lad18grpc":0.076}},
{"type":"Feature","geometry":{"type":"Polygon","coordinates":[[[-2.17329358668748,53.7230116839111],[-2.18090477705747,53.7287724284291],[-2.18544099071239,53.730824657568],[-2.1966354076991,53.7328965130428],[-2.20329654912414,53.7323883216305],[-2.20468009268576,53.7338537226657],[-2.21213237768138,53.7366216477649],[-2.21784280731702,53.7383379494568],[-2.22552257144049,53.7385332121234],[-2.23265360476655,53.7376351679459],[-2.23502060883877,53.7420714912476],[-2.23970399009622,53.747094578537],[-2.24435563186481,53.7504044837442],[-2.24892585558341,53.7528928436309],[-2.25169741175362,53.7550449889071],[-2.25572481913091,53.7529342583432],[-2.25713794155624,53.7501647328651],[-2.26424207433795,53.7474286188274],[-2.26282148422398,53.7462606742512],[-2.26683404313937,53.7427410501283],[-2.27111569821616,53.7422632247306],[-2.27522212982089,53.7437512916382],[-2.2782904471175,53.7434467095601],[-2.28163082485365,53.7450549376232],[-2.2852668111761,53.743708066818],[-2.28731852164118,53.7464102876974],[-2.29330432517581,53.7497959664595],[-2.29527150262072,53.7519904931156],[-2.2983952484349,53.751099234465],[-2.30119101820732,53.7491086377367],[-2.3141091073118,53.7470387958581],[-2.32602367051275,53.7471310846607],[-2.32560061972076,53.7432152332079],[-2.32457505243021,53.7421511784483],[-2.32380709460645,53.737719497837],[-2.32625746518459,53.7377946217076],[-2.32963503184503,53.7321768687072],[-2.33579312483229,53.730392796118],[-2.33455503738149,53.7292817058193],[-2.33950561928197,53.7276257005078],[-2.34281755546936,53.7259822749037],[-2.3422524537619,53.7243363221097],[-2.34442186934573,53.7223905120672],[-2.35534027446327,53.7221546699606],[-2.36080039764864,53.7164983756784],[-2.36973109232343,53.7140677293475],[-2.38289914364419,53.7112140226107],[-2.39575456544128,53.7096308008798],[-2.40676646983115,53.7056617059323],[-2.41098929578139,53.7051367415016],[-2.40860669839143,53.7031396903553],[-2.40550689223497,53.6989832924284],[-2.40128841087244,53.6949861933132],[-2.40028730642582,53.692595088536],[-2.39152756194246,53.6886225233443],[-2.38479485673966,53.6882407981371],[-2.38089280695833,53.688582226467],[-2.37442427465371,53.6872544342486],[-2.37571597571508,53.6813299333504],[-2.37585530288517,53.6753928616661],[-2.37405916179249,53.6713888758023],[-2.37123619444388,53.667080654493],[-2.36121602832222,53.6650144323985],[-2.3555698327065,53.6645072937127],[-2.35540003884025,53.6594537979937],[-2.35333854602095,53.6584829019405],[-2.34844250768235,53.6578267461716],[-2.33340226346198,53.6551865681732],[-2.32040707314602,53.6560300851882],[-2.31573650949218,53.6554609408571],[-2.31147065080586,53.6598897461669],[-2.30758720779525,53.6610529766818],[-2.30598798538847,53.6629688251382],[-2.30010433019791,53.6670265448045],[-2.29564080790465,53.6641937440897],[-2.29561776395935,53.661763498068],[-2.29387254279445,53.6582318291806],[-2.29386399391674,53.6561466817235],[-2.29552336867241,53.6556338373602],[-2.29559771611345,53.6530891470321],[-2.29763963334935,53.6517062503043],[-2.29759385695473,53.6484373561437],[-2.295272776757,53.6403952353397],[-2.29231746848996,53.6380089046363],[-2.28973045162384,53.6350410460129],[-2.28889849871674,53.6328247670141],[-2.28697942604355,53.6319242533343],[-2.28351189881627,53.6269943182828],[-2.28449591238677,53.6253749989717],[-2.28242293012607,53.6217620572693],[-2.27828911792747,53.6203390517155],[-2.27774472645797,53.6187088584656],[-2.27255052543859,53.6185123344406],[-2.2717870687905,53.6145142332618],[-2.26940525974892,53.6160206942147],[-2.26647690886034,53.6145387619212],[-2.26057862591622,53.6162334420054],[-2.25791657070209,53.616465742154],[-2.26000162678649,53.6206956804494],[-2.26046264538838,53.6243438860563],[-2.26249277626715,53.6262045321612],[-2.26377953100657,53.6298294259451],[-2.26544770782265,53.6394449010902],[-2.26766724665609,53.6409994120589],[-2.26720902401371,53.6426830731203],[-2.26940412803575,53.6439140134656],[-2.26918429874795,53.64691017896],[-2.26642181971065,53.6490366666926],[-2.26562245219924,53.65062752573],[-2.26290739716711,53.6516850927193],[-2.26144134933485,53.6541231886601],[-2.25351417534668,53.6565382894288],[-2.24872965968198,53.6601039678397],[-2.24587750356036,53.663521730583],[-2.23657496385011,53.6670071610404],[-2.2330799123683,53.6688466893082],[-2.22620746484638,53.6706232707129],[-2.22162783400025,53.6689933474295],[-2.21772889962318,53.6689807388165],[-2.21461527021058,53.6650478686977],[-2.2071617994112,53.6607341572161],[-2.20789857300942,53.6594754553429],[-2.20678146270892,53.6569373849141],[-2.20444932416404,53.6562258820574],[-2.2052285001861,53.654348835335],[-2.19773753614006,53.6520676287921],[-2.19700038483998,53.6510163733411],[-2.1913690519372,53.6492898470433],[-2.18958425633275,53.6480253610105],[-2.18240718357035,53.6482576152006],[-2.18106520364041,53.6457771253921],[-2.18352704237756,53.6452475501941],[-2.18270630955508,53.6429748327145],[-2.18046782729018,53.6405496147463],[-2.18539583912308,53.6382240927871],[-2.1613528322883,53.6413741752366],[-2.16059894286228,53.6482959926867],[-2.16370110460435,53.6520272354487],[-2.1639387340251,53.6547655964438],[-2.15502897308759,53.6642481534943],[-2.15353652442215,53.6687395691673],[-2.14860180158301,53.6744989884333],[-2.14797333882873,53.678286420176],[-2.14813795842426,53.6820099722166],[-2.14632807589576,53.6822315294492],[-2.14817154319884,53.6859161792346],[-2.14534137853527,53.692372085965],[-2.15239647544607,53.6952242029168],[-2.16110639666296,53.6976647272162],[-2.16258292564966,53.6992212453444],[-2.16204691601595,53.7043658312643],[-2.16253216470248,53.7072520837315],[-2.1657568700221,53.710196568745],[-2.16683202007414,53.7135134598644],[-2.17199831022214,53.7171650760188],[-2.16973452621771,53.7194180606503],[-2.17329358668748,53.7230116839111]]]},"properties":{"lad18nm":"Rossendale","lad18cd":"E07000125","lad18gr":2201,"lad18grpc":0.068}},
{"type":"Feature","geometry":{"type":"Polygon","coordinates":[[[-2.59948777978481,53.7814710235385],[-2.60380281933166,53.7796041513417],[-2.6087221951355,53.7785339395375],[-2.61211313469953,53.7785940567911],[-2.62012196087357,53.7796889639482],[-2.62517991367024,53.7817263982722],[-2.63031087067408,53.7827340482466],[-2.63346442119613,53.7825277631781],[-2.63524337588216,53.7806408600728],[-2.63377193414017,53.7794729906594],[-2.62778241103777,53.7774560696579],[-2.62290622929806,53.7746493687457],[-2.62153687512832,53.7730638035022],[-2.6217887671126,53.7712172532146],[-2.6270996784436,53.7676025417359],[-2.63543037293925,53.7657170464052],[-2.64179681421973,53.7658809282127],[-2.64400980393902,53.764571111001],[-2.64381927906065,53.7613436374989],[-2.64634471859489,53.7599504193434],[-2.65238994035385,53.7610744018405],[-2.65656846629279,53.7605582079365],[-2.65857793522674,53.7586938355655],[-2.65927866257144,53.7534714455424],[-2.66129339051287,53.750626397254],[-2.66499507401471,53.7487058426339],[-2.66832584431847,53.7484608917744],[-2.67483142824454,53.7505545844004],[-2.67915080111128,53.7530190288348],[-2.68388318165103,53.7500755114634],[-2.68893025739651,53.7489815656413],[-2.69212433625719,53.7498430444227],[-2.69703177038121,53.7520464638716],[-2.70146473610195,53.7515999143001],[-2.70705070715907,53.7495618851588],[-2.70927854605598,53.748131250759],[-2.71318150942093,53.7483867456369],[-2.71666480031486,53.7501690320128],[-2.71766129507656,53.7533772226261],[-2.72013166277182,53.7555824899098],[-2.72476164822808,53.7568803399207],[-2.73064364793945,53.7575889319631],[-2.73748738001504,53.7575937891079],[-2.75246605581385,53.7568599703335],[-2.75605911253944,53.7559277450168],[-2.75754101976271,53.7569421253416],[-2.76859261811536,53.7549662563319],[-2.78105465539236,53.7535499415172],[-2.79390048777271,53.7512956074132],[-2.83973431853168,53.7410721339625],[-2.86331998378427,53.7355974808178],[-2.8709140560302,53.7343739114014],[-2.86340541084483,53.7349533025401],[-2.85201138309783,53.7318765161247],[-2.84609941035271,53.7296749214873],[-2.83575169359229,53.7238810547549],[-2.83054087788013,53.7192461046143],[-2.8262950581906,53.7142348583432],[-2.82554565732628,53.7124881663028],[-2.82398181894109,53.7028535017084],[-2.82478029597345,53.7011609093495],[-2.83083347734642,53.7010947377034],[-2.83339382051856,53.6988909397991],[-2.83362546248139,53.6971257688852],[-2.83206719377874,53.6943691677013],[-2.83001623713045,53.6938962092626],[-2.82910929803074,53.6906667000516],[-2.82575090944456,53.6874441545992],[-2.82012710674794,53.6871376997055],[-2.81592551349554,53.6878693950496],[-2.80910219640011,53.6875552204651],[-2.8067370193583,53.6868521432091],[-2.80417491682122,53.6881214817927],[-2.79587351078089,53.6874831035506],[-2.78990785729112,53.6905013584411],[-2.7874604897212,53.6913067183173],[-2.77556834259742,53.6910095944689],[-2.77062671426926,53.6914172224387],[-2.76564976378247,53.6928836720352],[-2.75081721745507,53.6928887138741],[-2.74604006786565,53.6924323749984],[-2.74410851032893,53.6877542588698],[-2.74150098967222,53.6881039120051],[-2.73498353712532,53.6874942773695],[-2.73003868088358,53.6862140658286],[-2.73229136622799,53.6842650240945],[-2.72946485421437,53.6836728757295],[-2.73101440704237,53.6818702975152],[-2.7332649233818,53.6771915349661],[-2.73383125091098,53.6747611699951],[-2.73014749782228,53.6739288923649],[-2.71969742294296,53.6731851233503],[-2.71253955145746,53.6713341284435],[-2.71058209698341,53.6760934282697],[-2.70875035328002,53.6773563780275],[-2.70726183928563,53.6814971293265],[-2.69883786689636,53.6800392725721],[-2.69227999689163,53.6797106934696],[-2.6873096796664,53.6790616469832],[-2.68140779373332,53.6795861128586],[-2.67581179464795,53.6792789868865],[-2.66810787837257,53.6801734455315],[-2.66492596776796,53.681928609555],[-2.65989575105668,53.6806278968946],[-2.65833495499137,53.6860743973813],[-2.65622492725275,53.6880633435784],[-2.6581124358947,53.6907386953535],[-2.6616335492364,53.6915263891548],[-2.67358587712016,53.6925393241782],[-2.67759500324585,53.6936985965973],[-2.67723021054548,53.7035176284409],[-2.67493576340087,53.7078080127462],[-2.67229587555659,53.7102227358574],[-2.66895897729687,53.7122744986507],[-2.65975287976054,53.7167963156361],[-2.65749865411222,53.7173146794491],[-2.65639373650656,53.7139897653515],[-2.65464444388884,53.7123858726806],[-2.65138819023186,53.7120683561652],[-2.64726312998841,53.7146658862903],[-2.64766840522453,53.7159984194272],[-2.63988591833612,53.7177775749554],[-2.62969366687869,53.7184652100025],[-2.62549707651282,53.7227035755668],[-2.62318480226919,53.7235451653476],[-2.62429693031072,53.7290482549083],[-2.61851025165435,53.732362467417],[-2.61703188127232,53.7324411602802],[-2.61072801021614,53.73706810999],[-2.61177212931276,53.7381881372634],[-2.60468197161982,53.7389431221421],[-2.60003253686286,53.7414103630662],[-2.59922817339773,53.7425289514139],[-2.59420934780375,53.7434751272759],[-2.59020737023519,53.7428936730868],[-2.58705922814253,53.7432902049915],[-2.58234572286529,53.7467107028149],[-2.57986019667817,53.7475765544001],[-2.57680690997968,53.7512737160101],[-2.57345189031561,53.7512350005789],[-2.56913666115283,53.7497239917965],[-2.56391971317519,53.7487950261077],[-2.56160160852994,53.7469013543165],[-2.55916593863004,53.7475535874102],[-2.55826651562119,53.7490228590338],[-2.55398712642003,53.7497078208663],[-2.55200905286855,53.7530154977368],[-2.5512980543086,53.7563883886878],[-2.55436473540771,53.7577547670682],[-2.56137409649333,53.7563191670051],[-2.56454959847977,53.7586590690032],[-2.56416349571245,53.7619810863773],[-2.55922792813632,53.7636085462621],[-2.55205403082539,53.7667075923159],[-2.54821392613508,53.7677192582219],[-2.54604077822325,53.7693047595113],[-2.54758729834071,53.7713217567861],[-2.54750548958988,53.775870978805],[-2.55561188881255,53.777403902134],[-2.56228681548856,53.7768101377451],[-2.56683840983347,53.7772075268406],[-2.57304681397937,53.7754658719936],[-2.57743864433746,53.7749576301571],[-2.58086230598091,53.7755442050698],[-2.58261740166753,53.7799857085676],[-2.58529594776754,53.7827184270384],[-2.59294718436541,53.7790174384911],[-2.59406968474573,53.7802684041397],[-2.59948777978481,53.7814710235385]]]},"properties":{"lad18nm":"South Ribble","lad18cd":"E07000126","lad18gr":1693,"lad18grpc":0.035}},
{"type":"Feature","geometry":{"type":"Polygon","coordinates":[[[-2.8709140560302,53.7343739114014],[-2.88164401723946,53.7325667887785],[-2.89698927607891,53.7313624415837],[-2.90332335198269,53.7304123253857],[-2.91615518019472,53.730228463125],[-2.91975068753059,53.729260696903],[-2.92372686668026,53.7294134006505],[-2.93007984508943,53.7288851926165],[-2.93406553037596,53.7279607178957],[-2.94029746175755,53.7276585129435],[-2.94698023193984,53.7282036465767],[-2.95259194435988,53.729231460454],[-2.95881118467678,53.7313022617702],[-2.96108585199175,53.731478237198],[-2.96497171548935,53.7297230383504],[-2.97143832736,53.7297365403213],[-2.97830716838913,53.7288573853325],[-2.98541675894737,53.7283669180621],[-2.99186502954168,53.7285752793157],[-3.00028933175124,53.7281197769132],[-3.01330294307868,53.7296859029],[-3.02163128236677,53.7310298799014],[-3.02709388825309,53.7305786878453],[-3.03427762737397,53.7291119030236],[-3.04227648291615,53.7259325637602],[-3.04448834264243,53.7240544787529],[-3.04435841709813,53.7221752248279],[-3.04970790206935,53.7217976947127],[-3.05395965865927,53.7243113656563],[-3.0586007320219,53.7308346336123],[-3.0625989076079,53.7338166964914],[-3.07486762122236,53.7392261994809],[-3.07565386739534,53.7349855300442],[-3.07530242961861,53.730898935222],[-3.07417641233591,53.7282943216011],[-3.07708030489961,53.7252570719168],[-3.07632749573184,53.7220720416442],[-3.08336747002046,53.7191376648724],[-3.08367199637717,53.7168356801951],[-3.0814018397741,53.7151177791182],[-3.07831190588344,53.7033761279787],[-3.08054004328049,53.7011835123284],[-3.08205832395981,53.7011419469316],[-3.0844723642472,53.6987066632662],[-3.08396281273809,53.6958538326188],[-3.08179802224282,53.6965448393292],[-3.07853133284991,53.6954929358578],[-3.06885883137991,53.6956525391244],[-3.0655977435754,53.6962451110277],[-3.06306470378144,53.6958002644888],[-3.06217966748631,53.6928338617046],[-3.06044287013493,53.6906191232292],[-3.03225736001117,53.6978163024205],[-3.02065121928003,53.688754694534],[-3.01148775936475,53.6899336445829],[-3.00824774957904,53.6907231790551],[-3.00169214882031,53.6954387857174],[-3.00275727463872,53.6990873019648],[-2.99779166583625,53.7017542792128],[-2.98935660838537,53.7024911733823],[-2.96305667075316,53.704348364795],[-2.94678566949808,53.6880175654031],[-2.94884900702604,53.68711318557],[-2.95245064930983,53.6826515863906],[-2.95209640167628,53.6815129367282],[-2.94780145512434,53.6792360137146],[-2.94510681044329,53.6785661077831],[-2.94374819287607,53.6763027837725],[-2.94404594744239,53.6727598625987],[-2.94743790976434,53.667349080044],[-2.94495798668496,53.666163307547],[-2.94198491667252,53.6631523036694],[-2.94014344409029,53.6586105188298],[-2.94235395774326,53.656290364979],[-2.94851946213942,53.6535685306373],[-2.95061174151126,53.6516751737193],[-2.95877674995886,53.6425174102133],[-2.95791194767296,53.6407994946515],[-2.96233875048725,53.6373222929667],[-2.96651080234269,53.6318650190382],[-2.98182313089385,53.6222051359481],[-2.99121663198225,53.6266641919899],[-2.99372060335681,53.6282712148922],[-3.00073285873933,53.6249777657331],[-3.00176411471814,53.6224900698271],[-3.00536792808479,53.6204328460929],[-3.00694383423856,53.617283464322],[-3.01141607017524,53.6148413251836],[-3.01185715177959,53.6128663299388],[-3.01409852885323,53.6112770309316],[-3.01960855026405,53.6092320388668],[-3.02062831824267,53.607144242233],[-3.02815168354805,53.6030233279621],[-3.03217856779697,53.5984736010563],[-3.03104410195739,53.5963171169097],[-3.03251392873199,53.5890524108816],[-3.03542284090649,53.5867953908274],[-3.0333451713377,53.5851028613229],[-3.02070918258232,53.5836752117772],[-3.02158043319929,53.5740157351097],[-3.02289256902445,53.5736324030572],[-3.02261999765623,53.5695979068693],[-3.03172981433584,53.5690810439613],[-3.04031630583258,53.5653446370153],[-3.04098711763389,53.5624723206256],[-3.03930336290552,53.5587674370528],[-3.04015596959789,53.5562899195913],[-3.03869944161775,53.5531547476191],[-3.04061895764383,53.5488288485423],[-3.04625018386466,53.5430709859608],[-3.04410553369213,53.5420246098736],[-3.04358945928523,53.5403068347506],[-3.03954232427722,53.5411753793114],[-3.0385450043608,53.5382807139733],[-3.03524111203507,53.5389915969188],[-3.03193218503803,53.5372628452007],[-3.02820744540182,53.5390369659552],[-3.01679395021007,53.535770859565],[-3.01395130303417,53.534509602533],[-3.01371774134204,53.5323084322679],[-3.0092461417397,53.5317475894625],[-3.00831110675704,53.5294750470431],[-3.00454077373221,53.5292029552238],[-3.00102234669995,53.5281016371312],[-2.99930740023255,53.5264432014867],[-2.99676505829224,53.5259735943893],[-2.99009020663289,53.5225539989238],[-2.98959548399561,53.5216466248259],[-2.98503632097532,53.5214739935595],[-2.9805837035732,53.5187932579761],[-2.97582621873825,53.515287937911],[-2.97166280895291,53.5161038218942],[-2.96806817222936,53.517919970463],[-2.96414278382269,53.5186060594161],[-2.96296435439051,53.5237058596021],[-2.96324794741279,53.5248370900437],[-2.9666730915667,53.5272660871254],[-2.9705761559292,53.5342887871208],[-2.97281856506956,53.5361447200669],[-2.97436360439037,53.539632338516],[-2.978321154222,53.542753273089],[-2.97761401698476,53.5459230779441],[-2.97254759395251,53.5479608301847],[-2.97034422794035,53.5471103938686],[-2.96516208794102,53.5476710012863],[-2.95969037422379,53.5455685116379],[-2.95501277264072,53.5460751164999],[-2.95087677193445,53.5442896370482],[-2.94809440450588,53.5443783118334],[-2.9419862007505,53.5410153541368],[-2.94084690176929,53.5395168992411],[-2.93605433428584,53.5384174001151],[-2.93627120387977,53.5370305805059],[-2.93358418629829,53.5344368016773],[-2.93378650555914,53.5334149357654],[-2.93133080456568,53.5314431182913],[-2.92629805875905,53.5295173006732],[-2.92578233876091,53.527314570601],[-2.92300940751067,53.5252200425158],[-2.90600479869961,53.5216997451964],[-2.89977109669105,53.5220695111153],[-2.89597767397001,53.5218535860749],[-2.88908598307627,53.5222106697451],[-2.88630209846828,53.5210789640431],[-2.88171626852993,53.5205438932213],[-2.88553250409748,53.5181723498092],[-2.88771935200054,53.5145605950513],[-2.89238902131384,53.5111461367126],[-2.88799424321123,53.5038287420372],[-2.88150078559031,53.5027505881325],[-2.8733324381136,53.5000393451111],[-2.87236578472678,53.4970126799441],[-2.87070110501775,53.4946373792127],[-2.86515490038089,53.4920871492598],[-2.86147780265081,53.4910791565467],[-2.8591791829809,53.492114120381],[-2.8498364247934,53.4931391728108],[-2.84400207770206,53.4902727150511],[-2.84339270386073,53.488195190101],[-2.84442114863858,53.4841303894131],[-2.82557439672137,53.4827816885128],[-2.82496446472738,53.4852092192654],[-2.82403970550861,53.4895922573908],[-2.82038668390646,53.494380541688],[-2.81991566527694,53.496526719064],[-2.82259023598101,53.5051204992056],[-2.82150746462825,53.5051072842576],[-2.81662329830682,53.5122903195403],[-2.81146008827671,53.513637029187],[-2.81045398762439,53.5162325810741],[-2.80573121870679,53.5184928178747],[-2.8006754462851,53.5193565005833],[-2.7945915111589,53.5213018053591],[-2.79157362489505,53.5254422399936],[-2.78910320188438,53.5267592304299],[-2.78247648838422,53.5314301969823],[-2.77518821226971,53.5244098321715],[-2.77123759485252,53.5187490972317],[-2.76887248377879,53.513571464193],[-2.75983151753041,53.5125371405826],[-2.75906280810712,53.5138202192959],[-2.7520374001588,53.5161459193696],[-2.74829296556265,53.5160714502519],[-2.74103539175327,53.518459055613],[-2.73551622295136,53.5197236817215],[-2.73170732427099,53.5196850260028],[-2.7305209236796,53.5206001458893],[-2.72487711441028,53.5244061278121],[-2.72094375802229,53.5250608882051],[-2.71781695250951,53.5274823866951],[-2.71628825572338,53.5338878494353],[-2.71638133914781,53.5378881569395],[-2.71457762538736,53.5381227662984],[-2.71864854431658,53.5433800652218],[-2.71530683202889,53.5465703913368],[-2.711147399455,53.5494489750173],[-2.71026311340342,53.5530657767706],[-2.70772634262151,53.5547364353299],[-2.70708016001388,53.5571734722043],[-2.70474625031984,53.5597121048172],[-2.70429640157788,53.5628104833607],[-2.70814103948739,53.564213520895],[-2.71039848301269,53.5642289379686],[-2.71130277809145,53.5662954339102],[-2.71565900336526,53.5702434582193],[-2.71752318068575,53.5729657926211],[-2.71591218777309,53.5753088295348],[-2.71784456416676,53.5769619283245],[-2.71480209572855,53.5783527199633],[-2.7142347986981,53.5817942354769],[-2.71164501241535,53.5828253404385],[-2.71034498140922,53.5847467123934],[-2.70748014136461,53.586694401012],[-2.70272271220406,53.5873031077256],[-2.70281293151608,53.589830160298],[-2.70006962363831,53.5912133608772],[-2.69353794340783,53.5893358424408],[-2.69365871590647,53.5918223074936],[-2.69212420070751,53.5980575626333],[-2.68931258757785,53.6043028419438],[-2.69588228914263,53.6045021282658],[-2.69854465740365,53.6120755062012],[-2.69848173871574,53.6143130702229],[-2.69347912510932,53.6164877417029],[-2.69113052726258,53.619764087476],[-2.69190686491678,53.6248973982425],[-2.69444361848788,53.6266254790524],[-2.69628631056507,53.6263181381639],[-2.69529136467797,53.6237406973556],[-2.69667294409625,53.6229875510843],[-2.70081484102422,53.6227502849364],[-2.70373104603238,53.6213732418726],[-2.70486379504101,53.6187607771389],[-2.70995573621723,53.6177841672853],[-2.71280847104543,53.6184125486719],[-2.72127477011353,53.6186997161322],[-2.72737084619834,53.6210168783401],[-2.73247144184585,53.6219519762241],[-2.73616787659759,53.62368473625],[-2.7432775371539,53.6220676831014],[-2.74920891987939,53.618231269536],[-2.75650638960682,53.6158753213472],[-2.75849729025557,53.6146941879751],[-2.76185636513678,53.6169730199413],[-2.766632865946,53.6191922663011],[-2.77068933977538,53.6192129085932],[-2.7741744983216,53.6202258258072],[-2.77885833710526,53.6195760959124],[-2.78059464290762,53.6206802727818],[-2.78100140595874,53.6234712225498],[-2.79324027544178,53.6229600383492],[-2.78862826289059,53.6191165741312],[-2.78806006939369,53.6172597118445],[-2.79069851332171,53.614615903033],[-2.79346305673342,53.6150074293198],[-2.7971325225391,53.616808581358],[-2.79891640902448,53.6200118126133],[-2.79816224738147,53.6209893901346],[-2.80066510937817,53.6226256010302],[-2.80247508583942,53.6265396542213],[-2.80811353343328,53.6290687524167],[-2.80582565210462,53.6332772588808],[-2.80737998922043,53.6380172264868],[-2.80591718295349,53.6408638325257],[-2.80995463699717,53.6426989587554],[-2.80949739284106,53.6437015515912],[-2.81168529554084,53.6468102054821],[-2.81440664853592,53.6484473466005],[-2.81475995185714,53.6509239612532],[-2.81244391461598,53.6533837011672],[-2.81646668787069,53.654304586575],[-2.81675217544761,53.6555349619176],[-2.81232257243814,53.6561277370504],[-2.81474397620544,53.658107660337],[-2.81474928696117,53.6609021483896],[-2.8204465315097,53.6621278804502],[-2.82149456684245,53.6628675952773],[-2.81979364035662,53.6657600527135],[-2.82318388587059,53.6678598688493],[-2.82261049119541,53.6688803877665],[-2.81737351233152,53.6709971504823],[-2.81635485447524,53.6729590767993],[-2.81875907281977,53.6766468081413],[-2.81834256559319,53.6788239707304],[-2.82060777800801,53.6800875033557],[-2.82423015803598,53.6806711232594],[-2.82377023192034,53.6827092320322],[-2.82144890263709,53.6847961675055],[-2.81845898403608,53.6849820027804],[-2.82012710674794,53.6871376997055],[-2.82575090944456,53.6874441545992],[-2.82910929803074,53.6906667000516],[-2.83001623713045,53.6938962092626],[-2.83206719377874,53.6943691677013],[-2.83362546248139,53.6971257688852],[-2.83339382051856,53.6988909397991],[-2.83083347734642,53.7010947377034],[-2.82478029597345,53.7011609093495],[-2.82398181894109,53.7028535017084],[-2.82554565732628,53.7124881663028],[-2.8262950581906,53.7142348583432],[-2.83054087788013,53.7192461046143],[-2.83575169359229,53.7238810547549],[-2.84609941035271,53.7296749214873],[-2.85201138309783,53.7318765161247],[-2.86340541084483,53.7349533025401],[-2.8709140560302,53.7343739114014]]]},"properties":{"lad18nm":"West Lancashire","lad18cd":"E07000127","lad18gr":941,"lad18grpc":0.02}},
{"type":"Feature","geometry":{"type":"Polygon","coordinates":[[[-2.64821739364283,53.9489215900485],[-2.65544978896909,53.949285004784],[-2.66267079221922,53.9473939260966],[-2.66592051032704,53.9476725709968],[-2.67396381476453,53.9502440685874],[-2.68009976038436,53.9502427615113],[-2.68383968135047,53.9494567252166],[-2.68885399946858,53.9491782182294],[-2.69943365420223,53.9468639011613],[-2.70324935514347,53.9533344499891],[-2.70652544477148,53.9559369236572],[-2.70637391577893,53.9583285961793],[-2.70897432949536,53.9600676186615],[-2.71182846824146,53.9657588079404],[-2.71036730981164,53.9700977543643],[-2.71250266666477,53.9761419660005],[-2.71565576482026,53.9802440537051],[-2.71979862178957,53.9794427042374],[-2.72254631554478,53.9772511730215],[-2.72414920459188,53.9785951223893],[-2.72753217894532,53.9784784396077],[-2.73110355521261,53.975548351074],[-2.73509958914193,53.9745973151826],[-2.73395455156719,53.9731177313938],[-2.73647510881615,53.9682274143932],[-2.73359238470574,53.9675178961341],[-2.73616071333638,53.9637921217901],[-2.73976690291276,53.9625898479135],[-2.73934187481823,53.9606232815408],[-2.74151023663268,53.9587099101446],[-2.74210956361682,53.9563316121319],[-2.7556967521083,53.9526985613386],[-2.75077830212391,53.9566165499487],[-2.7573814623813,53.959219343478],[-2.75646843445639,53.9603017845414],[-2.75786811323113,53.9631088155819],[-2.76069801460669,53.9644983624517],[-2.76594522006917,53.9652065669587],[-2.76886308516868,53.9650647444961],[-2.77100705401397,53.9635429454888],[-2.7744840111869,53.9638809828156],[-2.78206130027546,53.967971631563],[-2.78672065795072,53.9673749798354],[-2.78972262569243,53.9698143435406],[-2.79425797974295,53.9719109701428],[-2.79517616978714,53.9745688111851],[-2.79679869015121,53.9752294348482],[-2.79995130873224,53.9740158979008],[-2.79889920677361,53.9724940752095],[-2.79980211095795,53.9698896582395],[-2.80372169311798,53.9679248728317],[-2.80309486724065,53.9648912760246],[-2.80474697188858,53.9628282830426],[-2.80735850810903,53.9620729010272],[-2.80681499851922,53.9604470043763],[-2.80412272906459,53.9579574760918],[-2.8055089377674,53.9545221449922],[-2.80533682372605,53.9529459527171],[-2.80277428484726,53.951783890413],[-2.80509664031197,53.9502098700339],[-2.80660464234931,53.9479725973686],[-2.81325150098954,53.9462865436187],[-2.8129236205122,53.9451752278623],[-2.80839142185742,53.9438549855363],[-2.80384813067346,53.9433668548263],[-2.80232109572825,53.942072956339],[-2.80542207624035,53.9391032559426],[-2.80368814239779,53.9357544065558],[-2.80966362231588,53.9335526867763],[-2.81871052982796,53.9349293339584],[-2.82520435389956,53.933563677674],[-2.83042303351979,53.931744557225],[-2.86436725618549,53.9180797323255],[-2.87371209844987,53.9284622107814],[-2.8732723762006,53.9311815698998],[-2.87788680329429,53.9324655033522],[-2.88338645089947,53.935333589131],[-2.88520554283974,53.93679511687],[-2.8796055479229,53.9380730205401],[-2.87604829659075,53.9407495057723],[-2.87918045578375,53.9418384392547],[-2.87882621054538,53.9441913066175],[-2.88204864864753,53.9462924121138],[-2.88730260398651,53.9461764165644],[-2.88945837553094,53.947816892897],[-2.88947555554486,53.9496278328787],[-2.89147475251074,53.9502709033773],[-2.89048317943886,53.9532217385469],[-2.89626139813977,53.9558436709363],[-2.8972790526586,53.958378711615],[-2.90057425354675,53.9581086502767],[-2.90506054705224,53.9586537398711],[-2.90896807626167,53.960049724995],[-2.9127562678681,53.9633688815131],[-2.91506023715393,53.9705766467685],[-2.91440302631716,53.9760714741881],[-2.92002554770803,53.9758343859153],[-2.92888341079311,53.9747785573736],[-2.94377304515597,53.9737504146833],[-2.95124826529978,53.9729464895529],[-2.95550455532922,53.9730637114695],[-2.96174052192148,53.9739999919612],[-2.97635628399039,53.9744789322445],[-2.97609333812361,53.9695017022655],[-2.9857472877903,53.9698021301662],[-2.99234568837494,53.9688607102123],[-3.00191565346938,53.9679488747563],[-3.00656133216996,53.9665312766148],[-3.00851078019914,53.9651360980732],[-3.01099306635026,53.9615766660641],[-3.01561839164457,53.9568593483716],[-3.01605389585795,53.9541484429638],[-3.0228021113362,53.9557216035532],[-3.02296990804991,53.9516216478256],[-3.02079185597529,53.946304016109],[-3.02304808195582,53.9450489393389],[-3.02511199014731,53.948067413956],[-3.02571715594075,53.9525428316882],[-3.02778635596026,53.9537114714245],[-3.03337905379721,53.9539582459521],[-3.04159099971084,53.9533965442212],[-3.0480504466842,53.9519264341119],[-3.05264145251057,53.9501012816575],[-3.05628968072061,53.947708916518],[-3.06868984894022,53.945344916874],[-3.06942154753793,53.9322679110521],[-3.06518269506315,53.9213913733298],[-3.05882654245272,53.885812451709],[-3.05325035003275,53.886783793589],[-3.05517770990029,53.8789048697165],[-3.0549839263729,53.8759161600337],[-3.04795016891529,53.8757317256396],[-3.03134883878074,53.8747245406277],[-3.02714270697711,53.8701659435199],[-3.02689663389007,53.869241378828],[-3.0197498931885,53.8685995788685],[-3.02277233008922,53.8643215932452],[-3.02261918151993,53.8617162821995],[-3.01951658114968,53.8581852592136],[-3.01457364762323,53.8507086001591],[-3.01515169398559,53.849085853346],[-3.01801704308904,53.8482714677495],[-3.01781350552925,53.8452011006548],[-3.01524504189379,53.8427681763108],[-3.02053510303659,53.8407331688772],[-3.01911079456702,53.8370898302399],[-3.01648890953714,53.8375156526282],[-3.01733495855457,53.8403829204165],[-3.01555557914246,53.8407107931918],[-3.01260641070209,53.8377804186112],[-3.0102482217271,53.836535657974],[-3.00974439984979,53.8349876189176],[-3.00720227069484,53.8329012182083],[-3.00880704939558,53.8303781945896],[-3.01083146138187,53.8305238782591],[-3.01331862046581,53.8289991246584],[-3.01065293005663,53.8261939007195],[-3.00214652567544,53.8287559573839],[-2.99300091829951,53.82949532304],[-2.99197590516025,53.8306776954383],[-2.98747345151095,53.830143161621],[-2.98604167248756,53.8284390243505],[-2.97032227061325,53.8292017403826],[-2.96664685896713,53.8268900002526],[-2.96177766016056,53.8283465309923],[-2.96507349947536,53.8298912188532],[-2.96860139766049,53.8348270314686],[-2.96929423301154,53.8387718161655],[-2.97071806056482,53.8406056078367],[-2.9679080943957,53.8421913629131],[-2.9655860548798,53.8446449156493],[-2.96556995199783,53.847311003301],[-2.96875378797144,53.8491989324117],[-2.97178609182979,53.8498458219114],[-2.97290536656855,53.8515076292939],[-2.97780466780477,53.852803513103],[-2.97961098559924,53.8553593754827],[-2.97804691053923,53.8581072610592],[-2.97916722596983,53.8591434114845],[-2.97793282350662,53.8620197809192],[-2.97498056171594,53.8631538900734],[-2.96448728135879,53.8633600246102],[-2.95616806123488,53.8610888324917],[-2.95588159834724,53.8583937291755],[-2.95456770767527,53.8559746502249],[-2.94995041809688,53.852480734561],[-2.9463222003134,53.8509463423648],[-2.94183704475691,53.8509106350087],[-2.93738299181948,53.8524069295765],[-2.93629220808439,53.8537286950995],[-2.93733477840532,53.8556233565682],[-2.93588060792733,53.8573594957276],[-2.928681371774,53.8560411504288],[-2.92464495506943,53.8560417618599],[-2.92020443217242,53.8579292616965],[-2.91852078829009,53.8579016312273],[-2.91372971939976,53.8594958545213],[-2.91155787164099,53.8640101141163],[-2.90624501648496,53.8647289334293],[-2.90118127803532,53.8643059139514],[-2.8980342574141,53.8614937347025],[-2.89543419337783,53.8607878419768],[-2.89210617609271,53.8630919968668],[-2.88660958489914,53.863468871719],[-2.88339209868921,53.862606446279],[-2.87996368566851,53.860676669501],[-2.87836790180449,53.86078460694],[-2.87556086386656,53.8579333643396],[-2.87582673036146,53.8570497614128],[-2.88426964393418,53.8556925918638],[-2.88801698457885,53.8542447482279],[-2.89012154331764,53.8521870941448],[-2.88740015358339,53.8508131397075],[-2.88809190786336,53.8491614169448],[-2.89069294777636,53.8476680514813],[-2.89014618483959,53.8460389829644],[-2.88374486592565,53.8439102980414],[-2.87861343603274,53.8433179760313],[-2.87161558902848,53.8431524535267],[-2.86777576245463,53.8455487340104],[-2.8636328418468,53.8440956183717],[-2.85758673975096,53.8426065827248],[-2.85850726746359,53.8386470802243],[-2.86109130444876,53.8365989692408],[-2.86862349096733,53.8337771229238],[-2.8702999831301,53.8324068777108],[-2.8694227846563,53.8309131143337],[-2.86211362298128,53.8293993289474],[-2.8574920963498,53.830830210414],[-2.84939692981449,53.831596141778],[-2.84086959807591,53.8312779439078],[-2.83867375163537,53.8293654109281],[-2.83635897716018,53.825508572772],[-2.82599421787706,53.819987299716],[-2.81029667695964,53.8243197826532],[-2.8050729173296,53.8250677224002],[-2.79991093275511,53.8248389276465],[-2.79639113520566,53.8278050924244],[-2.79960795359868,53.8291075899295],[-2.8009746981187,53.8317823214684],[-2.80013450280164,53.8331379020111],[-2.7941846517227,53.834448365399],[-2.79104227417226,53.8338777216964],[-2.78703309924784,53.8321415312649],[-2.78097226619488,53.8341064738237],[-2.78220508254921,53.8354385203751],[-2.77999196261224,53.8368720959707],[-2.77068881395902,53.8404204870622],[-2.76711021700642,53.8347073394835],[-2.7614089010781,53.8275011815621],[-2.7563422677603,53.8258210862095],[-2.75359991632613,53.8237809585922],[-2.74947115621713,53.8231965200681],[-2.74304689911964,53.8229433990018],[-2.73615752450944,53.8234460371112],[-2.73598978317005,53.8253156856907],[-2.73792950364883,53.8303155058919],[-2.73829032018598,53.8333790277169],[-2.7403490939644,53.8415526051698],[-2.74201330838519,53.844649485066],[-2.74670723366742,53.8497166287624],[-2.74638557245605,53.8510299553688],[-2.74074352169276,53.8502074226699],[-2.73138843958973,53.8515688969755],[-2.72901403853871,53.8512202226501],[-2.72586738335325,53.8493805453602],[-2.72019748364202,53.8500797540973],[-2.71673483499682,53.8515089166845],[-2.7140062833651,53.85338477771],[-2.7098165059967,53.8536423145304],[-2.7119230511854,53.8563918809674],[-2.71093890835928,53.8576173847249],[-2.70572433715056,53.8614212586476],[-2.70326124064041,53.8649589536418],[-2.70593054690829,53.8686104253816],[-2.70419590279791,53.8705395154575],[-2.69082602189289,53.8742041241628],[-2.69075163749548,53.879009563597],[-2.6879081560388,53.8804584880436],[-2.68741130560049,53.8821592022988],[-2.6891190646358,53.8831398829155],[-2.68919293495461,53.8882786913354],[-2.6852751499042,53.8910684569879],[-2.68113355010193,53.8925722959915],[-2.67895671035912,53.8918574354806],[-2.66806114818558,53.8924541349082],[-2.66567056792407,53.8942730311572],[-2.6621210448944,53.8951752249775],[-2.65787563689721,53.8946924735643],[-2.65732776688589,53.896151504836],[-2.6532453363641,53.8958807353531],[-2.64688884189349,53.8946792722682],[-2.6452312202389,53.8937579432686],[-2.6424722789978,53.8950309889647],[-2.63767867237349,53.8945118156622],[-2.6337313618307,53.8931009792458],[-2.63006213327158,53.8932622268315],[-2.62607474209311,53.8943318984055],[-2.6225232694778,53.8959754082902],[-2.61662830306891,53.8998040418439],[-2.61340257292018,53.9082556569993],[-2.61498574362608,53.9125122303187],[-2.61864224024433,53.9164139813078],[-2.61427158719232,53.9195471123347],[-2.61603282088554,53.9228239922532],[-2.61937463799718,53.9272144232194],[-2.62257485439379,53.9297153707948],[-2.62964755337534,53.9307345625055],[-2.62724371364865,53.9347548101272],[-2.62643718901396,53.9385635383366],[-2.63057034450014,53.9403206395573],[-2.63434509497263,53.942721214554],[-2.64114326189364,53.9450533838716],[-2.64821739364283,53.9489215900485]]]},"properties":{"lad18nm":"Wyre","lad18cd":"E07000128","lad18gr":3519,"lad18grpc":0.068}},
{"type":"Feature","geometry":{"type":"Polygon","coordinates":[[[-2.37913211552921,53.6308703643459],[-2.38341741592526,53.6311901562238],[-2.38594890106092,53.6330147377655],[-2.39754762223399,53.6321776317895],[-2.40079354879948,53.6290632173617],[-2.40008222049724,53.6277136973679],[-2.40120935798549,53.6245990605314],[-2.40855668323251,53.6254496600697],[-2.41383212201493,53.6246864183459],[-2.41624292339874,53.6236947380673],[-2.42169643500597,53.623835573874],[-2.42635445640224,53.6265155880795],[-2.42588313565935,53.6282034404946],[-2.42614374089195,53.635010270829],[-2.43058055710098,53.6383901525006],[-2.43265143195678,53.6413820045741],[-2.43872438284017,53.6460454486624],[-2.44228594655404,53.6437825915769],[-2.44303713452243,53.6424262117643],[-2.44724527389267,53.6414370411176],[-2.45027035776665,53.6414320693689],[-2.44797119325,53.6367137002682],[-2.44929907297438,53.6354314942246],[-2.4492501440719,53.6311200641524],[-2.45066148620469,53.6277584906112],[-2.45346081739673,53.6279402918118],[-2.45640488232792,53.6266869028949],[-2.45828927754248,53.6246312139176],[-2.45535225159062,53.6241354573272],[-2.4537808878436,53.6219744220234],[-2.45970004381105,53.6200426941985],[-2.46340878120662,53.622003991933],[-2.46658887771639,53.6215098074778],[-2.47044271997049,53.6198911947385],[-2.4730316888446,53.6165840960203],[-2.47919534002786,53.6170358900123],[-2.48525346117577,53.6192064194388],[-2.49695242395153,53.622747497638],[-2.50793050952902,53.6254041149163],[-2.51132292934796,53.6269949667172],[-2.52198982632562,53.6204414165052],[-2.53361706477668,53.6150220558022],[-2.53901924014708,53.6108281195549],[-2.55221747498472,53.6073557232588],[-2.55253750234819,53.6051278425021],[-2.55571655497626,53.6043877489429],[-2.55959025075435,53.5989128348565],[-2.5625876018371,53.5981849862958],[-2.56927828124953,53.5955969482671],[-2.57391458052188,53.5947550495187],[-2.58091973396427,53.6001052329163],[-2.58008923923889,53.6012543525123],[-2.58470572145724,53.6055230336569],[-2.59182304241679,53.6098034806504],[-2.59592575554149,53.6108149806104],[-2.59759842404341,53.6090646053538],[-2.60264529962681,53.6087598223536],[-2.6048891285805,53.6070307262738],[-2.60807276237744,53.6065499173713],[-2.61546680880405,53.6023350285948],[-2.61534212481214,53.6000885273333],[-2.617395628581,53.5958362567361],[-2.61981188759892,53.5942983783121],[-2.62590677319225,53.5936832713985],[-2.62861435038086,53.5905329331989],[-2.62548075438782,53.5893853014574],[-2.61813345821116,53.5910981377039],[-2.61235206423455,53.5904932845904],[-2.6061540775727,53.5883118728953],[-2.60171554925685,53.5888304094429],[-2.59635112200386,53.5888375556152],[-2.59535981052288,53.5880587508101],[-2.58507504920718,53.5850795942892],[-2.58223097234064,53.5828922847593],[-2.57800590576944,53.5813192515988],[-2.57767102853245,53.5794593956417],[-2.57889375766014,53.5778589412931],[-2.57534299310566,53.5768488143262],[-2.57302482380222,53.5740529439697],[-2.56843400919972,53.5720291712693],[-2.56569829118491,53.5699101592288],[-2.56772618769425,53.5655007452331],[-2.55962527802362,53.5612310787845],[-2.56317119559677,53.5601842506099],[-2.56260888594961,53.558081006467],[-2.55985708674186,53.5554773496524],[-2.56120225389697,53.5532203190645],[-2.56398578590542,53.5511920058612],[-2.5669508245173,53.5508039576421],[-2.56870630635621,53.5485709426316],[-2.56659650959318,53.5474493724936],[-2.56305352475528,53.5473752965756],[-2.55901273307806,53.5459579720719],[-2.55811876547658,53.544651636471],[-2.55915129946182,53.5423969709646],[-2.56174832628371,53.5403542031933],[-2.56032297999021,53.5379960557219],[-2.55678199921548,53.5380234147879],[-2.55116472792039,53.5352522393134],[-2.54635581470507,53.533810088362],[-2.54378930942743,53.5325005171417],[-2.54254900131636,53.5306050972808],[-2.53621344595422,53.5275497828071],[-2.53624169729701,53.5264413312683],[-2.53380063532659,53.5230718053826],[-2.52887048942002,53.5231261554934],[-2.52772748740452,53.5255716087925],[-2.52070734751792,53.5272941128284],[-2.51589062216949,53.5291433532022],[-2.51573257856061,53.5356193025716],[-2.51301448641544,53.5363061779552],[-2.51017153697325,53.5341512328146],[-2.50688831364702,53.5388042413095],[-2.49904612271482,53.5380114020311],[-2.49647016939739,53.5366999696088],[-2.49016369266593,53.5355719588766],[-2.48969218141095,53.5345887625602],[-2.48228152400556,53.5334361205057],[-2.47838723523395,53.5335416875825],[-2.472418082586,53.5317372470252],[-2.46987220169089,53.5320771937959],[-2.46607473034482,53.5306962109964],[-2.46151703303029,53.5306896133336],[-2.4510972318287,53.5286053947657],[-2.4480061827422,53.5281801767899],[-2.44200921404369,53.5336546315473],[-2.44096486252252,53.5384302628943],[-2.43810076425207,53.5400379385635],[-2.43714722764451,53.5422534894246],[-2.42976135720517,53.5413021561919],[-2.4198839630589,53.5407448416779],[-2.41012922885753,53.5383238484266],[-2.39983637657821,53.5385472718345],[-2.39347312403264,53.5364003983429],[-2.38865347109362,53.5327256196848],[-2.38262361244131,53.5309195366898],[-2.37045494484181,53.5288331349312],[-2.36806572148485,53.529206355208],[-2.35438848105194,53.5262406598844],[-2.35077384373853,53.5296632970206],[-2.35353604841697,53.5302204683871],[-2.35268382555787,53.5336906802394],[-2.3514230465633,53.5357509053656],[-2.34863250362962,53.5356647531995],[-2.34792446456718,53.5374544473823],[-2.34297021507944,53.5368234697262],[-2.33819354516769,53.5336141403946],[-2.33699390729401,53.5357027177345],[-2.337310098538,53.5375280490998],[-2.33999552931941,53.5395723693821],[-2.34170499351141,53.5423680988178],[-2.34147978194383,53.5458821355359],[-2.34385334876756,53.5452677517345],[-2.34754523947163,53.5473540369535],[-2.35127813019793,53.5477700554764],[-2.35585970646878,53.5493249203963],[-2.36242875866279,53.5504565860318],[-2.36232774070399,53.5513449397605],[-2.36722083073136,53.5516661548256],[-2.36671471395002,53.553346666054],[-2.36294587407169,53.5560079384956],[-2.36147571065365,53.5554946470597],[-2.35971074128116,53.5527918025799],[-2.3570691853095,53.5543852395662],[-2.35591584131727,53.5566978078921],[-2.35728582225928,53.5578612177109],[-2.35621335420657,53.5613690198586],[-2.36099005310258,53.5682757228232],[-2.36634917680742,53.5685083740847],[-2.36909620536366,53.570286882133],[-2.3734823423954,53.5704116700533],[-2.37269504565483,53.5727538686463],[-2.37351463006104,53.5764779378128],[-2.37483808165293,53.5780611529771],[-2.37449440987736,53.5801898076574],[-2.37659400661951,53.5820824676068],[-2.37530325435934,53.5859119734744],[-2.37662413101648,53.5878501992288],[-2.37505082988621,53.5896420645807],[-2.37690057835648,53.5932854798376],[-2.37292613169598,53.594027859248],[-2.36872933422365,53.5956318135956],[-2.36945500440027,53.5974173007413],[-2.36698857117493,53.5999632926318],[-2.3650950384974,53.6043193716525],[-2.36367594081694,53.6060719663036],[-2.36454329648024,53.6090471265158],[-2.36299441860479,53.610306608559],[-2.36856898138956,53.6155495562675],[-2.37419330971527,53.6161873232315],[-2.37764533294638,53.6205205394832],[-2.37802074117827,53.623276090893],[-2.38345547886356,53.6255453838048],[-2.38117943627283,53.6273386652768],[-2.37911107558833,53.6271762212998],[-2.37913211552921,53.6308703643459]]]},"properties":{"lad18nm":"Bolton","lad18cd":"E08000001","lad18gr":4283,"lad18grpc":0.035}},
{"type":"Feature","geometry":{"type":"Polygon","coordinates":[[[-2.2717870687905,53.6145142332618],[-2.27255052543859,53.6185123344406],[-2.27774472645797,53.6187088584656],[-2.27828911792747,53.6203390517155],[-2.28242293012607,53.6217620572693],[-2.28449591238677,53.6253749989717],[-2.28351189881627,53.6269943182828],[-2.28697942604355,53.6319242533343],[-2.28889849871674,53.6328247670141],[-2.28973045162384,53.6350410460129],[-2.29231746848996,53.6380089046363],[-2.295272776757,53.6403952353397],[-2.29759385695473,53.6484373561437],[-2.29763963334935,53.6517062503043],[-2.29559771611345,53.6530891470321],[-2.29552336867241,53.6556338373602],[-2.29386399391674,53.6561466817235],[-2.29387254279445,53.6582318291806],[-2.29561776395935,53.661763498068],[-2.29564080790465,53.6641937440897],[-2.30010433019791,53.6670265448045],[-2.30598798538847,53.6629688251382],[-2.30758720779525,53.6610529766818],[-2.31147065080586,53.6598897461669],[-2.31573650949218,53.6554609408571],[-2.32040707314602,53.6560300851882],[-2.33340226346198,53.6551865681732],[-2.34844250768235,53.6578267461716],[-2.35333854602095,53.6584829019405],[-2.35540003884025,53.6594537979937],[-2.3555698327065,53.6645072937127],[-2.36121602832222,53.6650144323985],[-2.37123619444388,53.667080654493],[-2.36829914062644,53.6624752913833],[-2.36363558920914,53.6574382314154],[-2.3629692619133,53.6549163877745],[-2.36545582821881,53.6520289455018],[-2.36705360463703,53.6476909297822],[-2.3670549673892,53.6450618232364],[-2.37073553832017,53.6445669522232],[-2.37250416017514,53.6420285862026],[-2.36855693866575,53.6351567253669],[-2.37092036086253,53.6320152064503],[-2.37628844443075,53.6318132341598],[-2.37913211552921,53.6308703643459],[-2.37911107558833,53.6271762212998],[-2.38117943627283,53.6273386652768],[-2.38345547886356,53.6255453838048],[-2.37802074117827,53.623276090893],[-2.37764533294638,53.6205205394832],[-2.37419330971527,53.6161873232315],[-2.36856898138956,53.6155495562675],[-2.36299441860479,53.610306608559],[-2.36454329648024,53.6090471265158],[-2.36367594081694,53.6060719663036],[-2.3650950384974,53.6043193716525],[-2.36698857117493,53.5999632926318],[-2.36945500440027,53.5974173007413],[-2.36872933422365,53.5956318135956],[-2.37292613169598,53.594027859248],[-2.37690057835648,53.5932854798376],[-2.37505082988621,53.5896420645807],[-2.37662413101648,53.5878501992288],[-2.37530325435934,53.5859119734744],[-2.37659400661951,53.5820824676068],[-2.37449440987736,53.5801898076574],[-2.37483808165293,53.5780611529771],[-2.37351463006104,53.5764779378128],[-2.37269504565483,53.5727538686463],[-2.3734823423954,53.5704116700533],[-2.36909620536366,53.570286882133],[-2.36634917680742,53.5685083740847],[-2.36099005310258,53.5682757228232],[-2.35621335420657,53.5613690198586],[-2.35728582225928,53.5578612177109],[-2.35591584131727,53.5566978078921],[-2.3570691853095,53.5543852395662],[-2.35971074128116,53.5527918025799],[-2.36147571065365,53.5554946470597],[-2.36294587407169,53.5560079384956],[-2.36671471395002,53.553346666054],[-2.36722083073136,53.5516661548256],[-2.36232774070399,53.5513449397605],[-2.36242875866279,53.5504565860318],[-2.35585970646878,53.5493249203963],[-2.35127813019793,53.5477700554764],[-2.34754523947163,53.5473540369535],[-2.34385334876756,53.5452677517345],[-2.34147978194383,53.5458821355359],[-2.34170499351141,53.5423680988178],[-2.33999552931941,53.5395723693821],[-2.337310098538,53.5375280490998],[-2.33699390729401,53.5357027177345],[-2.33819354516769,53.5336141403946],[-2.33563384442742,53.5315882264564],[-2.32773835744056,53.5293253668868],[-2.32475606045417,53.5273633196566],[-2.31945860261919,53.5270054804884],[-2.31169659311616,53.5274896679665],[-2.30312847314973,53.5221905959542],[-2.30207051289373,53.5203974743948],[-2.3025984163717,53.517651101909],[-2.29747019468834,53.5156253140191],[-2.29463559856152,53.515507386746],[-2.28952111273196,53.5127666450035],[-2.28509907793777,53.5135736062446],[-2.28054167221758,53.5158591930377],[-2.27446754334286,53.5164187290005],[-2.27157410681021,53.5174948339978],[-2.26142863030629,53.5182120932223],[-2.25696583528548,53.5179457852013],[-2.256491153678,53.5202586911777],[-2.25422224786203,53.5206670832585],[-2.25145481465931,53.5240157687007],[-2.24880475414338,53.5248059642915],[-2.24664494747926,53.5292363541213],[-2.25675627051014,53.5271675468328],[-2.26411429994798,53.5246904872906],[-2.26591221391454,53.527313788392],[-2.26614107132679,53.5310964987706],[-2.26829736514191,53.5349720398805],[-2.26752461930851,53.5380442382386],[-2.25983973146602,53.5426560166965],[-2.25173729405739,53.5446085369161],[-2.24802079979285,53.5441597378594],[-2.24538745058631,53.5431252495318],[-2.23722983442873,53.538860508026],[-2.23436367872028,53.5417280697211],[-2.23416458731999,53.5433643199454],[-2.23563868324408,53.5473962988665],[-2.23626291851298,53.5510856946779],[-2.23767925816564,53.5538629865313],[-2.24172058399295,53.557151752801],[-2.23663758482465,53.559229265067],[-2.23905638086181,53.5609106249315],[-2.24423352087735,53.5620462034521],[-2.24649079024427,53.5615777292882],[-2.24812862727501,53.5633657359147],[-2.24329121590402,53.5677970041115],[-2.24552443050967,53.5686032222992],[-2.24330452949509,53.5717042340664],[-2.24669098458976,53.5736836793715],[-2.25032185214815,53.576599096255],[-2.25067861238344,53.5784346668045],[-2.25449005366509,53.5808624589887],[-2.2545625036114,53.5823723513928],[-2.259239989758,53.5852699814249],[-2.26106297272018,53.584747361144],[-2.26506418820235,53.5856859185718],[-2.2676106872786,53.584447950523],[-2.26909356369595,53.580336986137],[-2.2735984678181,53.5793038814893],[-2.27769727695913,53.5801842499232],[-2.27910716481664,53.5821224029164],[-2.2823739776338,53.5838881184607],[-2.28258259383971,53.5864106222508],[-2.27795253031292,53.5861608413793],[-2.27843198042727,53.589714544669],[-2.27546475856766,53.5915433786908],[-2.27198611113627,53.5902391058955],[-2.2700825480533,53.5918990479531],[-2.2658961698346,53.5914257396226],[-2.26496082884585,53.5923625960605],[-2.25910581135215,53.5922523267376],[-2.25825561301673,53.595025263398],[-2.25571428833629,53.5970233940047],[-2.24994485304448,53.5992323338943],[-2.24556684826387,53.5991308896838],[-2.24547923954372,53.6014895465948],[-2.24816523169441,53.6021347422502],[-2.25046499564265,53.6049154220608],[-2.2510030753814,53.6072126558237],[-2.25572540911711,53.6061222026885],[-2.25916916476059,53.606042898366],[-2.26441112235366,53.6076421055885],[-2.26660278587358,53.6091041589836],[-2.2717870687905,53.6145142332618]]]},"properties":{"lad18nm":"Bury","lad18cd":"E08000002","lad18gr":3884,"lad18grpc":0.046}},
{"type":"Feature","geometry":{"type":"Polygon","coordinates":[[[-2.23722983442873,53.538860508026],[-2.24538745058631,53.5431252495318],[-2.24802079979285,53.5441597378594],[-2.25173729405739,53.5446085369161],[-2.25983973146602,53.5426560166965],[-2.26752461930851,53.5380442382386],[-2.26829736514191,53.5349720398805],[-2.26614107132679,53.5310964987706],[-2.26591221391454,53.527313788392],[-2.26411429994798,53.5246904872906],[-2.25675627051014,53.5271675468328],[-2.24664494747926,53.5292363541213],[-2.24880475414338,53.5248059642915],[-2.25145481465931,53.5240157687007],[-2.25422224786203,53.5206670832585],[-2.256491153678,53.5202586911777],[-2.25696583528548,53.5179457852013],[-2.25033707090907,53.5163535861707],[-2.24691548816833,53.5143239593059],[-2.2452274841905,53.5121567078394],[-2.2503271082983,53.5080491807904],[-2.2457658870356,53.5064694927447],[-2.24543798672986,53.5050391594083],[-2.24707647619941,53.5023905064649],[-2.25153283997924,53.5039002748204],[-2.25542250647567,53.499119126694],[-2.2548556182413,53.4973433701849],[-2.25249771335448,53.4950292510056],[-2.25348181348473,53.4934712801951],[-2.25065843983721,53.49191319644],[-2.2504393352571,53.4900234315608],[-2.24878356973343,53.4883056841989],[-2.24538430271368,53.4868547777317],[-2.24596507365474,53.4848698977078],[-2.2489376641227,53.4832072546207],[-2.25640835240502,53.4802686633155],[-2.2630105563999,53.4764085285713],[-2.26532011730774,53.4727290184161],[-2.26671545520544,53.4708311669254],[-2.2641212973656,53.4676612862926],[-2.25970242944213,53.465344749661],[-2.25791921244456,53.4623841222732],[-2.25434693446821,53.4624718244355],[-2.25368727534751,53.4599456438348],[-2.25832514153034,53.4587806724317],[-2.27149149499303,53.4507175229175],[-2.27717148627576,53.450509515239],[-2.27975598527012,53.4491965780725],[-2.28625402820342,53.4490885627312],[-2.29164201379554,53.4432078094674],[-2.28988030222442,53.4413891961898],[-2.29149285231605,53.4392109122238],[-2.2954386010828,53.4387994345466],[-2.29539712444989,53.4358521114796],[-2.29969889963779,53.4373254221102],[-2.30001152980317,53.4336132106152],[-2.29557825017037,53.4324332726219],[-2.29327701781047,53.4326762786442],[-2.28858874688938,53.4318247843571],[-2.28609290633336,53.4295072552618],[-2.28416465287072,53.4254013166599],[-2.28062885749684,53.4239201585567],[-2.27362065909694,53.4225008392898],[-2.27544108307671,53.4194064095397],[-2.27812639740697,53.4183899425532],[-2.27785451603072,53.4154683184968],[-2.28154543652743,53.4152836045195],[-2.28391063994595,53.4161814161478],[-2.28726326443696,53.414919470739],[-2.29394295944332,53.4135817590923],[-2.29735840602748,53.4108461591714],[-2.29786169910214,53.4083846695326],[-2.3015813801962,53.4098125520957],[-2.31271176603486,53.4098225668943],[-2.31991901980795,53.4116235539266],[-2.30734010398423,53.3974151846773],[-2.30501269791857,53.3970876841604],[-2.30018399009308,53.3911665603173],[-2.29914815322131,53.3860987133639],[-2.30023220183576,53.3848223153682],[-2.29654722846705,53.3822518141764],[-2.29268266407114,53.3808006676266],[-2.2885850798079,53.3768933568048],[-2.28566460664445,53.3762451149181],[-2.29056303727189,53.3727052893936],[-2.29394971201427,53.3679707891664],[-2.29704641645391,53.3620530714403],[-2.30008539157613,53.3600068894962],[-2.30603892327607,53.3583819242489],[-2.31399816114173,53.3574246421479],[-2.31195865548318,53.3546668455788],[-2.305621268977,53.3531461567884],[-2.30329557895807,53.3505876271326],[-2.29863867095754,53.3497346291234],[-2.29687671902667,53.3484581391908],[-2.29819765736441,53.3465824972819],[-2.29645429614663,53.344948216354],[-2.29902299321901,53.3428321361372],[-2.30283554972343,53.3409933036756],[-2.30132744755776,53.3401224977753],[-2.29585669863664,53.3430270242912],[-2.29149960056552,53.3430305509344],[-2.28985913076275,53.3423207761003],[-2.28689335324205,53.3437553854721],[-2.28463624567295,53.3465077571531],[-2.28034030817474,53.3460531729112],[-2.27837564612073,53.3486078598666],[-2.27290345700208,53.3505198189069],[-2.2670766725644,53.350573457543],[-2.2641937055669,53.3529790098221],[-2.26461749390923,53.3539650129633],[-2.25844970762116,53.3573583411866],[-2.25891931486829,53.3594804676009],[-2.25644728585402,53.3606768412766],[-2.24959196916813,53.3605915893036],[-2.24419285162276,53.3610441951325],[-2.24414349632622,53.3597786935241],[-2.24079008412411,53.3595742669914],[-2.23693336833175,53.3701967455323],[-2.24146119084857,53.3748680306746],[-2.24205748566136,53.3781817567172],[-2.2409273021295,53.380594815686],[-2.24307003823725,53.3830254762841],[-2.24262478843436,53.387690549002],[-2.24622223602741,53.3878296255701],[-2.24565408005968,53.3899314481267],[-2.24589261627942,53.3937043150348],[-2.24682802957703,53.3960599942886],[-2.2430797728491,53.3975382257456],[-2.24253740298985,53.3994754106352],[-2.23718696774047,53.4009881130108],[-2.22771675234649,53.4008565285952],[-2.22269926096718,53.4011689902449],[-2.22036342502803,53.4023454661492],[-2.21945377256112,53.4050760397443],[-2.21259491408902,53.406968011696],[-2.21547576981779,53.4108897574226],[-2.21342771329714,53.4189147309679],[-2.20967036215851,53.4179435335567],[-2.20679602940061,53.4209471632307],[-2.20240275713696,53.4232775046398],[-2.1995432335728,53.4267123939083],[-2.19689793958925,53.4281090838259],[-2.1931774644442,53.4277268913414],[-2.19133126963821,53.4351930043991],[-2.18831205239939,53.4348994857393],[-2.18564550612498,53.4360936857382],[-2.18172773178478,53.4351343689125],[-2.17647056948892,53.4330992228678],[-2.17529272696774,53.4343647530498],[-2.17408377319185,53.4405677427671],[-2.17394980593401,53.4438621767259],[-2.17196417824895,53.4472618184378],[-2.17287963616394,53.4480011075821],[-2.16741206486192,53.4494174688412],[-2.16600183545837,53.4537859960898],[-2.16169409689057,53.4531447788299],[-2.15845128388528,53.4549368626877],[-2.15211856794602,53.4577207492759],[-2.14924058293346,53.4594096882049],[-2.15278314680239,53.463246894599],[-2.15009302832392,53.4636727497115],[-2.14684758445257,53.4677099212583],[-2.15011769606051,53.4710612300785],[-2.15039045106391,53.4727776290593],[-2.15592423117478,53.4753186963092],[-2.16156474454463,53.4748500985192],[-2.16214094941322,53.4762047402364],[-2.16501073981872,53.4768973760407],[-2.16596882706844,53.4795566659575],[-2.16742174337208,53.4808192997109],[-2.16966351247207,53.4867817458553],[-2.16902702717328,53.4885227633345],[-2.16622667371871,53.4888682624415],[-2.16663447272798,53.4906402409006],[-2.16396975291738,53.4913971396498],[-2.16303024605401,53.4928491976846],[-2.16341156077199,53.4967792654564],[-2.16176901947807,53.4973037684802],[-2.16365668139035,53.4993739500541],[-2.16575489721798,53.4989368482818],[-2.1685368630535,53.5009994117971],[-2.17260248334817,53.5024398555008],[-2.17551298786569,53.5026503594651],[-2.17826648319693,53.5067692384251],[-2.17427259424465,53.5089997767435],[-2.1732129360038,53.5120663891513],[-2.16872366463703,53.5135397740474],[-2.16047312840357,53.5130118622961],[-2.1594635970632,53.5144513994259],[-2.1552638930239,53.5169413547662],[-2.15918767614258,53.5221269071793],[-2.16479091255044,53.5201661233246],[-2.16901337187796,53.5234337306247],[-2.17050109749828,53.5239565602936],[-2.17021915978924,53.52774555684],[-2.17211581400889,53.5271154430575],[-2.18601421381712,53.5290593985386],[-2.19381302369334,53.5316303365479],[-2.2009164995834,53.5318037096982],[-2.20581219153262,53.5330852113297],[-2.2069283478987,53.5358005155609],[-2.20564976078252,53.5368983664034],[-2.20853619770053,53.538442974861],[-2.21306496119157,53.5421580009011],[-2.22078323929174,53.5426761330259],[-2.22775955369663,53.5415808859211],[-2.22868330889058,53.5407916921484],[-2.23337435756998,53.5401821904404],[-2.23722983442873,53.538860508026]]]},"properties":{"lad18nm":"Manchester","lad18cd":"E08000003","lad18gr":12287,"lad18grpc":0.056}},
{"type":"Feature","geometry":{"type":"Polygon","coordinates":[[[-1.96338598926022,53.509827260669],[-1.95947387873869,53.5059069680138],[-1.95577384492887,53.5044846170964],[-1.95062249104491,53.504218314478],[-1.94628140859705,53.5047602606169],[-1.94273750314699,53.5065391659763],[-1.93550149635584,53.5057867595638],[-1.92445703353216,53.5095536285232],[-1.92197284577495,53.5099546848918],[-1.91749902459623,53.5130778525214],[-1.91676643607638,53.5144957600166],[-1.92190081572894,53.5172047003099],[-1.92236061255505,53.5181128294507],[-1.92678065561025,53.5209487496897],[-1.92356936392873,53.5227956260349],[-1.92260514228925,53.5263345395025],[-1.92244468164089,53.530815062066],[-1.91577560704052,53.5329468964608],[-1.91439708550463,53.5365043468999],[-1.90962083195551,53.5383909865468],[-1.9128846428011,53.5516436149553],[-1.91937017935085,53.5508788743878],[-1.9215788899342,53.5529996738388],[-1.92444897790909,53.5525539763011],[-1.92870192015064,53.5555846330376],[-1.94272585126694,53.5616412941119],[-1.94459483622557,53.5686860671118],[-1.94640023378514,53.5715055493053],[-1.95032014322127,53.5741650751145],[-1.95658075113971,53.5775712417357],[-1.96686372166137,53.5800166701129],[-1.97116244649911,53.5841558759441],[-1.97824393720057,53.5867882667338],[-1.98269577367792,53.5902044714686],[-1.99071452448347,53.5994755871749],[-1.99587438891635,53.6051150152637],[-1.99960716296328,53.607942759226],[-2.00662660153075,53.6122479489373],[-2.00947078713106,53.6167795111392],[-2.01443151707713,53.6153949558865],[-2.01865223303914,53.6159696698631],[-2.02303595762586,53.6158394769092],[-2.0264402513001,53.6208047489365],[-2.02681574056412,53.6241671461057],[-2.02998968977354,53.6205199222459],[-2.03029283863776,53.6174333163393],[-2.03283483755858,53.6145035034723],[-2.03280104635144,53.6118961129322],[-2.03134571140939,53.6102246519141],[-2.0355281477956,53.6033711318459],[-2.04232715727382,53.600433448747],[-2.04853083427111,53.5997723503084],[-2.0532061342322,53.5986109292811],[-2.05595265082126,53.5971617818409],[-2.05509570196047,53.594608674566],[-2.05988208527965,53.5924870043127],[-2.06731799742249,53.5924085308915],[-2.06988158497913,53.5949929319862],[-2.08152621664364,53.5952337115671],[-2.08393741142603,53.5944212854784],[-2.08822391207786,53.5966805043141],[-2.09766281840489,53.5960863025843],[-2.09986817785318,53.5977598558337],[-2.10560808327762,53.5976397819203],[-2.1073366193193,53.5993774994614],[-2.11063766856673,53.5997088234209],[-2.1127133428985,53.5927724115653],[-2.11777739041477,53.5927315364562],[-2.12317173278958,53.5898579275641],[-2.12584468713238,53.5864979736429],[-2.13626616040345,53.5831950397763],[-2.14675537668961,53.5837470104132],[-2.15658638842001,53.582287462879],[-2.15243441038167,53.5790156337782],[-2.15092967782001,53.5671241537886],[-2.15299149768686,53.5660860980676],[-2.16324681311221,53.5634371735785],[-2.16814827711938,53.5601846174004],[-2.16871643616762,53.5588319946293],[-2.17199289453171,53.5582322919289],[-2.1721800284303,53.5518710337588],[-2.16994110808837,53.5513834344868],[-2.1694402426419,53.5461593060782],[-2.17554587828509,53.5383863585806],[-2.17801446162465,53.5373409817931],[-2.17897734401052,53.5356029457309],[-2.18601421381712,53.5290593985386],[-2.17211581400889,53.5271154430575],[-2.17021915978924,53.52774555684],[-2.17050109749828,53.5239565602936],[-2.16901337187796,53.5234337306247],[-2.16479091255044,53.5201661233246],[-2.15918767614258,53.5221269071793],[-2.1552638930239,53.5169413547662],[-2.1594635970632,53.5144513994259],[-2.16047312840357,53.5130118622961],[-2.16872366463703,53.5135397740474],[-2.1732129360038,53.5120663891513],[-2.17427259424465,53.5089997767435],[-2.17826648319693,53.5067692384251],[-2.17551298786569,53.5026503594651],[-2.17260248334817,53.5024398555008],[-2.1685368630535,53.5009994117971],[-2.16575489721798,53.4989368482818],[-2.16365668139035,53.4993739500541],[-2.16176901947807,53.4973037684802],[-2.16341156077199,53.4967792654564],[-2.16303024605401,53.4928491976846],[-2.15933427130829,53.4931903694793],[-2.15658877055294,53.494194413169],[-2.15445294259844,53.4929603952858],[-2.14831537380425,53.4929394586793],[-2.14093884831422,53.4911282644553],[-2.13612452440151,53.4919276000956],[-2.13520360021522,53.4952705770002],[-2.1316325755589,53.4981418794034],[-2.12683290692467,53.4986396150832],[-2.12331738142678,53.5006666572322],[-2.12042251077307,53.5015882486234],[-2.11968483281177,53.5057272296743],[-2.11504040100352,53.5065992097081],[-2.11068450391005,53.5083173800008],[-2.10331149360778,53.5096713342074],[-2.09952370488228,53.5122435051902],[-2.09885541273973,53.514074915866],[-2.09551245850263,53.5155751301274],[-2.09342471039034,53.5181204893001],[-2.09325828992356,53.5206166937392],[-2.07836722337319,53.5206311319656],[-2.07114231590851,53.5213017914423],[-2.06472979248158,53.5228165201805],[-2.06193559041043,53.5222957914795],[-2.05839355359466,53.5229637623717],[-2.05414814082372,53.5222691624695],[-2.05445330371133,53.5238222282136],[-2.05328351642531,53.5268276530209],[-2.05715606618389,53.5304642552973],[-2.05491706940516,53.5313929556254],[-2.05111560388733,53.530432058101],[-2.04446662448749,53.5298767237006],[-2.03245255314553,53.530257377247],[-2.02315550728773,53.528397204641],[-2.01752972929539,53.5237251105346],[-2.01877610272599,53.5214337823986],[-2.00913325358349,53.5191266159757],[-2.00303267676075,53.5202118812248],[-1.99692731145345,53.5220652942898],[-1.99209370235107,53.5201225845615],[-1.98695320916397,53.5167038994597],[-1.97781976011779,53.5144328782609],[-1.97305568406769,53.512441872629],[-1.96672997015267,53.5103791695654],[-1.96338598926022,53.509827260669]]]},"properties":{"lad18nm":"Oldham","lad18cd":"E08000004","lad18gr":6582,"lad18grpc":0.067}},
{"type":"Feature","geometry":{"type":"Polygon","coordinates":[[[-2.02681574056412,53.6241671461057],[-2.03098480988544,53.6290629071392],[-2.02974622251388,53.6308366134284],[-2.02902886719491,53.6342244585919],[-2.02999663899538,53.6361692648834],[-2.03654675645315,53.6380164100406],[-2.0411427931605,53.640845361309],[-2.0415770355009,53.6454184519792],[-2.0396789649841,53.6489828607322],[-2.04052655887827,53.6509177297226],[-2.03658638289116,53.6553132742598],[-2.03558484878883,53.6588665611665],[-2.03709511574414,53.6623427421206],[-2.0448345080463,53.6654689718065],[-2.05021892765541,53.6690469392079],[-2.05220225260185,53.6694478598358],[-2.05370166294275,53.6713841454726],[-2.0548801813105,53.6755505927261],[-2.05307924477587,53.6782441872325],[-2.04890190037474,53.6802268841219],[-2.05124217318775,53.6836917586463],[-2.06181960643758,53.6828437831392],[-2.07151304488798,53.6787191682169],[-2.07334419134592,53.6775271132484],[-2.07656991267627,53.6773488690846],[-2.07990523113521,53.6782886134562],[-2.08405799162356,53.677664670747],[-2.08440871878178,53.6729376358772],[-2.08611119950002,53.6712619695751],[-2.09346381505878,53.6703261061097],[-2.09703975990917,53.6726259165155],[-2.11356206594073,53.6711579696599],[-2.1180850077117,53.6712452241623],[-2.12538675248139,53.6748383464376],[-2.12691921980565,53.6774873429942],[-2.1276779506171,53.6815572040782],[-2.13285426014517,53.6843971607162],[-2.13412727234523,53.6857340290757],[-2.13971523159195,53.6828092734311],[-2.14109215033851,53.6789733930189],[-2.14478232614549,53.6796484704397],[-2.14632807589576,53.6822315294492],[-2.14813795842426,53.6820099722166],[-2.14797333882873,53.678286420176],[-2.14860180158301,53.6744989884333],[-2.15353652442215,53.6687395691673],[-2.15502897308759,53.6642481534943],[-2.1639387340251,53.6547655964438],[-2.16370110460435,53.6520272354487],[-2.16059894286228,53.6482959926867],[-2.1613528322883,53.6413741752366],[-2.18539583912308,53.6382240927871],[-2.18046782729018,53.6405496147463],[-2.18270630955508,53.6429748327145],[-2.18352704237756,53.6452475501941],[-2.18106520364041,53.6457771253921],[-2.18240718357035,53.6482576152006],[-2.18958425633275,53.6480253610105],[-2.1913690519372,53.6492898470433],[-2.19700038483998,53.6510163733411],[-2.19773753614006,53.6520676287921],[-2.2052285001861,53.654348835335],[-2.20444932416404,53.6562258820574],[-2.20678146270892,53.6569373849141],[-2.20789857300942,53.6594754553429],[-2.2071617994112,53.6607341572161],[-2.21461527021058,53.6650478686977],[-2.21772889962318,53.6689807388165],[-2.22162783400025,53.6689933474295],[-2.22620746484638,53.6706232707129],[-2.2330799123683,53.6688466893082],[-2.23657496385011,53.6670071610404],[-2.24587750356036,53.663521730583],[-2.24872965968198,53.6601039678397],[-2.25351417534668,53.6565382894288],[-2.26144134933485,53.6541231886601],[-2.26290739716711,53.6516850927193],[-2.26562245219924,53.65062752573],[-2.26642181971065,53.6490366666926],[-2.26918429874795,53.64691017896],[-2.26940412803575,53.6439140134656],[-2.26720902401371,53.6426830731203],[-2.26766724665609,53.6409994120589],[-2.26544770782265,53.6394449010902],[-2.26377953100657,53.6298294259451],[-2.26249277626715,53.6262045321612],[-2.26046264538838,53.6243438860563],[-2.26000162678649,53.6206956804494],[-2.25791657070209,53.616465742154],[-2.26057862591622,53.6162334420054],[-2.26647690886034,53.6145387619212],[-2.26940525974892,53.6160206942147],[-2.2717870687905,53.6145142332618],[-2.26660278587358,53.6091041589836],[-2.26441112235366,53.6076421055885],[-2.25916916476059,53.606042898366],[-2.25572540911711,53.6061222026885],[-2.2510030753814,53.6072126558237],[-2.25046499564265,53.6049154220608],[-2.24816523169441,53.6021347422502],[-2.24547923954372,53.6014895465948],[-2.24556684826387,53.5991308896838],[-2.24994485304448,53.5992323338943],[-2.25571428833629,53.5970233940047],[-2.25825561301673,53.595025263398],[-2.25910581135215,53.5922523267376],[-2.26496082884585,53.5923625960605],[-2.2658961698346,53.5914257396226],[-2.2700825480533,53.5918990479531],[-2.27198611113627,53.5902391058955],[-2.27546475856766,53.5915433786908],[-2.27843198042727,53.589714544669],[-2.27795253031292,53.5861608413793],[-2.28258259383971,53.5864106222508],[-2.2823739776338,53.5838881184607],[-2.27910716481664,53.5821224029164],[-2.27769727695913,53.5801842499232],[-2.2735984678181,53.5793038814893],[-2.26909356369595,53.580336986137],[-2.2676106872786,53.584447950523],[-2.26506418820235,53.5856859185718],[-2.26106297272018,53.584747361144],[-2.259239989758,53.5852699814249],[-2.2545625036114,53.5823723513928],[-2.25449005366509,53.5808624589887],[-2.25067861238344,53.5784346668045],[-2.25032185214815,53.576599096255],[-2.24669098458976,53.5736836793715],[-2.24330452949509,53.5717042340664],[-2.24552443050967,53.5686032222992],[-2.24329121590402,53.5677970041115],[-2.24812862727501,53.5633657359147],[-2.24649079024427,53.5615777292882],[-2.24423352087735,53.5620462034521],[-2.23905638086181,53.5609106249315],[-2.23663758482465,53.559229265067],[-2.24172058399295,53.557151752801],[-2.23767925816564,53.5538629865313],[-2.23626291851298,53.5510856946779],[-2.23563868324408,53.5473962988665],[-2.23416458731999,53.5433643199454],[-2.23436367872028,53.5417280697211],[-2.23722983442873,53.538860508026],[-2.23337435756998,53.5401821904404],[-2.22868330889058,53.5407916921484],[-2.22775955369663,53.5415808859211],[-2.22078323929174,53.5426761330259],[-2.21306496119157,53.5421580009011],[-2.20853619770053,53.538442974861],[-2.20564976078252,53.5368983664034],[-2.2069283478987,53.5358005155609],[-2.20581219153262,53.5330852113297],[-2.2009164995834,53.5318037096982],[-2.19381302369334,53.5316303365479],[-2.18601421381712,53.5290593985386],[-2.17897734401052,53.5356029457309],[-2.17801446162465,53.5373409817931],[-2.17554587828509,53.5383863585806],[-2.1694402426419,53.5461593060782],[-2.16994110808837,53.5513834344868],[-2.1721800284303,53.5518710337588],[-2.17199289453171,53.5582322919289],[-2.16871643616762,53.5588319946293],[-2.16814827711938,53.5601846174004],[-2.16324681311221,53.5634371735785],[-2.15299149768686,53.5660860980676],[-2.15092967782001,53.5671241537886],[-2.15243441038167,53.5790156337782],[-2.15658638842001,53.582287462879],[-2.14675537668961,53.5837470104132],[-2.13626616040345,53.5831950397763],[-2.12584468713238,53.5864979736429],[-2.12317173278958,53.5898579275641],[-2.11777739041477,53.5927315364562],[-2.1127133428985,53.5927724115653],[-2.11063766856673,53.5997088234209],[-2.1073366193193,53.5993774994614],[-2.10560808327762,53.5976397819203],[-2.09986817785318,53.5977598558337],[-2.09766281840489,53.5960863025843],[-2.08822391207786,53.5966805043141],[-2.08393741142603,53.5944212854784],[-2.08152621664364,53.5952337115671],[-2.06988158497913,53.5949929319862],[-2.06731799742249,53.5924085308915],[-2.05988208527965,53.5924870043127],[-2.05509570196047,53.594608674566],[-2.05595265082126,53.5971617818409],[-2.0532061342322,53.5986109292811],[-2.04853083427111,53.5997723503084],[-2.04232715727382,53.600433448747],[-2.0355281477956,53.6033711318459],[-2.03134571140939,53.6102246519141],[-2.03280104635144,53.6118961129322],[-2.03283483755858,53.6145035034723],[-2.03029283863776,53.6174333163393],[-2.02998968977354,53.6205199222459],[-2.02681574056412,53.6241671461057]]]},"properties":{"lad18nm":"Rochdale","lad18cd":"E08000005","lad18gr":7365,"lad18grpc":0.076}},
{"type":"Feature","geometry":{"type":"Polygon","coordinates":[[[-2.33819354516769,53.5336141403946],[-2.34297021507944,53.5368234697262],[-2.34792446456718,53.5374544473823],[-2.34863250362962,53.5356647531995],[-2.3514230465633,53.5357509053656],[-2.35268382555787,53.5336906802394],[-2.35353604841697,53.5302204683871],[-2.35077384373853,53.5296632970206],[-2.35438848105194,53.5262406598844],[-2.36806572148485,53.529206355208],[-2.37045494484181,53.5288331349312],[-2.38262361244131,53.5309195366898],[-2.38865347109362,53.5327256196848],[-2.39347312403264,53.5364003983429],[-2.39983637657821,53.5385472718345],[-2.41012922885753,53.5383238484266],[-2.4198839630589,53.5407448416779],[-2.42976135720517,53.5413021561919],[-2.43714722764451,53.5422534894246],[-2.43810076425207,53.5400379385635],[-2.44096486252252,53.5384302628943],[-2.44200921404369,53.5336546315473],[-2.4480061827422,53.5281801767899],[-2.4510972318287,53.5286053947657],[-2.45417768042105,53.5260536564376],[-2.42719709483544,53.5215596902331],[-2.42150919454684,53.5198810445403],[-2.41827180479178,53.5181198538157],[-2.41453919482293,53.5148934298652],[-2.41534848196211,53.5120449292138],[-2.41945570769153,53.5121573392217],[-2.41871432599954,53.5103641190523],[-2.42228919259603,53.5091174476803],[-2.42050647874144,53.5067902495404],[-2.430428601042,53.5047918626633],[-2.43019496419905,53.5018300873832],[-2.43301027389374,53.5011466834435],[-2.43162173463058,53.4980317314428],[-2.43359048666169,53.4971418958948],[-2.43623730260755,53.4937533747094],[-2.438506957341,53.4924021569053],[-2.43599407503409,53.4898801578339],[-2.43563660168486,53.4872081717439],[-2.43852971586587,53.4819139554202],[-2.43446941523023,53.4650444080407],[-2.46512221589045,53.4624083917552],[-2.47654406559463,53.4624235730386],[-2.48088341667788,53.4618929180867],[-2.48314988047593,53.4607917312124],[-2.48971382174961,53.460282297438],[-2.4867974012492,53.4579869325613],[-2.48626444084028,53.4553635450105],[-2.4831590841178,53.4540333043356],[-2.47604250834945,53.4474599130711],[-2.47815332906477,53.4434174890128],[-2.47410222392646,53.4393834540102],[-2.47079873282852,53.4389102912488],[-2.46716549222293,53.4371987282872],[-2.46172387799054,53.4363687331607],[-2.45798024808118,53.4320345108073],[-2.45421963376104,53.4284354493176],[-2.45144879277231,53.4265682505846],[-2.44901461229098,53.4229380363079],[-2.44913483297471,53.4206409658889],[-2.45121646049176,53.4188390906174],[-2.44937818830286,53.4158914442799],[-2.44593246288085,53.417442288016],[-2.42682366510794,53.4251009943774],[-2.42117268916007,53.4281375998967],[-2.41646666391197,53.4326204296036],[-2.41075146716279,53.4421158116313],[-2.40972321094197,53.4454055790624],[-2.4054940025591,53.451086367813],[-2.40102366283283,53.4551257084211],[-2.39564437461677,53.4588397469859],[-2.38621254736296,53.4633839292634],[-2.37920498428457,53.4655016182456],[-2.37712170280825,53.4665195177036],[-2.36234005210739,53.4716259682659],[-2.35399360604425,53.4742918905633],[-2.32965649231139,53.4799644582025],[-2.32400756852191,53.4803619905074],[-2.31634823209477,53.4786964041011],[-2.30044734642131,53.4713768636201],[-2.2838095163146,53.4653116270199],[-2.27998329728828,53.4650563546157],[-2.27259461957366,53.4697573374767],[-2.26532011730774,53.4727290184161],[-2.2630105563999,53.4764085285713],[-2.25640835240502,53.4802686633155],[-2.2489376641227,53.4832072546207],[-2.24596507365474,53.4848698977078],[-2.24538430271368,53.4868547777317],[-2.24878356973343,53.4883056841989],[-2.2504393352571,53.4900234315608],[-2.25065843983721,53.49191319644],[-2.25348181348473,53.4934712801951],[-2.25249771335448,53.4950292510056],[-2.2548556182413,53.4973433701849],[-2.25542250647567,53.499119126694],[-2.25153283997924,53.5039002748204],[-2.24707647619941,53.5023905064649],[-2.24543798672986,53.5050391594083],[-2.2457658870356,53.5064694927447],[-2.2503271082983,53.5080491807904],[-2.2452274841905,53.5121567078394],[-2.24691548816833,53.5143239593059],[-2.25033707090907,53.5163535861707],[-2.25696583528548,53.5179457852013],[-2.26142863030629,53.5182120932223],[-2.27157410681021,53.5174948339978],[-2.27446754334286,53.5164187290005],[-2.28054167221758,53.5158591930377],[-2.28509907793777,53.5135736062446],[-2.28952111273196,53.5127666450035],[-2.29463559856152,53.515507386746],[-2.29747019468834,53.5156253140191],[-2.3025984163717,53.517651101909],[-2.30207051289373,53.5203974743948],[-2.30312847314973,53.5221905959542],[-2.31169659311616,53.5274896679665],[-2.31945860261919,53.5270054804884],[-2.32475606045417,53.5273633196566],[-2.32773835744056,53.5293253668868],[-2.33563384442742,53.5315882264564],[-2.33819354516769,53.5336141403946]]]},"properties":{"lad18nm":"Salford","lad18cd":"E08000006","lad18gr":9481,"lad18grpc":0.078}},
{"type":"Feature","geometry":{"type":"Polygon","coordinates":[[[-2.0262554175393,53.4298651614286],[-2.0299991144931,53.4285932948907],[-2.0344914999537,53.4286217278862],[-2.03833091860173,53.4271535876819],[-2.03960925524544,53.427868723775],[-2.04745259509992,53.4300626516183],[-2.05578969683554,53.4317712923846],[-2.06212964584608,53.4289789967537],[-2.06517761224177,53.4301638590333],[-2.06729275704242,53.428699326595],[-2.07115311518101,53.427831561757],[-2.07470455712407,53.4259723650252],[-2.08308087265318,53.4268423126158],[-2.08594243626702,53.4293750218815],[-2.08431915962374,53.4341319509578],[-2.08639140375143,53.4346688167699],[-2.08863782727967,53.4371524965292],[-2.09280977077597,53.4375386104965],[-2.09425397175249,53.436503743908],[-2.09813518868074,53.4361204342263],[-2.09666651971787,53.433690214141],[-2.10341035034764,53.432765054694],[-2.1073681778095,53.4337387026043],[-2.11123591932325,53.437541814391],[-2.11520305868082,53.4383883248066],[-2.12016941393235,53.4363907130425],[-2.11935898884937,53.4388265494426],[-2.1229890363326,53.4411625561252],[-2.12385826529322,53.439839459502],[-2.12302104277603,53.4376740681587],[-2.12954473228249,53.4395475915356],[-2.13525583322978,53.4375700904529],[-2.13792975459092,53.4377350675552],[-2.14138772852233,53.4391773231101],[-2.14268659380945,53.4422543887816],[-2.14882591029456,53.4465793599475],[-2.14965129960303,53.448793982221],[-2.15424060903273,53.4508320436421],[-2.15845128388528,53.4549368626877],[-2.16169409689057,53.4531447788299],[-2.16600183545837,53.4537859960898],[-2.16741206486192,53.4494174688412],[-2.17287963616394,53.4480011075821],[-2.17196417824895,53.4472618184378],[-2.17394980593401,53.4438621767259],[-2.17408377319185,53.4405677427671],[-2.17529272696774,53.4343647530498],[-2.17647056948892,53.4330992228678],[-2.18172773178478,53.4351343689125],[-2.18564550612498,53.4360936857382],[-2.18831205239939,53.4348994857393],[-2.19133126963821,53.4351930043991],[-2.1931774644442,53.4277268913414],[-2.19689793958925,53.4281090838259],[-2.1995432335728,53.4267123939083],[-2.20240275713696,53.4232775046398],[-2.20679602940061,53.4209471632307],[-2.20967036215851,53.4179435335567],[-2.21342771329714,53.4189147309679],[-2.21547576981779,53.4108897574226],[-2.21259491408902,53.406968011696],[-2.21945377256112,53.4050760397443],[-2.22036342502803,53.4023454661492],[-2.22269926096718,53.4011689902449],[-2.22771675234649,53.4008565285952],[-2.23718696774047,53.4009881130108],[-2.24253740298985,53.3994754106352],[-2.2430797728491,53.3975382257456],[-2.24682802957703,53.3960599942886],[-2.24589261627942,53.3937043150348],[-2.24565408005968,53.3899314481267],[-2.24622223602741,53.3878296255701],[-2.24262478843436,53.387690549002],[-2.24307003823725,53.3830254762841],[-2.2409273021295,53.380594815686],[-2.24205748566136,53.3781817567172],[-2.24146119084857,53.3748680306746],[-2.23693336833175,53.3701967455323],[-2.24079008412411,53.3595742669914],[-2.23759239686846,53.3592526157097],[-2.23281089268671,53.360271484419],[-2.23020890688029,53.3592437808532],[-2.22222420349714,53.3597812532111],[-2.21955202552668,53.3584899770839],[-2.21614170311279,53.3588666381587],[-2.21453977530013,53.3567185458446],[-2.21065727737018,53.3572864087617],[-2.20740953122584,53.3567986112708],[-2.20846453386188,53.3550044007325],[-2.20187106551067,53.3554275379946],[-2.19257265186875,53.3540568864545],[-2.19049980377621,53.3531343969463],[-2.18544088377377,53.3526597696074],[-2.18801518077824,53.3487366198004],[-2.18482905630431,53.3469915873187],[-2.18097727745663,53.3440438011382],[-2.18275321052716,53.3431287205383],[-2.19028625476906,53.3422603219782],[-2.19215696727728,53.34144559317],[-2.19352716047002,53.3388995855782],[-2.19038236055666,53.3375393286023],[-2.18768826708638,53.3341638650643],[-2.1849939449704,53.3327038175193],[-2.17932248082029,53.330584001465],[-2.17387387607953,53.3314083215437],[-2.17031029410519,53.3313164458291],[-2.16702077652114,53.3295170852698],[-2.16243506966615,53.3279172017274],[-2.1584420650407,53.3289356072568],[-2.15401762001706,53.3277971580744],[-2.1519305900214,53.3298681747925],[-2.1506958317252,53.3369123109422],[-2.14832433401413,53.3394411100472],[-2.14409931007101,53.3428710074742],[-2.14771827158555,53.3448297385378],[-2.15119059702052,53.3481331353572],[-2.14778922197023,53.3501742999728],[-2.14290934133284,53.3540067126504],[-2.138196731806,53.3568913122976],[-2.13970954990165,53.359142059992],[-2.13946150699257,53.3646613400803],[-2.13772153168542,53.3665787982179],[-2.13337651844004,53.364985570866],[-2.12922128619392,53.3649631571758],[-2.12447112209986,53.362347077435],[-2.12255474019523,53.3621774183479],[-2.12070533090625,53.3638780762308],[-2.11555052486233,53.3647945835544],[-2.10981546162773,53.3645788174218],[-2.10588264871779,53.3650947209567],[-2.10392850224723,53.3660824480011],[-2.09526794237455,53.3660923114444],[-2.09073276999611,53.3640410958389],[-2.08375739559932,53.3595536336852],[-2.07674670932838,53.3580050682426],[-2.06807780774501,53.3573936378322],[-2.06494418862397,53.357764767858],[-2.0634627901435,53.3588361357029],[-2.05962107811317,53.3589836552124],[-2.05633656232358,53.3624125453096],[-2.05532046861855,53.3668911475576],[-2.05198783083379,53.3673995145566],[-2.05033662433986,53.3689902777574],[-2.04666843077065,53.3693692541719],[-2.04150127616143,53.3723014780164],[-2.03842127448567,53.3718916613757],[-2.03260327476139,53.3719581766688],[-2.031058463243,53.3702623861094],[-2.02862403739649,53.3707340478054],[-2.03358106532008,53.375013065693],[-2.03041415543184,53.3750796114049],[-2.026208991537,53.3736181415147],[-2.02147206970737,53.3750591157969],[-2.02094421345528,53.3775984914771],[-2.01708408317754,53.3778327563457],[-2.0185928134637,53.3802055632499],[-2.01511286859254,53.3805673959908],[-2.01306180706892,53.3841046439454],[-2.00464286724195,53.3863272775011],[-2.00517568762542,53.3923946276601],[-2.00176986499178,53.3964908397941],[-1.99398993508379,53.4091852704084],[-1.9933049297352,53.4119510396017],[-1.99396524792089,53.4131825141216],[-1.99232947055908,53.4151931330374],[-2.00509241756181,53.4150278841976],[-2.01064904219277,53.4167272054398],[-2.0136971820304,53.4158901098022],[-2.01667606985591,53.4193035053113],[-2.02370962953136,53.4205517134999],[-2.02128356611461,53.4225755527533],[-2.01972433303058,53.4251186793694],[-2.02047454048388,53.4266924491543],[-2.02407645720544,53.4278468308965],[-2.0262554175393,53.4298651614286]]]},"properties":{"lad18nm":"Stockport","lad18cd":"E08000007","lad18gr":6317,"lad18grpc":0.049}},
{"type":"Feature","geometry":{"type":"Polygon","coordinates":[[[-1.96338598926022,53.509827260669],[-1.96672997015267,53.5103791695654],[-1.97305568406769,53.512441872629],[-1.97781976011779,53.5144328782609],[-1.98695320916397,53.5167038994597],[-1.99209370235107,53.5201225845615],[-1.99692731145345,53.5220652942898],[-2.00303267676075,53.5202118812248],[-2.00913325358349,53.5191266159757],[-2.01877610272599,53.5214337823986],[-2.01752972929539,53.5237251105346],[-2.02315550728773,53.528397204641],[-2.03245255314553,53.530257377247],[-2.04446662448749,53.5298767237006],[-2.05111560388733,53.530432058101],[-2.05491706940516,53.5313929556254],[-2.05715606618389,53.5304642552973],[-2.05328351642531,53.5268276530209],[-2.05445330371133,53.5238222282136],[-2.05414814082372,53.5222691624695],[-2.05839355359466,53.5229637623717],[-2.06193559041043,53.5222957914795],[-2.06472979248158,53.5228165201805],[-2.07114231590851,53.5213017914423],[-2.07836722337319,53.5206311319656],[-2.09325828992356,53.5206166937392],[-2.09342471039034,53.5181204893001],[-2.09551245850263,53.5155751301274],[-2.09885541273973,53.514074915866],[-2.09952370488228,53.5122435051902],[-2.10331149360778,53.5096713342074],[-2.11068450391005,53.5083173800008],[-2.11504040100352,53.5065992097081],[-2.11968483281177,53.5057272296743],[-2.12042251077307,53.5015882486234],[-2.12331738142678,53.5006666572322],[-2.12683290692467,53.4986396150832],[-2.1316325755589,53.4981418794034],[-2.13520360021522,53.4952705770002],[-2.13612452440151,53.4919276000956],[-2.14093884831422,53.4911282644553],[-2.14831537380425,53.4929394586793],[-2.15445294259844,53.4929603952858],[-2.15658877055294,53.494194413169],[-2.15933427130829,53.4931903694793],[-2.16303024605401,53.4928491976846],[-2.16396975291738,53.4913971396498],[-2.16663447272798,53.4906402409006],[-2.16622667371871,53.4888682624415],[-2.16902702717328,53.4885227633345],[-2.16966351247207,53.4867817458553],[-2.16742174337208,53.4808192997109],[-2.16596882706844,53.4795566659575],[-2.16501073981872,53.4768973760407],[-2.16214094941322,53.4762047402364],[-2.16156474454463,53.4748500985192],[-2.15592423117478,53.4753186963092],[-2.15039045106391,53.4727776290593],[-2.15011769606051,53.4710612300785],[-2.14684758445257,53.4677099212583],[-2.15009302832392,53.4636727497115],[-2.15278314680239,53.463246894599],[-2.14924058293346,53.4594096882049],[-2.15211856794602,53.4577207492759],[-2.15845128388528,53.4549368626877],[-2.15424060903273,53.4508320436421],[-2.14965129960303,53.448793982221],[-2.14882591029456,53.4465793599475],[-2.14268659380945,53.4422543887816],[-2.14138772852233,53.4391773231101],[-2.13792975459092,53.4377350675552],[-2.13525583322978,53.4375700904529],[-2.12954473228249,53.4395475915356],[-2.12302104277603,53.4376740681587],[-2.12385826529322,53.439839459502],[-2.1229890363326,53.4411625561252],[-2.11935898884937,53.4388265494426],[-2.12016941393235,53.4363907130425],[-2.11520305868082,53.4383883248066],[-2.11123591932325,53.437541814391],[-2.1073681778095,53.4337387026043],[-2.10341035034764,53.432765054694],[-2.09666651971787,53.433690214141],[-2.09813518868074,53.4361204342263],[-2.09425397175249,53.436503743908],[-2.09280977077597,53.4375386104965],[-2.08863782727967,53.4371524965292],[-2.08639140375143,53.4346688167699],[-2.08431915962374,53.4341319509578],[-2.08594243626702,53.4293750218815],[-2.08308087265318,53.4268423126158],[-2.07470455712407,53.4259723650252],[-2.07115311518101,53.427831561757],[-2.06729275704242,53.428699326595],[-2.06517761224177,53.4301638590333],[-2.06212964584608,53.4289789967537],[-2.05578969683554,53.4317712923846],[-2.04745259509992,53.4300626516183],[-2.03960925524544,53.427868723775],[-2.03833091860173,53.4271535876819],[-2.0344914999537,53.4286217278862],[-2.0299991144931,53.4285932948907],[-2.0262554175393,53.4298651614286],[-2.02673432732108,53.4326856672026],[-2.02265111744049,53.4332114790472],[-2.02258547599713,53.4341328211639],[-2.01927195255417,53.4360587381855],[-2.0178489360681,53.4383923471225],[-2.01242716025111,53.4399498692674],[-2.01004330786326,53.4372589840561],[-2.00745533536699,53.4357634653483],[-2.00400385615674,53.436233697459],[-2.00647776842786,53.4405184536779],[-2.00632454619944,53.4424959161618],[-2.00376363581046,53.4429014823492],[-1.99937651181192,53.4458497691119],[-1.99677775317779,53.4456789116228],[-1.99484586289324,53.4468123430045],[-1.99506976793846,53.4504572502076],[-1.99263605716626,53.4526548430548],[-1.98655615088102,53.4544492968211],[-1.98579658757673,53.4559790821463],[-1.98765925835784,53.456878151853],[-1.98816121383736,53.4605976904627],[-1.98062482473559,53.4630515179256],[-1.98141502593939,53.4644619063188],[-1.98673112623592,53.4675052656282],[-1.98849277196076,53.4710540917364],[-1.98737284917948,53.4727735389146],[-1.98932337971734,53.4751142978807],[-1.98739900736179,53.4815760088436],[-1.98570514841923,53.4817420609637],[-1.98146492489565,53.485262254604],[-1.97539074468292,53.4871073950899],[-1.97122245348857,53.4936527957456],[-1.97077673952699,53.4952238760707],[-1.97249274303685,53.499047077638],[-1.97266228375915,53.5025913426526],[-1.97158630305122,53.5043419938961],[-1.96743844914185,53.5066393425647],[-1.96338598926022,53.509827260669]]]},"properties":{"lad18nm":"Tameside","lad18cd":"E08000008","lad18gr":5057,"lad18grpc":0.05}},
{"type":"Feature","geometry":{"type":"Polygon","coordinates":[[[-2.26532011730774,53.4727290184161],[-2.27259461957366,53.4697573374767],[-2.27998329728828,53.4650563546157],[-2.2838095163146,53.4653116270199],[-2.30044734642131,53.4713768636201],[-2.31634823209477,53.4786964041011],[-2.32400756852191,53.4803619905074],[-2.32965649231139,53.4799644582025],[-2.35399360604425,53.4742918905633],[-2.36234005210739,53.4716259682659],[-2.37712170280825,53.4665195177036],[-2.37920498428457,53.4655016182456],[-2.38621254736296,53.4633839292634],[-2.39564437461677,53.4588397469859],[-2.40102366283283,53.4551257084211],[-2.4054940025591,53.451086367813],[-2.40972321094197,53.4454055790624],[-2.41075146716279,53.4421158116313],[-2.41646666391197,53.4326204296036],[-2.42117268916007,53.4281375998967],[-2.42682366510794,53.4251009943774],[-2.44593246288085,53.417442288016],[-2.44937818830286,53.4158914442799],[-2.45421101828958,53.4127919056032],[-2.45625702655382,53.4108237427133],[-2.46253896720206,53.4034272625405],[-2.46560204471775,53.4010064139932],[-2.47041765657323,53.3982504760034],[-2.47845439772895,53.3962185675272],[-2.47274963749424,53.3927779588133],[-2.47007217877869,53.3924290069897],[-2.4653723739542,53.3947161507537],[-2.45916505847677,53.3937882864144],[-2.45477988589669,53.3939084095453],[-2.45074382892409,53.3949187373634],[-2.44812290278962,53.3946599174701],[-2.44165473621787,53.3910031553114],[-2.4367027024504,53.3892101358802],[-2.43387086807567,53.3894532923997],[-2.43212006602021,53.3877643239231],[-2.42746758323355,53.3887671991631],[-2.42658992510444,53.3874615169358],[-2.42244714867826,53.3863527185869],[-2.42064674480227,53.3867383756105],[-2.4171462321207,53.3847192731837],[-2.41091011945481,53.3839633340088],[-2.40842868279532,53.3827844260507],[-2.40712105342013,53.3798244620281],[-2.40052512299679,53.3776391703856],[-2.40035839481339,53.3751022367613],[-2.39616496614243,53.3744879198279],[-2.39010734576266,53.3706885891004],[-2.38087504338622,53.3698959312912],[-2.37812611934013,53.3661581909373],[-2.37527117001684,53.3653384198215],[-2.36691110000275,53.3644548553794],[-2.36502717938874,53.3631059713324],[-2.35950850965616,53.3642454462487],[-2.36065302375132,53.3663192286249],[-2.35702151540922,53.3669476705216],[-2.35689047596773,53.3685201743553],[-2.35207942046787,53.3681111257469],[-2.35097528607638,53.3665224924795],[-2.34802700243469,53.366363889037],[-2.34776251849865,53.3678424209719],[-2.34369295924516,53.3665562511712],[-2.34095172991201,53.3674791614818],[-2.33315237230638,53.3655892891162],[-2.32953377874411,53.3632631191751],[-2.33069018368523,53.3616248995487],[-2.328110311498,53.3604715489156],[-2.3243983139176,53.3613796710299],[-2.32236443741282,53.3594822796152],[-2.32000814129934,53.3586410467631],[-2.31432035437042,53.3587352288106],[-2.31399816114173,53.3574246421479],[-2.30603892327607,53.3583819242489],[-2.30008539157613,53.3600068894962],[-2.29704641645391,53.3620530714403],[-2.29394971201427,53.3679707891664],[-2.29056303727189,53.3727052893936],[-2.28566460664445,53.3762451149181],[-2.2885850798079,53.3768933568048],[-2.29268266407114,53.3808006676266],[-2.29654722846705,53.3822518141764],[-2.30023220183576,53.3848223153682],[-2.29914815322131,53.3860987133639],[-2.30018399009308,53.3911665603173],[-2.30501269791857,53.3970876841604],[-2.30734010398423,53.3974151846773],[-2.31991901980795,53.4116235539266],[-2.31271176603486,53.4098225668943],[-2.3015813801962,53.4098125520957],[-2.29786169910214,53.4083846695326],[-2.29735840602748,53.4108461591714],[-2.29394295944332,53.4135817590923],[-2.28726326443696,53.414919470739],[-2.28391063994595,53.4161814161478],[-2.28154543652743,53.4152836045195],[-2.27785451603072,53.4154683184968],[-2.27812639740697,53.4183899425532],[-2.27544108307671,53.4194064095397],[-2.27362065909694,53.4225008392898],[-2.28062885749684,53.4239201585567],[-2.28416465287072,53.4254013166599],[-2.28609290633336,53.4295072552618],[-2.28858874688938,53.4318247843571],[-2.29327701781047,53.4326762786442],[-2.29557825017037,53.4324332726219],[-2.30001152980317,53.4336132106152],[-2.29969889963779,53.4373254221102],[-2.29539712444989,53.4358521114796],[-2.2954386010828,53.4387994345466],[-2.29149285231605,53.4392109122238],[-2.28988030222442,53.4413891961898],[-2.29164201379554,53.4432078094674],[-2.28625402820342,53.4490885627312],[-2.27975598527012,53.4491965780725],[-2.27717148627576,53.450509515239],[-2.27149149499303,53.4507175229175],[-2.25832514153034,53.4587806724317],[-2.25368727534751,53.4599456438348],[-2.25434693446821,53.4624718244355],[-2.25791921244456,53.4623841222732],[-2.25970242944213,53.465344749661],[-2.2641212973656,53.4676612862926],[-2.26671545520544,53.4708311669254],[-2.26532011730774,53.4727290184161]]]},"properties":{"lad18nm":"Trafford","lad18cd":"E08000009","lad18gr":5739,"lad18grpc":0.057}},
{"type":"Feature","geometry":{"type":"Polygon","coordinates":[[[-2.62590677319225,53.5936832713985],[-2.62823205898399,53.5953168838184],[-2.62804690344486,53.5970976378127],[-2.63137817282196,53.5999142234637],[-2.63220435020462,53.6035331389345],[-2.63138818995382,53.6053549708296],[-2.63209677365414,53.6072649041036],[-2.63459215891522,53.6082827625043],[-2.64138876755363,53.6072759064542],[-2.64694707754666,53.6072497015165],[-2.6525677568802,53.6058682460757],[-2.65475193018779,53.6046204156336],[-2.65886465406754,53.6041727976242],[-2.66112795508061,53.6032623833784],[-2.66660175320685,53.6034658619062],[-2.67054467108931,53.605097787471],[-2.67888096176044,53.6047237228297],[-2.68151959911064,53.603870999114],[-2.68662959582017,53.6032494813081],[-2.68931258757785,53.6043028419438],[-2.69212420070751,53.5980575626333],[-2.69365871590647,53.5918223074936],[-2.69353794340783,53.5893358424408],[-2.70006962363831,53.5912133608772],[-2.70281293151608,53.589830160298],[-2.70272271220406,53.5873031077256],[-2.70748014136461,53.586694401012],[-2.71034498140922,53.5847467123934],[-2.71164501241535,53.5828253404385],[-2.7142347986981,53.5817942354769],[-2.71480209572855,53.5783527199633],[-2.71784456416676,53.5769619283245],[-2.71591218777309,53.5753088295348],[-2.71752318068575,53.5729657926211],[-2.71565900336526,53.5702434582193],[-2.71130277809145,53.5662954339102],[-2.71039848301269,53.5642289379686],[-2.70814103948739,53.564213520895],[-2.70429640157788,53.5628104833607],[-2.70474625031984,53.5597121048172],[-2.70708016001388,53.5571734722043],[-2.70772634262151,53.5547364353299],[-2.71026311340342,53.5530657767706],[-2.711147399455,53.5494489750173],[-2.71530683202889,53.5465703913368],[-2.71864854431658,53.5433800652218],[-2.71457762538736,53.5381227662984],[-2.71638133914781,53.5378881569395],[-2.71628825572338,53.5338878494353],[-2.71781695250951,53.5274823866951],[-2.72094375802229,53.5250608882051],[-2.72487711441028,53.5244061278121],[-2.7305209236796,53.5206001458893],[-2.72737537772386,53.5171101169931],[-2.72675736303351,53.5148415438735],[-2.72348310813821,53.5117234270465],[-2.71918297334649,53.5118473050075],[-2.71575921203248,53.5106426645925],[-2.71344512474169,53.5130960256576],[-2.71000708569485,53.5146418502824],[-2.70860801710865,53.5135840308694],[-2.70707258626456,53.5066853702931],[-2.70546084194021,53.5047884311053],[-2.70314813100966,53.5039778616603],[-2.7007192162033,53.5046159149848],[-2.6988930124327,53.5020315601885],[-2.69295441034783,53.502208169484],[-2.68260262197143,53.5003037375028],[-2.67776104956376,53.4988418620377],[-2.67160370907398,53.4990832552981],[-2.66849265249542,53.5001667506684],[-2.66656450553249,53.4997775493359],[-2.66384910762406,53.4946575403202],[-2.66026061067119,53.492273070203],[-2.65673145028308,53.4925225291359],[-2.65406357963995,53.4864610385699],[-2.64454749730489,53.4801812942411],[-2.63741325637627,53.4804288927972],[-2.63314727172694,53.4810259296626],[-2.6238374860838,53.481318494668],[-2.61878486807985,53.4818418585415],[-2.61213826687326,53.4811380905399],[-2.61187206262773,53.4750004302298],[-2.60786342802793,53.4708277466429],[-2.60898902702355,53.4703160226947],[-2.61454855861117,53.4703612405522],[-2.61511184344487,53.4678559682412],[-2.6168065784954,53.4662985210116],[-2.61546827999195,53.4637536184217],[-2.61295537108778,53.4617333972468],[-2.60392089625844,53.4609551411822],[-2.5992977106138,53.4611015311155],[-2.59935192540362,53.45906991944],[-2.59610435392639,53.456453404611],[-2.59208097025934,53.4557408886576],[-2.58866024687875,53.4561209137692],[-2.58314933724313,53.4533282774952],[-2.58370165609561,53.4494569910125],[-2.58224408585107,53.4481347362004],[-2.5789316555191,53.4474749210943],[-2.57674283317084,53.4460572083879],[-2.57461778687876,53.448021515676],[-2.57349606395054,53.4517022989591],[-2.57050364971092,53.4568507750472],[-2.57038994787401,53.4584755069628],[-2.54907568465009,53.461485853743],[-2.55263854410147,53.4678134069205],[-2.55042601239418,53.4680762080745],[-2.50077634966227,53.4801296800413],[-2.4963344588829,53.4809294219504],[-2.49334926662315,53.4797480971013],[-2.48915336712227,53.4758724068329],[-2.49140468719295,53.472114927472],[-2.49116272122148,53.4673358573106],[-2.49227024187945,53.465154309209],[-2.48974923489679,53.461926999832],[-2.48971382174961,53.460282297438],[-2.48314988047593,53.4607917312124],[-2.48088341667788,53.4618929180867],[-2.47654406559463,53.4624235730386],[-2.46512221589045,53.4624083917552],[-2.43446941523023,53.4650444080407],[-2.43852971586587,53.4819139554202],[-2.43563660168486,53.4872081717439],[-2.43599407503409,53.4898801578339],[-2.438506957341,53.4924021569053],[-2.43623730260755,53.4937533747094],[-2.43359048666169,53.4971418958948],[-2.43162173463058,53.4980317314428],[-2.43301027389374,53.5011466834435],[-2.43019496419905,53.5018300873832],[-2.430428601042,53.5047918626633],[-2.42050647874144,53.5067902495404],[-2.42228919259603,53.5091174476803],[-2.41871432599954,53.5103641190523],[-2.41945570769153,53.5121573392217],[-2.41534848196211,53.5120449292138],[-2.41453919482293,53.5148934298652],[-2.41827180479178,53.5181198538157],[-2.42150919454684,53.5198810445403],[-2.42719709483544,53.5215596902331],[-2.45417768042105,53.5260536564376],[-2.4510972318287,53.5286053947657],[-2.46151703303029,53.5306896133336],[-2.46607473034482,53.5306962109964],[-2.46987220169089,53.5320771937959],[-2.472418082586,53.5317372470252],[-2.47838723523395,53.5335416875825],[-2.48228152400556,53.5334361205057],[-2.48969218141095,53.5345887625602],[-2.49016369266593,53.5355719588766],[-2.49647016939739,53.5366999696088],[-2.49904612271482,53.5380114020311],[-2.50688831364702,53.5388042413095],[-2.51017153697325,53.5341512328146],[-2.51301448641544,53.5363061779552],[-2.51573257856061,53.5356193025716],[-2.51589062216949,53.5291433532022],[-2.52070734751792,53.5272941128284],[-2.52772748740452,53.5255716087925],[-2.52887048942002,53.5231261554934],[-2.53380063532659,53.5230718053826],[-2.53624169729701,53.5264413312683],[-2.53621344595422,53.5275497828071],[-2.54254900131636,53.5306050972808],[-2.54378930942743,53.5325005171417],[-2.54635581470507,53.533810088362],[-2.55116472792039,53.5352522393134],[-2.55678199921548,53.5380234147879],[-2.56032297999021,53.5379960557219],[-2.56174832628371,53.5403542031933],[-2.55915129946182,53.5423969709646],[-2.55811876547658,53.544651636471],[-2.55901273307806,53.5459579720719],[-2.56305352475528,53.5473752965756],[-2.56659650959318,53.5474493724936],[-2.56870630635621,53.5485709426316],[-2.5669508245173,53.5508039576421],[-2.56398578590542,53.5511920058612],[-2.56120225389697,53.5532203190645],[-2.55985708674186,53.5554773496524],[-2.56260888594961,53.558081006467],[-2.56317119559677,53.5601842506099],[-2.55962527802362,53.5612310787845],[-2.56772618769425,53.5655007452331],[-2.56569829118491,53.5699101592288],[-2.56843400919972,53.5720291712693],[-2.57302482380222,53.5740529439697],[-2.57534299310566,53.5768488143262],[-2.57889375766014,53.5778589412931],[-2.57767102853245,53.5794593956417],[-2.57800590576944,53.5813192515988],[-2.58223097234064,53.5828922847593],[-2.58507504920718,53.5850795942892],[-2.59535981052288,53.5880587508101],[-2.59635112200386,53.5888375556152],[-2.60171554925685,53.5888304094429],[-2.6061540775727,53.5883118728953],[-2.61235206423455,53.5904932845904],[-2.61813345821116,53.5910981377039],[-2.62548075438782,53.5893853014574],[-2.62861435038086,53.5905329331989],[-2.62590677319225,53.5936832713985]]]},"properties":{"lad18nm":"Wigan","lad18cd":"E08000010","lad18gr":6711,"lad18grpc":0.045}},
{"type":"Feature","geometry":{"type":"Polygon","coordinates":[[[-2.82496446472738,53.4852092192654],[-2.82557439672137,53.4827816885128],[-2.84442114863858,53.4841303894131],[-2.84339270386073,53.488195190101],[-2.84400207770206,53.4902727150511],[-2.8498364247934,53.4931391728108],[-2.8591791829809,53.492114120381],[-2.86147780265081,53.4910791565467],[-2.86515490038089,53.4920871492598],[-2.87070110501775,53.4946373792127],[-2.87236578472678,53.4970126799441],[-2.8733324381136,53.5000393451111],[-2.88150078559031,53.5027505881325],[-2.88799424321123,53.5038287420372],[-2.88985666322281,53.5028432193139],[-2.89380174444178,53.5029638519059],[-2.89766539622065,53.5014410401807],[-2.8988291316877,53.4997954668133],[-2.89639656026537,53.4966757687198],[-2.8993558655497,53.4936252030885],[-2.89960719188559,53.4916826598173],[-2.90534987622862,53.4918946000947],[-2.90882829372271,53.4889144513729],[-2.91280067843075,53.4832033001547],[-2.914858958005,53.4824208625192],[-2.91955921218475,53.4820728835894],[-2.9171606133734,53.4801370864292],[-2.91896195240716,53.4768918140417],[-2.92261510760143,53.4749832157279],[-2.91865765432945,53.4683116986453],[-2.91575735765146,53.4688516527093],[-2.91437759224157,53.4650051646435],[-2.90610759132457,53.4649908733726],[-2.90395138930679,53.4673001996436],[-2.90592876894377,53.4701786953365],[-2.90031500926339,53.4691586779097],[-2.89514981588685,53.4671777404376],[-2.89530413951859,53.4659172659056],[-2.89303701809703,53.4634029260999],[-2.88779877949816,53.4605431226415],[-2.87842541866754,53.4559184825273],[-2.87208864619138,53.4532224835758],[-2.86762593381885,53.4485340535648],[-2.8682449364033,53.4446975514121],[-2.87005399110302,53.4436336407599],[-2.87084307861126,53.4379730323764],[-2.87341602710636,53.4365187144177],[-2.86938572151766,53.4327260488775],[-2.86747698793808,53.4287254851487],[-2.8661773729774,53.428023033316],[-2.86960612365929,53.4259693816866],[-2.86768205499311,53.4197262202904],[-2.86592724972323,53.4183016094447],[-2.87095570041097,53.4124780770187],[-2.87241573223244,53.4127281268151],[-2.88133104381247,53.416140536175],[-2.88409671965942,53.4168760481589],[-2.89236431771323,53.4118285193147],[-2.8905423379989,53.4069261449941],[-2.88168404545243,53.4081827327358],[-2.88095594323552,53.40694403561],[-2.87535399214716,53.4010048787163],[-2.8727466039997,53.4016990776392],[-2.87045561082276,53.399323807451],[-2.86703878534925,53.3986726923227],[-2.85621983009431,53.3949601434108],[-2.84974172701138,53.3973219107066],[-2.84501424920209,53.398055698271],[-2.83748807776947,53.3999523912791],[-2.83535071986354,53.3969444783192],[-2.83395115145169,53.3965892478299],[-2.83200857151482,53.3919808083147],[-2.83364991807087,53.3889409896349],[-2.82890046292001,53.3860231043945],[-2.82666191753016,53.3852565681025],[-2.822704487782,53.3821225806716],[-2.82195480947219,53.3806670450162],[-2.82792096209705,53.3803237725664],[-2.8325554841171,53.381622818597],[-2.83415540473276,53.3812575013994],[-2.8417220391927,53.3815774134745],[-2.84443159734915,53.3820570983803],[-2.84794201495107,53.3811541070065],[-2.85184699400166,53.3808934897206],[-2.85618925169711,53.3787501146282],[-2.85399468444442,53.3770283706882],[-2.85240483304018,53.3722414709792],[-2.8520250189424,53.3694064133429],[-2.85361502440638,53.3662417708937],[-2.85354692020881,53.3637406293205],[-2.8520257128406,53.3611609006445],[-2.84696670032055,53.354662815243],[-2.84040558010117,53.3473311035908],[-2.8316219101113,53.3466842216745],[-2.82320025188335,53.3480541550636],[-2.81880693241227,53.3480007079547],[-2.81636670774326,53.3501639938819],[-2.80906433171471,53.3550813803968],[-2.80386542549845,53.3556854829254],[-2.78730169890451,53.3562903954798],[-2.78456417435462,53.3619309683577],[-2.78091434522927,53.366211967452],[-2.78191153638878,53.3674909115731],[-2.7802473442126,53.3699323244643],[-2.78084393067186,53.3722341095738],[-2.77969466934157,53.3756393284407],[-2.77705181820092,53.3796790918772],[-2.77305597729941,53.3811648791414],[-2.77229001765084,53.3827869143194],[-2.76935241884218,53.3838773323137],[-2.76452478555674,53.3826985688839],[-2.76058116419612,53.3823461898416],[-2.76002875529575,53.3844261572059],[-2.75240078995737,53.3859954508482],[-2.74833842550044,53.3884083764229],[-2.74710602290737,53.3923927642779],[-2.75005023736181,53.392383269434],[-2.75064785695542,53.3937880963161],[-2.74412317763896,53.3948393041606],[-2.74629403591643,53.3995376486958],[-2.74517463855405,53.402095646477],[-2.74681653670308,53.402320904261],[-2.76000350577685,53.4004128641731],[-2.76844315845704,53.4000298007188],[-2.78677596712423,53.4011875685258],[-2.78413577347189,53.4072166341146],[-2.78559242704924,53.411331089578],[-2.78569053424653,53.4150293467731],[-2.77877727216386,53.4156931047019],[-2.77820459902747,53.4163026906722],[-2.782459114393,53.4193158117683],[-2.78020846308625,53.4205692153513],[-2.77620142616997,53.4266870417184],[-2.78167464577407,53.4285578726412],[-2.78357167974853,53.4285948629467],[-2.7878755692066,53.43036166192],[-2.79333681216737,53.4310419048381],[-2.79396132318785,53.4338674651165],[-2.79774648864876,53.4337568755732],[-2.79680876635311,53.4360130358185],[-2.80488582679404,53.4387005131538],[-2.80397270314551,53.4414429022578],[-2.79895175055187,53.4413596800138],[-2.79676722679336,53.4406309242571],[-2.7951898123204,53.443704838862],[-2.80003298626767,53.4488993977046],[-2.8042482470679,53.4514786734821],[-2.80510666559847,53.4555366437522],[-2.80700371230536,53.4558312461953],[-2.80627331097907,53.463216738913],[-2.80447857685835,53.467237758272],[-2.81871177202822,53.4668910846076],[-2.81865240106513,53.4701489068243],[-2.81675161586718,53.4778517301431],[-2.82294902487306,53.4826900699674],[-2.82496446472738,53.4852092192654]]]},"properties":{"lad18nm":"Knowsley","lad18cd":"E08000011","lad18gr":3307,"lad18grpc":0.051}},
{"type":"Feature","geometry":{"type":"Polygon","coordinates":[[[-2.81880693241227,53.3480007079547],[-2.82320025188335,53.3480541550636],[-2.8316219101113,53.3466842216745],[-2.84040558010117,53.3473311035908],[-2.84696670032055,53.354662815243],[-2.8520257128406,53.3611609006445],[-2.85354692020881,53.3637406293205],[-2.85361502440638,53.3662417708937],[-2.8520250189424,53.3694064133429],[-2.85240483304018,53.3722414709792],[-2.85399468444442,53.3770283706882],[-2.85618925169711,53.3787501146282],[-2.85184699400166,53.3808934897206],[-2.84794201495107,53.3811541070065],[-2.84443159734915,53.3820570983803],[-2.8417220391927,53.3815774134745],[-2.83415540473276,53.3812575013994],[-2.8325554841171,53.381622818597],[-2.82792096209705,53.3803237725664],[-2.82195480947219,53.3806670450162],[-2.822704487782,53.3821225806716],[-2.82666191753016,53.3852565681025],[-2.82890046292001,53.3860231043945],[-2.83364991807087,53.3889409896349],[-2.83200857151482,53.3919808083147],[-2.83395115145169,53.3965892478299],[-2.83535071986354,53.3969444783192],[-2.83748807776947,53.3999523912791],[-2.84501424920209,53.398055698271],[-2.84974172701138,53.3973219107066],[-2.85621983009431,53.3949601434108],[-2.86703878534925,53.3986726923227],[-2.87045561082276,53.399323807451],[-2.8727466039997,53.4016990776392],[-2.87535399214716,53.4010048787163],[-2.88095594323552,53.40694403561],[-2.88168404545243,53.4081827327358],[-2.8905423379989,53.4069261449941],[-2.89236431771323,53.4118285193147],[-2.88409671965942,53.4168760481589],[-2.88133104381247,53.416140536175],[-2.87241573223244,53.4127281268151],[-2.87095570041097,53.4124780770187],[-2.86592724972323,53.4183016094447],[-2.86768205499311,53.4197262202904],[-2.86960612365929,53.4259693816866],[-2.8661773729774,53.428023033316],[-2.86747698793808,53.4287254851487],[-2.86938572151766,53.4327260488775],[-2.87341602710636,53.4365187144177],[-2.87084307861126,53.4379730323764],[-2.87005399110302,53.4436336407599],[-2.8682449364033,53.4446975514121],[-2.86762593381885,53.4485340535648],[-2.87208864619138,53.4532224835758],[-2.87842541866754,53.4559184825273],[-2.88779877949816,53.4605431226415],[-2.89303701809703,53.4634029260999],[-2.89530413951859,53.4659172659056],[-2.89514981588685,53.4671777404376],[-2.90031500926339,53.4691586779097],[-2.90592876894377,53.4701786953365],[-2.90395138930679,53.4673001996436],[-2.90610759132457,53.4649908733726],[-2.91437759224157,53.4650051646435],[-2.91575735765146,53.4688516527093],[-2.91865765432945,53.4683116986453],[-2.92261510760143,53.4749832157279],[-2.927623695432,53.4733426528725],[-2.93339650228829,53.4738613198424],[-2.93983487434142,53.4736130788863],[-2.95647068452404,53.472451912573],[-2.9580777896516,53.4687536033988],[-2.96728240176755,53.4677634898251],[-2.97382315442724,53.4627566033193],[-2.97340662715204,53.4601505651711],[-2.9716485309034,53.4562377218808],[-2.9715849253753,53.4522642868213],[-2.9737312035893,53.4497137950596],[-2.97337821976813,53.4473121664812],[-2.97626335093705,53.4452850786614],[-2.97491461632544,53.4433239988498],[-2.99269447658453,53.4403182051437],[-2.99399171979247,53.4415262998504],[-2.99997620192144,53.4399923990681],[-3.00875528924328,53.4383815467847],[-3.01917840088497,53.4361762554123],[-3.01653169958851,53.4288406613562],[-3.01397567361192,53.4207194707851],[-3.01185044594629,53.4161370127796],[-3.00973738045584,53.4128029531778],[-3.0064768273904,53.4046273107774],[-3.00120767486957,53.3941141585251],[-2.99944929634619,53.3879983004755],[-2.99807939718158,53.3853598139191],[-2.99468415949016,53.3820558763985],[-2.98673740854287,53.376738335832],[-2.98127678789197,53.3719895092535],[-2.97837229171888,53.3699350447473],[-2.97342139462473,53.3675556512731],[-2.95709635482506,53.3615625644096],[-2.94593168301341,53.3539766397135],[-2.9405628453625,53.3512162529477],[-2.92522590693573,53.3464424731127],[-2.91157344157468,53.3402713170551],[-2.90315388304666,53.3380853454571],[-2.91005872310361,53.323805038058],[-2.90219124829831,53.3210808197668],[-2.88901647383376,53.3169036054689],[-2.88374528547958,53.3136715765245],[-2.87756664708348,53.3122502226439],[-2.86392128120261,53.3115623041517],[-2.85880846676741,53.3122742691],[-2.85658601245484,53.3138696079463],[-2.85108829371767,53.3146443020193],[-2.83714824544587,53.3175501747246],[-2.82710812061816,53.3199959151824],[-2.81807251134451,53.3186658374431],[-2.81832041099228,53.3257348120571],[-2.83153061714098,53.3351269396331],[-2.83245729486952,53.3372894346576],[-2.82716415059614,53.3378709843059],[-2.82348289430031,53.337387717578],[-2.82232856613751,53.3406936748679],[-2.82020983074818,53.3404071182442],[-2.81800026209284,53.3429814187372],[-2.81986864225389,53.3436778956293],[-2.81880693241227,53.3480007079547]]]},"properties":{"lad18nm":"Liverpool","lad18cd":"E08000012","lad18gr":13167,"lad18grpc":0.058}},
{"type":"Feature","geometry":{"type":"Polygon","coordinates":[[[-2.7305209236796,53.5206001458893],[-2.73170732427099,53.5196850260028],[-2.73551622295136,53.5197236817215],[-2.74103539175327,53.518459055613],[-2.74829296556265,53.5160714502519],[-2.7520374001588,53.5161459193696],[-2.75906280810712,53.5138202192959],[-2.75983151753041,53.5125371405826],[-2.76887248377879,53.513571464193],[-2.77123759485252,53.5187490972317],[-2.77518821226971,53.5244098321715],[-2.78247648838422,53.5314301969823],[-2.78910320188438,53.5267592304299],[-2.79157362489505,53.5254422399936],[-2.7945915111589,53.5213018053591],[-2.8006754462851,53.5193565005833],[-2.80573121870679,53.5184928178747],[-2.81045398762439,53.5162325810741],[-2.81146008827671,53.513637029187],[-2.81662329830682,53.5122903195403],[-2.82150746462825,53.5051072842576],[-2.82259023598101,53.5051204992056],[-2.81991566527694,53.496526719064],[-2.82038668390646,53.494380541688],[-2.82403970550861,53.4895922573908],[-2.82496446472738,53.4852092192654],[-2.82294902487306,53.4826900699674],[-2.81675161586718,53.4778517301431],[-2.81865240106513,53.4701489068243],[-2.81871177202822,53.4668910846076],[-2.80447857685835,53.467237758272],[-2.80627331097907,53.463216738913],[-2.80700371230536,53.4558312461953],[-2.80510666559847,53.4555366437522],[-2.8042482470679,53.4514786734821],[-2.80003298626767,53.4488993977046],[-2.7951898123204,53.443704838862],[-2.79676722679336,53.4406309242571],[-2.79895175055187,53.4413596800138],[-2.80397270314551,53.4414429022578],[-2.80488582679404,53.4387005131538],[-2.79680876635311,53.4360130358185],[-2.79774648864876,53.4337568755732],[-2.79396132318785,53.4338674651165],[-2.79333681216737,53.4310419048381],[-2.7878755692066,53.43036166192],[-2.78357167974853,53.4285948629467],[-2.78167464577407,53.4285578726412],[-2.77620142616997,53.4266870417184],[-2.78020846308625,53.4205692153513],[-2.782459114393,53.4193158117683],[-2.77820459902747,53.4163026906722],[-2.77877727216386,53.4156931047019],[-2.78569053424653,53.4150293467731],[-2.78559242704924,53.411331089578],[-2.78413577347189,53.4072166341146],[-2.78677596712423,53.4011875685258],[-2.76844315845704,53.4000298007188],[-2.76000350577685,53.4004128641731],[-2.74681653670308,53.402320904261],[-2.74517463855405,53.402095646477],[-2.72893575273992,53.399671041863],[-2.72095241255358,53.4000143700322],[-2.71657841023386,53.3989161771012],[-2.71612006190127,53.3968803206632],[-2.71280344145918,53.3906260083639],[-2.71034381013495,53.3892896827442],[-2.7015382681522,53.3868877965797],[-2.69063279918862,53.3853882195736],[-2.67631721273559,53.3876193652007],[-2.67661115212952,53.3935466202689],[-2.67481551447448,53.3980134767803],[-2.67137698551968,53.4001739927719],[-2.67235532163577,53.4077621503992],[-2.67302517328897,53.4100801285595],[-2.67187659973144,53.4152866050533],[-2.66685618525226,53.4162639473088],[-2.66709353099697,53.4186463741043],[-2.67157749097982,53.4187453431559],[-2.67231979392623,53.4220246996365],[-2.67006325304907,53.4241758095466],[-2.66354743080939,53.4288288127356],[-2.66481854728744,53.431301736973],[-2.67526772503103,53.4329653045709],[-2.67604620566027,53.4354552715772],[-2.67158324120606,53.4360368725548],[-2.6718363506707,53.4378682600168],[-2.6687668623709,53.4394917578094],[-2.67029168170199,53.4413006536172],[-2.67632732395359,53.4396127309253],[-2.68216821804619,53.4392343554552],[-2.67868977458069,53.4442725618646],[-2.67735427466935,53.448065272035],[-2.67851145167812,53.4503823299633],[-2.67754800037345,53.452569248649],[-2.67365911350343,53.4528052035819],[-2.67066071166407,53.4499259639317],[-2.66524932134578,53.4491759632158],[-2.6599461512568,53.4489807291242],[-2.65769249178421,53.4474435067607],[-2.65474264633199,53.4481176753373],[-2.65109588206434,53.4477277541827],[-2.64798241473289,53.4466543114],[-2.6457627335302,53.4443409983359],[-2.64267870354542,53.4439027550081],[-2.63913593419739,53.4443910202317],[-2.63391282213088,53.4424457796878],[-2.6316770228804,53.4409152622333],[-2.63218978703401,53.4381386230063],[-2.62963363737877,53.4348739194421],[-2.62746241529418,53.4344126024006],[-2.62492575983266,53.4367530509171],[-2.62228112103777,53.4367668772821],[-2.61800966707056,53.4386677143444],[-2.61605499822148,53.4407057213707],[-2.61101475282229,53.4423765677195],[-2.6063435974291,53.4428219604825],[-2.60241043229591,53.442442836566],[-2.60077215569756,53.4434874639795],[-2.59705103319702,53.4425614541672],[-2.59588994510143,53.4453303626183],[-2.59684069019031,53.4492545533887],[-2.59354969927722,53.4477770441973],[-2.59037676204904,53.4454593142115],[-2.58507856821394,53.4400860408358],[-2.58231431173078,53.4411593684959],[-2.57674283317084,53.4460572083879],[-2.5789316555191,53.4474749210943],[-2.58224408585107,53.4481347362004],[-2.58370165609561,53.4494569910125],[-2.58314933724313,53.4533282774952],[-2.58866024687875,53.4561209137692],[-2.59208097025934,53.4557408886576],[-2.59610435392639,53.456453404611],[-2.59935192540362,53.45906991944],[-2.5992977106138,53.4611015311155],[-2.60392089625844,53.4609551411822],[-2.61295537108778,53.4617333972468],[-2.61546827999195,53.4637536184217],[-2.6168065784954,53.4662985210116],[-2.61511184344487,53.4678559682412],[-2.61454855861117,53.4703612405522],[-2.60898902702355,53.4703160226947],[-2.60786342802793,53.4708277466429],[-2.61187206262773,53.4750004302298],[-2.61213826687326,53.4811380905399],[-2.61878486807985,53.4818418585415],[-2.6238374860838,53.481318494668],[-2.63314727172694,53.4810259296626],[-2.63741325637627,53.4804288927972],[-2.64454749730489,53.4801812942411],[-2.65406357963995,53.4864610385699],[-2.65673145028308,53.4925225291359],[-2.66026061067119,53.492273070203],[-2.66384910762406,53.4946575403202],[-2.66656450553249,53.4997775493359],[-2.66849265249542,53.5001667506684],[-2.67160370907398,53.4990832552981],[-2.67776104956376,53.4988418620377],[-2.68260262197143,53.5003037375028],[-2.69295441034783,53.502208169484],[-2.6988930124327,53.5020315601885],[-2.7007192162033,53.5046159149848],[-2.70314813100966,53.5039778616603],[-2.70546084194021,53.5047884311053],[-2.70707258626456,53.5066853702931],[-2.70860801710865,53.5135840308694],[-2.71000708569485,53.5146418502824],[-2.71344512474169,53.5130960256576],[-2.71575921203248,53.5106426645925],[-2.71918297334649,53.5118473050075],[-2.72348310813821,53.5117234270465],[-2.72675736303351,53.5148415438735],[-2.72737537772386,53.5171101169931],[-2.7305209236796,53.5206001458893]]]},"properties":{"lad18nm":"St. Helens","lad18cd":"E08000013","lad18gr":3666,"lad18grpc":0.045}},
{"type":"Feature","geometry":{"type":"Polygon","coordinates":[[[-2.88799424321123,53.5038287420372],[-2.89238902131384,53.5111461367126],[-2.88771935200054,53.5145605950513],[-2.88553250409748,53.5181723498092],[-2.88171626852993,53.5205438932213],[-2.88630209846828,53.5210789640431],[-2.88908598307627,53.5222106697451],[-2.89597767397001,53.5218535860749],[-2.89977109669105,53.5220695111153],[-2.90600479869961,53.5216997451964],[-2.92300940751067,53.5252200425158],[-2.92578233876091,53.527314570601],[-2.92629805875905,53.5295173006732],[-2.93133080456568,53.5314431182913],[-2.93378650555914,53.5334149357654],[-2.93358418629829,53.5344368016773],[-2.93627120387977,53.5370305805059],[-2.93605433428584,53.5384174001151],[-2.94084690176929,53.5395168992411],[-2.9419862007505,53.5410153541368],[-2.94809440450588,53.5443783118334],[-2.95087677193445,53.5442896370482],[-2.95501277264072,53.5460751164999],[-2.95969037422379,53.5455685116379],[-2.96516208794102,53.5476710012863],[-2.97034422794035,53.5471103938686],[-2.97254759395251,53.5479608301847],[-2.97761401698476,53.5459230779441],[-2.978321154222,53.542753273089],[-2.97436360439037,53.539632338516],[-2.97281856506956,53.5361447200669],[-2.9705761559292,53.5342887871208],[-2.9666730915667,53.5272660871254],[-2.96324794741279,53.5248370900437],[-2.96296435439051,53.5237058596021],[-2.96414278382269,53.5186060594161],[-2.96806817222936,53.517919970463],[-2.97166280895291,53.5161038218942],[-2.97582621873825,53.515287937911],[-2.9805837035732,53.5187932579761],[-2.98503632097532,53.5214739935595],[-2.98959548399561,53.5216466248259],[-2.99009020663289,53.5225539989238],[-2.99676505829224,53.5259735943893],[-2.99930740023255,53.5264432014867],[-3.00102234669995,53.5281016371312],[-3.00454077373221,53.5292029552238],[-3.00831110675704,53.5294750470431],[-3.0092461417397,53.5317475894625],[-3.01371774134204,53.5323084322679],[-3.01395130303417,53.534509602533],[-3.01679395021007,53.535770859565],[-3.02820744540182,53.5390369659552],[-3.03193218503803,53.5372628452007],[-3.03524111203507,53.5389915969188],[-3.0385450043608,53.5382807139733],[-3.03954232427722,53.5411753793114],[-3.04358945928523,53.5403068347506],[-3.04410553369213,53.5420246098736],[-3.04625018386466,53.5430709859608],[-3.04061895764383,53.5488288485423],[-3.03869944161775,53.5531547476191],[-3.04015596959789,53.5562899195913],[-3.03930336290552,53.5587674370528],[-3.04098711763389,53.5624723206256],[-3.04031630583258,53.5653446370153],[-3.03172981433584,53.5690810439613],[-3.02261999765623,53.5695979068693],[-3.02289256902445,53.5736324030572],[-3.02158043319929,53.5740157351097],[-3.02070918258232,53.5836752117772],[-3.0333451713377,53.5851028613229],[-3.03542284090649,53.5867953908274],[-3.03251392873199,53.5890524108816],[-3.03104410195739,53.5963171169097],[-3.03217856779697,53.5984736010563],[-3.02815168354805,53.6030233279621],[-3.02062831824267,53.607144242233],[-3.01960855026405,53.6092320388668],[-3.01409852885323,53.6112770309316],[-3.01185715177959,53.6128663299388],[-3.01141607017524,53.6148413251836],[-3.00694383423856,53.617283464322],[-3.00536792808479,53.6204328460929],[-3.00176411471814,53.6224900698271],[-3.00073285873933,53.6249777657331],[-2.99372060335681,53.6282712148922],[-2.99121663198225,53.6266641919899],[-2.98182313089385,53.6222051359481],[-2.96651080234269,53.6318650190382],[-2.96233875048725,53.6373222929667],[-2.95791194767296,53.6407994946515],[-2.95877674995886,53.6425174102133],[-2.95061174151126,53.6516751737193],[-2.94851946213942,53.6535685306373],[-2.94235395774326,53.656290364979],[-2.94014344409029,53.6586105188298],[-2.94198491667252,53.6631523036694],[-2.94495798668496,53.666163307547],[-2.94743790976434,53.667349080044],[-2.94404594744239,53.6727598625987],[-2.94374819287607,53.6763027837725],[-2.94510681044329,53.6785661077831],[-2.94780145512434,53.6792360137146],[-2.95209640167628,53.6815129367282],[-2.95245064930983,53.6826515863906],[-2.94884900702604,53.68711318557],[-2.94678566949808,53.6880175654031],[-2.96305667075316,53.704348364795],[-2.98935660838537,53.7024911733823],[-2.99779166583625,53.7017542792128],[-3.00275727463872,53.6990873019648],[-3.00169214882031,53.6954387857174],[-3.00824774957904,53.6907231790551],[-3.01148775936475,53.6899336445829],[-3.02065121928003,53.688754694534],[-3.03225736001117,53.6978163024205],[-3.06044287013493,53.6906191232292],[-3.07238619797398,53.6862378676172],[-3.0573036773672,53.6746689596113],[-3.06335216649924,53.6720535773957],[-3.06605618652246,53.6681159535052],[-3.06576618410064,53.6657437201648],[-3.0687238528637,53.6591718636369],[-3.06974155765628,53.6542433863737],[-3.06938563141209,53.6522573340575],[-3.06573437363797,53.6509290595585],[-3.06556904027042,53.6468910509968],[-3.0664368216752,53.6424330864821],[-3.06924789654641,53.6336620806718],[-3.07206879631007,53.6271776723307],[-3.07326312772174,53.6226950565664],[-3.07639976441311,53.616253527868],[-3.08419894678053,53.6033967168248],[-3.08739996529835,53.5989883756693],[-3.09237693343457,53.5930483195891],[-3.09924431717052,53.5839220865904],[-3.10707888558402,53.5720395070917],[-3.11059845727383,53.567119747107],[-3.11451209839213,53.5597053241648],[-3.11610484159483,53.5584967439233],[-3.11824771942091,53.5535437517477],[-3.11996859310965,53.5514314338381],[-3.12030202410962,53.5449123226147],[-3.11861274472548,53.5416302015632],[-3.11675866788576,53.5397058850271],[-3.11392216450169,53.5381709929993],[-3.12021029732644,53.5372080417895],[-3.12570465198462,53.5386404120407],[-3.13082215272041,53.5382110049463],[-3.13367871993058,53.5391745009181],[-3.13889811714477,53.5391626319258],[-3.14317182255007,53.5385556169591],[-3.1517140644879,53.5389976123834],[-3.1528448955911,53.5363557176567],[-3.14576831292806,53.5354107350784],[-3.14121543766495,53.5344321910124],[-3.13423778418791,53.5338945476209],[-3.12971581963825,53.5330421612872],[-3.11704605123749,53.5288978047949],[-3.1124845726253,53.5271919813723],[-3.09960295153425,53.5210811034022],[-3.0951461996368,53.5180568246712],[-3.08846348581072,53.5151866822092],[-3.08728192676426,53.5108019471279],[-3.08425497546411,53.5067116438608],[-3.08058444457818,53.5037310402067],[-3.07836623142324,53.500036925654],[-3.07855800127246,53.4983273696841],[-3.07406341933892,53.4925826556119],[-3.06990311874675,53.4903674260876],[-3.06630099698156,53.4856903771406],[-3.06232771147746,53.4818020088089],[-3.05885488828869,53.4791073803508],[-3.0504251444205,53.4736524499458],[-3.04837850028446,53.4706896999691],[-3.04606336787513,53.4697885784124],[-3.04136679962671,53.4663661016808],[-3.04107621728488,53.4649564406684],[-3.02849231516618,53.4550986593876],[-3.02382007763787,53.454816887879],[-3.03445032466965,53.451580211732],[-3.02817764617357,53.4467400336738],[-3.02361807303692,53.4426515661442],[-3.02076659499144,53.4393231308026],[-3.01917840088497,53.4361762554123],[-3.00875528924328,53.4383815467847],[-2.99997620192144,53.4399923990681],[-2.99399171979247,53.4415262998504],[-2.99269447658453,53.4403182051437],[-2.97491461632544,53.4433239988498],[-2.97626335093705,53.4452850786614],[-2.97337821976813,53.4473121664812],[-2.9737312035893,53.4497137950596],[-2.9715849253753,53.4522642868213],[-2.9716485309034,53.4562377218808],[-2.97340662715204,53.4601505651711],[-2.97382315442724,53.4627566033193],[-2.96728240176755,53.4677634898251],[-2.9580777896516,53.4687536033988],[-2.95647068452404,53.472451912573],[-2.93983487434142,53.4736130788863],[-2.93339650228829,53.4738613198424],[-2.927623695432,53.4733426528725],[-2.92261510760143,53.4749832157279],[-2.91896195240716,53.4768918140417],[-2.9171606133734,53.4801370864292],[-2.91955921218475,53.4820728835894],[-2.914858958005,53.4824208625192],[-2.91280067843075,53.4832033001547],[-2.90882829372271,53.4889144513729],[-2.90534987622862,53.4918946000947],[-2.89960719188559,53.4916826598173],[-2.8993558655497,53.4936252030885],[-2.89639656026537,53.4966757687198],[-2.8988291316877,53.4997954668133],[-2.89766539622065,53.5014410401807],[-2.89380174444178,53.5029638519059],[-2.88985666322281,53.5028432193139],[-2.88799424321123,53.5038287420372]]]},"properties":{"lad18nm":"Sefton","lad18cd":"E08000014","lad18gr":5328,"lad18grpc":0.043}},
{"type":"Feature","geometry":{"type":"Polygon","coordinates":[[[-3.02817764617357,53.4467400336738],[-3.04079864249468,53.4445444900322],[-3.04492450481922,53.4445669011965],[-3.04927709270546,53.4455436658931],[-3.05253548405824,53.4454871650397],[-3.06240700690513,53.446598904915],[-3.06178284925092,53.4472327664499],[-3.05383532259149,53.4478846402461],[-3.04881545542599,53.4467251723879],[-3.04821314906625,53.448194748511],[-3.05289158670035,53.4491163264023],[-3.05714916434253,53.4493897923254],[-3.0568644345579,53.4514489905708],[-3.05413467691555,53.4524959719369],[-3.05898577240199,53.4543390155023],[-3.05855388080053,53.4565298301812],[-3.06876528846975,53.45427278153],[-3.0749370419367,53.4544081532522],[-3.0851933381423,53.4539641040737],[-3.09288708646045,53.4524899154789],[-3.09276079102675,53.4514978140208],[-3.08654070566589,53.4521163912161],[-3.08189136134707,53.451676676411],[-3.07539760057151,53.4487364866494],[-3.0749144718852,53.4468944853211],[-3.07661218168391,53.4455550921962],[-3.08232103519285,53.4467810454282],[-3.0811468820514,53.4434117702746],[-3.08279365339202,53.4415613212856],[-3.08676599435522,53.4388780057628],[-3.09404823844069,53.4361464363777],[-3.09499468638571,53.4382394085879],[-3.0909871569877,53.4389358136988],[-3.09203728348475,53.4409657696673],[-3.09478596327084,53.4427069883719],[-3.0949094724003,53.445578701018],[-3.09774514579547,53.4469405332493],[-3.10432679765085,53.4465985854231],[-3.11067156753998,53.4471626421483],[-3.10967790539616,53.4454927092737],[-3.10529056680627,53.4432385927547],[-3.10923116726136,53.4423894062781],[-3.1131520859343,53.4394692902274],[-3.12008577326537,53.4375616917636],[-3.12263824650141,53.4357651615083],[-3.12264252453346,53.4341012162699],[-3.1176552108765,53.4327673714255],[-3.11224518371499,53.4330498421587],[-3.10398712838717,53.4326320790828],[-3.11453157683168,53.4293637154714],[-3.11954367043689,53.4326319510213],[-3.1220780087814,53.4316408628886],[-3.12313850696054,53.4291059127768],[-3.12541340794527,53.4269676636105],[-3.13881662351825,53.4271730918769],[-3.14283164191338,53.4306331773442],[-3.14740801698919,53.4292607250112],[-3.15153135772539,53.4273450202286],[-3.17638186299882,53.427691422249],[-3.26375659568226,53.4494957901131],[-3.26194753966235,53.4451084825878],[-3.24292370154831,53.4005531886745],[-3.23168123777466,53.3737069684742],[-3.23021260629742,53.3705183606412],[-3.20326230639538,53.3501070867761],[-3.20497496441185,53.3494156192945],[-3.20454891173803,53.3468750833882],[-3.20155218010286,53.3453268059832],[-3.20820724461098,53.342266209119],[-3.20855005281552,53.343340506174],[-3.21318868476837,53.3447802548489],[-3.2124280010038,53.3421064594875],[-3.21106459581004,53.3409552791594],[-3.21693271085405,53.3383120599921],[-3.19698049407006,53.326839406338],[-3.18064682137481,53.3185571538825],[-3.17088408190315,53.313941089843],[-3.1657912107872,53.3112483015688],[-3.14427883887609,53.2964733675622],[-3.1282775470863,53.2863771115722],[-3.09500337473854,53.3052237272289],[-3.08913259070966,53.3083509030479],[-3.08208010897651,53.3111945609434],[-3.07814034416214,53.3150676864545],[-3.07639094570433,53.3144479594345],[-3.07416551138978,53.3163809033363],[-3.06827157037716,53.314194663103],[-3.06425310680624,53.3121972030698],[-3.05965916378639,53.3090038491563],[-3.05120987895062,53.3106723933122],[-3.04816413032576,53.3096115612183],[-3.04601204667046,53.3074712582629],[-3.03847433459699,53.3051504926929],[-3.03674079686388,53.3027295933603],[-3.03671210546734,53.3011117253248],[-3.03135442657744,53.2985298006892],[-3.03050848729132,53.2992292578354],[-3.02613955180197,53.297748658583],[-3.02398356657366,53.2993853091059],[-3.02200131781322,53.2984403962663],[-3.0185530841175,53.3000070478595],[-3.01283698795953,53.298970797262],[-3.01123799035914,53.3001341080882],[-3.00537394493128,53.3014133373703],[-3.00218067856454,53.3025603150991],[-2.99273779101907,53.3071087583506],[-2.97455855436857,53.3033350787502],[-2.96907297955775,53.3018399568952],[-2.96149863349233,53.3038061233606],[-2.95468519827973,53.3042537142142],[-2.94938178747736,53.3031688962245],[-2.94744768005094,53.3049398249115],[-2.9395513248261,53.3104155952951],[-2.9316025858093,53.3060687965256],[-2.92857185482182,53.3082489283384],[-2.91005872310361,53.323805038058],[-2.90315388304666,53.3380853454571],[-2.91157344157468,53.3402713170551],[-2.92522590693573,53.3464424731127],[-2.9405628453625,53.3512162529477],[-2.94593168301341,53.3539766397135],[-2.95709635482506,53.3615625644096],[-2.97342139462473,53.3675556512731],[-2.97837229171888,53.3699350447473],[-2.98127678789197,53.3719895092535],[-2.98673740854287,53.376738335832],[-2.99468415949016,53.3820558763985],[-2.99807939718158,53.3853598139191],[-2.99944929634619,53.3879983004755],[-3.00120767486957,53.3941141585251],[-3.0064768273904,53.4046273107774],[-3.00973738045584,53.4128029531778],[-3.01185044594629,53.4161370127796],[-3.01397567361192,53.4207194707851],[-3.01653169958851,53.4288406613562],[-3.01917840088497,53.4361762554123],[-3.02076659499144,53.4393231308026],[-3.02361807303692,53.4426515661442],[-3.02817764617357,53.4467400336738]]]},"properties":{"lad18nm":"Wirral","lad18cd":"E08000015","lad18gr":5757,"lad18grpc":0.039}}
]}